date_key,date,year,quarter,year_quarter,month,month_name,year_month,day,day_of_week,day_name,day_of_year,week_of_year,is_weekday,is_weekend,is_month_start,is_month_end
20230101,2023-01-01,2023,1,2023-Q1,1,Enero,2023-01,1,6,Domingo,1,52,False,True,True,False
20230102,2023-01-02,2023,1,2023-Q1,1,Enero,2023-01,2,0,Lunes,2,1,True,False,False,False
20230103,2023-01-03,2023,1,2023-Q1,1,Enero,2023-01,3,1,Martes,3,1,True,False,False,False
20230104,2023-01-04,2023,1,2023-Q1,1,Enero,2023-01,4,2,Miércoles,4,1,True,False,False,False
20230105,2023-01-05,2023,1,2023-Q1,1,Enero,2023-01,5,3,Jueves,5,1,True,False,False,False
20230106,2023-01-06,2023,1,2023-Q1,1,Enero,2023-01,6,4,Viernes,6,1,True,False,False,False
20230107,2023-01-07,2023,1,2023-Q1,1,Enero,2023-01,7,5,Sábado,7,1,False,True,False,False
20230108,2023-01-08,2023,1,2023-Q1,1,Enero,2023-01,8,6,Domingo,8,1,False,True,False,False
20230109,2023-01-09,2023,1,2023-Q1,1,Enero,2023-01,9,0,Lunes,9,2,True,False,False,False
20230110,2023-01-10,2023,1,2023-Q1,1,Enero,2023-01,10,1,Martes,10,2,True,False,False,False
20230111,2023-01-11,2023,1,2023-Q1,1,Enero,2023-01,11,2,Miércoles,11,2,True,False,False,False
20230112,2023-01-12,2023,1,2023-Q1,1,Enero,2023-01,12,3,Jueves,12,2,True,False,False,False
20230113,2023-01-13,2023,1,2023-Q1,1,Enero,2023-01,13,4,Viernes,13,2,True,False,False,False
20230114,2023-01-14,2023,1,2023-Q1,1,Enero,2023-01,14,5,Sábado,14,2,False,True,False,False
20230115,2023-01-15,2023,1,2023-Q1,1,Enero,2023-01,15,6,Domingo,15,2,False,True,False,False
20230116,2023-01-16,2023,1,2023-Q1,1,Enero,2023-01,16,0,Lunes,16,3,True,False,False,False
20230117,2023-01-17,2023,1,2023-Q1,1,Enero,2023-01,17,1,Martes,17,3,True,False,False,False
20230118,2023-01-18,2023,1,2023-Q1,1,Enero,2023-01,18,2,Miércoles,18,3,True,False,False,False
20230119,2023-01-19,2023,1,2023-Q1,1,Enero,2023-01,19,3,Jueves,19,3,True,False,False,False
20230120,2023-01-20,2023,1,2023-Q1,1,Enero,2023-01,20,4,Viernes,20,3,True,False,False,False
20230121,2023-01-21,2023,1,2023-Q1,1,Enero,2023-01,21,5,Sábado,21,3,False,True,False,False
20230122,2023-01-22,2023,1,2023-Q1,1,Enero,2023-01,22,6,Domingo,22,3,False,True,False,False
20230123,2023-01-23,2023,1,2023-Q1,1,Enero,2023-01,23,0,Lunes,23,4,True,False,False,False
20230124,2023-01-24,2023,1,2023-Q1,1,Enero,2023-01,24,1,Martes,24,4,True,False,False,False
20230125,2023-01-25,2023,1,2023-Q1,1,Enero,2023-01,25,2,Miércoles,25,4,True,False,False,False
20230126,2023-01-26,2023,1,2023-Q1,1,Enero,2023-01,26,3,Jueves,26,4,True,False,False,False
20230127,2023-01-27,2023,1,2023-Q1,1,Enero,2023-01,27,4,Viernes,27,4,True,False,False,False
20230128,2023-01-28,2023,1,2023-Q1,1,Enero,2023-01,28,5,Sábado,28,4,False,True,False,False
20230129,2023-01-29,2023,1,2023-Q1,1,Enero,2023-01,29,6,Domingo,29,4,False,True,False,False
20230130,2023-01-30,2023,1,2023-Q1,1,Enero,2023-01,30,0,Lunes,30,5,True,False,False,False
20230131,2023-01-31,2023,1,2023-Q1,1,Enero,2023-01,31,1,Martes,31,5,True,False,False,True
20230201,2023-02-01,2023,1,2023-Q1,2,Febrero,2023-02,1,2,Miércoles,32,5,True,False,True,False
20230202,2023-02-02,2023,1,2023-Q1,2,Febrero,2023-02,2,3,Jueves,33,5,True,False,False,False
20230203,2023-02-03,2023,1,2023-Q1,2,Febrero,2023-02,3,4,Viernes,34,5,True,False,False,False
20230204,2023-02-04,2023,1,2023-Q1,2,Febrero,2023-02,4,5,Sábado,35,5,False,True,False,False
20230205,2023-02-05,2023,1,2023-Q1,2,Febrero,2023-02,5,6,Domingo,36,5,False,True,False,False
20230206,2023-02-06,2023,1,2023-Q1,2,Febrero,2023-02,6,0,Lunes,37,6,True,False,False,False
20230207,2023-02-07,2023,1,2023-Q1,2,Febrero,2023-02,7,1,Martes,38,6,True,False,False,False
20230208,2023-02-08,2023,1,2023-Q1,2,Febrero,2023-02,8,2,Miércoles,39,6,True,False,False,False
20230209,2023-02-09,2023,1,2023-Q1,2,Febrero,2023-02,9,3,Jueves,40,6,True,False,False,False
20230210,2023-02-10,2023,1,2023-Q1,2,Febrero,2023-02,10,4,Viernes,41,6,True,False,False,False
20230211,2023-02-11,2023,1,2023-Q1,2,Febrero,2023-02,11,5,Sábado,42,6,False,True,False,False
20230212,2023-02-12,2023,1,2023-Q1,2,Febrero,2023-02,12,6,Domingo,43,6,False,True,False,False
20230213,2023-02-13,2023,1,2023-Q1,2,Febrero,2023-02,13,0,Lunes,44,7,True,False,False,False
20230214,2023-02-14,2023,1,2023-Q1,2,Febrero,2023-02,14,1,Martes,45,7,True,False,False,False
20230215,2023-02-15,2023,1,2023-Q1,2,Febrero,2023-02,15,2,Miércoles,46,7,True,False,False,False
20230216,2023-02-16,2023,1,2023-Q1,2,Febrero,2023-02,16,3,Jueves,47,7,True,False,False,False
20230217,2023-02-17,2023,1,2023-Q1,2,Febrero,2023-02,17,4,Viernes,48,7,True,False,False,False
20230218,2023-02-18,2023,1,2023-Q1,2,Febrero,2023-02,18,5,Sábado,49,7,False,True,False,False
20230219,2023-02-19,2023,1,2023-Q1,2,Febrero,2023-02,19,6,Domingo,50,7,False,True,False,False
20230220,2023-02-20,2023,1,2023-Q1,2,Febrero,2023-02,20,0,Lunes,51,8,True,False,False,False
20230221,2023-02-21,2023,1,2023-Q1,2,Febrero,2023-02,21,1,Martes,52,8,True,False,False,False
20230222,2023-02-22,2023,1,2023-Q1,2,Febrero,2023-02,22,2,Miércoles,53,8,True,False,False,False
20230223,2023-02-23,2023,1,2023-Q1,2,Febrero,2023-02,23,3,Jueves,54,8,True,False,False,False
20230224,2023-02-24,2023,1,2023-Q1,2,Febrero,2023-02,24,4,Viernes,55,8,True,False,False,False
20230225,2023-02-25,2023,1,2023-Q1,2,Febrero,2023-02,25,5,Sábado,56,8,False,True,False,False
20230226,2023-02-26,2023,1,2023-Q1,2,Febrero,2023-02,26,6,Domingo,57,8,False,True,False,False
20230227,2023-02-27,2023,1,2023-Q1,2,Febrero,2023-02,27,0,Lunes,58,9,True,False,False,False
20230228,2023-02-28,2023,1,2023-Q1,2,Febrero,2023-02,28,1,Martes,59,9,True,False,False,True
20230301,2023-03-01,2023,1,2023-Q1,3,Marzo,2023-03,1,2,Miércoles,60,9,True,False,True,False
20230302,2023-03-02,2023,1,2023-Q1,3,Marzo,2023-03,2,3,Jueves,61,9,True,False,False,False
20230303,2023-03-03,2023,1,2023-Q1,3,Marzo,2023-03,3,4,Viernes,62,9,True,False,False,False
20230304,2023-03-04,2023,1,2023-Q1,3,Marzo,2023-03,4,5,Sábado,63,9,False,True,False,False
20230305,2023-03-05,2023,1,2023-Q1,3,Marzo,2023-03,5,6,Domingo,64,9,False,True,False,False
20230306,2023-03-06,2023,1,2023-Q1,3,Marzo,2023-03,6,0,Lunes,65,10,True,False,False,False
20230307,2023-03-07,2023,1,2023-Q1,3,Marzo,2023-03,7,1,Martes,66,10,True,False,False,False
20230308,2023-03-08,2023,1,2023-Q1,3,Marzo,2023-03,8,2,Miércoles,67,10,True,False,False,False
20230309,2023-03-09,2023,1,2023-Q1,3,Marzo,2023-03,9,3,Jueves,68,10,True,False,False,False
20230310,2023-03-10,2023,1,2023-Q1,3,Marzo,2023-03,10,4,Viernes,69,10,True,False,False,False
20230311,2023-03-11,2023,1,2023-Q1,3,Marzo,2023-03,11,5,Sábado,70,10,False,True,False,False
20230312,2023-03-12,2023,1,2023-Q1,3,Marzo,2023-03,12,6,Domingo,71,10,False,True,False,False
20230313,2023-03-13,2023,1,2023-Q1,3,Marzo,2023-03,13,0,Lunes,72,11,True,False,False,False
20230314,2023-03-14,2023,1,2023-Q1,3,Marzo,2023-03,14,1,Martes,73,11,True,False,False,False
20230315,2023-03-15,2023,1,2023-Q1,3,Marzo,2023-03,15,2,Miércoles,74,11,True,False,False,False
20230316,2023-03-16,2023,1,2023-Q1,3,Marzo,2023-03,16,3,Jueves,75,11,True,False,False,False
20230317,2023-03-17,2023,1,2023-Q1,3,Marzo,2023-03,17,4,Viernes,76,11,True,False,False,False
20230318,2023-03-18,2023,1,2023-Q1,3,Marzo,2023-03,18,5,Sábado,77,11,False,True,False,False
20230319,2023-03-19,2023,1,2023-Q1,3,Marzo,2023-03,19,6,Domingo,78,11,False,True,False,False
20230320,2023-03-20,2023,1,2023-Q1,3,Marzo,2023-03,20,0,Lunes,79,12,True,False,False,False
20230321,2023-03-21,2023,1,2023-Q1,3,Marzo,2023-03,21,1,Martes,80,12,True,False,False,False
20230322,2023-03-22,2023,1,2023-Q1,3,Marzo,2023-03,22,2,Miércoles,81,12,True,False,False,False
20230323,2023-03-23,2023,1,2023-Q1,3,Marzo,2023-03,23,3,Jueves,82,12,True,False,False,False
20230324,2023-03-24,2023,1,2023-Q1,3,Marzo,2023-03,24,4,Viernes,83,12,True,False,False,False
20230325,2023-03-25,2023,1,2023-Q1,3,Marzo,2023-03,25,5,Sábado,84,12,False,True,False,False
20230326,2023-03-26,2023,1,2023-Q1,3,Marzo,2023-03,26,6,Domingo,85,12,False,True,False,False
20230327,2023-03-27,2023,1,2023-Q1,3,Marzo,2023-03,27,0,Lunes,86,13,True,False,False,False
20230328,2023-03-28,2023,1,2023-Q1,3,Marzo,2023-03,28,1,Martes,87,13,True,False,False,False
20230329,2023-03-29,2023,1,2023-Q1,3,Marzo,2023-03,29,2,Miércoles,88,13,True,False,False,False
20230330,2023-03-30,2023,1,2023-Q1,3,Marzo,2023-03,30,3,Jueves,89,13,True,False,False,False
20230331,2023-03-31,2023,1,2023-Q1,3,Marzo,2023-03,31,4,Viernes,90,13,True,False,False,True
20230401,2023-04-01,2023,2,2023-Q2,4,Abril,2023-04,1,5,Sábado,91,13,False,True,True,False
20230402,2023-04-02,2023,2,2023-Q2,4,Abril,2023-04,2,6,Domingo,92,13,False,True,False,False
20230403,2023-04-03,2023,2,2023-Q2,4,Abril,2023-04,3,0,Lunes,93,14,True,False,False,False
20230404,2023-04-04,2023,2,2023-Q2,4,Abril,2023-04,4,1,Martes,94,14,True,False,False,False
20230405,2023-04-05,2023,2,2023-Q2,4,Abril,2023-04,5,2,Miércoles,95,14,True,False,False,False
20230406,2023-04-06,2023,2,2023-Q2,4,Abril,2023-04,6,3,Jueves,96,14,True,False,False,False
20230407,2023-04-07,2023,2,2023-Q2,4,Abril,2023-04,7,4,Viernes,97,14,True,False,False,False
20230408,2023-04-08,2023,2,2023-Q2,4,Abril,2023-04,8,5,Sábado,98,14,False,True,False,False
20230409,2023-04-09,2023,2,2023-Q2,4,Abril,2023-04,9,6,Domingo,99,14,False,True,False,False
20230410,2023-04-10,2023,2,2023-Q2,4,Abril,2023-04,10,0,Lunes,100,15,True,False,False,False
20230411,2023-04-11,2023,2,2023-Q2,4,Abril,2023-04,11,1,Martes,101,15,True,False,False,False
20230412,2023-04-12,2023,2,2023-Q2,4,Abril,2023-04,12,2,Miércoles,102,15,True,False,False,False
20230413,2023-04-13,2023,2,2023-Q2,4,Abril,2023-04,13,3,Jueves,103,15,True,False,False,False
20230414,2023-04-14,2023,2,2023-Q2,4,Abril,2023-04,14,4,Viernes,104,15,True,False,False,False
20230415,2023-04-15,2023,2,2023-Q2,4,Abril,2023-04,15,5,Sábado,105,15,False,True,False,False
20230416,2023-04-16,2023,2,2023-Q2,4,Abril,2023-04,16,6,Domingo,106,15,False,True,False,False
20230417,2023-04-17,2023,2,2023-Q2,4,Abril,2023-04,17,0,Lunes,107,16,True,False,False,False
20230418,2023-04-18,2023,2,2023-Q2,4,Abril,2023-04,18,1,Martes,108,16,True,False,False,False
20230419,2023-04-19,2023,2,2023-Q2,4,Abril,2023-04,19,2,Miércoles,109,16,True,False,False,False
20230420,2023-04-20,2023,2,2023-Q2,4,Abril,2023-04,20,3,Jueves,110,16,True,False,False,False
20230421,2023-04-21,2023,2,2023-Q2,4,Abril,2023-04,21,4,Viernes,111,16,True,False,False,False
20230422,2023-04-22,2023,2,2023-Q2,4,Abril,2023-04,22,5,Sábado,112,16,False,True,False,False
20230423,2023-04-23,2023,2,2023-Q2,4,Abril,2023-04,23,6,Domingo,113,16,False,True,False,False
20230424,2023-04-24,2023,2,2023-Q2,4,Abril,2023-04,24,0,Lunes,114,17,True,False,False,False
20230425,2023-04-25,2023,2,2023-Q2,4,Abril,2023-04,25,1,Martes,115,17,True,False,False,False
20230426,2023-04-26,2023,2,2023-Q2,4,Abril,2023-04,26,2,Miércoles,116,17,True,False,False,False
20230427,2023-04-27,2023,2,2023-Q2,4,Abril,2023-04,27,3,Jueves,117,17,True,False,False,False
20230428,2023-04-28,2023,2,2023-Q2,4,Abril,2023-04,28,4,Viernes,118,17,True,False,False,False
20230429,2023-04-29,2023,2,2023-Q2,4,Abril,2023-04,29,5,Sábado,119,17,False,True,False,False
20230430,2023-04-30,2023,2,2023-Q2,4,Abril,2023-04,30,6,Domingo,120,17,False,True,False,True
20230501,2023-05-01,2023,2,2023-Q2,5,Mayo,2023-05,1,0,Lunes,121,18,True,False,True,False
20230502,2023-05-02,2023,2,2023-Q2,5,Mayo,2023-05,2,1,Martes,122,18,True,False,False,False
20230503,2023-05-03,2023,2,2023-Q2,5,Mayo,2023-05,3,2,Miércoles,123,18,True,False,False,False
20230504,2023-05-04,2023,2,2023-Q2,5,Mayo,2023-05,4,3,Jueves,124,18,True,False,False,False
20230505,2023-05-05,2023,2,2023-Q2,5,Mayo,2023-05,5,4,Viernes,125,18,True,False,False,False
20230506,2023-05-06,2023,2,2023-Q2,5,Mayo,2023-05,6,5,Sábado,126,18,False,True,False,False
20230507,2023-05-07,2023,2,2023-Q2,5,Mayo,2023-05,7,6,Domingo,127,18,False,True,False,False
20230508,2023-05-08,2023,2,2023-Q2,5,Mayo,2023-05,8,0,Lunes,128,19,True,False,False,False
20230509,2023-05-09,2023,2,2023-Q2,5,Mayo,2023-05,9,1,Martes,129,19,True,False,False,False
20230510,2023-05-10,2023,2,2023-Q2,5,Mayo,2023-05,10,2,Miércoles,130,19,True,False,False,False
20230511,2023-05-11,2023,2,2023-Q2,5,Mayo,2023-05,11,3,Jueves,131,19,True,False,False,False
20230512,2023-05-12,2023,2,2023-Q2,5,Mayo,2023-05,12,4,Viernes,132,19,True,False,False,False
20230513,2023-05-13,2023,2,2023-Q2,5,Mayo,2023-05,13,5,Sábado,133,19,False,True,False,False
20230514,2023-05-14,2023,2,2023-Q2,5,Mayo,2023-05,14,6,Domingo,134,19,False,True,False,False
20230515,2023-05-15,2023,2,2023-Q2,5,Mayo,2023-05,15,0,Lunes,135,20,True,False,False,False
20230516,2023-05-16,2023,2,2023-Q2,5,Mayo,2023-05,16,1,Martes,136,20,True,False,False,False
20230517,2023-05-17,2023,2,2023-Q2,5,Mayo,2023-05,17,2,Miércoles,137,20,True,False,False,False
20230518,2023-05-18,2023,2,2023-Q2,5,Mayo,2023-05,18,3,Jueves,138,20,True,False,False,False
20230519,2023-05-19,2023,2,2023-Q2,5,Mayo,2023-05,19,4,Viernes,139,20,True,False,False,False
20230520,2023-05-20,2023,2,2023-Q2,5,Mayo,2023-05,20,5,Sábado,140,20,False,True,False,False
20230521,2023-05-21,2023,2,2023-Q2,5,Mayo,2023-05,21,6,Domingo,141,20,False,True,False,False
20230522,2023-05-22,2023,2,2023-Q2,5,Mayo,2023-05,22,0,Lunes,142,21,True,False,False,False
20230523,2023-05-23,2023,2,2023-Q2,5,Mayo,2023-05,23,1,Martes,143,21,True,False,False,False
20230524,2023-05-24,2023,2,2023-Q2,5,Mayo,2023-05,24,2,Miércoles,144,21,True,False,False,False
20230525,2023-05-25,2023,2,2023-Q2,5,Mayo,2023-05,25,3,Jueves,145,21,True,False,False,False
20230526,2023-05-26,2023,2,2023-Q2,5,Mayo,2023-05,26,4,Viernes,146,21,True,False,False,False
20230527,2023-05-27,2023,2,2023-Q2,5,Mayo,2023-05,27,5,Sábado,147,21,False,True,False,False
20230528,2023-05-28,2023,2,2023-Q2,5,Mayo,2023-05,28,6,Domingo,148,21,False,True,False,False
20230529,2023-05-29,2023,2,2023-Q2,5,Mayo,2023-05,29,0,Lunes,149,22,True,False,False,False
20230530,2023-05-30,2023,2,2023-Q2,5,Mayo,2023-05,30,1,Martes,150,22,True,False,False,False
20230531,2023-05-31,2023,2,2023-Q2,5,Mayo,2023-05,31,2,Miércoles,151,22,True,False,False,True
20230601,2023-06-01,2023,2,2023-Q2,6,Junio,2023-06,1,3,Jueves,152,22,True,False,True,False
20230602,2023-06-02,2023,2,2023-Q2,6,Junio,2023-06,2,4,Viernes,153,22,True,False,False,False
20230603,2023-06-03,2023,2,2023-Q2,6,Junio,2023-06,3,5,Sábado,154,22,False,True,False,False
20230604,2023-06-04,2023,2,2023-Q2,6,Junio,2023-06,4,6,Domingo,155,22,False,True,False,False
20230605,2023-06-05,2023,2,2023-Q2,6,Junio,2023-06,5,0,Lunes,156,23,True,False,False,False
20230606,2023-06-06,2023,2,2023-Q2,6,Junio,2023-06,6,1,Martes,157,23,True,False,False,False
20230607,2023-06-07,2023,2,2023-Q2,6,Junio,2023-06,7,2,Miércoles,158,23,True,False,False,False
20230608,2023-06-08,2023,2,2023-Q2,6,Junio,2023-06,8,3,Jueves,159,23,True,False,False,False
20230609,2023-06-09,2023,2,2023-Q2,6,Junio,2023-06,9,4,Viernes,160,23,True,False,False,False
20230610,2023-06-10,2023,2,2023-Q2,6,Junio,2023-06,10,5,Sábado,161,23,False,True,False,False
20230611,2023-06-11,2023,2,2023-Q2,6,Junio,2023-06,11,6,Domingo,162,23,False,True,False,False
20230612,2023-06-12,2023,2,2023-Q2,6,Junio,2023-06,12,0,Lunes,163,24,True,False,False,False
20230613,2023-06-13,2023,2,2023-Q2,6,Junio,2023-06,13,1,Martes,164,24,True,False,False,False
20230614,2023-06-14,2023,2,2023-Q2,6,Junio,2023-06,14,2,Miércoles,165,24,True,False,False,False
20230615,2023-06-15,2023,2,2023-Q2,6,Junio,2023-06,15,3,Jueves,166,24,True,False,False,False
20230616,2023-06-16,2023,2,2023-Q2,6,Junio,2023-06,16,4,Viernes,167,24,True,False,False,False
20230617,2023-06-17,2023,2,2023-Q2,6,Junio,2023-06,17,5,Sábado,168,24,False,True,False,False
20230618,2023-06-18,2023,2,2023-Q2,6,Junio,2023-06,18,6,Domingo,169,24,False,True,False,False
20230619,2023-06-19,2023,2,2023-Q2,6,Junio,2023-06,19,0,Lunes,170,25,True,False,False,False
20230620,2023-06-20,2023,2,2023-Q2,6,Junio,2023-06,20,1,Martes,171,25,True,False,False,False
20230621,2023-06-21,2023,2,2023-Q2,6,Junio,2023-06,21,2,Miércoles,172,25,True,False,False,False
20230622,2023-06-22,2023,2,2023-Q2,6,Junio,2023-06,22,3,Jueves,173,25,True,False,False,False
20230623,2023-06-23,2023,2,2023-Q2,6,Junio,2023-06,23,4,Viernes,174,25,True,False,False,False
20230624,2023-06-24,2023,2,2023-Q2,6,Junio,2023-06,24,5,Sábado,175,25,False,True,False,False
20230625,2023-06-25,2023,2,2023-Q2,6,Junio,2023-06,25,6,Domingo,176,25,False,True,False,False
20230626,2023-06-26,2023,2,2023-Q2,6,Junio,2023-06,26,0,Lunes,177,26,True,False,False,False
20230627,2023-06-27,2023,2,2023-Q2,6,Junio,2023-06,27,1,Martes,178,26,True,False,False,False
20230628,2023-06-28,2023,2,2023-Q2,6,Junio,2023-06,28,2,Miércoles,179,26,True,False,False,False
20230629,2023-06-29,2023,2,2023-Q2,6,Junio,2023-06,29,3,Jueves,180,26,True,False,False,False
20230630,2023-06-30,2023,2,2023-Q2,6,Junio,2023-06,30,4,Viernes,181,26,True,False,False,True
20230701,2023-07-01,2023,3,2023-Q3,7,Julio,2023-07,1,5,Sábado,182,26,False,True,True,False
20230702,2023-07-02,2023,3,2023-Q3,7,Julio,2023-07,2,6,Domingo,183,26,False,True,False,False
20230703,2023-07-03,2023,3,2023-Q3,7,Julio,2023-07,3,0,Lunes,184,27,True,False,False,False
20230704,2023-07-04,2023,3,2023-Q3,7,Julio,2023-07,4,1,Martes,185,27,True,False,False,False
20230705,2023-07-05,2023,3,2023-Q3,7,Julio,2023-07,5,2,Miércoles,186,27,True,False,False,False
20230706,2023-07-06,2023,3,2023-Q3,7,Julio,2023-07,6,3,Jueves,187,27,True,False,False,False
20230707,2023-07-07,2023,3,2023-Q3,7,Julio,2023-07,7,4,Viernes,188,27,True,False,False,False
20230708,2023-07-08,2023,3,2023-Q3,7,Julio,2023-07,8,5,Sábado,189,27,False,True,False,False
20230709,2023-07-09,2023,3,2023-Q3,7,Julio,2023-07,9,6,Domingo,190,27,False,True,False,False
20230710,2023-07-10,2023,3,2023-Q3,7,Julio,2023-07,10,0,Lunes,191,28,True,False,False,False
20230711,2023-07-11,2023,3,2023-Q3,7,Julio,2023-07,11,1,Martes,192,28,True,False,False,False
20230712,2023-07-12,2023,3,2023-Q3,7,Julio,2023-07,12,2,Miércoles,193,28,True,False,False,False
20230713,2023-07-13,2023,3,2023-Q3,7,Julio,2023-07,13,3,Jueves,194,28,True,False,False,False
20230714,2023-07-14,2023,3,2023-Q3,7,Julio,2023-07,14,4,Viernes,195,28,True,False,False,False
20230715,2023-07-15,2023,3,2023-Q3,7,Julio,2023-07,15,5,Sábado,196,28,False,True,False,False
20230716,2023-07-16,2023,3,2023-Q3,7,Julio,2023-07,16,6,Domingo,197,28,False,True,False,False
20230717,2023-07-17,2023,3,2023-Q3,7,Julio,2023-07,17,0,Lunes,198,29,True,False,False,False
20230718,2023-07-18,2023,3,2023-Q3,7,Julio,2023-07,18,1,Martes,199,29,True,False,False,False
20230719,2023-07-19,2023,3,2023-Q3,7,Julio,2023-07,19,2,Miércoles,200,29,True,False,False,False
20230720,2023-07-20,2023,3,2023-Q3,7,Julio,2023-07,20,3,Jueves,201,29,True,False,False,False
20230721,2023-07-21,2023,3,2023-Q3,7,Julio,2023-07,21,4,Viernes,202,29,True,False,False,False
20230722,2023-07-22,2023,3,2023-Q3,7,Julio,2023-07,22,5,Sábado,203,29,False,True,False,False
20230723,2023-07-23,2023,3,2023-Q3,7,Julio,2023-07,23,6,Domingo,204,29,False,True,False,False
20230724,2023-07-24,2023,3,2023-Q3,7,Julio,2023-07,24,0,Lunes,205,30,True,False,False,False
20230725,2023-07-25,2023,3,2023-Q3,7,Julio,2023-07,25,1,Martes,206,30,True,False,False,False
20230726,2023-07-26,2023,3,2023-Q3,7,Julio,2023-07,26,2,Miércoles,207,30,True,False,False,False
20230727,2023-07-27,2023,3,2023-Q3,7,Julio,2023-07,27,3,Jueves,208,30,True,False,False,False
20230728,2023-07-28,2023,3,2023-Q3,7,Julio,2023-07,28,4,Viernes,209,30,True,False,False,False
20230729,2023-07-29,2023,3,2023-Q3,7,Julio,2023-07,29,5,Sábado,210,30,False,True,False,False
20230730,2023-07-30,2023,3,2023-Q3,7,Julio,2023-07,30,6,Domingo,211,30,False,True,False,False
20230731,2023-07-31,2023,3,2023-Q3,7,Julio,2023-07,31,0,Lunes,212,31,True,False,False,True
20230801,2023-08-01,2023,3,2023-Q3,8,Agosto,2023-08,1,1,Martes,213,31,True,False,True,False
20230802,2023-08-02,2023,3,2023-Q3,8,Agosto,2023-08,2,2,Miércoles,214,31,True,False,False,False
20230803,2023-08-03,2023,3,2023-Q3,8,Agosto,2023-08,3,3,Jueves,215,31,True,False,False,False
20230804,2023-08-04,2023,3,2023-Q3,8,Agosto,2023-08,4,4,Viernes,216,31,True,False,False,False
20230805,2023-08-05,2023,3,2023-Q3,8,Agosto,2023-08,5,5,Sábado,217,31,False,True,False,False
20230806,2023-08-06,2023,3,2023-Q3,8,Agosto,2023-08,6,6,Domingo,218,31,False,True,False,False
20230807,2023-08-07,2023,3,2023-Q3,8,Agosto,2023-08,7,0,Lunes,219,32,True,False,False,False
20230808,2023-08-08,2023,3,2023-Q3,8,Agosto,2023-08,8,1,Martes,220,32,True,False,False,False
20230809,2023-08-09,2023,3,2023-Q3,8,Agosto,2023-08,9,2,Miércoles,221,32,True,False,False,False
20230810,2023-08-10,2023,3,2023-Q3,8,Agosto,2023-08,10,3,Jueves,222,32,True,False,False,False
20230811,2023-08-11,2023,3,2023-Q3,8,Agosto,2023-08,11,4,Viernes,223,32,True,False,False,False
20230812,2023-08-12,2023,3,2023-Q3,8,Agosto,2023-08,12,5,Sábado,224,32,False,True,False,False
20230813,2023-08-13,2023,3,2023-Q3,8,Agosto,2023-08,13,6,Domingo,225,32,False,True,False,False
20230814,2023-08-14,2023,3,2023-Q3,8,Agosto,2023-08,14,0,Lunes,226,33,True,False,False,False
20230815,2023-08-15,2023,3,2023-Q3,8,Agosto,2023-08,15,1,Martes,227,33,True,False,False,False
20230816,2023-08-16,2023,3,2023-Q3,8,Agosto,2023-08,16,2,Miércoles,228,33,True,False,False,False
20230817,2023-08-17,2023,3,2023-Q3,8,Agosto,2023-08,17,3,Jueves,229,33,True,False,False,False
20230818,2023-08-18,2023,3,2023-Q3,8,Agosto,2023-08,18,4,Viernes,230,33,True,False,False,False
20230819,2023-08-19,2023,3,2023-Q3,8,Agosto,2023-08,19,5,Sábado,231,33,False,True,False,False
20230820,2023-08-20,2023,3,2023-Q3,8,Agosto,2023-08,20,6,Domingo,232,33,False,True,False,False
20230821,2023-08-21,2023,3,2023-Q3,8,Agosto,2023-08,21,0,Lunes,233,34,True,False,False,False
20230822,2023-08-22,2023,3,2023-Q3,8,Agosto,2023-08,22,1,Martes,234,34,True,False,False,False
20230823,2023-08-23,2023,3,2023-Q3,8,Agosto,2023-08,23,2,Miércoles,235,34,True,False,False,False
20230824,2023-08-24,2023,3,2023-Q3,8,Agosto,2023-08,24,3,Jueves,236,34,True,False,False,False
20230825,2023-08-25,2023,3,2023-Q3,8,Agosto,2023-08,25,4,Viernes,237,34,True,False,False,False
20230826,2023-08-26,2023,3,2023-Q3,8,Agosto,2023-08,26,5,Sábado,238,34,False,True,False,False
20230827,2023-08-27,2023,3,2023-Q3,8,Agosto,2023-08,27,6,Domingo,239,34,False,True,False,False
20230828,2023-08-28,2023,3,2023-Q3,8,Agosto,2023-08,28,0,Lunes,240,35,True,False,False,False
20230829,2023-08-29,2023,3,2023-Q3,8,Agosto,2023-08,29,1,Martes,241,35,True,False,False,False
20230830,2023-08-30,2023,3,2023-Q3,8,Agosto,2023-08,30,2,Miércoles,242,35,True,False,False,False
20230831,2023-08-31,2023,3,2023-Q3,8,Agosto,2023-08,31,3,Jueves,243,35,True,False,False,True
20230901,2023-09-01,2023,3,2023-Q3,9,Septiembre,2023-09,1,4,Viernes,244,35,True,False,True,False
20230902,2023-09-02,2023,3,2023-Q3,9,Septiembre,2023-09,2,5,Sábado,245,35,False,True,False,False
20230903,2023-09-03,2023,3,2023-Q3,9,Septiembre,2023-09,3,6,Domingo,246,35,False,True,False,False
20230904,2023-09-04,2023,3,2023-Q3,9,Septiembre,2023-09,4,0,Lunes,247,36,True,False,False,False
20230905,2023-09-05,2023,3,2023-Q3,9,Septiembre,2023-09,5,1,Martes,248,36,True,False,False,False
20230906,2023-09-06,2023,3,2023-Q3,9,Septiembre,2023-09,6,2,Miércoles,249,36,True,False,False,False
20230907,2023-09-07,2023,3,2023-Q3,9,Septiembre,2023-09,7,3,Jueves,250,36,True,False,False,False
20230908,2023-09-08,2023,3,2023-Q3,9,Septiembre,2023-09,8,4,Viernes,251,36,True,False,False,False
20230909,2023-09-09,2023,3,2023-Q3,9,Septiembre,2023-09,9,5,Sábado,252,36,False,True,False,False
20230910,2023-09-10,2023,3,2023-Q3,9,Septiembre,2023-09,10,6,Domingo,253,36,False,True,False,False
20230911,2023-09-11,2023,3,2023-Q3,9,Septiembre,2023-09,11,0,Lunes,254,37,True,False,False,False
20230912,2023-09-12,2023,3,2023-Q3,9,Septiembre,2023-09,12,1,Martes,255,37,True,False,False,False
20230913,2023-09-13,2023,3,2023-Q3,9,Septiembre,2023-09,13,2,Miércoles,256,37,True,False,False,False
20230914,2023-09-14,2023,3,2023-Q3,9,Septiembre,2023-09,14,3,Jueves,257,37,True,False,False,False
20230915,2023-09-15,2023,3,2023-Q3,9,Septiembre,2023-09,15,4,Viernes,258,37,True,False,False,False
20230916,2023-09-16,2023,3,2023-Q3,9,Septiembre,2023-09,16,5,Sábado,259,37,False,True,False,False
20230917,2023-09-17,2023,3,2023-Q3,9,Septiembre,2023-09,17,6,Domingo,260,37,False,True,False,False
20230918,2023-09-18,2023,3,2023-Q3,9,Septiembre,2023-09,18,0,Lunes,261,38,True,False,False,False
20230919,2023-09-19,2023,3,2023-Q3,9,Septiembre,2023-09,19,1,Martes,262,38,True,False,False,False
20230920,2023-09-20,2023,3,2023-Q3,9,Septiembre,2023-09,20,2,Miércoles,263,38,True,False,False,False
20230921,2023-09-21,2023,3,2023-Q3,9,Septiembre,2023-09,21,3,Jueves,264,38,True,False,False,False
20230922,2023-09-22,2023,3,2023-Q3,9,Septiembre,2023-09,22,4,Viernes,265,38,True,False,False,False
20230923,2023-09-23,2023,3,2023-Q3,9,Septiembre,2023-09,23,5,Sábado,266,38,False,True,False,False
20230924,2023-09-24,2023,3,2023-Q3,9,Septiembre,2023-09,24,6,Domingo,267,38,False,True,False,False
20230925,2023-09-25,2023,3,2023-Q3,9,Septiembre,2023-09,25,0,Lunes,268,39,True,False,False,False
20230926,2023-09-26,2023,3,2023-Q3,9,Septiembre,2023-09,26,1,Martes,269,39,True,False,False,False
20230927,2023-09-27,2023,3,2023-Q3,9,Septiembre,2023-09,27,2,Miércoles,270,39,True,False,False,False
20230928,2023-09-28,2023,3,2023-Q3,9,Septiembre,2023-09,28,3,Jueves,271,39,True,False,False,False
20230929,2023-09-29,2023,3,2023-Q3,9,Septiembre,2023-09,29,4,Viernes,272,39,True,False,False,False
20230930,2023-09-30,2023,3,2023-Q3,9,Septiembre,2023-09,30,5,Sábado,273,39,False,True,False,True
20231001,2023-10-01,2023,4,2023-Q4,10,Octubre,2023-10,1,6,Domingo,274,39,False,True,True,False
20231002,2023-10-02,2023,4,2023-Q4,10,Octubre,2023-10,2,0,Lunes,275,40,True,False,False,False
20231003,2023-10-03,2023,4,2023-Q4,10,Octubre,2023-10,3,1,Martes,276,40,True,False,False,False
20231004,2023-10-04,2023,4,2023-Q4,10,Octubre,2023-10,4,2,Miércoles,277,40,True,False,False,False
20231005,2023-10-05,2023,4,2023-Q4,10,Octubre,2023-10,5,3,Jueves,278,40,True,False,False,False
20231006,2023-10-06,2023,4,2023-Q4,10,Octubre,2023-10,6,4,Viernes,279,40,True,False,False,False
20231007,2023-10-07,2023,4,2023-Q4,10,Octubre,2023-10,7,5,Sábado,280,40,False,True,False,False
20231008,2023-10-08,2023,4,2023-Q4,10,Octubre,2023-10,8,6,Domingo,281,40,False,True,False,False
20231009,2023-10-09,2023,4,2023-Q4,10,Octubre,2023-10,9,0,Lunes,282,41,True,False,False,False
20231010,2023-10-10,2023,4,2023-Q4,10,Octubre,2023-10,10,1,Martes,283,41,True,False,False,False
20231011,2023-10-11,2023,4,2023-Q4,10,Octubre,2023-10,11,2,Miércoles,284,41,True,False,False,False
20231012,2023-10-12,2023,4,2023-Q4,10,Octubre,2023-10,12,3,Jueves,285,41,True,False,False,False
20231013,2023-10-13,2023,4,2023-Q4,10,Octubre,2023-10,13,4,Viernes,286,41,True,False,False,False
20231014,2023-10-14,2023,4,2023-Q4,10,Octubre,2023-10,14,5,Sábado,287,41,False,True,False,False
20231015,2023-10-15,2023,4,2023-Q4,10,Octubre,2023-10,15,6,Domingo,288,41,False,True,False,False
20231016,2023-10-16,2023,4,2023-Q4,10,Octubre,2023-10,16,0,Lunes,289,42,True,False,False,False
20231017,2023-10-17,2023,4,2023-Q4,10,Octubre,2023-10,17,1,Martes,290,42,True,False,False,False
20231018,2023-10-18,2023,4,2023-Q4,10,Octubre,2023-10,18,2,Miércoles,291,42,True,False,False,False
20231019,2023-10-19,2023,4,2023-Q4,10,Octubre,2023-10,19,3,Jueves,292,42,True,False,False,False
20231020,2023-10-20,2023,4,2023-Q4,10,Octubre,2023-10,20,4,Viernes,293,42,True,False,False,False
20231021,2023-10-21,2023,4,2023-Q4,10,Octubre,2023-10,21,5,Sábado,294,42,False,True,False,False
20231022,2023-10-22,2023,4,2023-Q4,10,Octubre,2023-10,22,6,Domingo,295,42,False,True,False,False
20231023,2023-10-23,2023,4,2023-Q4,10,Octubre,2023-10,23,0,Lunes,296,43,True,False,False,False
20231024,2023-10-24,2023,4,2023-Q4,10,Octubre,2023-10,24,1,Martes,297,43,True,False,False,False
20231025,2023-10-25,2023,4,2023-Q4,10,Octubre,2023-10,25,2,Miércoles,298,43,True,False,False,False
20231026,2023-10-26,2023,4,2023-Q4,10,Octubre,2023-10,26,3,Jueves,299,43,True,False,False,False
20231027,2023-10-27,2023,4,2023-Q4,10,Octubre,2023-10,27,4,Viernes,300,43,True,False,False,False
20231028,2023-10-28,2023,4,2023-Q4,10,Octubre,2023-10,28,5,Sábado,301,43,False,True,False,False
20231029,2023-10-29,2023,4,2023-Q4,10,Octubre,2023-10,29,6,Domingo,302,43,False,True,False,False
20231030,2023-10-30,2023,4,2023-Q4,10,Octubre,2023-10,30,0,Lunes,303,44,True,False,False,False
20231031,2023-10-31,2023,4,2023-Q4,10,Octubre,2023-10,31,1,Martes,304,44,True,False,False,True
20231101,2023-11-01,2023,4,2023-Q4,11,Noviembre,2023-11,1,2,Miércoles,305,44,True,False,True,False
20231102,2023-11-02,2023,4,2023-Q4,11,Noviembre,2023-11,2,3,Jueves,306,44,True,False,False,False
20231103,2023-11-03,2023,4,2023-Q4,11,Noviembre,2023-11,3,4,Viernes,307,44,True,False,False,False
20231104,2023-11-04,2023,4,2023-Q4,11,Noviembre,2023-11,4,5,Sábado,308,44,False,True,False,False
20231105,2023-11-05,2023,4,2023-Q4,11,Noviembre,2023-11,5,6,Domingo,309,44,False,True,False,False
20231106,2023-11-06,2023,4,2023-Q4,11,Noviembre,2023-11,6,0,Lunes,310,45,True,False,False,False
20231107,2023-11-07,2023,4,2023-Q4,11,Noviembre,2023-11,7,1,Martes,311,45,True,False,False,False
20231108,2023-11-08,2023,4,2023-Q4,11,Noviembre,2023-11,8,2,Miércoles,312,45,True,False,False,False
20231109,2023-11-09,2023,4,2023-Q4,11,Noviembre,2023-11,9,3,Jueves,313,45,True,False,False,False
20231110,2023-11-10,2023,4,2023-Q4,11,Noviembre,2023-11,10,4,Viernes,314,45,True,False,False,False
20231111,2023-11-11,2023,4,2023-Q4,11,Noviembre,2023-11,11,5,Sábado,315,45,False,True,False,False
20231112,2023-11-12,2023,4,2023-Q4,11,Noviembre,2023-11,12,6,Domingo,316,45,False,True,False,False
20231113,2023-11-13,2023,4,2023-Q4,11,Noviembre,2023-11,13,0,Lunes,317,46,True,False,False,False
20231114,2023-11-14,2023,4,2023-Q4,11,Noviembre,2023-11,14,1,Martes,318,46,True,False,False,False
20231115,2023-11-15,2023,4,2023-Q4,11,Noviembre,2023-11,15,2,Miércoles,319,46,True,False,False,False
20231116,2023-11-16,2023,4,2023-Q4,11,Noviembre,2023-11,16,3,Jueves,320,46,True,False,False,False
20231117,2023-11-17,2023,4,2023-Q4,11,Noviembre,2023-11,17,4,Viernes,321,46,True,False,False,False
20231118,2023-11-18,2023,4,2023-Q4,11,Noviembre,2023-11,18,5,Sábado,322,46,False,True,False,False
20231119,2023-11-19,2023,4,2023-Q4,11,Noviembre,2023-11,19,6,Domingo,323,46,False,True,False,False
20231120,2023-11-20,2023,4,2023-Q4,11,Noviembre,2023-11,20,0,Lunes,324,47,True,False,False,False
20231121,2023-11-21,2023,4,2023-Q4,11,Noviembre,2023-11,21,1,Martes,325,47,True,False,False,False
20231122,2023-11-22,2023,4,2023-Q4,11,Noviembre,2023-11,22,2,Miércoles,326,47,True,False,False,False
20231123,2023-11-23,2023,4,2023-Q4,11,Noviembre,2023-11,23,3,Jueves,327,47,True,False,False,False
20231124,2023-11-24,2023,4,2023-Q4,11,Noviembre,2023-11,24,4,Viernes,328,47,True,False,False,False
20231125,2023-11-25,2023,4,2023-Q4,11,Noviembre,2023-11,25,5,Sábado,329,47,False,True,False,False
20231126,2023-11-26,2023,4,2023-Q4,11,Noviembre,2023-11,26,6,Domingo,330,47,False,True,False,False
20231127,2023-11-27,2023,4,2023-Q4,11,Noviembre,2023-11,27,0,Lunes,331,48,True,False,False,False
20231128,2023-11-28,2023,4,2023-Q4,11,Noviembre,2023-11,28,1,Martes,332,48,True,False,False,False
20231129,2023-11-29,2023,4,2023-Q4,11,Noviembre,2023-11,29,2,Miércoles,333,48,True,False,False,False
20231130,2023-11-30,2023,4,2023-Q4,11,Noviembre,2023-11,30,3,Jueves,334,48,True,False,False,True
20231201,2023-12-01,2023,4,2023-Q4,12,Diciembre,2023-12,1,4,Viernes,335,48,True,False,True,False
20231202,2023-12-02,2023,4,2023-Q4,12,Diciembre,2023-12,2,5,Sábado,336,48,False,True,False,False
20231203,2023-12-03,2023,4,2023-Q4,12,Diciembre,2023-12,3,6,Domingo,337,48,False,True,False,False
20231204,2023-12-04,2023,4,2023-Q4,12,Diciembre,2023-12,4,0,Lunes,338,49,True,False,False,False
20231205,2023-12-05,2023,4,2023-Q4,12,Diciembre,2023-12,5,1,Martes,339,49,True,False,False,False
20231206,2023-12-06,2023,4,2023-Q4,12,Diciembre,2023-12,6,2,Miércoles,340,49,True,False,False,False
20231207,2023-12-07,2023,4,2023-Q4,12,Diciembre,2023-12,7,3,Jueves,341,49,True,False,False,False
20231208,2023-12-08,2023,4,2023-Q4,12,Diciembre,2023-12,8,4,Viernes,342,49,True,False,False,False
20231209,2023-12-09,2023,4,2023-Q4,12,Diciembre,2023-12,9,5,Sábado,343,49,False,True,False,False
20231210,2023-12-10,2023,4,2023-Q4,12,Diciembre,2023-12,10,6,Domingo,344,49,False,True,False,False
20231211,2023-12-11,2023,4,2023-Q4,12,Diciembre,2023-12,11,0,Lunes,345,50,True,False,False,False
20231212,2023-12-12,2023,4,2023-Q4,12,Diciembre,2023-12,12,1,Martes,346,50,True,False,False,False
20231213,2023-12-13,2023,4,2023-Q4,12,Diciembre,2023-12,13,2,Miércoles,347,50,True,False,False,False
20231214,2023-12-14,2023,4,2023-Q4,12,Diciembre,2023-12,14,3,Jueves,348,50,True,False,False,False
20231215,2023-12-15,2023,4,2023-Q4,12,Diciembre,2023-12,15,4,Viernes,349,50,True,False,False,False
20231216,2023-12-16,2023,4,2023-Q4,12,Diciembre,2023-12,16,5,Sábado,350,50,False,True,False,False
20231217,2023-12-17,2023,4,2023-Q4,12,Diciembre,2023-12,17,6,Domingo,351,50,False,True,False,False
20231218,2023-12-18,2023,4,2023-Q4,12,Diciembre,2023-12,18,0,Lunes,352,51,True,False,False,False
20231219,2023-12-19,2023,4,2023-Q4,12,Diciembre,2023-12,19,1,Martes,353,51,True,False,False,False
20231220,2023-12-20,2023,4,2023-Q4,12,Diciembre,2023-12,20,2,Miércoles,354,51,True,False,False,False
20231221,2023-12-21,2023,4,2023-Q4,12,Diciembre,2023-12,21,3,Jueves,355,51,True,False,False,False
20231222,2023-12-22,2023,4,2023-Q4,12,Diciembre,2023-12,22,4,Viernes,356,51,True,False,False,False
20231223,2023-12-23,2023,4,2023-Q4,12,Diciembre,2023-12,23,5,Sábado,357,51,False,True,False,False
20231224,2023-12-24,2023,4,2023-Q4,12,Diciembre,2023-12,24,6,Domingo,358,51,False,True,False,False
20231225,2023-12-25,2023,4,2023-Q4,12,Diciembre,2023-12,25,0,Lunes,359,52,True,False,False,False
20231226,2023-12-26,2023,4,2023-Q4,12,Diciembre,2023-12,26,1,Martes,360,52,True,False,False,False
20231227,2023-12-27,2023,4,2023-Q4,12,Diciembre,2023-12,27,2,Miércoles,361,52,True,False,False,False
20231228,2023-12-28,2023,4,2023-Q4,12,Diciembre,2023-12,28,3,Jueves,362,52,True,False,False,False
20231229,2023-12-29,2023,4,2023-Q4,12,Diciembre,2023-12,29,4,Viernes,363,52,True,False,False,False
20231230,2023-12-30,2023,4,2023-Q4,12,Diciembre,2023-12,30,5,Sábado,364,52,False,True,False,False
20231231,2023-12-31,2023,4,2023-Q4,12,Diciembre,2023-12,31,6,Domingo,365,52,False,True,False,True
20240101,2024-01-01,2024,1,2024-Q1,1,Enero,2024-01,1,0,Lunes,1,1,True,False,True,False
20240102,2024-01-02,2024,1,2024-Q1,1,Enero,2024-01,2,1,Martes,2,1,True,False,False,False
20240103,2024-01-03,2024,1,2024-Q1,1,Enero,2024-01,3,2,Miércoles,3,1,True,False,False,False
20240104,2024-01-04,2024,1,2024-Q1,1,Enero,2024-01,4,3,Jueves,4,1,True,False,False,False
20240105,2024-01-05,2024,1,2024-Q1,1,Enero,2024-01,5,4,Viernes,5,1,True,False,False,False
20240106,2024-01-06,2024,1,2024-Q1,1,Enero,2024-01,6,5,Sábado,6,1,False,True,False,False
20240107,2024-01-07,2024,1,2024-Q1,1,Enero,2024-01,7,6,Domingo,7,1,False,True,False,False
20240108,2024-01-08,2024,1,2024-Q1,1,Enero,2024-01,8,0,Lunes,8,2,True,False,False,False
20240109,2024-01-09,2024,1,2024-Q1,1,Enero,2024-01,9,1,Martes,9,2,True,False,False,False
20240110,2024-01-10,2024,1,2024-Q1,1,Enero,2024-01,10,2,Miércoles,10,2,True,False,False,False
20240111,2024-01-11,2024,1,2024-Q1,1,Enero,2024-01,11,3,Jueves,11,2,True,False,False,False
20240112,2024-01-12,2024,1,2024-Q1,1,Enero,2024-01,12,4,Viernes,12,2,True,False,False,False
20240113,2024-01-13,2024,1,2024-Q1,1,Enero,2024-01,13,5,Sábado,13,2,False,True,False,False
20240114,2024-01-14,2024,1,2024-Q1,1,Enero,2024-01,14,6,Domingo,14,2,False,True,False,False
20240115,2024-01-15,2024,1,2024-Q1,1,Enero,2024-01,15,0,Lunes,15,3,True,False,False,False
20240116,2024-01-16,2024,1,2024-Q1,1,Enero,2024-01,16,1,Martes,16,3,True,False,False,False
20240117,2024-01-17,2024,1,2024-Q1,1,Enero,2024-01,17,2,Miércoles,17,3,True,False,False,False
20240118,2024-01-18,2024,1,2024-Q1,1,Enero,2024-01,18,3,Jueves,18,3,True,False,False,False
20240119,2024-01-19,2024,1,2024-Q1,1,Enero,2024-01,19,4,Viernes,19,3,True,False,False,False
20240120,2024-01-20,2024,1,2024-Q1,1,Enero,2024-01,20,5,Sábado,20,3,False,True,False,False
20240121,2024-01-21,2024,1,2024-Q1,1,Enero,2024-01,21,6,Domingo,21,3,False,True,False,False
20240122,2024-01-22,2024,1,2024-Q1,1,Enero,2024-01,22,0,Lunes,22,4,True,False,False,False
20240123,2024-01-23,2024,1,2024-Q1,1,Enero,2024-01,23,1,Martes,23,4,True,False,False,False
20240124,2024-01-24,2024,1,2024-Q1,1,Enero,2024-01,24,2,Miércoles,24,4,True,False,False,False
20240125,2024-01-25,2024,1,2024-Q1,1,Enero,2024-01,25,3,Jueves,25,4,True,False,False,False
20240126,2024-01-26,2024,1,2024-Q1,1,Enero,2024-01,26,4,Viernes,26,4,True,False,False,False
20240127,2024-01-27,2024,1,2024-Q1,1,Enero,2024-01,27,5,Sábado,27,4,False,True,False,False
20240128,2024-01-28,2024,1,2024-Q1,1,Enero,2024-01,28,6,Domingo,28,4,False,True,False,False
20240129,2024-01-29,2024,1,2024-Q1,1,Enero,2024-01,29,0,Lunes,29,5,True,False,False,False
20240130,2024-01-30,2024,1,2024-Q1,1,Enero,2024-01,30,1,Martes,30,5,True,False,False,False
20240131,2024-01-31,2024,1,2024-Q1,1,Enero,2024-01,31,2,Miércoles,31,5,True,False,False,True
20240201,2024-02-01,2024,1,2024-Q1,2,Febrero,2024-02,1,3,Jueves,32,5,True,False,True,False
20240202,2024-02-02,2024,1,2024-Q1,2,Febrero,2024-02,2,4,Viernes,33,5,True,False,False,False
20240203,2024-02-03,2024,1,2024-Q1,2,Febrero,2024-02,3,5,Sábado,34,5,False,True,False,False
20240204,2024-02-04,2024,1,2024-Q1,2,Febrero,2024-02,4,6,Domingo,35,5,False,True,False,False
20240205,2024-02-05,2024,1,2024-Q1,2,Febrero,2024-02,5,0,Lunes,36,6,True,False,False,False
20240206,2024-02-06,2024,1,2024-Q1,2,Febrero,2024-02,6,1,Martes,37,6,True,False,False,False
20240207,2024-02-07,2024,1,2024-Q1,2,Febrero,2024-02,7,2,Miércoles,38,6,True,False,False,False
20240208,2024-02-08,2024,1,2024-Q1,2,Febrero,2024-02,8,3,Jueves,39,6,True,False,False,False
20240209,2024-02-09,2024,1,2024-Q1,2,Febrero,2024-02,9,4,Viernes,40,6,True,False,False,False
20240210,2024-02-10,2024,1,2024-Q1,2,Febrero,2024-02,10,5,Sábado,41,6,False,True,False,False
20240211,2024-02-11,2024,1,2024-Q1,2,Febrero,2024-02,11,6,Domingo,42,6,False,True,False,False
20240212,2024-02-12,2024,1,2024-Q1,2,Febrero,2024-02,12,0,Lunes,43,7,True,False,False,False
20240213,2024-02-13,2024,1,2024-Q1,2,Febrero,2024-02,13,1,Martes,44,7,True,False,False,False
20240214,2024-02-14,2024,1,2024-Q1,2,Febrero,2024-02,14,2,Miércoles,45,7,True,False,False,False
20240215,2024-02-15,2024,1,2024-Q1,2,Febrero,2024-02,15,3,Jueves,46,7,True,False,False,False
20240216,2024-02-16,2024,1,2024-Q1,2,Febrero,2024-02,16,4,Viernes,47,7,True,False,False,False
20240217,2024-02-17,2024,1,2024-Q1,2,Febrero,2024-02,17,5,Sábado,48,7,False,True,False,False
20240218,2024-02-18,2024,1,2024-Q1,2,Febrero,2024-02,18,6,Domingo,49,7,False,True,False,False
20240219,2024-02-19,2024,1,2024-Q1,2,Febrero,2024-02,19,0,Lunes,50,8,True,False,False,False
20240220,2024-02-20,2024,1,2024-Q1,2,Febrero,2024-02,20,1,Martes,51,8,True,False,False,False
20240221,2024-02-21,2024,1,2024-Q1,2,Febrero,2024-02,21,2,Miércoles,52,8,True,False,False,False
20240222,2024-02-22,2024,1,2024-Q1,2,Febrero,2024-02,22,3,Jueves,53,8,True,False,False,False
20240223,2024-02-23,2024,1,2024-Q1,2,Febrero,2024-02,23,4,Viernes,54,8,True,False,False,False
20240224,2024-02-24,2024,1,2024-Q1,2,Febrero,2024-02,24,5,Sábado,55,8,False,True,False,False
20240225,2024-02-25,2024,1,2024-Q1,2,Febrero,2024-02,25,6,Domingo,56,8,False,True,False,False
20240226,2024-02-26,2024,1,2024-Q1,2,Febrero,2024-02,26,0,Lunes,57,9,True,False,False,False
20240227,2024-02-27,2024,1,2024-Q1,2,Febrero,2024-02,27,1,Martes,58,9,True,False,False,False
20240228,2024-02-28,2024,1,2024-Q1,2,Febrero,2024-02,28,2,Miércoles,59,9,True,False,False,False
20240229,2024-02-29,2024,1,2024-Q1,2,Febrero,2024-02,29,3,Jueves,60,9,True,False,False,True
20240301,2024-03-01,2024,1,2024-Q1,3,Marzo,2024-03,1,4,Viernes,61,9,True,False,True,False
20240302,2024-03-02,2024,1,2024-Q1,3,Marzo,2024-03,2,5,Sábado,62,9,False,True,False,False
20240303,2024-03-03,2024,1,2024-Q1,3,Marzo,2024-03,3,6,Domingo,63,9,False,True,False,False
20240304,2024-03-04,2024,1,2024-Q1,3,Marzo,2024-03,4,0,Lunes,64,10,True,False,False,False
20240305,2024-03-05,2024,1,2024-Q1,3,Marzo,2024-03,5,1,Martes,65,10,True,False,False,False
20240306,2024-03-06,2024,1,2024-Q1,3,Marzo,2024-03,6,2,Miércoles,66,10,True,False,False,False
20240307,2024-03-07,2024,1,2024-Q1,3,Marzo,2024-03,7,3,Jueves,67,10,True,False,False,False
20240308,2024-03-08,2024,1,2024-Q1,3,Marzo,2024-03,8,4,Viernes,68,10,True,False,False,False
20240309,2024-03-09,2024,1,2024-Q1,3,Marzo,2024-03,9,5,Sábado,69,10,False,True,False,False
20240310,2024-03-10,2024,1,2024-Q1,3,Marzo,2024-03,10,6,Domingo,70,10,False,True,False,False
20240311,2024-03-11,2024,1,2024-Q1,3,Marzo,2024-03,11,0,Lunes,71,11,True,False,False,False
20240312,2024-03-12,2024,1,2024-Q1,3,Marzo,2024-03,12,1,Martes,72,11,True,False,False,False
20240313,2024-03-13,2024,1,2024-Q1,3,Marzo,2024-03,13,2,Miércoles,73,11,True,False,False,False
20240314,2024-03-14,2024,1,2024-Q1,3,Marzo,2024-03,14,3,Jueves,74,11,True,False,False,False
20240315,2024-03-15,2024,1,2024-Q1,3,Marzo,2024-03,15,4,Viernes,75,11,True,False,False,False
20240316,2024-03-16,2024,1,2024-Q1,3,Marzo,2024-03,16,5,Sábado,76,11,False,True,False,False
20240317,2024-03-17,2024,1,2024-Q1,3,Marzo,2024-03,17,6,Domingo,77,11,False,True,False,False
20240318,2024-03-18,2024,1,2024-Q1,3,Marzo,2024-03,18,0,Lunes,78,12,True,False,False,False
20240319,2024-03-19,2024,1,2024-Q1,3,Marzo,2024-03,19,1,Martes,79,12,True,False,False,False
20240320,2024-03-20,2024,1,2024-Q1,3,Marzo,2024-03,20,2,Miércoles,80,12,True,False,False,False
20240321,2024-03-21,2024,1,2024-Q1,3,Marzo,2024-03,21,3,Jueves,81,12,True,False,False,False
20240322,2024-03-22,2024,1,2024-Q1,3,Marzo,2024-03,22,4,Viernes,82,12,True,False,False,False
20240323,2024-03-23,2024,1,2024-Q1,3,Marzo,2024-03,23,5,Sábado,83,12,False,True,False,False
20240324,2024-03-24,2024,1,2024-Q1,3,Marzo,2024-03,24,6,Domingo,84,12,False,True,False,False
20240325,2024-03-25,2024,1,2024-Q1,3,Marzo,2024-03,25,0,Lunes,85,13,True,False,False,False
20240326,2024-03-26,2024,1,2024-Q1,3,Marzo,2024-03,26,1,Martes,86,13,True,False,False,False
20240327,2024-03-27,2024,1,2024-Q1,3,Marzo,2024-03,27,2,Miércoles,87,13,True,False,False,False
20240328,2024-03-28,2024,1,2024-Q1,3,Marzo,2024-03,28,3,Jueves,88,13,True,False,False,False
20240329,2024-03-29,2024,1,2024-Q1,3,Marzo,2024-03,29,4,Viernes,89,13,True,False,False,False
20240330,2024-03-30,2024,1,2024-Q1,3,Marzo,2024-03,30,5,Sábado,90,13,False,True,False,False
20240331,2024-03-31,2024,1,2024-Q1,3,Marzo,2024-03,31,6,Domingo,91,13,False,True,False,True
20240401,2024-04-01,2024,2,2024-Q2,4,Abril,2024-04,1,0,Lunes,92,14,True,False,True,False
20240402,2024-04-02,2024,2,2024-Q2,4,Abril,2024-04,2,1,Martes,93,14,True,False,False,False
20240403,2024-04-03,2024,2,2024-Q2,4,Abril,2024-04,3,2,Miércoles,94,14,True,False,False,False
20240404,2024-04-04,2024,2,2024-Q2,4,Abril,2024-04,4,3,Jueves,95,14,True,False,False,False
20240405,2024-04-05,2024,2,2024-Q2,4,Abril,2024-04,5,4,Viernes,96,14,True,False,False,False
20240406,2024-04-06,2024,2,2024-Q2,4,Abril,2024-04,6,5,Sábado,97,14,False,True,False,False
20240407,2024-04-07,2024,2,2024-Q2,4,Abril,2024-04,7,6,Domingo,98,14,False,True,False,False
20240408,2024-04-08,2024,2,2024-Q2,4,Abril,2024-04,8,0,Lunes,99,15,True,False,False,False
20240409,2024-04-09,2024,2,2024-Q2,4,Abril,2024-04,9,1,Martes,100,15,True,False,False,False
20240410,2024-04-10,2024,2,2024-Q2,4,Abril,2024-04,10,2,Miércoles,101,15,True,False,False,False
20240411,2024-04-11,2024,2,2024-Q2,4,Abril,2024-04,11,3,Jueves,102,15,True,False,False,False
20240412,2024-04-12,2024,2,2024-Q2,4,Abril,2024-04,12,4,Viernes,103,15,True,False,False,False
20240413,2024-04-13,2024,2,2024-Q2,4,Abril,2024-04,13,5,Sábado,104,15,False,True,False,False
20240414,2024-04-14,2024,2,2024-Q2,4,Abril,2024-04,14,6,Domingo,105,15,False,True,False,False
20240415,2024-04-15,2024,2,2024-Q2,4,Abril,2024-04,15,0,Lunes,106,16,True,False,False,False
20240416,2024-04-16,2024,2,2024-Q2,4,Abril,2024-04,16,1,Martes,107,16,True,False,False,False
20240417,2024-04-17,2024,2,2024-Q2,4,Abril,2024-04,17,2,Miércoles,108,16,True,False,False,False
20240418,2024-04-18,2024,2,2024-Q2,4,Abril,2024-04,18,3,Jueves,109,16,True,False,False,False
20240419,2024-04-19,2024,2,2024-Q2,4,Abril,2024-04,19,4,Viernes,110,16,True,False,False,False
20240420,2024-04-20,2024,2,2024-Q2,4,Abril,2024-04,20,5,Sábado,111,16,False,True,False,False
20240421,2024-04-21,2024,2,2024-Q2,4,Abril,2024-04,21,6,Domingo,112,16,False,True,False,False
20240422,2024-04-22,2024,2,2024-Q2,4,Abril,2024-04,22,0,Lunes,113,17,True,False,False,False
20240423,2024-04-23,2024,2,2024-Q2,4,Abril,2024-04,23,1,Martes,114,17,True,False,False,False
20240424,2024-04-24,2024,2,2024-Q2,4,Abril,2024-04,24,2,Miércoles,115,17,True,False,False,False
20240425,2024-04-25,2024,2,2024-Q2,4,Abril,2024-04,25,3,Jueves,116,17,True,False,False,False
20240426,2024-04-26,2024,2,2024-Q2,4,Abril,2024-04,26,4,Viernes,117,17,True,False,False,False
20240427,2024-04-27,2024,2,2024-Q2,4,Abril,2024-04,27,5,Sábado,118,17,False,True,False,False
20240428,2024-04-28,2024,2,2024-Q2,4,Abril,2024-04,28,6,Domingo,119,17,False,True,False,False
20240429,2024-04-29,2024,2,2024-Q2,4,Abril,2024-04,29,0,Lunes,120,18,True,False,False,False
20240430,2024-04-30,2024,2,2024-Q2,4,Abril,2024-04,30,1,Martes,121,18,True,False,False,True
20240501,2024-05-01,2024,2,2024-Q2,5,Mayo,2024-05,1,2,Miércoles,122,18,True,False,True,False
20240502,2024-05-02,2024,2,2024-Q2,5,Mayo,2024-05,2,3,Jueves,123,18,True,False,False,False
20240503,2024-05-03,2024,2,2024-Q2,5,Mayo,2024-05,3,4,Viernes,124,18,True,False,False,False
20240504,2024-05-04,2024,2,2024-Q2,5,Mayo,2024-05,4,5,Sábado,125,18,False,True,False,False
20240505,2024-05-05,2024,2,2024-Q2,5,Mayo,2024-05,5,6,Domingo,126,18,False,True,False,False
20240506,2024-05-06,2024,2,2024-Q2,5,Mayo,2024-05,6,0,Lunes,127,19,True,False,False,False
20240507,2024-05-07,2024,2,2024-Q2,5,Mayo,2024-05,7,1,Martes,128,19,True,False,False,False
20240508,2024-05-08,2024,2,2024-Q2,5,Mayo,2024-05,8,2,Miércoles,129,19,True,False,False,False
20240509,2024-05-09,2024,2,2024-Q2,5,Mayo,2024-05,9,3,Jueves,130,19,True,False,False,False
20240510,2024-05-10,2024,2,2024-Q2,5,Mayo,2024-05,10,4,Viernes,131,19,True,False,False,False
20240511,2024-05-11,2024,2,2024-Q2,5,Mayo,2024-05,11,5,Sábado,132,19,False,True,False,False
20240512,2024-05-12,2024,2,2024-Q2,5,Mayo,2024-05,12,6,Domingo,133,19,False,True,False,False
20240513,2024-05-13,2024,2,2024-Q2,5,Mayo,2024-05,13,0,Lunes,134,20,True,False,False,False
20240514,2024-05-14,2024,2,2024-Q2,5,Mayo,2024-05,14,1,Martes,135,20,True,False,False,False
20240515,2024-05-15,2024,2,2024-Q2,5,Mayo,2024-05,15,2,Miércoles,136,20,True,False,False,False
20240516,2024-05-16,2024,2,2024-Q2,5,Mayo,2024-05,16,3,Jueves,137,20,True,False,False,False
20240517,2024-05-17,2024,2,2024-Q2,5,Mayo,2024-05,17,4,Viernes,138,20,True,False,False,False
20240518,2024-05-18,2024,2,2024-Q2,5,Mayo,2024-05,18,5,Sábado,139,20,False,True,False,False
20240519,2024-05-19,2024,2,2024-Q2,5,Mayo,2024-05,19,6,Domingo,140,20,False,True,False,False
20240520,2024-05-20,2024,2,2024-Q2,5,Mayo,2024-05,20,0,Lunes,141,21,True,False,False,False
20240521,2024-05-21,2024,2,2024-Q2,5,Mayo,2024-05,21,1,Martes,142,21,True,False,False,False
20240522,2024-05-22,2024,2,2024-Q2,5,Mayo,2024-05,22,2,Miércoles,143,21,True,False,False,False
20240523,2024-05-23,2024,2,2024-Q2,5,Mayo,2024-05,23,3,Jueves,144,21,True,False,False,False
20240524,2024-05-24,2024,2,2024-Q2,5,Mayo,2024-05,24,4,Viernes,145,21,True,False,False,False
20240525,2024-05-25,2024,2,2024-Q2,5,Mayo,2024-05,25,5,Sábado,146,21,False,True,False,False
20240526,2024-05-26,2024,2,2024-Q2,5,Mayo,2024-05,26,6,Domingo,147,21,False,True,False,False
20240527,2024-05-27,2024,2,2024-Q2,5,Mayo,2024-05,27,0,Lunes,148,22,True,False,False,False
20240528,2024-05-28,2024,2,2024-Q2,5,Mayo,2024-05,28,1,Martes,149,22,True,False,False,False
20240529,2024-05-29,2024,2,2024-Q2,5,Mayo,2024-05,29,2,Miércoles,150,22,True,False,False,False
20240530,2024-05-30,2024,2,2024-Q2,5,Mayo,2024-05,30,3,Jueves,151,22,True,False,False,False
20240531,2024-05-31,2024,2,2024-Q2,5,Mayo,2024-05,31,4,Viernes,152,22,True,False,False,True
20240601,2024-06-01,2024,2,2024-Q2,6,Junio,2024-06,1,5,Sábado,153,22,False,True,True,False
20240602,2024-06-02,2024,2,2024-Q2,6,Junio,2024-06,2,6,Domingo,154,22,False,True,False,False
20240603,2024-06-03,2024,2,2024-Q2,6,Junio,2024-06,3,0,Lunes,155,23,True,False,False,False
20240604,2024-06-04,2024,2,2024-Q2,6,Junio,2024-06,4,1,Martes,156,23,True,False,False,False
20240605,2024-06-05,2024,2,2024-Q2,6,Junio,2024-06,5,2,Miércoles,157,23,True,False,False,False
20240606,2024-06-06,2024,2,2024-Q2,6,Junio,2024-06,6,3,Jueves,158,23,True,False,False,False
20240607,2024-06-07,2024,2,2024-Q2,6,Junio,2024-06,7,4,Viernes,159,23,True,False,False,False
20240608,2024-06-08,2024,2,2024-Q2,6,Junio,2024-06,8,5,Sábado,160,23,False,True,False,False
20240609,2024-06-09,2024,2,2024-Q2,6,Junio,2024-06,9,6,Domingo,161,23,False,True,False,False
20240610,2024-06-10,2024,2,2024-Q2,6,Junio,2024-06,10,0,Lunes,162,24,True,False,False,False
20240611,2024-06-11,2024,2,2024-Q2,6,Junio,2024-06,11,1,Martes,163,24,True,False,False,False
20240612,2024-06-12,2024,2,2024-Q2,6,Junio,2024-06,12,2,Miércoles,164,24,True,False,False,False
20240613,2024-06-13,2024,2,2024-Q2,6,Junio,2024-06,13,3,Jueves,165,24,True,False,False,False
20240614,2024-06-14,2024,2,2024-Q2,6,Junio,2024-06,14,4,Viernes,166,24,True,False,False,False
20240615,2024-06-15,2024,2,2024-Q2,6,Junio,2024-06,15,5,Sábado,167,24,False,True,False,False
20240616,2024-06-16,2024,2,2024-Q2,6,Junio,2024-06,16,6,Domingo,168,24,False,True,False,False
20240617,2024-06-17,2024,2,2024-Q2,6,Junio,2024-06,17,0,Lunes,169,25,True,False,False,False
20240618,2024-06-18,2024,2,2024-Q2,6,Junio,2024-06,18,1,Martes,170,25,True,False,False,False
20240619,2024-06-19,2024,2,2024-Q2,6,Junio,2024-06,19,2,Miércoles,171,25,True,False,False,False
20240620,2024-06-20,2024,2,2024-Q2,6,Junio,2024-06,20,3,Jueves,172,25,True,False,False,False
20240621,2024-06-21,2024,2,2024-Q2,6,Junio,2024-06,21,4,Viernes,173,25,True,False,False,False
20240622,2024-06-22,2024,2,2024-Q2,6,Junio,2024-06,22,5,Sábado,174,25,False,True,False,False
20240623,2024-06-23,2024,2,2024-Q2,6,Junio,2024-06,23,6,Domingo,175,25,False,True,False,False
20240624,2024-06-24,2024,2,2024-Q2,6,Junio,2024-06,24,0,Lunes,176,26,True,False,False,False
20240625,2024-06-25,2024,2,2024-Q2,6,Junio,2024-06,25,1,Martes,177,26,True,False,False,False
20240626,2024-06-26,2024,2,2024-Q2,6,Junio,2024-06,26,2,Miércoles,178,26,True,False,False,False
20240627,2024-06-27,2024,2,2024-Q2,6,Junio,2024-06,27,3,Jueves,179,26,True,False,False,False
20240628,2024-06-28,2024,2,2024-Q2,6,Junio,2024-06,28,4,Viernes,180,26,True,False,False,False
20240629,2024-06-29,2024,2,2024-Q2,6,Junio,2024-06,29,5,Sábado,181,26,False,True,False,False
20240630,2024-06-30,2024,2,2024-Q2,6,Junio,2024-06,30,6,Domingo,182,26,False,True,False,True
20240701,2024-07-01,2024,3,2024-Q3,7,Julio,2024-07,1,0,Lunes,183,27,True,False,True,False
20240702,2024-07-02,2024,3,2024-Q3,7,Julio,2024-07,2,1,Martes,184,27,True,False,False,False
20240703,2024-07-03,2024,3,2024-Q3,7,Julio,2024-07,3,2,Miércoles,185,27,True,False,False,False
20240704,2024-07-04,2024,3,2024-Q3,7,Julio,2024-07,4,3,Jueves,186,27,True,False,False,False
20240705,2024-07-05,2024,3,2024-Q3,7,Julio,2024-07,5,4,Viernes,187,27,True,False,False,False
20240706,2024-07-06,2024,3,2024-Q3,7,Julio,2024-07,6,5,Sábado,188,27,False,True,False,False
20240707,2024-07-07,2024,3,2024-Q3,7,Julio,2024-07,7,6,Domingo,189,27,False,True,False,False
20240708,2024-07-08,2024,3,2024-Q3,7,Julio,2024-07,8,0,Lunes,190,28,True,False,False,False
20240709,2024-07-09,2024,3,2024-Q3,7,Julio,2024-07,9,1,Martes,191,28,True,False,False,False
20240710,2024-07-10,2024,3,2024-Q3,7,Julio,2024-07,10,2,Miércoles,192,28,True,False,False,False
20240711,2024-07-11,2024,3,2024-Q3,7,Julio,2024-07,11,3,Jueves,193,28,True,False,False,False
20240712,2024-07-12,2024,3,2024-Q3,7,Julio,2024-07,12,4,Viernes,194,28,True,False,False,False
20240713,2024-07-13,2024,3,2024-Q3,7,Julio,2024-07,13,5,Sábado,195,28,False,True,False,False
20240714,2024-07-14,2024,3,2024-Q3,7,Julio,2024-07,14,6,Domingo,196,28,False,True,False,False
20240715,2024-07-15,2024,3,2024-Q3,7,Julio,2024-07,15,0,Lunes,197,29,True,False,False,False
20240716,2024-07-16,2024,3,2024-Q3,7,Julio,2024-07,16,1,Martes,198,29,True,False,False,False
20240717,2024-07-17,2024,3,2024-Q3,7,Julio,2024-07,17,2,Miércoles,199,29,True,False,False,False
20240718,2024-07-18,2024,3,2024-Q3,7,Julio,2024-07,18,3,Jueves,200,29,True,False,False,False
20240719,2024-07-19,2024,3,2024-Q3,7,Julio,2024-07,19,4,Viernes,201,29,True,False,False,False
20240720,2024-07-20,2024,3,2024-Q3,7,Julio,2024-07,20,5,Sábado,202,29,False,True,False,False
20240721,2024-07-21,2024,3,2024-Q3,7,Julio,2024-07,21,6,Domingo,203,29,False,True,False,False
20240722,2024-07-22,2024,3,2024-Q3,7,Julio,2024-07,22,0,Lunes,204,30,True,False,False,False
20240723,2024-07-23,2024,3,2024-Q3,7,Julio,2024-07,23,1,Martes,205,30,True,False,False,False
20240724,2024-07-24,2024,3,2024-Q3,7,Julio,2024-07,24,2,Miércoles,206,30,True,False,False,False
20240725,2024-07-25,2024,3,2024-Q3,7,Julio,2024-07,25,3,Jueves,207,30,True,False,False,False
20240726,2024-07-26,2024,3,2024-Q3,7,Julio,2024-07,26,4,Viernes,208,30,True,False,False,False
20240727,2024-07-27,2024,3,2024-Q3,7,Julio,2024-07,27,5,Sábado,209,30,False,True,False,False
20240728,2024-07-28,2024,3,2024-Q3,7,Julio,2024-07,28,6,Domingo,210,30,False,True,False,False
20240729,2024-07-29,2024,3,2024-Q3,7,Julio,2024-07,29,0,Lunes,211,31,True,False,False,False
20240730,2024-07-30,2024,3,2024-Q3,7,Julio,2024-07,30,1,Martes,212,31,True,False,False,False
20240731,2024-07-31,2024,3,2024-Q3,7,Julio,2024-07,31,2,Miércoles,213,31,True,False,False,True
20240801,2024-08-01,2024,3,2024-Q3,8,Agosto,2024-08,1,3,Jueves,214,31,True,False,True,False
20240802,2024-08-02,2024,3,2024-Q3,8,Agosto,2024-08,2,4,Viernes,215,31,True,False,False,False
20240803,2024-08-03,2024,3,2024-Q3,8,Agosto,2024-08,3,5,Sábado,216,31,False,True,False,False
20240804,2024-08-04,2024,3,2024-Q3,8,Agosto,2024-08,4,6,Domingo,217,31,False,True,False,False
20240805,2024-08-05,2024,3,2024-Q3,8,Agosto,2024-08,5,0,Lunes,218,32,True,False,False,False
20240806,2024-08-06,2024,3,2024-Q3,8,Agosto,2024-08,6,1,Martes,219,32,True,False,False,False
20240807,2024-08-07,2024,3,2024-Q3,8,Agosto,2024-08,7,2,Miércoles,220,32,True,False,False,False
20240808,2024-08-08,2024,3,2024-Q3,8,Agosto,2024-08,8,3,Jueves,221,32,True,False,False,False
20240809,2024-08-09,2024,3,2024-Q3,8,Agosto,2024-08,9,4,Viernes,222,32,True,False,False,False
20240810,2024-08-10,2024,3,2024-Q3,8,Agosto,2024-08,10,5,Sábado,223,32,False,True,False,False
20240811,2024-08-11,2024,3,2024-Q3,8,Agosto,2024-08,11,6,Domingo,224,32,False,True,False,False
20240812,2024-08-12,2024,3,2024-Q3,8,Agosto,2024-08,12,0,Lunes,225,33,True,False,False,False
20240813,2024-08-13,2024,3,2024-Q3,8,Agosto,2024-08,13,1,Martes,226,33,True,False,False,False
20240814,2024-08-14,2024,3,2024-Q3,8,Agosto,2024-08,14,2,Miércoles,227,33,True,False,False,False
20240815,2024-08-15,2024,3,2024-Q3,8,Agosto,2024-08,15,3,Jueves,228,33,True,False,False,False
20240816,2024-08-16,2024,3,2024-Q3,8,Agosto,2024-08,16,4,Viernes,229,33,True,False,False,False
20240817,2024-08-17,2024,3,2024-Q3,8,Agosto,2024-08,17,5,Sábado,230,33,False,True,False,False
20240818,2024-08-18,2024,3,2024-Q3,8,Agosto,2024-08,18,6,Domingo,231,33,False,True,False,False
20240819,2024-08-19,2024,3,2024-Q3,8,Agosto,2024-08,19,0,Lunes,232,34,True,False,False,False
20240820,2024-08-20,2024,3,2024-Q3,8,Agosto,2024-08,20,1,Martes,233,34,True,False,False,False
20240821,2024-08-21,2024,3,2024-Q3,8,Agosto,2024-08,21,2,Miércoles,234,34,True,False,False,False
20240822,2024-08-22,2024,3,2024-Q3,8,Agosto,2024-08,22,3,Jueves,235,34,True,False,False,False
20240823,2024-08-23,2024,3,2024-Q3,8,Agosto,2024-08,23,4,Viernes,236,34,True,False,False,False
20240824,2024-08-24,2024,3,2024-Q3,8,Agosto,2024-08,24,5,Sábado,237,34,False,True,False,False
20240825,2024-08-25,2024,3,2024-Q3,8,Agosto,2024-08,25,6,Domingo,238,34,False,True,False,False
20240826,2024-08-26,2024,3,2024-Q3,8,Agosto,2024-08,26,0,Lunes,239,35,True,False,False,False
20240827,2024-08-27,2024,3,2024-Q3,8,Agosto,2024-08,27,1,Martes,240,35,True,False,False,False
20240828,2024-08-28,2024,3,2024-Q3,8,Agosto,2024-08,28,2,Miércoles,241,35,True,False,False,False
20240829,2024-08-29,2024,3,2024-Q3,8,Agosto,2024-08,29,3,Jueves,242,35,True,False,False,False
20240830,2024-08-30,2024,3,2024-Q3,8,Agosto,2024-08,30,4,Viernes,243,35,True,False,False,False
20240831,2024-08-31,2024,3,2024-Q3,8,Agosto,2024-08,31,5,Sábado,244,35,False,True,False,True
20240901,2024-09-01,2024,3,2024-Q3,9,Septiembre,2024-09,1,6,Domingo,245,35,False,True,True,False
20240902,2024-09-02,2024,3,2024-Q3,9,Septiembre,2024-09,2,0,Lunes,246,36,True,False,False,False
20240903,2024-09-03,2024,3,2024-Q3,9,Septiembre,2024-09,3,1,Martes,247,36,True,False,False,False
20240904,2024-09-04,2024,3,2024-Q3,9,Septiembre,2024-09,4,2,Miércoles,248,36,True,False,False,False
20240905,2024-09-05,2024,3,2024-Q3,9,Septiembre,2024-09,5,3,Jueves,249,36,True,False,False,False
20240906,2024-09-06,2024,3,2024-Q3,9,Septiembre,2024-09,6,4,Viernes,250,36,True,False,False,False
20240907,2024-09-07,2024,3,2024-Q3,9,Septiembre,2024-09,7,5,Sábado,251,36,False,True,False,False
20240908,2024-09-08,2024,3,2024-Q3,9,Septiembre,2024-09,8,6,Domingo,252,36,False,True,False,False
20240909,2024-09-09,2024,3,2024-Q3,9,Septiembre,2024-09,9,0,Lunes,253,37,True,False,False,False
20240910,2024-09-10,2024,3,2024-Q3,9,Septiembre,2024-09,10,1,Martes,254,37,True,False,False,False
20240911,2024-09-11,2024,3,2024-Q3,9,Septiembre,2024-09,11,2,Miércoles,255,37,True,False,False,False
20240912,2024-09-12,2024,3,2024-Q3,9,Septiembre,2024-09,12,3,Jueves,256,37,True,False,False,False
20240913,2024-09-13,2024,3,2024-Q3,9,Septiembre,2024-09,13,4,Viernes,257,37,True,False,False,False
20240914,2024-09-14,2024,3,2024-Q3,9,Septiembre,2024-09,14,5,Sábado,258,37,False,True,False,False
20240915,2024-09-15,2024,3,2024-Q3,9,Septiembre,2024-09,15,6,Domingo,259,37,False,True,False,False
20240916,2024-09-16,2024,3,2024-Q3,9,Septiembre,2024-09,16,0,Lunes,260,38,True,False,False,False
20240917,2024-09-17,2024,3,2024-Q3,9,Septiembre,2024-09,17,1,Martes,261,38,True,False,False,False
20240918,2024-09-18,2024,3,2024-Q3,9,Septiembre,2024-09,18,2,Miércoles,262,38,True,False,False,False
20240919,2024-09-19,2024,3,2024-Q3,9,Septiembre,2024-09,19,3,Jueves,263,38,True,False,False,False
20240920,2024-09-20,2024,3,2024-Q3,9,Septiembre,2024-09,20,4,Viernes,264,38,True,False,False,False
20240921,2024-09-21,2024,3,2024-Q3,9,Septiembre,2024-09,21,5,Sábado,265,38,False,True,False,False
20240922,2024-09-22,2024,3,2024-Q3,9,Septiembre,2024-09,22,6,Domingo,266,38,False,True,False,False
20240923,2024-09-23,2024,3,2024-Q3,9,Septiembre,2024-09,23,0,Lunes,267,39,True,False,False,False
20240924,2024-09-24,2024,3,2024-Q3,9,Septiembre,2024-09,24,1,Martes,268,39,True,False,False,False
20240925,2024-09-25,2024,3,2024-Q3,9,Septiembre,2024-09,25,2,Miércoles,269,39,True,False,False,False
20240926,2024-09-26,2024,3,2024-Q3,9,Septiembre,2024-09,26,3,Jueves,270,39,True,False,False,False
20240927,2024-09-27,2024,3,2024-Q3,9,Septiembre,2024-09,27,4,Viernes,271,39,True,False,False,False
20240928,2024-09-28,2024,3,2024-Q3,9,Septiembre,2024-09,28,5,Sábado,272,39,False,True,False,False
20240929,2024-09-29,2024,3,2024-Q3,9,Septiembre,2024-09,29,6,Domingo,273,39,False,True,False,False
20240930,2024-09-30,2024,3,2024-Q3,9,Septiembre,2024-09,30,0,Lunes,274,40,True,False,False,True
20241001,2024-10-01,2024,4,2024-Q4,10,Octubre,2024-10,1,1,Martes,275,40,True,False,True,False
20241002,2024-10-02,2024,4,2024-Q4,10,Octubre,2024-10,2,2,Miércoles,276,40,True,False,False,False
20241003,2024-10-03,2024,4,2024-Q4,10,Octubre,2024-10,3,3,Jueves,277,40,True,False,False,False
20241004,2024-10-04,2024,4,2024-Q4,10,Octubre,2024-10,4,4,Viernes,278,40,True,False,False,False
20241005,2024-10-05,2024,4,2024-Q4,10,Octubre,2024-10,5,5,Sábado,279,40,False,True,False,False
20241006,2024-10-06,2024,4,2024-Q4,10,Octubre,2024-10,6,6,Domingo,280,40,False,True,False,False
20241007,2024-10-07,2024,4,2024-Q4,10,Octubre,2024-10,7,0,Lunes,281,41,True,False,False,False
20241008,2024-10-08,2024,4,2024-Q4,10,Octubre,2024-10,8,1,Martes,282,41,True,False,False,False
20241009,2024-10-09,2024,4,2024-Q4,10,Octubre,2024-10,9,2,Miércoles,283,41,True,False,False,False
20241010,2024-10-10,2024,4,2024-Q4,10,Octubre,2024-10,10,3,Jueves,284,41,True,False,False,False
20241011,2024-10-11,2024,4,2024-Q4,10,Octubre,2024-10,11,4,Viernes,285,41,True,False,False,False
20241012,2024-10-12,2024,4,2024-Q4,10,Octubre,2024-10,12,5,Sábado,286,41,False,True,False,False
20241013,2024-10-13,2024,4,2024-Q4,10,Octubre,2024-10,13,6,Domingo,287,41,False,True,False,False
20241014,2024-10-14,2024,4,2024-Q4,10,Octubre,2024-10,14,0,Lunes,288,42,True,False,False,False
20241015,2024-10-15,2024,4,2024-Q4,10,Octubre,2024-10,15,1,Martes,289,42,True,False,False,False
20241016,2024-10-16,2024,4,2024-Q4,10,Octubre,2024-10,16,2,Miércoles,290,42,True,False,False,False
20241017,2024-10-17,2024,4,2024-Q4,10,Octubre,2024-10,17,3,Jueves,291,42,True,False,False,False
20241018,2024-10-18,2024,4,2024-Q4,10,Octubre,2024-10,18,4,Viernes,292,42,True,False,False,False
20241019,2024-10-19,2024,4,2024-Q4,10,Octubre,2024-10,19,5,Sábado,293,42,False,True,False,False
20241020,2024-10-20,2024,4,2024-Q4,10,Octubre,2024-10,20,6,Domingo,294,42,False,True,False,False
20241021,2024-10-21,2024,4,2024-Q4,10,Octubre,2024-10,21,0,Lunes,295,43,True,False,False,False
20241022,2024-10-22,2024,4,2024-Q4,10,Octubre,2024-10,22,1,Martes,296,43,True,False,False,False
20241023,2024-10-23,2024,4,2024-Q4,10,Octubre,2024-10,23,2,Miércoles,297,43,True,False,False,False
20241024,2024-10-24,2024,4,2024-Q4,10,Octubre,2024-10,24,3,Jueves,298,43,True,False,False,False
20241025,2024-10-25,2024,4,2024-Q4,10,Octubre,2024-10,25,4,Viernes,299,43,True,False,False,False
20241026,2024-10-26,2024,4,2024-Q4,10,Octubre,2024-10,26,5,Sábado,300,43,False,True,False,False
20241027,2024-10-27,2024,4,2024-Q4,10,Octubre,2024-10,27,6,Domingo,301,43,False,True,False,False
20241028,2024-10-28,2024,4,2024-Q4,10,Octubre,2024-10,28,0,Lunes,302,44,True,False,False,False
20241029,2024-10-29,2024,4,2024-Q4,10,Octubre,2024-10,29,1,Martes,303,44,True,False,False,False
20241030,2024-10-30,2024,4,2024-Q4,10,Octubre,2024-10,30,2,Miércoles,304,44,True,False,False,False
20241031,2024-10-31,2024,4,2024-Q4,10,Octubre,2024-10,31,3,Jueves,305,44,True,False,False,True
20241101,2024-11-01,2024,4,2024-Q4,11,Noviembre,2024-11,1,4,Viernes,306,44,True,False,True,False
20241102,2024-11-02,2024,4,2024-Q4,11,Noviembre,2024-11,2,5,Sábado,307,44,False,True,False,False
20241103,2024-11-03,2024,4,2024-Q4,11,Noviembre,2024-11,3,6,Domingo,308,44,False,True,False,False
20241104,2024-11-04,2024,4,2024-Q4,11,Noviembre,2024-11,4,0,Lunes,309,45,True,False,False,False
20241105,2024-11-05,2024,4,2024-Q4,11,Noviembre,2024-11,5,1,Martes,310,45,True,False,False,False
20241106,2024-11-06,2024,4,2024-Q4,11,Noviembre,2024-11,6,2,Miércoles,311,45,True,False,False,False
20241107,2024-11-07,2024,4,2024-Q4,11,Noviembre,2024-11,7,3,Jueves,312,45,True,False,False,False
20241108,2024-11-08,2024,4,2024-Q4,11,Noviembre,2024-11,8,4,Viernes,313,45,True,False,False,False
20241109,2024-11-09,2024,4,2024-Q4,11,Noviembre,2024-11,9,5,Sábado,314,45,False,True,False,False
20241110,2024-11-10,2024,4,2024-Q4,11,Noviembre,2024-11,10,6,Domingo,315,45,False,True,False,False
20241111,2024-11-11,2024,4,2024-Q4,11,Noviembre,2024-11,11,0,Lunes,316,46,True,False,False,False
20241112,2024-11-12,2024,4,2024-Q4,11,Noviembre,2024-11,12,1,Martes,317,46,True,False,False,False
20241113,2024-11-13,2024,4,2024-Q4,11,Noviembre,2024-11,13,2,Miércoles,318,46,True,False,False,False
20241114,2024-11-14,2024,4,2024-Q4,11,Noviembre,2024-11,14,3,Jueves,319,46,True,False,False,False
20241115,2024-11-15,2024,4,2024-Q4,11,Noviembre,2024-11,15,4,Viernes,320,46,True,False,False,False
20241116,2024-11-16,2024,4,2024-Q4,11,Noviembre,2024-11,16,5,Sábado,321,46,False,True,False,False
20241117,2024-11-17,2024,4,2024-Q4,11,Noviembre,2024-11,17,6,Domingo,322,46,False,True,False,False
20241118,2024-11-18,2024,4,2024-Q4,11,Noviembre,2024-11,18,0,Lunes,323,47,True,False,False,False
20241119,2024-11-19,2024,4,2024-Q4,11,Noviembre,2024-11,19,1,Martes,324,47,True,False,False,False
20241120,2024-11-20,2024,4,2024-Q4,11,Noviembre,2024-11,20,2,Miércoles,325,47,True,False,False,False
20241121,2024-11-21,2024,4,2024-Q4,11,Noviembre,2024-11,21,3,Jueves,326,47,True,False,False,False
20241122,2024-11-22,2024,4,2024-Q4,11,Noviembre,2024-11,22,4,Viernes,327,47,True,False,False,False
20241123,2024-11-23,2024,4,2024-Q4,11,Noviembre,2024-11,23,5,Sábado,328,47,False,True,False,False
20241124,2024-11-24,2024,4,2024-Q4,11,Noviembre,2024-11,24,6,Domingo,329,47,False,True,False,False
20241125,2024-11-25,2024,4,2024-Q4,11,Noviembre,2024-11,25,0,Lunes,330,48,True,False,False,False
20241126,2024-11-26,2024,4,2024-Q4,11,Noviembre,2024-11,26,1,Martes,331,48,True,False,False,False
20241127,2024-11-27,2024,4,2024-Q4,11,Noviembre,2024-11,27,2,Miércoles,332,48,True,False,False,False
20241128,2024-11-28,2024,4,2024-Q4,11,Noviembre,2024-11,28,3,Jueves,333,48,True,False,False,False
20241129,2024-11-29,2024,4,2024-Q4,11,Noviembre,2024-11,29,4,Viernes,334,48,True,False,False,False
20241130,2024-11-30,2024,4,2024-Q4,11,Noviembre,2024-11,30,5,Sábado,335,48,False,True,False,True
20241201,2024-12-01,2024,4,2024-Q4,12,Diciembre,2024-12,1,6,Domingo,336,48,False,True,True,False
20241202,2024-12-02,2024,4,2024-Q4,12,Diciembre,2024-12,2,0,Lunes,337,49,True,False,False,False
20241203,2024-12-03,2024,4,2024-Q4,12,Diciembre,2024-12,3,1,Martes,338,49,True,False,False,False
20241204,2024-12-04,2024,4,2024-Q4,12,Diciembre,2024-12,4,2,Miércoles,339,49,True,False,False,False
20241205,2024-12-05,2024,4,2024-Q4,12,Diciembre,2024-12,5,3,Jueves,340,49,True,False,False,False
20241206,2024-12-06,2024,4,2024-Q4,12,Diciembre,2024-12,6,4,Viernes,341,49,True,False,False,False
20241207,2024-12-07,2024,4,2024-Q4,12,Diciembre,2024-12,7,5,Sábado,342,49,False,True,False,False
20241208,2024-12-08,2024,4,2024-Q4,12,Diciembre,2024-12,8,6,Domingo,343,49,False,True,False,False
20241209,2024-12-09,2024,4,2024-Q4,12,Diciembre,2024-12,9,0,Lunes,344,50,True,False,False,False
20241210,2024-12-10,2024,4,2024-Q4,12,Diciembre,2024-12,10,1,Martes,345,50,True,False,False,False
20241211,2024-12-11,2024,4,2024-Q4,12,Diciembre,2024-12,11,2,Miércoles,346,50,True,False,False,False
20241212,2024-12-12,2024,4,2024-Q4,12,Diciembre,2024-12,12,3,Jueves,347,50,True,False,False,False
20241213,2024-12-13,2024,4,2024-Q4,12,Diciembre,2024-12,13,4,Viernes,348,50,True,False,False,False
20241214,2024-12-14,2024,4,2024-Q4,12,Diciembre,2024-12,14,5,Sábado,349,50,False,True,False,False
20241215,2024-12-15,2024,4,2024-Q4,12,Diciembre,2024-12,15,6,Domingo,350,50,False,True,False,False
20241216,2024-12-16,2024,4,2024-Q4,12,Diciembre,2024-12,16,0,Lunes,351,51,True,False,False,False
20241217,2024-12-17,2024,4,2024-Q4,12,Diciembre,2024-12,17,1,Martes,352,51,True,False,False,False
20241218,2024-12-18,2024,4,2024-Q4,12,Diciembre,2024-12,18,2,Miércoles,353,51,True,False,False,False
20241219,2024-12-19,2024,4,2024-Q4,12,Diciembre,2024-12,19,3,Jueves,354,51,True,False,False,False
20241220,2024-12-20,2024,4,2024-Q4,12,Diciembre,2024-12,20,4,Viernes,355,51,True,False,False,False
20241221,2024-12-21,2024,4,2024-Q4,12,Diciembre,2024-12,21,5,Sábado,356,51,False,True,False,False
20241222,2024-12-22,2024,4,2024-Q4,12,Diciembre,2024-12,22,6,Domingo,357,51,False,True,False,False
20241223,2024-12-23,2024,4,2024-Q4,12,Diciembre,2024-12,23,0,Lunes,358,52,True,False,False,False
20241224,2024-12-24,2024,4,2024-Q4,12,Diciembre,2024-12,24,1,Martes,359,52,True,False,False,False
20241225,2024-12-25,2024,4,2024-Q4,12,Diciembre,2024-12,25,2,Miércoles,360,52,True,False,False,False
20241226,2024-12-26,2024,4,2024-Q4,12,Diciembre,2024-12,26,3,Jueves,361,52,True,False,False,False
20241227,2024-12-27,2024,4,2024-Q4,12,Diciembre,2024-12,27,4,Viernes,362,52,True,False,False,False
20241228,2024-12-28,2024,4,2024-Q4,12,Diciembre,2024-12,28,5,Sábado,363,52,False,True,False,False
20241229,2024-12-29,2024,4,2024-Q4,12,Diciembre,2024-12,29,6,Domingo,364,52,False,True,False,False
20241230,2024-12-30,2024,4,2024-Q4,12,Diciembre,2024-12,30,0,Lunes,365,1,True,False,False,False
20241231,2024-12-31,2024,4,2024-Q4,12,Diciembre,2024-12,31,1,Martes,366,1,True,False,False,True
20250101,2025-01-01,2025,1,2025-Q1,1,Enero,2025-01,1,2,Miércoles,1,1,True,False,True,False
20250102,2025-01-02,2025,1,2025-Q1,1,Enero,2025-01,2,3,Jueves,2,1,True,False,False,False
20250103,2025-01-03,2025,1,2025-Q1,1,Enero,2025-01,3,4,Viernes,3,1,True,False,False,False
20250104,2025-01-04,2025,1,2025-Q1,1,Enero,2025-01,4,5,Sábado,4,1,False,True,False,False
20250105,2025-01-05,2025,1,2025-Q1,1,Enero,2025-01,5,6,Domingo,5,1,False,True,False,False
20250106,2025-01-06,2025,1,2025-Q1,1,Enero,2025-01,6,0,Lunes,6,2,True,False,False,False
20250107,2025-01-07,2025,1,2025-Q1,1,Enero,2025-01,7,1,Martes,7,2,True,False,False,False
20250108,2025-01-08,2025,1,2025-Q1,1,Enero,2025-01,8,2,Miércoles,8,2,True,False,False,False
20250109,2025-01-09,2025,1,2025-Q1,1,Enero,2025-01,9,3,Jueves,9,2,True,False,False,False
20250110,2025-01-10,2025,1,2025-Q1,1,Enero,2025-01,10,4,Viernes,10,2,True,False,False,False
20250111,2025-01-11,2025,1,2025-Q1,1,Enero,2025-01,11,5,Sábado,11,2,False,True,False,False
20250112,2025-01-12,2025,1,2025-Q1,1,Enero,2025-01,12,6,Domingo,12,2,False,True,False,False
20250113,2025-01-13,2025,1,2025-Q1,1,Enero,2025-01,13,0,Lunes,13,3,True,False,False,False
20250114,2025-01-14,2025,1,2025-Q1,1,Enero,2025-01,14,1,Martes,14,3,True,False,False,False
20250115,2025-01-15,2025,1,2025-Q1,1,Enero,2025-01,15,2,Miércoles,15,3,True,False,False,False
20250116,2025-01-16,2025,1,2025-Q1,1,Enero,2025-01,16,3,Jueves,16,3,True,False,False,False
20250117,2025-01-17,2025,1,2025-Q1,1,Enero,2025-01,17,4,Viernes,17,3,True,False,False,False
20250118,2025-01-18,2025,1,2025-Q1,1,Enero,2025-01,18,5,Sábado,18,3,False,True,False,False
20250119,2025-01-19,2025,1,2025-Q1,1,Enero,2025-01,19,6,Domingo,19,3,False,True,False,False
20250120,2025-01-20,2025,1,2025-Q1,1,Enero,2025-01,20,0,Lunes,20,4,True,False,False,False
20250121,2025-01-21,2025,1,2025-Q1,1,Enero,2025-01,21,1,Martes,21,4,True,False,False,False
20250122,2025-01-22,2025,1,2025-Q1,1,Enero,2025-01,22,2,Miércoles,22,4,True,False,False,False
20250123,2025-01-23,2025,1,2025-Q1,1,Enero,2025-01,23,3,Jueves,23,4,True,False,False,False
20250124,2025-01-24,2025,1,2025-Q1,1,Enero,2025-01,24,4,Viernes,24,4,True,False,False,False
20250125,2025-01-25,2025,1,2025-Q1,1,Enero,2025-01,25,5,Sábado,25,4,False,True,False,False
20250126,2025-01-26,2025,1,2025-Q1,1,Enero,2025-01,26,6,Domingo,26,4,False,True,False,False
20250127,2025-01-27,2025,1,2025-Q1,1,Enero,2025-01,27,0,Lunes,27,5,True,False,False,False
20250128,2025-01-28,2025,1,2025-Q1,1,Enero,2025-01,28,1,Martes,28,5,True,False,False,False
20250129,2025-01-29,2025,1,2025-Q1,1,Enero,2025-01,29,2,Miércoles,29,5,True,False,False,False
20250130,2025-01-30,2025,1,2025-Q1,1,Enero,2025-01,30,3,Jueves,30,5,True,False,False,False
20250131,2025-01-31,2025,1,2025-Q1,1,Enero,2025-01,31,4,Viernes,31,5,True,False,False,True
20250201,2025-02-01,2025,1,2025-Q1,2,Febrero,2025-02,1,5,Sábado,32,5,False,True,True,False
20250202,2025-02-02,2025,1,2025-Q1,2,Febrero,2025-02,2,6,Domingo,33,5,False,True,False,False
20250203,2025-02-03,2025,1,2025-Q1,2,Febrero,2025-02,3,0,Lunes,34,6,True,False,False,False
20250204,2025-02-04,2025,1,2025-Q1,2,Febrero,2025-02,4,1,Martes,35,6,True,False,False,False
20250205,2025-02-05,2025,1,2025-Q1,2,Febrero,2025-02,5,2,Miércoles,36,6,True,False,False,False
20250206,2025-02-06,2025,1,2025-Q1,2,Febrero,2025-02,6,3,Jueves,37,6,True,False,False,False
20250207,2025-02-07,2025,1,2025-Q1,2,Febrero,2025-02,7,4,Viernes,38,6,True,False,False,False
20250208,2025-02-08,2025,1,2025-Q1,2,Febrero,2025-02,8,5,Sábado,39,6,False,True,False,False
20250209,2025-02-09,2025,1,2025-Q1,2,Febrero,2025-02,9,6,Domingo,40,6,False,True,False,False
20250210,2025-02-10,2025,1,2025-Q1,2,Febrero,2025-02,10,0,Lunes,41,7,True,False,False,False
20250211,2025-02-11,2025,1,2025-Q1,2,Febrero,2025-02,11,1,Martes,42,7,True,False,False,False
20250212,2025-02-12,2025,1,2025-Q1,2,Febrero,2025-02,12,2,Miércoles,43,7,True,False,False,False
20250213,2025-02-13,2025,1,2025-Q1,2,Febrero,2025-02,13,3,Jueves,44,7,True,False,False,False
20250214,2025-02-14,2025,1,2025-Q1,2,Febrero,2025-02,14,4,Viernes,45,7,True,False,False,False
20250215,2025-02-15,2025,1,2025-Q1,2,Febrero,2025-02,15,5,Sábado,46,7,False,True,False,False
20250216,2025-02-16,2025,1,2025-Q1,2,Febrero,2025-02,16,6,Domingo,47,7,False,True,False,False
20250217,2025-02-17,2025,1,2025-Q1,2,Febrero,2025-02,17,0,Lunes,48,8,True,False,False,False
20250218,2025-02-18,2025,1,2025-Q1,2,Febrero,2025-02,18,1,Martes,49,8,True,False,False,False
20250219,2025-02-19,2025,1,2025-Q1,2,Febrero,2025-02,19,2,Miércoles,50,8,True,False,False,False
20250220,2025-02-20,2025,1,2025-Q1,2,Febrero,2025-02,20,3,Jueves,51,8,True,False,False,False
20250221,2025-02-21,2025,1,2025-Q1,2,Febrero,2025-02,21,4,Viernes,52,8,True,False,False,False
20250222,2025-02-22,2025,1,2025-Q1,2,Febrero,2025-02,22,5,Sábado,53,8,False,True,False,False
20250223,2025-02-23,2025,1,2025-Q1,2,Febrero,2025-02,23,6,Domingo,54,8,False,True,False,False
20250224,2025-02-24,2025,1,2025-Q1,2,Febrero,2025-02,24,0,Lunes,55,9,True,False,False,False
20250225,2025-02-25,2025,1,2025-Q1,2,Febrero,2025-02,25,1,Martes,56,9,True,False,False,False
20250226,2025-02-26,2025,1,2025-Q1,2,Febrero,2025-02,26,2,Miércoles,57,9,True,False,False,False
20250227,2025-02-27,2025,1,2025-Q1,2,Febrero,2025-02,27,3,Jueves,58,9,True,False,False,False
20250228,2025-02-28,2025,1,2025-Q1,2,Febrero,2025-02,28,4,Viernes,59,9,True,False,False,True
20250301,2025-03-01,2025,1,2025-Q1,3,Marzo,2025-03,1,5,Sábado,60,9,False,True,True,False
20250302,2025-03-02,2025,1,2025-Q1,3,Marzo,2025-03,2,6,Domingo,61,9,False,True,False,False
20250303,2025-03-03,2025,1,2025-Q1,3,Marzo,2025-03,3,0,Lunes,62,10,True,False,False,False
20250304,2025-03-04,2025,1,2025-Q1,3,Marzo,2025-03,4,1,Martes,63,10,True,False,False,False
20250305,2025-03-05,2025,1,2025-Q1,3,Marzo,2025-03,5,2,Miércoles,64,10,True,False,False,False
20250306,2025-03-06,2025,1,2025-Q1,3,Marzo,2025-03,6,3,Jueves,65,10,True,False,False,False
20250307,2025-03-07,2025,1,2025-Q1,3,Marzo,2025-03,7,4,Viernes,66,10,True,False,False,False
20250308,2025-03-08,2025,1,2025-Q1,3,Marzo,2025-03,8,5,Sábado,67,10,False,True,False,False
20250309,2025-03-09,2025,1,2025-Q1,3,Marzo,2025-03,9,6,Domingo,68,10,False,True,False,False
20250310,2025-03-10,2025,1,2025-Q1,3,Marzo,2025-03,10,0,Lunes,69,11,True,False,False,False
20250311,2025-03-11,2025,1,2025-Q1,3,Marzo,2025-03,11,1,Martes,70,11,True,False,False,False
20250312,2025-03-12,2025,1,2025-Q1,3,Marzo,2025-03,12,2,Miércoles,71,11,True,False,False,False
20250313,2025-03-13,2025,1,2025-Q1,3,Marzo,2025-03,13,3,Jueves,72,11,True,False,False,False
20250314,2025-03-14,2025,1,2025-Q1,3,Marzo,2025-03,14,4,Viernes,73,11,True,False,False,False
20250315,2025-03-15,2025,1,2025-Q1,3,Marzo,2025-03,15,5,Sábado,74,11,False,True,False,False
20250316,2025-03-16,2025,1,2025-Q1,3,Marzo,2025-03,16,6,Domingo,75,11,False,True,False,False
20250317,2025-03-17,2025,1,2025-Q1,3,Marzo,2025-03,17,0,Lunes,76,12,True,False,False,False
20250318,2025-03-18,2025,1,2025-Q1,3,Marzo,2025-03,18,1,Martes,77,12,True,False,False,False
20250319,2025-03-19,2025,1,2025-Q1,3,Marzo,2025-03,19,2,Miércoles,78,12,True,False,False,False
20250320,2025-03-20,2025,1,2025-Q1,3,Marzo,2025-03,20,3,Jueves,79,12,True,False,False,False
20250321,2025-03-21,2025,1,2025-Q1,3,Marzo,2025-03,21,4,Viernes,80,12,True,False,False,False
20250322,2025-03-22,2025,1,2025-Q1,3,Marzo,2025-03,22,5,Sábado,81,12,False,True,False,False
20250323,2025-03-23,2025,1,2025-Q1,3,Marzo,2025-03,23,6,Domingo,82,12,False,True,False,False
20250324,2025-03-24,2025,1,2025-Q1,3,Marzo,2025-03,24,0,Lunes,83,13,True,False,False,False
20250325,2025-03-25,2025,1,2025-Q1,3,Marzo,2025-03,25,1,Martes,84,13,True,False,False,False
20250326,2025-03-26,2025,1,2025-Q1,3,Marzo,2025-03,26,2,Miércoles,85,13,True,False,False,False
20250327,2025-03-27,2025,1,2025-Q1,3,Marzo,2025-03,27,3,Jueves,86,13,True,False,False,False
20250328,2025-03-28,2025,1,2025-Q1,3,Marzo,2025-03,28,4,Viernes,87,13,True,False,False,False
20250329,2025-03-29,2025,1,2025-Q1,3,Marzo,2025-03,29,5,Sábado,88,13,False,True,False,False
20250330,2025-03-30,2025,1,2025-Q1,3,Marzo,2025-03,30,6,Domingo,89,13,False,True,False,False
20250331,2025-03-31,2025,1,2025-Q1,3,Marzo,2025-03,31,0,Lunes,90,14,True,False,False,True
20250401,2025-04-01,2025,2,2025-Q2,4,Abril,2025-04,1,1,Martes,91,14,True,False,True,False
20250402,2025-04-02,2025,2,2025-Q2,4,Abril,2025-04,2,2,Miércoles,92,14,True,False,False,False
20250403,2025-04-03,2025,2,2025-Q2,4,Abril,2025-04,3,3,Jueves,93,14,True,False,False,False
20250404,2025-04-04,2025,2,2025-Q2,4,Abril,2025-04,4,4,Viernes,94,14,True,False,False,False
20250405,2025-04-05,2025,2,2025-Q2,4,Abril,2025-04,5,5,Sábado,95,14,False,True,False,False
20250406,2025-04-06,2025,2,2025-Q2,4,Abril,2025-04,6,6,Domingo,96,14,False,True,False,False
20250407,2025-04-07,2025,2,2025-Q2,4,Abril,2025-04,7,0,Lunes,97,15,True,False,False,False
20250408,2025-04-08,2025,2,2025-Q2,4,Abril,2025-04,8,1,Martes,98,15,True,False,False,False
20250409,2025-04-09,2025,2,2025-Q2,4,Abril,2025-04,9,2,Miércoles,99,15,True,False,False,False
20250410,2025-04-10,2025,2,2025-Q2,4,Abril,2025-04,10,3,Jueves,100,15,True,False,False,False
20250411,2025-04-11,2025,2,2025-Q2,4,Abril,2025-04,11,4,Viernes,101,15,True,False,False,False
20250412,2025-04-12,2025,2,2025-Q2,4,Abril,2025-04,12,5,Sábado,102,15,False,True,False,False
20250413,2025-04-13,2025,2,2025-Q2,4,Abril,2025-04,13,6,Domingo,103,15,False,True,False,False
20250414,2025-04-14,2025,2,2025-Q2,4,Abril,2025-04,14,0,Lunes,104,16,True,False,False,False
20250415,2025-04-15,2025,2,2025-Q2,4,Abril,2025-04,15,1,Martes,105,16,True,False,False,False
20250416,2025-04-16,2025,2,2025-Q2,4,Abril,2025-04,16,2,Miércoles,106,16,True,False,False,False
20250417,2025-04-17,2025,2,2025-Q2,4,Abril,2025-04,17,3,Jueves,107,16,True,False,False,False
20250418,2025-04-18,2025,2,2025-Q2,4,Abril,2025-04,18,4,Viernes,108,16,True,False,False,False
20250419,2025-04-19,2025,2,2025-Q2,4,Abril,2025-04,19,5,Sábado,109,16,False,True,False,False
20250420,2025-04-20,2025,2,2025-Q2,4,Abril,2025-04,20,6,Domingo,110,16,False,True,False,False
20250421,2025-04-21,2025,2,2025-Q2,4,Abril,2025-04,21,0,Lunes,111,17,True,False,False,False
20250422,2025-04-22,2025,2,2025-Q2,4,Abril,2025-04,22,1,Martes,112,17,True,False,False,False
20250423,2025-04-23,2025,2,2025-Q2,4,Abril,2025-04,23,2,Miércoles,113,17,True,False,False,False
20250424,2025-04-24,2025,2,2025-Q2,4,Abril,2025-04,24,3,Jueves,114,17,True,False,False,False
20250425,2025-04-25,2025,2,2025-Q2,4,Abril,2025-04,25,4,Viernes,115,17,True,False,False,False
20250426,2025-04-26,2025,2,2025-Q2,4,Abril,2025-04,26,5,Sábado,116,17,False,True,False,False
20250427,2025-04-27,2025,2,2025-Q2,4,Abril,2025-04,27,6,Domingo,117,17,False,True,False,False
20250428,2025-04-28,2025,2,2025-Q2,4,Abril,2025-04,28,0,Lunes,118,18,True,False,False,False
20250429,2025-04-29,2025,2,2025-Q2,4,Abril,2025-04,29,1,Martes,119,18,True,False,False,False
20250430,2025-04-30,2025,2,2025-Q2,4,Abril,2025-04,30,2,Miércoles,120,18,True,False,False,True
20250501,2025-05-01,2025,2,2025-Q2,5,Mayo,2025-05,1,3,Jueves,121,18,True,False,True,False
20250502,2025-05-02,2025,2,2025-Q2,5,Mayo,2025-05,2,4,Viernes,122,18,True,False,False,False
20250503,2025-05-03,2025,2,2025-Q2,5,Mayo,2025-05,3,5,Sábado,123,18,False,True,False,False
20250504,2025-05-04,2025,2,2025-Q2,5,Mayo,2025-05,4,6,Domingo,124,18,False,True,False,False
20250505,2025-05-05,2025,2,2025-Q2,5,Mayo,2025-05,5,0,Lunes,125,19,True,False,False,False
20250506,2025-05-06,2025,2,2025-Q2,5,Mayo,2025-05,6,1,Martes,126,19,True,False,False,False
20250507,2025-05-07,2025,2,2025-Q2,5,Mayo,2025-05,7,2,Miércoles,127,19,True,False,False,False
20250508,2025-05-08,2025,2,2025-Q2,5,Mayo,2025-05,8,3,Jueves,128,19,True,False,False,False
20250509,2025-05-09,2025,2,2025-Q2,5,Mayo,2025-05,9,4,Viernes,129,19,True,False,False,False
20250510,2025-05-10,2025,2,2025-Q2,5,Mayo,2025-05,10,5,Sábado,130,19,False,True,False,False
20250511,2025-05-11,2025,2,2025-Q2,5,Mayo,2025-05,11,6,Domingo,131,19,False,True,False,False
20250512,2025-05-12,2025,2,2025-Q2,5,Mayo,2025-05,12,0,Lunes,132,20,True,False,False,False
20250513,2025-05-13,2025,2,2025-Q2,5,Mayo,2025-05,13,1,Martes,133,20,True,False,False,False
20250514,2025-05-14,2025,2,2025-Q2,5,Mayo,2025-05,14,2,Miércoles,134,20,True,False,False,False
20250515,2025-05-15,2025,2,2025-Q2,5,Mayo,2025-05,15,3,Jueves,135,20,True,False,False,False
20250516,2025-05-16,2025,2,2025-Q2,5,Mayo,2025-05,16,4,Viernes,136,20,True,False,False,False
20250517,2025-05-17,2025,2,2025-Q2,5,Mayo,2025-05,17,5,Sábado,137,20,False,True,False,False
20250518,2025-05-18,2025,2,2025-Q2,5,Mayo,2025-05,18,6,Domingo,138,20,False,True,False,False
20250519,2025-05-19,2025,2,2025-Q2,5,Mayo,2025-05,19,0,Lunes,139,21,True,False,False,False
20250520,2025-05-20,2025,2,2025-Q2,5,Mayo,2025-05,20,1,Martes,140,21,True,False,False,False
20250521,2025-05-21,2025,2,2025-Q2,5,Mayo,2025-05,21,2,Miércoles,141,21,True,False,False,False
20250522,2025-05-22,2025,2,2025-Q2,5,Mayo,2025-05,22,3,Jueves,142,21,True,False,False,False
20250523,2025-05-23,2025,2,2025-Q2,5,Mayo,2025-05,23,4,Viernes,143,21,True,False,False,False
20250524,2025-05-24,2025,2,2025-Q2,5,Mayo,2025-05,24,5,Sábado,144,21,False,True,False,False
20250525,2025-05-25,2025,2,2025-Q2,5,Mayo,2025-05,25,6,Domingo,145,21,False,True,False,False
20250526,2025-05-26,2025,2,2025-Q2,5,Mayo,2025-05,26,0,Lunes,146,22,True,False,False,False
20250527,2025-05-27,2025,2,2025-Q2,5,Mayo,2025-05,27,1,Martes,147,22,True,False,False,False
20250528,2025-05-28,2025,2,2025-Q2,5,Mayo,2025-05,28,2,Miércoles,148,22,True,False,False,False
20250529,2025-05-29,2025,2,2025-Q2,5,Mayo,2025-05,29,3,Jueves,149,22,True,False,False,False
20250530,2025-05-30,2025,2,2025-Q2,5,Mayo,2025-05,30,4,Viernes,150,22,True,False,False,False
20250531,2025-05-31,2025,2,2025-Q2,5,Mayo,2025-05,31,5,Sábado,151,22,False,True,False,True
20250601,2025-06-01,2025,2,2025-Q2,6,Junio,2025-06,1,6,Domingo,152,22,False,True,True,False
20250602,2025-06-02,2025,2,2025-Q2,6,Junio,2025-06,2,0,Lunes,153,23,True,False,False,False
20250603,2025-06-03,2025,2,2025-Q2,6,Junio,2025-06,3,1,Martes,154,23,True,False,False,False
20250604,2025-06-04,2025,2,2025-Q2,6,Junio,2025-06,4,2,Miércoles,155,23,True,False,False,False
20250605,2025-06-05,2025,2,2025-Q2,6,Junio,2025-06,5,3,Jueves,156,23,True,False,False,False
20250606,2025-06-06,2025,2,2025-Q2,6,Junio,2025-06,6,4,Viernes,157,23,True,False,False,False
20250607,2025-06-07,2025,2,2025-Q2,6,Junio,2025-06,7,5,Sábado,158,23,False,True,False,False
20250608,2025-06-08,2025,2,2025-Q2,6,Junio,2025-06,8,6,Domingo,159,23,False,True,False,False
20250609,2025-06-09,2025,2,2025-Q2,6,Junio,2025-06,9,0,Lunes,160,24,True,False,False,False
20250610,2025-06-10,2025,2,2025-Q2,6,Junio,2025-06,10,1,Martes,161,24,True,False,False,False
20250611,2025-06-11,2025,2,2025-Q2,6,Junio,2025-06,11,2,Miércoles,162,24,True,False,False,False
20250612,2025-06-12,2025,2,2025-Q2,6,Junio,2025-06,12,3,Jueves,163,24,True,False,False,False
20250613,2025-06-13,2025,2,2025-Q2,6,Junio,2025-06,13,4,Viernes,164,24,True,False,False,False
20250614,2025-06-14,2025,2,2025-Q2,6,Junio,2025-06,14,5,Sábado,165,24,False,True,False,False
20250615,2025-06-15,2025,2,2025-Q2,6,Junio,2025-06,15,6,Domingo,166,24,False,True,False,False
20250616,2025-06-16,2025,2,2025-Q2,6,Junio,2025-06,16,0,Lunes,167,25,True,False,False,False
20250617,2025-06-17,2025,2,2025-Q2,6,Junio,2025-06,17,1,Martes,168,25,True,False,False,False
20250618,2025-06-18,2025,2,2025-Q2,6,Junio,2025-06,18,2,Miércoles,169,25,True,False,False,False
20250619,2025-06-19,2025,2,2025-Q2,6,Junio,2025-06,19,3,Jueves,170,25,True,False,False,False
20250620,2025-06-20,2025,2,2025-Q2,6,Junio,2025-06,20,4,Viernes,171,25,True,False,False,False
20250621,2025-06-21,2025,2,2025-Q2,6,Junio,2025-06,21,5,Sábado,172,25,False,True,False,False
20250622,2025-06-22,2025,2,2025-Q2,6,Junio,2025-06,22,6,Domingo,173,25,False,True,False,False
20250623,2025-06-23,2025,2,2025-Q2,6,Junio,2025-06,23,0,Lunes,174,26,True,False,False,False
20250624,2025-06-24,2025,2,2025-Q2,6,Junio,2025-06,24,1,Martes,175,26,True,False,False,False
20250625,2025-06-25,2025,2,2025-Q2,6,Junio,2025-06,25,2,Miércoles,176,26,True,False,False,False
20250626,2025-06-26,2025,2,2025-Q2,6,Junio,2025-06,26,3,Jueves,177,26,True,False,False,False
20250627,2025-06-27,2025,2,2025-Q2,6,Junio,2025-06,27,4,Viernes,178,26,True,False,False,False
20250628,2025-06-28,2025,2,2025-Q2,6,Junio,2025-06,28,5,Sábado,179,26,False,True,False,False
20250629,2025-06-29,2025,2,2025-Q2,6,Junio,2025-06,29,6,Domingo,180,26,False,True,False,False
20250630,2025-06-30,2025,2,2025-Q2,6,Junio,2025-06,30,0,Lunes,181,27,True,False,False,True
20250701,2025-07-01,2025,3,2025-Q3,7,Julio,2025-07,1,1,Martes,182,27,True,False,True,False
20250702,2025-07-02,2025,3,2025-Q3,7,Julio,2025-07,2,2,Miércoles,183,27,True,False,False,False
20250703,2025-07-03,2025,3,2025-Q3,7,Julio,2025-07,3,3,Jueves,184,27,True,False,False,False
20250704,2025-07-04,2025,3,2025-Q3,7,Julio,2025-07,4,4,Viernes,185,27,True,False,False,False
20250705,2025-07-05,2025,3,2025-Q3,7,Julio,2025-07,5,5,Sábado,186,27,False,True,False,False
20250706,2025-07-06,2025,3,2025-Q3,7,Julio,2025-07,6,6,Domingo,187,27,False,True,False,False
20250707,2025-07-07,2025,3,2025-Q3,7,Julio,2025-07,7,0,Lunes,188,28,True,False,False,False
20250708,2025-07-08,2025,3,2025-Q3,7,Julio,2025-07,8,1,Martes,189,28,True,False,False,False
20250709,2025-07-09,2025,3,2025-Q3,7,Julio,2025-07,9,2,Miércoles,190,28,True,False,False,False
20250710,2025-07-10,2025,3,2025-Q3,7,Julio,2025-07,10,3,Jueves,191,28,True,False,False,False
20250711,2025-07-11,2025,3,2025-Q3,7,Julio,2025-07,11,4,Viernes,192,28,True,False,False,False
20250712,2025-07-12,2025,3,2025-Q3,7,Julio,2025-07,12,5,Sábado,193,28,False,True,False,False
20250713,2025-07-13,2025,3,2025-Q3,7,Julio,2025-07,13,6,Domingo,194,28,False,True,False,False
20250714,2025-07-14,2025,3,2025-Q3,7,Julio,2025-07,14,0,Lunes,195,29,True,False,False,False
20250715,2025-07-15,2025,3,2025-Q3,7,Julio,2025-07,15,1,Martes,196,29,True,False,False,False
20250716,2025-07-16,2025,3,2025-Q3,7,Julio,2025-07,16,2,Miércoles,197,29,True,False,False,False
20250717,2025-07-17,2025,3,2025-Q3,7,Julio,2025-07,17,3,Jueves,198,29,True,False,False,False
20250718,2025-07-18,2025,3,2025-Q3,7,Julio,2025-07,18,4,Viernes,199,29,True,False,False,False
20250719,2025-07-19,2025,3,2025-Q3,7,Julio,2025-07,19,5,Sábado,200,29,False,True,False,False
20250720,2025-07-20,2025,3,2025-Q3,7,Julio,2025-07,20,6,Domingo,201,29,False,True,False,False
20250721,2025-07-21,2025,3,2025-Q3,7,Julio,2025-07,21,0,Lunes,202,30,True,False,False,False
20250722,2025-07-22,2025,3,2025-Q3,7,Julio,2025-07,22,1,Martes,203,30,True,False,False,False
20250723,2025-07-23,2025,3,2025-Q3,7,Julio,2025-07,23,2,Miércoles,204,30,True,False,False,False
20250724,2025-07-24,2025,3,2025-Q3,7,Julio,2025-07,24,3,Jueves,205,30,True,False,False,False
20250725,2025-07-25,2025,3,2025-Q3,7,Julio,2025-07,25,4,Viernes,206,30,True,False,False,False
20250726,2025-07-26,2025,3,2025-Q3,7,Julio,2025-07,26,5,Sábado,207,30,False,True,False,False
20250727,2025-07-27,2025,3,2025-Q3,7,Julio,2025-07,27,6,Domingo,208,30,False,True,False,False
20250728,2025-07-28,2025,3,2025-Q3,7,Julio,2025-07,28,0,Lunes,209,31,True,False,False,False
20250729,2025-07-29,2025,3,2025-Q3,7,Julio,2025-07,29,1,Martes,210,31,True,False,False,False
20250730,2025-07-30,2025,3,2025-Q3,7,Julio,2025-07,30,2,Miércoles,211,31,True,False,False,False
20250731,2025-07-31,2025,3,2025-Q3,7,Julio,2025-07,31,3,Jueves,212,31,True,False,False,True
20250801,2025-08-01,2025,3,2025-Q3,8,Agosto,2025-08,1,4,Viernes,213,31,True,False,True,False
20250802,2025-08-02,2025,3,2025-Q3,8,Agosto,2025-08,2,5,Sábado,214,31,False,True,False,False
20250803,2025-08-03,2025,3,2025-Q3,8,Agosto,2025-08,3,6,Domingo,215,31,False,True,False,False
20250804,2025-08-04,2025,3,2025-Q3,8,Agosto,2025-08,4,0,Lunes,216,32,True,False,False,False
20250805,2025-08-05,2025,3,2025-Q3,8,Agosto,2025-08,5,1,Martes,217,32,True,False,False,False
20250806,2025-08-06,2025,3,2025-Q3,8,Agosto,2025-08,6,2,Miércoles,218,32,True,False,False,False
20250807,2025-08-07,2025,3,2025-Q3,8,Agosto,2025-08,7,3,Jueves,219,32,True,False,False,False
20250808,2025-08-08,2025,3,2025-Q3,8,Agosto,2025-08,8,4,Viernes,220,32,True,False,False,False
20250809,2025-08-09,2025,3,2025-Q3,8,Agosto,2025-08,9,5,Sábado,221,32,False,True,False,False
20250810,2025-08-10,2025,3,2025-Q3,8,Agosto,2025-08,10,6,Domingo,222,32,False,True,False,False
20250811,2025-08-11,2025,3,2025-Q3,8,Agosto,2025-08,11,0,Lunes,223,33,True,False,False,False
20250812,2025-08-12,2025,3,2025-Q3,8,Agosto,2025-08,12,1,Martes,224,33,True,False,False,False
20250813,2025-08-13,2025,3,2025-Q3,8,Agosto,2025-08,13,2,Miércoles,225,33,True,False,False,False
20250814,2025-08-14,2025,3,2025-Q3,8,Agosto,2025-08,14,3,Jueves,226,33,True,False,False,False
20250815,2025-08-15,2025,3,2025-Q3,8,Agosto,2025-08,15,4,Viernes,227,33,True,False,False,False
20250816,2025-08-16,2025,3,2025-Q3,8,Agosto,2025-08,16,5,Sábado,228,33,False,True,False,False
20250817,2025-08-17,2025,3,2025-Q3,8,Agosto,2025-08,17,6,Domingo,229,33,False,True,False,False
20250818,2025-08-18,2025,3,2025-Q3,8,Agosto,2025-08,18,0,Lunes,230,34,True,False,False,False
20250819,2025-08-19,2025,3,2025-Q3,8,Agosto,2025-08,19,1,Martes,231,34,True,False,False,False
20250820,2025-08-20,2025,3,2025-Q3,8,Agosto,2025-08,20,2,Miércoles,232,34,True,False,False,False
20250821,2025-08-21,2025,3,2025-Q3,8,Agosto,2025-08,21,3,Jueves,233,34,True,False,False,False
20250822,2025-08-22,2025,3,2025-Q3,8,Agosto,2025-08,22,4,Viernes,234,34,True,False,False,False
20250823,2025-08-23,2025,3,2025-Q3,8,Agosto,2025-08,23,5,Sábado,235,34,False,True,False,False
20250824,2025-08-24,2025,3,2025-Q3,8,Agosto,2025-08,24,6,Domingo,236,34,False,True,False,False
20250825,2025-08-25,2025,3,2025-Q3,8,Agosto,2025-08,25,0,Lunes,237,35,True,False,False,False
20250826,2025-08-26,2025,3,2025-Q3,8,Agosto,2025-08,26,1,Martes,238,35,True,False,False,False
20250827,2025-08-27,2025,3,2025-Q3,8,Agosto,2025-08,27,2,Miércoles,239,35,True,False,False,False
20250828,2025-08-28,2025,3,2025-Q3,8,Agosto,2025-08,28,3,Jueves,240,35,True,False,False,False
20250829,2025-08-29,2025,3,2025-Q3,8,Agosto,2025-08,29,4,Viernes,241,35,True,False,False,False
20250830,2025-08-30,2025,3,2025-Q3,8,Agosto,2025-08,30,5,Sábado,242,35,False,True,False,False
20250831,2025-08-31,2025,3,2025-Q3,8,Agosto,2025-08,31,6,Domingo,243,35,False,True,False,True
20250901,2025-09-01,2025,3,2025-Q3,9,Septiembre,2025-09,1,0,Lunes,244,36,True,False,True,False
20250902,2025-09-02,2025,3,2025-Q3,9,Septiembre,2025-09,2,1,Martes,245,36,True,False,False,False
20250903,2025-09-03,2025,3,2025-Q3,9,Septiembre,2025-09,3,2,Miércoles,246,36,True,False,False,False
20250904,2025-09-04,2025,3,2025-Q3,9,Septiembre,2025-09,4,3,Jueves,247,36,True,False,False,False
20250905,2025-09-05,2025,3,2025-Q3,9,Septiembre,2025-09,5,4,Viernes,248,36,True,False,False,False
20250906,2025-09-06,2025,3,2025-Q3,9,Septiembre,2025-09,6,5,Sábado,249,36,False,True,False,False
20250907,2025-09-07,2025,3,2025-Q3,9,Septiembre,2025-09,7,6,Domingo,250,36,False,True,False,False
20250908,2025-09-08,2025,3,2025-Q3,9,Septiembre,2025-09,8,0,Lunes,251,37,True,False,False,False
20250909,2025-09-09,2025,3,2025-Q3,9,Septiembre,2025-09,9,1,Martes,252,37,True,False,False,False
20250910,2025-09-10,2025,3,2025-Q3,9,Septiembre,2025-09,10,2,Miércoles,253,37,True,False,False,False
20250911,2025-09-11,2025,3,2025-Q3,9,Septiembre,2025-09,11,3,Jueves,254,37,True,False,False,False
20250912,2025-09-12,2025,3,2025-Q3,9,Septiembre,2025-09,12,4,Viernes,255,37,True,False,False,False
20250913,2025-09-13,2025,3,2025-Q3,9,Septiembre,2025-09,13,5,Sábado,256,37,False,True,False,False
20250914,2025-09-14,2025,3,2025-Q3,9,Septiembre,2025-09,14,6,Domingo,257,37,False,True,False,False
20250915,2025-09-15,2025,3,2025-Q3,9,Septiembre,2025-09,15,0,Lunes,258,38,True,False,False,False
20250916,2025-09-16,2025,3,2025-Q3,9,Septiembre,2025-09,16,1,Martes,259,38,True,False,False,False
20250917,2025-09-17,2025,3,2025-Q3,9,Septiembre,2025-09,17,2,Miércoles,260,38,True,False,False,False
20250918,2025-09-18,2025,3,2025-Q3,9,Septiembre,2025-09,18,3,Jueves,261,38,True,False,False,False
20250919,2025-09-19,2025,3,2025-Q3,9,Septiembre,2025-09,19,4,Viernes,262,38,True,False,False,False
20250920,2025-09-20,2025,3,2025-Q3,9,Septiembre,2025-09,20,5,Sábado,263,38,False,True,False,False
20250921,2025-09-21,2025,3,2025-Q3,9,Septiembre,2025-09,21,6,Domingo,264,38,False,True,False,False
20250922,2025-09-22,2025,3,2025-Q3,9,Septiembre,2025-09,22,0,Lunes,265,39,True,False,False,False
20250923,2025-09-23,2025,3,2025-Q3,9,Septiembre,2025-09,23,1,Martes,266,39,True,False,False,False
20250924,2025-09-24,2025,3,2025-Q3,9,Septiembre,2025-09,24,2,Miércoles,267,39,True,False,False,False
20250925,2025-09-25,2025,3,2025-Q3,9,Septiembre,2025-09,25,3,Jueves,268,39,True,False,False,False
20250926,2025-09-26,2025,3,2025-Q3,9,Septiembre,2025-09,26,4,Viernes,269,39,True,False,False,False
20250927,2025-09-27,2025,3,2025-Q3,9,Septiembre,2025-09,27,5,Sábado,270,39,False,True,False,False
20250928,2025-09-28,2025,3,2025-Q3,9,Septiembre,2025-09,28,6,Domingo,271,39,False,True,False,False
20250929,2025-09-29,2025,3,2025-Q3,9,Septiembre,2025-09,29,0,Lunes,272,40,True,False,False,False
20250930,2025-09-30,2025,3,2025-Q3,9,Septiembre,2025-09,30,1,Martes,273,40,True,False,False,True
20251001,2025-10-01,2025,4,2025-Q4,10,Octubre,2025-10,1,2,Miércoles,274,40,True,False,True,False
20251002,2025-10-02,2025,4,2025-Q4,10,Octubre,2025-10,2,3,Jueves,275,40,True,False,False,False
20251003,2025-10-03,2025,4,2025-Q4,10,Octubre,2025-10,3,4,Viernes,276,40,True,False,False,False
20251004,2025-10-04,2025,4,2025-Q4,10,Octubre,2025-10,4,5,Sábado,277,40,False,True,False,False
20251005,2025-10-05,2025,4,2025-Q4,10,Octubre,2025-10,5,6,Domingo,278,40,False,True,False,False
20251006,2025-10-06,2025,4,2025-Q4,10,Octubre,2025-10,6,0,Lunes,279,41,True,False,False,False
20251007,2025-10-07,2025,4,2025-Q4,10,Octubre,2025-10,7,1,Martes,280,41,True,False,False,False
20251008,2025-10-08,2025,4,2025-Q4,10,Octubre,2025-10,8,2,Miércoles,281,41,True,False,False,False
20251009,2025-10-09,2025,4,2025-Q4,10,Octubre,2025-10,9,3,Jueves,282,41,True,False,False,False
20251010,2025-10-10,2025,4,2025-Q4,10,Octubre,2025-10,10,4,Viernes,283,41,True,False,False,False
20251011,2025-10-11,2025,4,2025-Q4,10,Octubre,2025-10,11,5,Sábado,284,41,False,True,False,False
20251012,2025-10-12,2025,4,2025-Q4,10,Octubre,2025-10,12,6,Domingo,285,41,False,True,False,False
20251013,2025-10-13,2025,4,2025-Q4,10,Octubre,2025-10,13,0,Lunes,286,42,True,False,False,False
20251014,2025-10-14,2025,4,2025-Q4,10,Octubre,2025-10,14,1,Martes,287,42,True,False,False,False
20251015,2025-10-15,2025,4,2025-Q4,10,Octubre,2025-10,15,2,Miércoles,288,42,True,False,False,False
20251016,2025-10-16,2025,4,2025-Q4,10,Octubre,2025-10,16,3,Jueves,289,42,True,False,False,False
20251017,2025-10-17,2025,4,2025-Q4,10,Octubre,2025-10,17,4,Viernes,290,42,True,False,False,False
20251018,2025-10-18,2025,4,2025-Q4,10,Octubre,2025-10,18,5,Sábado,291,42,False,True,False,False
20251019,2025-10-19,2025,4,2025-Q4,10,Octubre,2025-10,19,6,Domingo,292,42,False,True,False,False
20251020,2025-10-20,2025,4,2025-Q4,10,Octubre,2025-10,20,0,Lunes,293,43,True,False,False,False
20251021,2025-10-21,2025,4,2025-Q4,10,Octubre,2025-10,21,1,Martes,294,43,True,False,False,False
20251022,2025-10-22,2025,4,2025-Q4,10,Octubre,2025-10,22,2,Miércoles,295,43,True,False,False,False
20251023,2025-10-23,2025,4,2025-Q4,10,Octubre,2025-10,23,3,Jueves,296,43,True,False,False,False
20251024,2025-10-24,2025,4,2025-Q4,10,Octubre,2025-10,24,4,Viernes,297,43,True,False,False,False
20251025,2025-10-25,2025,4,2025-Q4,10,Octubre,2025-10,25,5,Sábado,298,43,False,True,False,False
20251026,2025-10-26,2025,4,2025-Q4,10,Octubre,2025-10,26,6,Domingo,299,43,False,True,False,False
20251027,2025-10-27,2025,4,2025-Q4,10,Octubre,2025-10,27,0,Lunes,300,44,True,False,False,False
20251028,2025-10-28,2025,4,2025-Q4,10,Octubre,2025-10,28,1,Martes,301,44,True,False,False,False
20251029,2025-10-29,2025,4,2025-Q4,10,Octubre,2025-10,29,2,Miércoles,302,44,True,False,False,False
20251030,2025-10-30,2025,4,2025-Q4,10,Octubre,2025-10,30,3,Jueves,303,44,True,False,False,False
20251031,2025-10-31,2025,4,2025-Q4,10,Octubre,2025-10,31,4,Viernes,304,44,True,False,False,True
20251101,2025-11-01,2025,4,2025-Q4,11,Noviembre,2025-11,1,5,Sábado,305,44,False,True,True,False
20251102,2025-11-02,2025,4,2025-Q4,11,Noviembre,2025-11,2,6,Domingo,306,44,False,True,False,False
20251103,2025-11-03,2025,4,2025-Q4,11,Noviembre,2025-11,3,0,Lunes,307,45,True,False,False,False
20251104,2025-11-04,2025,4,2025-Q4,11,Noviembre,2025-11,4,1,Martes,308,45,True,False,False,False
20251105,2025-11-05,2025,4,2025-Q4,11,Noviembre,2025-11,5,2,Miércoles,309,45,True,False,False,False
20251106,2025-11-06,2025,4,2025-Q4,11,Noviembre,2025-11,6,3,Jueves,310,45,True,False,False,False
20251107,2025-11-07,2025,4,2025-Q4,11,Noviembre,2025-11,7,4,Viernes,311,45,True,False,False,False
20251108,2025-11-08,2025,4,2025-Q4,11,Noviembre,2025-11,8,5,Sábado,312,45,False,True,False,False
20251109,2025-11-09,2025,4,2025-Q4,11,Noviembre,2025-11,9,6,Domingo,313,45,False,True,False,False
20251110,2025-11-10,2025,4,2025-Q4,11,Noviembre,2025-11,10,0,Lunes,314,46,True,False,False,False
20251111,2025-11-11,2025,4,2025-Q4,11,Noviembre,2025-11,11,1,Martes,315,46,True,False,False,False
20251112,2025-11-12,2025,4,2025-Q4,11,Noviembre,2025-11,12,2,Miércoles,316,46,True,False,False,False
20251113,2025-11-13,2025,4,2025-Q4,11,Noviembre,2025-11,13,3,Jueves,317,46,True,False,False,False
20251114,2025-11-14,2025,4,2025-Q4,11,Noviembre,2025-11,14,4,Viernes,318,46,True,False,False,False
20251115,2025-11-15,2025,4,2025-Q4,11,Noviembre,2025-11,15,5,Sábado,319,46,False,True,False,False
20251116,2025-11-16,2025,4,2025-Q4,11,Noviembre,2025-11,16,6,Domingo,320,46,False,True,False,False
20251117,2025-11-17,2025,4,2025-Q4,11,Noviembre,2025-11,17,0,Lunes,321,47,True,False,False,False
20251118,2025-11-18,2025,4,2025-Q4,11,Noviembre,2025-11,18,1,Martes,322,47,True,False,False,False
20251119,2025-11-19,2025,4,2025-Q4,11,Noviembre,2025-11,19,2,Miércoles,323,47,True,False,False,False
20251120,2025-11-20,2025,4,2025-Q4,11,Noviembre,2025-11,20,3,Jueves,324,47,True,False,False,False
20251121,2025-11-21,2025,4,2025-Q4,11,Noviembre,2025-11,21,4,Viernes,325,47,True,False,False,False
20251122,2025-11-22,2025,4,2025-Q4,11,Noviembre,2025-11,22,5,Sábado,326,47,False,True,False,False
20251123,2025-11-23,2025,4,2025-Q4,11,Noviembre,2025-11,23,6,Domingo,327,47,False,True,False,False
20251124,2025-11-24,2025,4,2025-Q4,11,Noviembre,2025-11,24,0,Lunes,328,48,True,False,False,False
20251125,2025-11-25,2025,4,2025-Q4,11,Noviembre,2025-11,25,1,Martes,329,48,True,False,False,False
20251126,2025-11-26,2025,4,2025-Q4,11,Noviembre,2025-11,26,2,Miércoles,330,48,True,False,False,False
20251127,2025-11-27,2025,4,2025-Q4,11,Noviembre,2025-11,27,3,Jueves,331,48,True,False,False,False
20251128,2025-11-28,2025,4,2025-Q4,11,Noviembre,2025-11,28,4,Viernes,332,48,True,False,False,False
20251129,2025-11-29,2025,4,2025-Q4,11,Noviembre,2025-11,29,5,Sábado,333,48,False,True,False,False
20251130,2025-11-30,2025,4,2025-Q4,11,Noviembre,2025-11,30,6,Domingo,334,48,False,True,False,True
20251201,2025-12-01,2025,4,2025-Q4,12,Diciembre,2025-12,1,0,Lunes,335,49,True,False,True,False
20251202,2025-12-02,2025,4,2025-Q4,12,Diciembre,2025-12,2,1,Martes,336,49,True,False,False,False
20251203,2025-12-03,2025,4,2025-Q4,12,Diciembre,2025-12,3,2,Miércoles,337,49,True,False,False,False
20251204,2025-12-04,2025,4,2025-Q4,12,Diciembre,2025-12,4,3,Jueves,338,49,True,False,False,False
20251205,2025-12-05,2025,4,2025-Q4,12,Diciembre,2025-12,5,4,Viernes,339,49,True,False,False,False
20251206,2025-12-06,2025,4,2025-Q4,12,Diciembre,2025-12,6,5,Sábado,340,49,False,True,False,False
20251207,2025-12-07,2025,4,2025-Q4,12,Diciembre,2025-12,7,6,Domingo,341,49,False,True,False,False
20251208,2025-12-08,2025,4,2025-Q4,12,Diciembre,2025-12,8,0,Lunes,342,50,True,False,False,False
20251209,2025-12-09,2025,4,2025-Q4,12,Diciembre,2025-12,9,1,Martes,343,50,True,False,False,False
20251210,2025-12-10,2025,4,2025-Q4,12,Diciembre,2025-12,10,2,Miércoles,344,50,True,False,False,False
20251211,2025-12-11,2025,4,2025-Q4,12,Diciembre,2025-12,11,3,Jueves,345,50,True,False,False,False
20251212,2025-12-12,2025,4,2025-Q4,12,Diciembre,2025-12,12,4,Viernes,346,50,True,False,False,False
20251213,2025-12-13,2025,4,2025-Q4,12,Diciembre,2025-12,13,5,Sábado,347,50,False,True,False,False
20251214,2025-12-14,2025,4,2025-Q4,12,Diciembre,2025-12,14,6,Domingo,348,50,False,True,False,False
20251215,2025-12-15,2025,4,2025-Q4,12,Diciembre,2025-12,15,0,Lunes,349,51,True,False,False,False
20251216,2025-12-16,2025,4,2025-Q4,12,Diciembre,2025-12,16,1,Martes,350,51,True,False,False,False
20251217,2025-12-17,2025,4,2025-Q4,12,Diciembre,2025-12,17,2,Miércoles,351,51,True,False,False,False
20251218,2025-12-18,2025,4,2025-Q4,12,Diciembre,2025-12,18,3,Jueves,352,51,True,False,False,False
20251219,2025-12-19,2025,4,2025-Q4,12,Diciembre,2025-12,19,4,Viernes,353,51,True,False,False,False
20251220,2025-12-20,2025,4,2025-Q4,12,Diciembre,2025-12,20,5,Sábado,354,51,False,True,False,False
20251221,2025-12-21,2025,4,2025-Q4,12,Diciembre,2025-12,21,6,Domingo,355,51,False,True,False,False
20251222,2025-12-22,2025,4,2025-Q4,12,Diciembre,2025-12,22,0,Lunes,356,52,True,False,False,False
20251223,2025-12-23,2025,4,2025-Q4,12,Diciembre,2025-12,23,1,Martes,357,52,True,False,False,False
20251224,2025-12-24,2025,4,2025-Q4,12,Diciembre,2025-12,24,2,Miércoles,358,52,True,False,False,False
20251225,2025-12-25,2025,4,2025-Q4,12,Diciembre,2025-12,25,3,Jueves,359,52,True,False,False,False
20251226,2025-12-26,2025,4,2025-Q4,12,Diciembre,2025-12,26,4,Viernes,360,52,True,False,False,False
20251227,2025-12-27,2025,4,2025-Q4,12,Diciembre,2025-12,27,5,Sábado,361,52,False,True,False,False
20251228,2025-12-28,2025,4,2025-Q4,12,Diciembre,2025-12,28,6,Domingo,362,52,False,True,False,False
20251229,2025-12-29,2025,4,2025-Q4,12,Diciembre,2025-12,29,0,Lunes,363,1,True,False,False,False
20251230,2025-12-30,2025,4,2025-Q4,12,Diciembre,2025-12,30,1,Martes,364,1,True,False,False,False
20251231,2025-12-31,2025,4,2025-Q4,12,Diciembre,2025-12,31,2,Miércoles,365,1,True,False,False,True
