order_id,customer_id,channel_id,store_id,billing_address_id,shipping_address_id,status,currency_code,subtotal,tax_amount,shipping_fee,total_amount,order_date_key
1000000000,356,1,,2910.0,1595,FULFILLED,ARS,51600.0,10836.0,1200.0,63636.0,20241126
1000000001,601,1,,3803.0,3534,CREATED,ARS,63840.0,13406.4,900.0,78146.4,20240131
1000000002,1234,1,,1126.0,4063,FULFILLED,ARS,25260.0,5304.6,1500.0,32064.6,20250226
1000000003,156,1,,3665.0,1507,FULFILLED,ARS,25500.0,5355.0,0.0,30855.0,20250301
1000000004,616,2,4.0,1293.0,4,FULFILLED,ARS,44175.0,9276.75,0.0,53451.75,20240330
1000000005,614,2,2.0,1723.0,2,FULFILLED,ARS,24000.0,5040.0,0.0,29040.0,20240312
1000000006,188,1,,1432.0,2148,REFUNDED,ARS,14250.0,2992.5,1200.0,18442.5,20250715
1000000007,17,1,,,3577,FULFILLED,ARS,13500.0,2835.0,1200.0,17535.0,20241111
1000000008,1148,1,,2018.0,1490,FULFILLED,ARS,89100.0,18711.0,1200.0,109011.0,20240825
1000000009,1037,1,,1097.0,1974,PAID,ARS,12825.0,2693.25,1200.0,16718.25,20240330
1000000010,1336,2,1.0,,1,REFUNDED,ARS,14700.0,3087.0,0.0,17787.0,20240313
1000000011,1239,2,4.0,2159.0,4,FULFILLED,ARS,34140.0,7169.4,0.0,41309.4,20250617
1000000012,1426,2,3.0,3389.0,3,FULFILLED,ARS,35280.0,7408.8,0.0,42688.8,20240809
1000000013,862,2,1.0,1342.0,1,PAID,ARS,101887.5,21396.38,0.0,123283.88,20250323
1000000014,181,1,,2238.0,3917,PAID,ARS,11760.0,2469.6,900.0,15129.6,20250818
1000000015,700,1,,3268.0,1803,CANCELLED,ARS,23520.0,4939.2,1200.0,29659.2,20240915
1000000016,475,1,,1585.0,3558,FULFILLED,ARS,22680.0,4762.8,1200.0,28642.8,20250827
1000000017,753,2,2.0,3052.0,2,FULFILLED,ARS,66870.0,14042.7,0.0,80912.7,20250219
1000000018,1151,1,,2712.0,2691,CANCELLED,ARS,81990.0,17217.9,900.0,100107.9,20240714
1000000019,793,1,,2523.0,3612,FULFILLED,ARS,37044.0,7779.24,1200.0,46023.24,20250421
1000000020,866,1,,3933.0,3374,FULFILLED,ARS,49500.0,10395.0,0.0,59895.0,20240506
1000000021,1110,1,,3246.0,2545,FULFILLED,ARS,23520.0,4939.2,1200.0,29659.2,20250923
1000000022,854,2,1.0,2462.0,1,REFUNDED,ARS,24000.0,5040.0,0.0,29040.0,20240331
1000000023,379,2,3.0,3098.0,3,FULFILLED,ARS,68400.0,14364.0,0.0,82764.0,20250705
1000000024,441,2,2.0,1528.0,2,FULFILLED,ARS,11760.0,2469.6,0.0,14229.6,20250302
1000000025,125,1,,2981.0,1512,FULFILLED,ARS,70087.5,14718.38,1200.0,86005.88,20250826
1000000026,1201,1,,4164.0,1297,FULFILLED,ARS,13500.0,2835.0,1200.0,17535.0,20241212
1000000027,1055,1,,3321.0,2858,FULFILLED,ARS,22800.0,4788.0,900.0,28488.0,20241202
1000000028,382,1,,1338.0,2419,FULFILLED,ARS,12000.0,2520.0,0.0,14520.0,20240517
1000000029,1456,1,,1410.0,2421,FULFILLED,ARS,64740.0,13595.4,900.0,79235.4,20250914
1000000030,1377,2,4.0,3581.0,4,PAID,ARS,34200.0,7182.0,0.0,41382.0,20250609
1000000031,1375,2,4.0,1924.0,4,PAID,ARS,23520.0,4939.2,0.0,28459.2,20250510
1000000032,821,1,,3181.0,1920,FULFILLED,ARS,27000.0,5670.0,1200.0,33870.0,20250315
1000000033,1475,2,4.0,3312.0,4,FULFILLED,ARS,14700.0,3087.0,0.0,17787.0,20240608
1000000034,634,2,2.0,2156.0,2,FULFILLED,ARS,85387.5,17931.38,0.0,103318.88,20241117
1000000035,585,2,1.0,3436.0,1,FULFILLED,ARS,21600.0,4536.0,0.0,26136.0,20240112
1000000036,180,1,,4138.0,2859,FULFILLED,ARS,49800.0,10458.0,900.0,61158.0,20240924
1000000037,482,1,,2544.0,3321,FULFILLED,ARS,24696.0,5186.16,1200.0,31082.16,20240126
1000000038,620,2,1.0,1303.0,1,FULFILLED,ARS,11760.0,2469.6,0.0,14229.6,20240202
1000000039,603,2,1.0,4130.0,1,FULFILLED,ARS,59160.0,12423.6,0.0,71583.6,20240523
1000000040,1028,1,,3284.0,2145,CANCELLED,ARS,11400.0,2394.0,1200.0,14994.0,20240304
1000000041,1005,2,3.0,,3,FULFILLED,ARS,24510.0,5147.1,0.0,29657.1,20240114
1000000042,790,1,,1738.0,1029,FULFILLED,ARS,10260.0,2154.6,1500.0,13914.6,20240927
1000000043,665,1,,3226.0,3039,PAID,ARS,39600.0,8316.0,900.0,48816.0,20240521
1000000044,562,1,,,2131,FULFILLED,ARS,73500.0,15435.0,1500.0,90435.0,20250902
1000000045,998,1,,3026.0,2980,FULFILLED,ARS,36000.0,7560.0,900.0,44460.0,20240201
1000000046,276,1,,,1489,FULFILLED,ARS,33000.0,6930.0,0.0,39930.0,20240112
1000000047,1469,2,2.0,,2,FULFILLED,ARS,10800.0,2268.0,0.0,13068.0,20240308
1000000048,408,2,2.0,3365.0,2,CREATED,ARS,23520.0,4939.2,0.0,28459.2,20240913
1000000049,1360,2,2.0,1174.0,2,FULFILLED,ARS,40500.0,8505.0,0.0,49005.0,20240811
1000000050,1423,1,,2103.0,1661,FULFILLED,ARS,28500.0,5985.0,1200.0,35685.0,20240725
1000000051,741,1,,2340.0,2863,FULFILLED,ARS,30870.0,6482.7,900.0,38252.7,20240915
1000000052,969,1,,,2608,FULFILLED,ARS,70560.0,14817.6,0.0,85377.6,20241104
1000000053,729,1,,3595.0,1454,CANCELLED,ARS,27000.0,5670.0,900.0,33570.0,20240810
1000000054,251,2,4.0,3465.0,4,PAID,ARS,12348.0,2593.08,0.0,14941.08,20240316
1000000055,1087,2,1.0,3305.0,1,PAID,ARS,42750.0,8977.5,0.0,51727.5,20250723
1000000056,659,1,,3446.0,2887,FULFILLED,ARS,71025.0,14915.25,1200.0,87140.25,20250412
1000000057,338,2,4.0,1626.0,4,FULFILLED,ARS,28425.0,5969.25,0.0,34394.25,20250221
1000000058,1068,1,,3.0,3071,CANCELLED,ARS,43350.0,9103.5,1500.0,53953.5,20240921
1000000059,958,1,,2973.0,3535,FULFILLED,ARS,64200.0,13482.0,0.0,77682.0,20240701
1000000060,428,2,4.0,1333.0,4,CANCELLED,ARS,29160.0,6123.6,0.0,35283.6,20240225
1000000061,1337,1,,1294.0,1084,FULFILLED,ARS,12000.0,2520.0,1200.0,15720.0,20250301
1000000062,1442,2,3.0,1692.0,3,FULFILLED,ARS,45000.0,9450.0,0.0,54450.0,20241223
1000000063,939,1,,4168.0,1406,FULFILLED,ARS,37044.0,7779.24,1500.0,46323.24,20240530
1000000064,1409,1,,4171.0,1307,FULFILLED,ARS,14850.0,3118.5,1200.0,19168.5,20250304
1000000065,1062,1,,3633.0,2399,FULFILLED,ARS,35280.0,7408.8,1200.0,43888.8,20240917
1000000066,988,1,,2187.0,1134,CANCELLED,ARS,35280.0,7408.8,1200.0,43888.8,20240126
1000000067,778,1,,2598.0,2248,REFUNDED,ARS,14700.0,3087.0,900.0,18687.0,20250411
1000000068,77,1,,2743.0,1620,PAID,ARS,84435.0,17731.35,0.0,102166.35,20241201
1000000069,700,1,,2468.0,1476,FULFILLED,ARS,44100.0,9261.0,0.0,53361.0,20240612
1000000070,425,1,,3743.0,1428,PAID,ARS,12000.0,2520.0,900.0,15420.0,20250725
1000000071,1271,2,3.0,2518.0,3,FULFILLED,ARS,11760.0,2469.6,0.0,14229.6,20240722
1000000072,1129,1,,3121.0,3536,PAID,ARS,12825.0,2693.25,1500.0,17018.25,20240202
1000000073,1224,1,,1481.0,2119,PAID,ARS,15435.0,3241.35,900.0,19576.35,20241207
1000000074,446,1,,4068.0,3064,FULFILLED,ARS,56340.0,11831.4,900.0,69071.4,20241214
1000000075,867,1,,2940.0,3681,FULFILLED,ARS,29400.0,6174.0,900.0,36474.0,20250322
1000000076,127,1,,1419.0,4185,FULFILLED,ARS,23520.0,4939.2,1200.0,29659.2,20240301
1000000077,874,2,1.0,1204.0,1,PAID,ARS,23520.0,4939.2,0.0,28459.2,20241204
1000000078,814,1,,1370.0,3363,FULFILLED,ARS,40650.0,8536.5,0.0,49186.5,20250109
1000000079,1189,1,,3302.0,1836,PAID,ARS,32400.0,6804.0,1200.0,40404.0,20250916
1000000080,584,1,,3166.0,1065,FULFILLED,ARS,14700.0,3087.0,900.0,18687.0,20241111
1000000081,1433,1,,3156.0,1949,FULFILLED,ARS,52800.0,11088.0,900.0,64788.0,20250202
1000000082,670,1,,3087.0,4099,FULFILLED,ARS,34200.0,7182.0,1200.0,42582.0,20250921
1000000083,464,1,,3865.0,1838,REFUNDED,ARS,38100.0,8001.0,1200.0,47301.0,20240210
1000000084,535,1,,,1149,PAID,ARS,15000.0,3150.0,900.0,19050.0,20241125
1000000085,655,1,,3535.0,3181,FULFILLED,ARS,12348.0,2593.08,1500.0,16441.08,20250301
1000000086,833,1,,1851.0,3247,FULFILLED,ARS,10800.0,2268.0,1200.0,14268.0,20250818
1000000087,490,1,,2315.0,2445,CANCELLED,ARS,11400.0,2394.0,1200.0,14994.0,20241213
1000000088,360,1,,1100.0,2456,FULFILLED,ARS,56400.0,11844.0,900.0,69144.0,20240203
1000000089,1227,1,,3142.0,2172,FULFILLED,ARS,14250.0,2992.5,1200.0,18442.5,20250618
1000000090,624,1,,3886.0,1034,FULFILLED,ARS,36825.0,7733.25,900.0,45458.25,20240127
1000000091,228,1,,2739.0,3298,FULFILLED,ARS,91192.5,19150.42,0.0,110342.92,20240217
1000000092,770,1,,1526.0,1772,FULFILLED,ARS,30000.0,6300.0,900.0,37200.0,20240613
1000000093,54,2,2.0,3325.0,2,FULFILLED,ARS,84675.0,17781.75,0.0,102456.75,20241114
1000000094,1006,2,4.0,3233.0,4,PAID,ARS,74700.0,15687.0,0.0,90387.0,20241227
1000000095,247,1,,2232.0,2291,FULFILLED,ARS,48510.0,10187.1,1200.0,59897.1,20250925
1000000096,1127,2,3.0,2315.0,3,FULFILLED,ARS,35280.0,7408.8,0.0,42688.8,20250523
1000000097,757,2,2.0,3449.0,2,FULFILLED,ARS,15435.0,3241.35,0.0,18676.35,20240612
1000000098,520,1,,4131.0,3443,FULFILLED,ARS,35910.0,7541.1,900.0,44351.1,20250116
1000000099,258,1,,2511.0,1224,FULFILLED,ARS,12000.0,2520.0,0.0,14520.0,20240227
1000000100,467,1,,2632.0,2885,CANCELLED,ARS,23148.0,4861.08,900.0,28909.08,20240730
1000000101,3,1,,3636.0,1219,PAID,ARS,36000.0,7560.0,900.0,44460.0,20240330
1000000102,334,1,,3616.0,3863,FULFILLED,ARS,35280.0,7408.8,1200.0,43888.8,20241119
1000000103,802,2,3.0,1549.0,3,CREATED,ARS,30780.0,6463.8,0.0,37243.8,20240325
1000000104,999,1,,1251.0,4048,REFUNDED,ARS,30000.0,6300.0,1200.0,37500.0,20240323
1000000105,176,1,,1458.0,3440,FULFILLED,ARS,21600.0,4536.0,1200.0,27336.0,20240512
1000000106,801,1,,1603.0,3956,FULFILLED,ARS,15000.0,3150.0,900.0,19050.0,20250208
1000000107,1113,1,,1747.0,2943,FULFILLED,ARS,34020.0,7144.2,900.0,42064.2,20240522
1000000108,810,2,4.0,,4,FULFILLED,ARS,46305.0,9724.05,0.0,56029.05,20250704
1000000109,581,2,4.0,1700.0,4,FULFILLED,ARS,33000.0,6930.0,0.0,39930.0,20240422
1000000110,1284,2,2.0,4022.0,2,CANCELLED,ARS,68070.0,14294.7,0.0,82364.7,20250604
1000000111,1333,1,,3898.0,2876,FULFILLED,ARS,15435.0,3241.35,1200.0,19876.35,20241220
1000000112,24,2,2.0,1802.0,2,PAID,ARS,76770.0,16121.7,0.0,92891.7,20250228
1000000113,1222,2,1.0,2891.0,1,CANCELLED,ARS,12936.0,2716.56,0.0,15652.56,20240121
1000000114,63,2,1.0,3176.0,1,PAID,ARS,9720.0,2041.2,0.0,11761.2,20240917
1000000115,1078,1,,3860.0,3,REFUNDED,ARS,21600.0,4536.0,1500.0,27636.0,20240219
1000000116,1091,1,,3783.0,3609,FULFILLED,ARS,39600.0,8316.0,1200.0,49116.0,20240701
1000000117,524,1,,4169.0,2254,FULFILLED,ARS,24000.0,5040.0,1200.0,30240.0,20250119
1000000118,1229,1,,2454.0,3390,FULFILLED,ARS,38808.0,8149.68,900.0,47857.68,20250816
1000000119,458,2,4.0,3841.0,4,FULFILLED,ARS,14700.0,3087.0,0.0,17787.0,20250716
1000000120,68,1,,2462.0,2653,FULFILLED,ARS,11760.0,2469.6,0.0,14229.6,20240418
1000000121,959,2,4.0,3702.0,4,FULFILLED,ARS,37620.0,7900.2,0.0,45520.2,20241220
1000000122,356,2,1.0,4163.0,1,FULFILLED,ARS,36000.0,7560.0,0.0,43560.0,20250830
1000000123,530,1,,2280.0,1001,CANCELLED,ARS,14700.0,3087.0,1200.0,18987.0,20250624
1000000124,1420,1,,2264.0,4004,FULFILLED,ARS,54684.0,11483.64,1200.0,67367.64,20240206
1000000125,279,2,3.0,1950.0,3,FULFILLED,ARS,51300.0,10773.0,0.0,62073.0,20240709
1000000126,779,2,3.0,1202.0,3,FULFILLED,ARS,15000.0,3150.0,0.0,18150.0,20240612
1000000127,1383,1,,4137.0,3113,FULFILLED,ARS,56850.0,11938.5,1200.0,69988.5,20240228
1000000128,1189,1,,1881.0,2352,CANCELLED,ARS,82620.0,17350.2,1500.0,101470.2,20250420
1000000129,1016,1,,2991.0,4036,FULFILLED,ARS,62280.0,13078.8,1500.0,76858.8,20250917
1000000130,595,2,3.0,1160.0,3,PAID,ARS,12150.0,2551.5,0.0,14701.5,20250521
1000000131,902,2,4.0,3016.0,4,FULFILLED,ARS,39600.0,8316.0,0.0,47916.0,20240125
1000000132,317,1,,3597.0,3542,FULFILLED,ARS,26460.0,5556.6,1200.0,33216.6,20240726
1000000133,1229,2,2.0,,2,FULFILLED,ARS,15000.0,3150.0,0.0,18150.0,20240614
1000000134,279,2,3.0,1059.0,3,FULFILLED,ARS,62280.0,13078.8,0.0,75358.8,20240106
1000000135,1498,2,4.0,3605.0,4,PAID,ARS,33000.0,6930.0,0.0,39930.0,20240530
1000000136,140,1,,3022.0,2769,FULFILLED,ARS,28500.0,5985.0,0.0,34485.0,20250120
1000000137,1115,1,,1458.0,3541,PAID,ARS,11760.0,2469.6,0.0,14229.6,20241115
1000000138,1240,1,,2473.0,2700,PAID,ARS,34200.0,7182.0,1500.0,42882.0,20240103
1000000139,590,1,,2324.0,2032,FULFILLED,ARS,13500.0,2835.0,1200.0,17535.0,20240406
1000000140,645,2,3.0,2874.0,3,FULFILLED,ARS,13230.0,2778.3,0.0,16008.3,20250217
1000000141,545,2,1.0,3473.0,1,REFUNDED,ARS,11880.0,2494.8,0.0,14374.8,20241130
1000000142,1208,1,,4060.0,2951,REFUNDED,ARS,50706.0,10648.26,1500.0,62854.26,20250625
1000000143,551,2,1.0,2109.0,1,FULFILLED,ARS,66600.0,13986.0,0.0,80586.0,20240606
1000000144,569,2,1.0,1210.0,1,CANCELLED,ARS,29700.0,6237.0,0.0,35937.0,20240209
1000000145,1305,1,,,4174,FULFILLED,ARS,30000.0,6300.0,1500.0,37800.0,20250719
1000000146,280,1,,1190.0,3727,FULFILLED,ARS,82687.5,17364.38,900.0,100951.88,20240505
1000000147,1338,1,,,2468,FULFILLED,ARS,59340.0,12461.4,900.0,72701.4,20241207
1000000148,84,1,,1588.0,3443,FULFILLED,ARS,35280.0,7408.8,1200.0,43888.8,20250621
1000000149,655,1,,1077.0,2113,FULFILLED,ARS,13500.0,2835.0,900.0,17235.0,20250121
1000000150,513,2,4.0,4045.0,4,FULFILLED,ARS,32340.0,6791.4,0.0,39131.4,20250530
1000000151,884,2,3.0,1845.0,3,FULFILLED,ARS,35280.0,7408.8,0.0,42688.8,20240416
1000000152,385,2,2.0,2549.0,2,FULFILLED,ARS,9720.0,2041.2,0.0,11761.2,20240108
1000000153,723,2,2.0,1748.0,2,CANCELLED,ARS,10800.0,2268.0,0.0,13068.0,20250610
1000000154,110,2,1.0,3109.0,1,PAID,ARS,42525.0,8930.25,0.0,51455.25,20240701
1000000155,1197,1,,3704.0,4121,FULFILLED,ARS,12000.0,2520.0,900.0,15420.0,20240212
1000000156,833,2,2.0,2190.0,2,FULFILLED,ARS,42750.0,8977.5,0.0,51727.5,20241029
1000000157,371,2,3.0,2181.0,3,CANCELLED,ARS,59250.0,12442.5,0.0,71692.5,20250126
1000000158,905,2,1.0,2803.0,1,FULFILLED,ARS,30000.0,6300.0,0.0,36300.0,20240424
1000000159,389,1,,4176.0,1303,FULFILLED,ARS,12348.0,2593.08,1200.0,16141.08,20240714
1000000160,1299,2,4.0,,4,FULFILLED,ARS,29400.0,6174.0,0.0,35574.0,20240613
1000000161,725,1,,,3908,FULFILLED,ARS,45000.0,9450.0,900.0,55350.0,20241021
1000000162,645,2,4.0,1157.0,4,PAID,ARS,22800.0,4788.0,0.0,27588.0,20250731
1000000163,584,1,,1980.0,1132,FULFILLED,ARS,21600.0,4536.0,900.0,27036.0,20240224
1000000164,436,1,,4079.0,3758,FULFILLED,ARS,63000.0,13230.0,900.0,77130.0,20250222
1000000165,293,1,,3891.0,3357,FULFILLED,ARS,23520.0,4939.2,1500.0,29959.2,20250827
1000000166,1065,1,,,3492,FULFILLED,ARS,43425.0,9119.25,1200.0,53744.25,20250727
1000000167,1234,1,,2641.0,3702,CANCELLED,ARS,47085.0,9887.85,1200.0,58172.85,20250118
1000000168,400,1,,3129.0,3523,CANCELLED,ARS,40500.0,8505.0,1200.0,50205.0,20240226
1000000169,251,1,,,2325,FULFILLED,ARS,10800.0,2268.0,1200.0,14268.0,20240708
1000000170,764,2,4.0,,4,PAID,ARS,30000.0,6300.0,0.0,36300.0,20240329
1000000171,1490,1,,3729.0,3553,CREATED,ARS,11760.0,2469.6,1200.0,15429.6,20250227
1000000172,181,1,,1603.0,2801,FULFILLED,ARS,22800.0,4788.0,900.0,28488.0,20240507
1000000173,693,1,,2845.0,2631,FULFILLED,ARS,31500.0,6615.0,1200.0,39315.0,20250616
1000000174,672,2,2.0,3471.0,2,FULFILLED,ARS,11760.0,2469.6,0.0,14229.6,20240907
1000000175,786,1,,2695.0,3157,PAID,ARS,12000.0,2520.0,900.0,15420.0,20240531
1000000176,1347,2,2.0,2256.0,2,FULFILLED,ARS,14850.0,3118.5,0.0,17968.5,20250225
1000000177,628,1,,,1864,FULFILLED,ARS,12825.0,2693.25,1200.0,16718.25,20241123
1000000178,1485,2,2.0,4032.0,2,PAID,ARS,13500.0,2835.0,0.0,16335.0,20250503
1000000179,805,1,,2862.0,3731,FULFILLED,ARS,72600.0,15246.0,900.0,88746.0,20250812
1000000180,445,1,,3681.0,1749,FULFILLED,ARS,25200.0,5292.0,1200.0,31692.0,20240521
1000000181,560,1,,3245.0,1079,FULFILLED,ARS,23520.0,4939.2,900.0,29359.2,20241112
1000000182,403,1,,2521.0,3603,FULFILLED,ARS,25080.0,5266.8,1200.0,31546.8,20240908
1000000183,693,2,1.0,2834.0,1,PAID,ARS,27000.0,5670.0,0.0,32670.0,20241026
1000000184,274,2,2.0,3609.0,2,PAID,ARS,13500.0,2835.0,0.0,16335.0,20250511
1000000185,804,1,,1596.0,1940,FULFILLED,ARS,59844.0,12567.24,1200.0,73611.24,20240718
1000000186,1495,1,,3581.0,2360,FULFILLED,ARS,11400.0,2394.0,900.0,14694.0,20240730
1000000187,48,2,1.0,2998.0,1,REFUNDED,ARS,32400.0,6804.0,0.0,39204.0,20250212
1000000188,661,2,3.0,3865.0,3,FULFILLED,ARS,27000.0,5670.0,0.0,32670.0,20250823
1000000189,984,1,,4016.0,2808,PAID,ARS,37044.0,7779.24,900.0,45723.24,20240502
1000000190,1384,1,,2807.0,2968,PAID,ARS,11760.0,2469.6,0.0,14229.6,20240605
1000000191,788,1,,2175.0,1202,CANCELLED,ARS,88344.0,18552.24,0.0,106896.24,20250916
1000000192,456,2,2.0,2129.0,2,PAID,ARS,12000.0,2520.0,0.0,14520.0,20240308
1000000193,427,1,,,1691,FULFILLED,ARS,32400.0,6804.0,1200.0,40404.0,20240215
1000000194,866,1,,1909.0,3570,FULFILLED,ARS,45000.0,9450.0,0.0,54450.0,20250913
1000000195,371,1,,1348.0,1596,FULFILLED,ARS,45840.0,9626.4,1200.0,56666.4,20250228
1000000196,1000,1,,2477.0,2380,FULFILLED,ARS,30000.0,6300.0,1200.0,37500.0,20250814
1000000197,1404,1,,3532.0,1791,FULFILLED,ARS,10800.0,2268.0,1200.0,14268.0,20240409
1000000198,1159,1,,,1784,FULFILLED,ARS,29160.0,6123.6,900.0,36183.6,20240203
1000000199,1040,1,,,3793,FULFILLED,ARS,48000.0,10080.0,1200.0,59280.0,20250319
1000000200,464,1,,3883.0,3533,FULFILLED,ARS,21600.0,4536.0,900.0,27036.0,20240925
1000000201,166,1,,2627.0,3937,REFUNDED,ARS,40950.0,8599.5,1200.0,50749.5,20241116
1000000202,1056,2,3.0,2258.0,3,FULFILLED,ARS,36000.0,7560.0,0.0,43560.0,20250327
1000000203,925,2,3.0,3295.0,3,FULFILLED,ARS,32400.0,6804.0,0.0,39204.0,20241117
1000000204,488,1,,1674.0,1253,CANCELLED,ARS,40500.0,8505.0,1200.0,50205.0,20250127
1000000205,903,1,,1455.0,1894,FULFILLED,ARS,14700.0,3087.0,0.0,17787.0,20240930
1000000206,70,1,,2444.0,2088,PAID,ARS,23520.0,4939.2,1200.0,29659.2,20250726
1000000207,1459,1,,,2326,FULFILLED,ARS,12348.0,2593.08,900.0,15841.08,20250507
1000000208,500,2,2.0,2834.0,2,FULFILLED,ARS,44550.0,9355.5,0.0,53905.5,20250411
1000000209,361,1,,1366.0,2293,FULFILLED,ARS,25200.0,5292.0,1200.0,31692.0,20250403
1000000210,476,1,,1679.0,3586,FULFILLED,ARS,13500.0,2835.0,1500.0,17835.0,20250320
1000000211,1400,2,1.0,2776.0,1,REFUNDED,ARS,66780.0,14023.8,0.0,80803.8,20250719
1000000212,945,1,,1102.0,1882,FULFILLED,ARS,11760.0,2469.6,900.0,15129.6,20250218
1000000213,1443,1,,2386.0,1896,FULFILLED,ARS,15750.0,3307.5,1500.0,20557.5,20240416
1000000214,1430,1,,3110.0,3683,FULFILLED,ARS,22680.0,4762.8,900.0,28342.8,20240719
1000000215,1330,1,,1609.0,2575,FULFILLED,ARS,51015.0,10713.15,900.0,62628.15,20240129
1000000216,274,1,,4101.0,1502,FULFILLED,ARS,15675.0,3291.75,900.0,19866.75,20250510
1000000217,1251,2,2.0,1451.0,2,FULFILLED,ARS,59962.5,12592.12,0.0,72554.62,20240405
1000000218,176,1,,1295.0,1546,FULFILLED,ARS,31860.0,6690.6,1200.0,39750.6,20240704
1000000219,42,2,2.0,2201.0,2,PAID,ARS,45000.0,9450.0,0.0,54450.0,20240612
1000000220,582,1,,2135.0,2929,FULFILLED,ARS,11400.0,2394.0,900.0,14694.0,20250921
1000000221,4,2,1.0,1069.0,1,FULFILLED,ARS,23520.0,4939.2,0.0,28459.2,20250507
1000000222,569,2,2.0,3282.0,2,FULFILLED,ARS,21600.0,4536.0,0.0,26136.0,20240830
1000000223,157,2,1.0,1704.0,1,PAID,ARS,22680.0,4762.8,0.0,27442.8,20241224
1000000224,649,1,,1226.0,1307,FULFILLED,ARS,40500.0,8505.0,1200.0,50205.0,20250322
1000000225,1230,1,,1051.0,2399,FULFILLED,ARS,34020.0,7144.2,0.0,41164.2,20250805
1000000226,197,1,,4111.0,3863,FULFILLED,ARS,29160.0,6123.6,1200.0,36483.6,20240716
1000000227,731,1,,2936.0,3590,FULFILLED,ARS,35280.0,7408.8,1200.0,43888.8,20240717
1000000228,506,1,,3897.0,3643,FULFILLED,ARS,35280.0,7408.8,900.0,43588.8,20250327
1000000229,751,2,2.0,4012.0,2,CANCELLED,ARS,13500.0,2835.0,0.0,16335.0,20250410
1000000230,485,1,,1197.0,2337,FULFILLED,ARS,32400.0,6804.0,900.0,40104.0,20241229
1000000231,823,1,,3283.0,1053,PAID,ARS,47250.0,9922.5,900.0,58072.5,20240608
1000000232,680,1,,3902.0,2493,PAID,ARS,36936.0,7756.56,1200.0,45892.56,20250221
1000000233,417,1,,1527.0,3089,FULFILLED,ARS,15000.0,3150.0,900.0,19050.0,20241119
1000000234,677,1,,2681.0,3201,FULFILLED,ARS,23520.0,4939.2,1200.0,29659.2,20250528
1000000235,1327,2,2.0,3407.0,2,CANCELLED,ARS,21600.0,4536.0,0.0,26136.0,20241002
1000000236,593,2,1.0,,1,FULFILLED,ARS,24000.0,5040.0,0.0,29040.0,20250104
1000000237,606,2,1.0,2044.0,1,FULFILLED,ARS,36000.0,7560.0,0.0,43560.0,20241114
1000000238,137,2,2.0,3135.0,2,PAID,ARS,21168.0,4445.28,0.0,25613.28,20250322
1000000239,487,1,,2294.0,2633,FULFILLED,ARS,51660.0,10848.6,900.0,63408.6,20240220
1000000240,909,1,,1175.0,3062,REFUNDED,ARS,39000.0,8190.0,900.0,48090.0,20241020
1000000241,179,2,1.0,3958.0,1,FULFILLED,ARS,59400.0,12474.0,0.0,71874.0,20241011
1000000242,183,1,,2607.0,3013,CANCELLED,ARS,37044.0,7779.24,1200.0,46023.24,20250815
1000000243,536,1,,3918.0,1823,FULFILLED,ARS,16500.0,3465.0,0.0,19965.0,20250608
1000000244,1341,2,1.0,,1,FULFILLED,ARS,20520.0,4309.2,0.0,24829.2,20240913
1000000245,378,2,1.0,,1,REFUNDED,ARS,40350.0,8473.5,0.0,48823.5,20250508
1000000246,548,1,,1472.0,1533,CANCELLED,ARS,61650.0,12946.5,0.0,74596.5,20250927
1000000247,757,1,,1112.0,4127,FULFILLED,ARS,15435.0,3241.35,900.0,19576.35,20241202
1000000248,522,2,4.0,3135.0,4,FULFILLED,ARS,10800.0,2268.0,0.0,13068.0,20241026
1000000249,1384,2,3.0,1286.0,3,FULFILLED,ARS,39600.0,8316.0,0.0,47916.0,20240419
1000000250,473,1,,2990.0,1839,FULFILLED,ARS,42525.0,8930.25,1500.0,52955.25,20240921
1000000251,1316,2,3.0,2071.0,3,FULFILLED,ARS,34200.0,7182.0,0.0,41382.0,20240315
1000000252,1356,2,1.0,2670.0,1,FULFILLED,ARS,44100.0,9261.0,0.0,53361.0,20240302
1000000253,266,1,,1593.0,2460,REFUNDED,ARS,46296.0,9722.16,0.0,56018.16,20250423
1000000254,1359,2,2.0,2806.0,2,FULFILLED,ARS,21168.0,4445.28,0.0,25613.28,20241013
1000000255,843,1,,2964.0,3929,FULFILLED,ARS,14700.0,3087.0,900.0,18687.0,20240813
1000000256,599,1,,1079.0,1101,FULFILLED,ARS,23520.0,4939.2,1200.0,29659.2,20241001
1000000257,1048,2,1.0,1719.0,1,FULFILLED,ARS,57900.0,12159.0,0.0,70059.0,20250530
1000000258,319,1,,2476.0,4044,FULFILLED,ARS,28500.0,5985.0,900.0,35385.0,20241226
1000000259,846,1,,1657.0,1971,REFUNDED,ARS,25872.0,5433.12,1500.0,32805.12,20250904
1000000260,1491,1,,4124.0,3535,FULFILLED,ARS,33000.0,6930.0,1200.0,41130.0,20241212
1000000261,79,1,,2302.0,2362,FULFILLED,ARS,24000.0,5040.0,0.0,29040.0,20250814
1000000262,748,1,,1858.0,4051,FULFILLED,ARS,35280.0,7408.8,900.0,43588.8,20241118
1000000263,537,1,,1983.0,4142,PAID,ARS,40500.0,8505.0,900.0,49905.0,20241231
1000000264,303,2,2.0,3397.0,2,PAID,ARS,57645.0,12105.45,0.0,69750.45,20250819
1000000265,1065,1,,2984.0,2753,FULFILLED,ARS,52536.0,11032.56,900.0,64468.56,20240427
1000000266,606,1,,3320.0,2854,FULFILLED,ARS,39195.0,8230.95,900.0,48325.95,20250507
1000000267,553,1,,2944.0,2628,FULFILLED,ARS,27000.0,5670.0,1200.0,33870.0,20240229
1000000268,656,1,,2664.0,1357,CANCELLED,ARS,11400.0,2394.0,0.0,13794.0,20250314
1000000269,786,1,,1050.0,2398,CANCELLED,ARS,69105.0,14512.05,0.0,83617.05,20241013
1000000270,663,2,1.0,2835.0,1,FULFILLED,ARS,11760.0,2469.6,0.0,14229.6,20240216
1000000271,833,1,,2042.0,2293,REFUNDED,ARS,71280.0,14968.8,1200.0,87448.8,20240212
1000000272,844,1,,3885.0,2057,FULFILLED,ARS,26400.0,5544.0,1200.0,33144.0,20241025
1000000273,720,1,,2433.0,1349,FULFILLED,ARS,35280.0,7408.8,900.0,43588.8,20240301
1000000274,169,2,1.0,3349.0,1,FULFILLED,ARS,63690.0,13374.9,0.0,77064.9,20240928
1000000275,969,1,,1091.0,2854,FULFILLED,ARS,21600.0,4536.0,1200.0,27336.0,20240621
1000000276,268,2,4.0,3904.0,4,PAID,ARS,24000.0,5040.0,0.0,29040.0,20250526
1000000277,122,2,1.0,4019.0,1,FULFILLED,ARS,42000.0,8820.0,0.0,50820.0,20241014
1000000278,617,1,,1160.0,3837,FULFILLED,ARS,21600.0,4536.0,1500.0,27636.0,20250304
1000000279,608,1,,2519.0,3264,CANCELLED,ARS,44100.0,9261.0,900.0,54261.0,20250815
1000000280,732,2,1.0,2454.0,1,FULFILLED,ARS,27300.0,5733.0,0.0,33033.0,20240720
1000000281,211,1,,1596.0,3118,FULFILLED,ARS,43968.0,9233.28,900.0,54101.28,20250311
1000000282,475,1,,1428.0,2563,FULFILLED,ARS,19440.0,4082.4,900.0,24422.4,20241228
1000000283,949,1,,2545.0,3708,FULFILLED,ARS,12825.0,2693.25,1200.0,16718.25,20250721
1000000284,426,2,2.0,3967.0,2,FULFILLED,ARS,58500.0,12285.0,0.0,70785.0,20240309
1000000285,386,1,,2033.0,2439,CANCELLED,ARS,15000.0,3150.0,1200.0,19350.0,20241030
1000000286,500,1,,2794.0,3063,FULFILLED,ARS,29400.0,6174.0,1500.0,37074.0,20240711
1000000287,677,2,1.0,2760.0,1,PAID,ARS,42750.0,8977.5,0.0,51727.5,20250617
1000000288,33,2,1.0,3081.0,1,PAID,ARS,11760.0,2469.6,0.0,14229.6,20250201
1000000289,194,1,,2292.0,4133,CANCELLED,ARS,73710.0,15479.1,1200.0,90389.1,20250226
1000000290,78,1,,4027.0,3785,FULFILLED,ARS,85830.0,18024.3,1500.0,105354.3,20241104
1000000291,102,1,,1821.0,2992,PAID,ARS,47025.0,9875.25,0.0,56900.25,20241017
1000000292,1072,2,4.0,3653.0,4,PAID,ARS,26670.0,5600.7,0.0,32270.7,20250429
1000000293,754,1,,4160.0,2355,PAID,ARS,21600.0,4536.0,900.0,27036.0,20250821
1000000294,195,1,,1042.0,2148,CANCELLED,ARS,36000.0,7560.0,900.0,44460.0,20240422
1000000295,862,2,4.0,1429.0,4,REFUNDED,ARS,20520.0,4309.2,0.0,24829.2,20250327
1000000296,240,2,2.0,1487.0,2,PAID,ARS,15000.0,3150.0,0.0,18150.0,20240628
1000000297,682,2,1.0,1757.0,1,REFUNDED,ARS,44100.0,9261.0,0.0,53361.0,20250811
1000000298,849,2,1.0,1532.0,1,FULFILLED,ARS,34200.0,7182.0,0.0,41382.0,20241104
1000000299,807,2,3.0,,3,FULFILLED,ARS,36000.0,7560.0,0.0,43560.0,20240506
1000000300,901,1,,,2275,FULFILLED,ARS,44160.0,9273.6,1200.0,54633.6,20241119
1000000301,61,1,,,1367,PAID,ARS,24000.0,5040.0,0.0,29040.0,20240506
1000000302,1082,1,,2242.0,2268,CANCELLED,ARS,56700.0,11907.0,900.0,69507.0,20250807
1000000303,1286,2,3.0,4145.0,3,PAID,ARS,32400.0,6804.0,0.0,39204.0,20240316
1000000304,1416,1,,2582.0,2938,FULFILLED,ARS,98077.5,20596.27,1200.0,119873.77,20240315
1000000305,979,1,,3937.0,3685,FULFILLED,ARS,25200.0,5292.0,1200.0,31692.0,20250413
1000000306,800,1,,1955.0,1965,FULFILLED,ARS,69150.0,14521.5,0.0,83671.5,20240429
1000000307,800,1,,1916.0,4189,FULFILLED,ARS,13500.0,2835.0,1500.0,17835.0,20240912
1000000308,757,1,,1798.0,2362,PAID,ARS,13500.0,2835.0,1500.0,17835.0,20240327
1000000309,1194,2,1.0,3960.0,1,CANCELLED,ARS,37800.0,7938.0,0.0,45738.0,20240409
1000000310,673,1,,,2708,FULFILLED,ARS,21600.0,4536.0,1500.0,27636.0,20250104
1000000311,1266,2,2.0,3229.0,2,PAID,ARS,29925.0,6284.25,0.0,36209.25,20250107
1000000312,7,2,2.0,3846.0,2,FULFILLED,ARS,29925.0,6284.25,0.0,36209.25,20250223
1000000313,1040,2,3.0,1144.0,3,FULFILLED,ARS,59250.0,12442.5,0.0,71692.5,20250519
1000000314,873,1,,2123.0,3426,FULFILLED,ARS,26760.0,5619.6,1200.0,33579.6,20241015
1000000315,1336,1,,1382.0,3181,FULFILLED,ARS,44175.0,9276.75,900.0,54351.75,20250505
1000000316,708,2,1.0,2517.0,1,FULFILLED,ARS,59175.0,12426.75,0.0,71601.75,20250427
1000000317,380,1,,4.0,1738,FULFILLED,ARS,29700.0,6237.0,1500.0,37437.0,20240816
1000000318,634,2,4.0,3993.0,4,PAID,ARS,12600.0,2646.0,0.0,15246.0,20241006
1000000319,578,1,,3570.0,3479,FULFILLED,ARS,11760.0,2469.6,1200.0,15429.6,20240420
1000000320,1479,1,,3058.0,1513,FULFILLED,ARS,29250.0,6142.5,1200.0,36592.5,20250818
1000000321,1399,1,,2851.0,4177,FULFILLED,ARS,77100.0,16191.0,1200.0,94491.0,20250802
1000000322,522,2,4.0,3655.0,4,FULFILLED,ARS,30780.0,6463.8,0.0,37243.8,20241120
1000000323,247,2,1.0,1748.0,1,FULFILLED,ARS,45216.0,9495.36,0.0,54711.36,20250401
1000000324,96,2,4.0,1189.0,4,FULFILLED,ARS,57696.0,12116.16,0.0,69812.16,20250111
1000000325,798,2,2.0,,2,FULFILLED,ARS,23760.0,4989.6,0.0,28749.6,20241014
1000000326,21,1,,3284.0,3816,FULFILLED,ARS,69480.0,14590.8,0.0,84070.8,20240616
1000000327,1236,1,,2578.0,2156,FULFILLED,ARS,24696.0,5186.16,1200.0,31082.16,20250109
1000000328,130,1,,2454.0,3630,FULFILLED,ARS,66975.0,14064.75,1200.0,82239.75,20250210
1000000329,169,1,,3385.0,2191,FULFILLED,ARS,35640.0,7484.4,1200.0,44324.4,20240315
1000000330,973,2,2.0,3432.0,2,FULFILLED,ARS,24000.0,5040.0,0.0,29040.0,20241214
1000000331,1449,1,,3191.0,2760,FULFILLED,ARS,55935.0,11746.35,900.0,68581.35,20241224
1000000332,210,1,,4164.0,3676,PAID,ARS,50700.0,10647.0,1200.0,62547.0,20250917
1000000333,737,1,,3214.0,3288,CANCELLED,ARS,12936.0,2716.56,900.0,16552.56,20241216
1000000334,1350,1,,2760.0,2055,PAID,ARS,57720.0,12121.2,1500.0,71341.2,20250507
1000000335,170,1,,2980.0,2424,FULFILLED,ARS,59910.0,12581.1,1200.0,73691.1,20240210
1000000336,217,1,,3683.0,2792,FULFILLED,ARS,38400.0,8064.0,1500.0,47964.0,20240719
1000000337,254,1,,3745.0,3434,FULFILLED,ARS,13500.0,2835.0,1500.0,17835.0,20240912
1000000338,1400,1,,1718.0,2649,REFUNDED,ARS,38220.0,8026.2,900.0,47146.2,20240322
1000000339,1213,1,,2901.0,3198,CANCELLED,ARS,44100.0,9261.0,1200.0,54561.0,20250508
1000000340,1410,1,,1163.0,4045,FULFILLED,ARS,10800.0,2268.0,1200.0,14268.0,20240805
1000000341,128,2,2.0,3346.0,2,FULFILLED,ARS,25200.0,5292.0,0.0,30492.0,20241221
1000000342,499,1,,2436.0,1597,FULFILLED,ARS,14250.0,2992.5,900.0,18142.5,20241006
1000000343,494,1,,3637.0,3679,FULFILLED,ARS,22140.0,4649.4,1200.0,27989.4,20240811
1000000344,755,1,,1557.0,3499,PAID,ARS,33000.0,6930.0,1500.0,41430.0,20240723
1000000345,518,1,,1355.0,3588,FULFILLED,ARS,34020.0,7144.2,0.0,41164.2,20240501
1000000346,1171,2,4.0,1257.0,4,PAID,ARS,34200.0,7182.0,0.0,41382.0,20250312
1000000347,1261,1,,3081.0,2436,FULFILLED,ARS,44100.0,9261.0,900.0,54261.0,20240818
1000000348,468,2,4.0,3977.0,4,FULFILLED,ARS,10260.0,2154.6,0.0,12414.6,20241115
1000000349,503,1,,1799.0,3647,FULFILLED,ARS,36000.0,7560.0,1200.0,44760.0,20240829
1000000350,1073,2,3.0,1859.0,3,FULFILLED,ARS,35280.0,7408.8,0.0,42688.8,20240318
1000000351,997,2,1.0,2521.0,1,FULFILLED,ARS,27000.0,5670.0,0.0,32670.0,20240503
1000000352,435,1,,2593.0,3441,FULFILLED,ARS,28350.0,5953.5,900.0,35203.5,20250216
1000000353,1401,2,4.0,1070.0,4,FULFILLED,ARS,34200.0,7182.0,0.0,41382.0,20250508
1000000354,202,1,,3680.0,2190,FULFILLED,ARS,13200.0,2772.0,1200.0,17172.0,20250509
1000000355,920,1,,,1169,FULFILLED,ARS,40500.0,8505.0,1200.0,50205.0,20241209
1000000356,1101,1,,,2468,FULFILLED,ARS,44100.0,9261.0,0.0,53361.0,20250605
1000000357,305,1,,2278.0,2211,FULFILLED,ARS,11760.0,2469.6,0.0,14229.6,20240229
1000000358,268,1,,3448.0,3813,FULFILLED,ARS,28500.0,5985.0,0.0,34485.0,20250708
1000000359,636,2,3.0,4006.0,3,FULFILLED,ARS,29400.0,6174.0,0.0,35574.0,20240709
1000000360,736,2,4.0,4144.0,4,FULFILLED,ARS,51960.0,10911.6,0.0,62871.6,20240923
1000000361,938,1,,2978.0,1223,FULFILLED,ARS,59160.0,12423.6,1200.0,72783.6,20250119
1000000362,356,1,,3340.0,3337,PAID,ARS,36000.0,7560.0,0.0,43560.0,20240814
1000000363,544,1,,1870.0,1402,FULFILLED,ARS,11400.0,2394.0,0.0,13794.0,20240607
1000000364,952,2,2.0,4057.0,2,PAID,ARS,24696.0,5186.16,0.0,29882.16,20250818
1000000365,1016,1,,3283.0,1394,REFUNDED,ARS,66600.0,13986.0,900.0,81486.0,20250820
1000000366,1183,1,,2941.0,1445,FULFILLED,ARS,46305.0,9724.05,1500.0,57529.05,20250715
1000000367,1154,1,,3951.0,2661,FULFILLED,ARS,27000.0,5670.0,900.0,33570.0,20250419
1000000368,1056,1,,2501.0,3057,CANCELLED,ARS,21600.0,4536.0,1200.0,27336.0,20241102
1000000369,666,2,1.0,2631.0,1,FULFILLED,ARS,32400.0,6804.0,0.0,39204.0,20241211
1000000370,1010,2,2.0,1321.0,2,FULFILLED,ARS,29925.0,6284.25,0.0,36209.25,20250818
1000000371,977,1,,2690.0,1665,FULFILLED,ARS,30000.0,6300.0,1200.0,37500.0,20240115
1000000372,172,1,,1679.0,2161,PAID,ARS,11970.0,2513.7,900.0,15383.7,20240821
1000000373,1179,1,,2327.0,1958,PAID,ARS,12600.0,2646.0,900.0,16146.0,20240218
1000000374,1048,2,2.0,3996.0,2,FULFILLED,ARS,44100.0,9261.0,0.0,53361.0,20250414
1000000375,480,1,,3375.0,3568,FULFILLED,ARS,14175.0,2976.75,900.0,18051.75,20250624
1000000376,164,2,2.0,1829.0,2,FULFILLED,ARS,42750.0,8977.5,0.0,51727.5,20241215
1000000377,902,2,1.0,2023.0,1,FULFILLED,ARS,30000.0,6300.0,0.0,36300.0,20240802
1000000378,1096,1,,1250.0,1438,FULFILLED,ARS,39690.0,8334.9,1200.0,49224.9,20250905
1000000379,1208,1,,2375.0,3800,FULFILLED,ARS,10800.0,2268.0,900.0,13968.0,20250615
1000000380,538,2,2.0,,2,FULFILLED,ARS,56640.0,11894.4,0.0,68534.4,20240613
1000000381,695,1,,2940.0,2399,FULFILLED,ARS,65520.0,13759.2,1500.0,80779.2,20250518
1000000382,766,1,,2015.0,2817,FULFILLED,ARS,30000.0,6300.0,1500.0,37800.0,20240621
1000000383,295,2,2.0,1232.0,2,FULFILLED,ARS,42525.0,8930.25,0.0,51455.25,20241120
1000000384,864,1,,2402.0,1701,PAID,ARS,35280.0,7408.8,0.0,42688.8,20250608
1000000385,314,2,2.0,1792.0,2,FULFILLED,ARS,75450.0,15844.5,0.0,91294.5,20240511
1000000386,299,2,1.0,,1,FULFILLED,ARS,14250.0,2992.5,0.0,17242.5,20241023
1000000387,786,1,,3750.0,2281,FULFILLED,ARS,36000.0,7560.0,1200.0,44760.0,20250327
1000000388,356,1,,3019.0,4013,FULFILLED,ARS,43500.0,9135.0,1200.0,53835.0,20240603
1000000389,792,1,,1409.0,3061,PAID,ARS,10260.0,2154.6,0.0,12414.6,20240503
1000000390,88,1,,1766.0,2073,FULFILLED,ARS,15750.0,3307.5,900.0,19957.5,20240316
1000000391,1426,1,,,2342,REFUNDED,ARS,13500.0,2835.0,900.0,17235.0,20240207
1000000392,1,2,2.0,2225.0,2,FULFILLED,ARS,29400.0,6174.0,0.0,35574.0,20240815
1000000393,803,2,3.0,2967.0,3,FULFILLED,ARS,11760.0,2469.6,0.0,14229.6,20240320
1000000394,589,1,,2434.0,3930,PAID,ARS,38475.0,8079.75,900.0,47454.75,20250731
1000000395,1238,2,3.0,3718.0,3,FULFILLED,ARS,37044.0,7779.24,0.0,44823.24,20240601
1000000396,293,1,,2969.0,2039,FULFILLED,ARS,46980.0,9865.8,1200.0,58045.8,20240814
1000000397,882,1,,3421.0,1492,FULFILLED,ARS,12000.0,2520.0,900.0,15420.0,20250705
1000000398,913,1,,1396.0,4168,REFUNDED,ARS,65280.0,13708.8,1200.0,80188.8,20240329
1000000399,960,2,2.0,2343.0,2,FULFILLED,ARS,47400.0,9954.0,0.0,57354.0,20241003
1000000400,1084,2,1.0,3358.0,1,FULFILLED,ARS,12600.0,2646.0,0.0,15246.0,20250313
1000000401,1411,2,2.0,4096.0,2,FULFILLED,ARS,40500.0,8505.0,0.0,49005.0,20250624
1000000402,889,1,,3163.0,2347,FULFILLED,ARS,35640.0,7484.4,1200.0,44324.4,20241219
1000000403,814,1,,3026.0,2071,FULFILLED,ARS,45000.0,9450.0,1200.0,55650.0,20241214
1000000404,293,1,,1578.0,2497,FULFILLED,ARS,36840.0,7736.4,1500.0,46076.4,20250312
1000000405,1121,1,,2873.0,1564,FULFILLED,ARS,65040.0,13658.4,1500.0,80198.4,20240819
1000000406,696,2,1.0,2504.0,1,FULFILLED,ARS,42750.0,8977.5,0.0,51727.5,20240825
1000000407,331,1,,2703.0,3779,CANCELLED,ARS,25650.0,5386.5,0.0,31036.5,20250626
1000000408,106,1,,2653.0,2897,PAID,ARS,30870.0,6482.7,900.0,38252.7,20241112
1000000409,918,2,2.0,3636.0,2,CANCELLED,ARS,32400.0,6804.0,0.0,39204.0,20250903
1000000410,305,1,,,3330,FULFILLED,ARS,35280.0,7408.8,0.0,42688.8,20250720
1000000411,381,1,,1645.0,4104,PAID,ARS,38475.0,8079.75,1200.0,47754.75,20241108
1000000412,176,2,3.0,,3,FULFILLED,ARS,23520.0,4939.2,0.0,28459.2,20241119
1000000413,1269,2,2.0,3013.0,2,CANCELLED,ARS,24000.0,5040.0,0.0,29040.0,20240527
1000000414,128,1,,,2300,FULFILLED,ARS,39450.0,8284.5,900.0,48634.5,20250512
1000000415,424,2,2.0,3972.0,2,FULFILLED,ARS,14700.0,3087.0,0.0,17787.0,20250430
1000000416,7,2,4.0,1784.0,4,CANCELLED,ARS,32340.0,6791.4,0.0,39131.4,20250604
1000000417,105,2,3.0,3632.0,3,FULFILLED,ARS,26400.0,5544.0,0.0,31944.0,20240330
1000000418,1415,1,,3350.0,1980,REFUNDED,ARS,38400.0,8064.0,900.0,47364.0,20240627
1000000419,283,1,,3503.0,1937,FULFILLED,ARS,64410.0,13526.1,1500.0,79436.1,20240322
1000000420,1430,2,2.0,1172.0,2,FULFILLED,ARS,11400.0,2394.0,0.0,13794.0,20241209
1000000421,673,1,,1136.0,3827,FULFILLED,ARS,32400.0,6804.0,1200.0,40404.0,20240831
1000000422,1419,1,,2917.0,3924,FULFILLED,ARS,55500.0,11655.0,900.0,68055.0,20250222
1000000423,39,2,1.0,2878.0,1,FULFILLED,ARS,23520.0,4939.2,0.0,28459.2,20250609
1000000424,189,1,,3758.0,1002,FULFILLED,ARS,11760.0,2469.6,1200.0,15429.6,20240709
1000000425,526,2,2.0,,2,FULFILLED,ARS,10584.0,2222.64,0.0,12806.64,20250926
1000000426,790,1,,1242.0,1870,PAID,ARS,36000.0,7560.0,0.0,43560.0,20240710
1000000427,464,1,,3442.0,2234,FULFILLED,ARS,35670.0,7490.7,0.0,43160.7,20240706
1000000428,262,1,,1760.0,3185,CANCELLED,ARS,29400.0,6174.0,900.0,36474.0,20240219
1000000429,1051,2,1.0,1262.0,1,FULFILLED,ARS,58860.0,12360.6,0.0,71220.6,20250412
1000000430,582,1,,2134.0,3748,FULFILLED,ARS,37800.0,7938.0,900.0,46638.0,20250128
1000000431,3,1,,3658.0,2930,FULFILLED,ARS,34020.0,7144.2,1500.0,42664.2,20250906
1000000432,678,1,,2620.0,1063,FULFILLED,ARS,37620.0,7900.2,1500.0,47020.2,20240120
1000000433,369,1,,2775.0,2830,FULFILLED,ARS,10800.0,2268.0,1200.0,14268.0,20250109
1000000434,71,1,,3238.0,2890,REFUNDED,ARS,24000.0,5040.0,1500.0,30540.0,20240412
1000000435,1251,1,,3391.0,4074,FULFILLED,ARS,58920.0,12373.2,900.0,72193.2,20240519
1000000436,143,2,4.0,1780.0,4,FULFILLED,ARS,36000.0,7560.0,0.0,43560.0,20240817
1000000437,126,1,,,1069,PAID,ARS,42750.0,8977.5,0.0,51727.5,20241101
1000000438,945,2,4.0,2049.0,4,FULFILLED,ARS,48510.0,10187.1,0.0,58697.1,20250503
1000000439,592,1,,1328.0,4160,FULFILLED,ARS,22800.0,4788.0,0.0,27588.0,20240104
1000000440,462,2,2.0,2330.0,2,FULFILLED,ARS,60840.0,12776.4,0.0,73616.4,20241028
1000000441,274,1,,2282.0,1623,FULFILLED,ARS,37044.0,7779.24,1500.0,46323.24,20240318
1000000442,703,2,3.0,1951.0,3,FULFILLED,ARS,44100.0,9261.0,0.0,53361.0,20240524
1000000443,723,2,1.0,1522.0,1,CANCELLED,ARS,99975.0,20994.75,0.0,120969.75,20250422
1000000444,310,1,,1628.0,1065,FULFILLED,ARS,35640.0,7484.4,1200.0,44324.4,20250116
1000000445,410,2,2.0,1694.0,2,FULFILLED,ARS,24000.0,5040.0,0.0,29040.0,20240723
1000000446,495,1,,3607.0,2224,FULFILLED,ARS,35280.0,7408.8,1200.0,43888.8,20240813
1000000447,457,1,,4150.0,3609,FULFILLED,ARS,35280.0,7408.8,900.0,43588.8,20241108
1000000448,852,2,1.0,3183.0,1,PAID,ARS,11400.0,2394.0,0.0,13794.0,20250111
1000000449,793,1,,2943.0,3001,PAID,ARS,56460.0,11856.6,1200.0,69516.6,20240402
1000000450,789,1,,,2380,FULFILLED,ARS,15750.0,3307.5,1200.0,20257.5,20240906
1000000451,1075,2,4.0,3350.0,4,REFUNDED,ARS,28500.0,5985.0,0.0,34485.0,20240410
1000000452,814,1,,3621.0,3027,FULFILLED,ARS,44887.5,9426.38,0.0,54313.88,20250228
1000000453,1270,1,,1826.0,1713,FULFILLED,ARS,11760.0,2469.6,900.0,15129.6,20240414
1000000454,442,1,,1080.0,1063,FULFILLED,ARS,32400.0,6804.0,900.0,40104.0,20250523
1000000455,1109,1,,3912.0,2483,CANCELLED,ARS,83880.0,17614.8,1200.0,102694.8,20240723
1000000456,1107,2,4.0,2546.0,4,FULFILLED,ARS,67590.0,14193.9,0.0,81783.9,20240926
1000000457,1229,1,,1247.0,1019,PAID,ARS,12825.0,2693.25,900.0,16418.25,20250927
1000000458,498,1,,,3166,FULFILLED,ARS,39750.0,8347.5,0.0,48097.5,20241027
1000000459,738,1,,2251.0,2360,REFUNDED,ARS,23760.0,4989.6,0.0,28749.6,20241215
1000000460,1412,1,,3187.0,1323,FULFILLED,ARS,15435.0,3241.35,0.0,18676.35,20240401
1000000461,1462,1,,2263.0,3207,FULFILLED,ARS,22140.0,4649.4,1200.0,27989.4,20240324
1000000462,167,1,,2154.0,1896,PAID,ARS,45000.0,9450.0,1200.0,55650.0,20240526
1000000463,1066,1,,1541.0,1513,FULFILLED,ARS,10800.0,2268.0,900.0,13968.0,20250829
1000000464,1075,2,1.0,1071.0,1,CANCELLED,ARS,37044.0,7779.24,0.0,44823.24,20240410
1000000465,1393,1,,2074.0,3356,CANCELLED,ARS,99450.0,20884.5,0.0,120334.5,20240805
1000000466,181,1,,1183.0,2081,FULFILLED,ARS,54750.0,11497.5,1200.0,67447.5,20250714
1000000467,746,2,2.0,1062.0,2,FULFILLED,ARS,32400.0,6804.0,0.0,39204.0,20250102
1000000468,1188,1,,2493.0,3140,CREATED,ARS,37620.0,7900.2,1500.0,47020.2,20241029
1000000469,803,1,,4124.0,3865,FULFILLED,ARS,39690.0,8334.9,900.0,48924.9,20250611
1000000470,316,2,2.0,2274.0,2,FULFILLED,ARS,14700.0,3087.0,0.0,17787.0,20240208
1000000471,56,2,1.0,1313.0,1,FULFILLED,ARS,34200.0,7182.0,0.0,41382.0,20240112
1000000472,1427,1,,3581.0,2421,FULFILLED,ARS,12348.0,2593.08,900.0,15841.08,20250726
1000000473,1172,1,,3871.0,1023,FULFILLED,ARS,32400.0,6804.0,900.0,40104.0,20250227
1000000474,613,2,1.0,2690.0,1,FULFILLED,ARS,14250.0,2992.5,0.0,17242.5,20240803
1000000475,941,2,2.0,2574.0,2,CANCELLED,ARS,22800.0,4788.0,0.0,27588.0,20250514
1000000476,748,1,,1260.0,2598,FULFILLED,ARS,59100.0,12411.0,900.0,72411.0,20250328
1000000477,780,1,,3098.0,1064,FULFILLED,ARS,11400.0,2394.0,900.0,14694.0,20250517
1000000478,642,2,3.0,1291.0,3,CANCELLED,ARS,10800.0,2268.0,0.0,13068.0,20240208
1000000479,320,2,2.0,2190.0,2,FULFILLED,ARS,44100.0,9261.0,0.0,53361.0,20250709
1000000480,843,2,3.0,1833.0,3,FULFILLED,ARS,36000.0,7560.0,0.0,43560.0,20250608
1000000481,956,2,2.0,,2,FULFILLED,ARS,24150.0,5071.5,0.0,29221.5,20240129
1000000482,348,2,1.0,3899.0,1,REFUNDED,ARS,31350.0,6583.5,0.0,37933.5,20241207
1000000483,445,1,,1669.0,1608,FULFILLED,ARS,12000.0,2520.0,1200.0,15720.0,20240108
1000000484,758,1,,3489.0,4152,REFUNDED,ARS,26400.0,5544.0,1200.0,33144.0,20250806
1000000485,481,1,,1505.0,3814,FULFILLED,ARS,42750.0,8977.5,1200.0,52927.5,20240627
1000000486,1303,2,3.0,1260.0,3,FULFILLED,ARS,42900.0,9009.0,0.0,51909.0,20240724
1000000487,1020,2,4.0,3824.0,4,FULFILLED,ARS,24000.0,5040.0,0.0,29040.0,20241231
1000000488,1376,1,,3637.0,2589,REFUNDED,ARS,45000.0,9450.0,900.0,55350.0,20240520
1000000489,1083,2,1.0,2341.0,1,FULFILLED,ARS,55920.0,11743.2,0.0,67663.2,20250824
1000000490,760,2,1.0,1383.0,1,PAID,ARS,25500.0,5355.0,0.0,30855.0,20240930
1000000491,1011,2,2.0,2738.0,2,FULFILLED,ARS,10800.0,2268.0,0.0,13068.0,20241116
1000000492,913,2,3.0,2833.0,3,PAID,ARS,30435.0,6391.35,0.0,36826.35,20250927
1000000493,1012,1,,4147.0,2949,FULFILLED,ARS,11760.0,2469.6,1200.0,15429.6,20250626
1000000494,1228,1,,4137.0,3714,FULFILLED,ARS,46305.0,9724.05,1200.0,57229.05,20240725
1000000495,1180,2,3.0,2375.0,3,CANCELLED,ARS,69300.0,14553.0,0.0,83853.0,20250430
1000000496,173,1,,2417.0,3518,FULFILLED,ARS,14700.0,3087.0,1500.0,19287.0,20241114
1000000497,143,2,1.0,1351.0,1,CREATED,ARS,69000.0,14490.0,0.0,83490.0,20240903
1000000498,1036,1,,1974.0,1314,PAID,ARS,14700.0,3087.0,900.0,18687.0,20240903
1000000499,829,1,,,3135,CANCELLED,ARS,14175.0,2976.75,1200.0,18351.75,20250706
1000000500,214,1,,1684.0,3658,CANCELLED,ARS,56400.0,11844.0,1500.0,69744.0,20250411
1000000501,1242,2,1.0,3464.0,1,FULFILLED,ARS,30000.0,6300.0,0.0,36300.0,20240519
1000000502,1379,1,,1906.0,1555,PAID,ARS,21600.0,4536.0,900.0,27036.0,20241003
1000000503,1415,1,,1692.0,4058,FULFILLED,ARS,35280.0,7408.8,1200.0,43888.8,20250820
1000000504,511,1,,,3527,FULFILLED,ARS,22800.0,4788.0,900.0,28488.0,20250208
1000000505,920,2,2.0,2983.0,2,CANCELLED,ARS,34200.0,7182.0,0.0,41382.0,20250414
1000000506,69,1,,1038.0,1607,REFUNDED,ARS,35910.0,7541.1,1200.0,44651.1,20241206
1000000507,492,2,4.0,2300.0,4,PAID,ARS,15750.0,3307.5,0.0,19057.5,20250710
1000000508,523,1,,2401.0,2388,FULFILLED,ARS,19440.0,4082.4,900.0,24422.4,20240603
1000000509,1382,1,,3878.0,1056,FULFILLED,ARS,44100.0,9261.0,1500.0,54861.0,20250803
1000000510,310,1,,1989.0,3263,FULFILLED,ARS,60600.0,12726.0,1500.0,74826.0,20240902
1000000511,457,1,,3563.0,3646,PAID,ARS,49500.0,10395.0,0.0,59895.0,20240107
1000000512,396,1,,3137.0,3874,FULFILLED,ARS,11760.0,2469.6,900.0,15129.6,20250916
1000000513,538,2,3.0,,3,FULFILLED,ARS,26460.0,5556.6,0.0,32016.6,20241213
1000000514,6,2,1.0,3654.0,1,PAID,ARS,77100.0,16191.0,0.0,93291.0,20241013
1000000515,733,1,,2644.0,2417,FULFILLED,ARS,14850.0,3118.5,900.0,18868.5,20240101
1000000516,56,2,1.0,3419.0,1,FULFILLED,ARS,89280.0,18748.8,0.0,108028.8,20250318
1000000517,367,1,,1989.0,3616,FULFILLED,ARS,24000.0,5040.0,1500.0,30540.0,20240620
1000000518,812,2,1.0,3113.0,1,PAID,ARS,10800.0,2268.0,0.0,13068.0,20250622
1000000519,669,1,,3940.0,2406,PAID,ARS,49560.0,10407.6,900.0,60867.6,20240421
1000000520,566,1,,3106.0,3580,FULFILLED,ARS,80280.0,16858.8,1500.0,98638.8,20240129
1000000521,1055,1,,3919.0,3172,FULFILLED,ARS,52725.0,11072.25,0.0,63797.25,20240827
1000000522,577,1,,1639.0,4107,FULFILLED,ARS,36000.0,7560.0,900.0,44460.0,20240826
1000000523,689,2,3.0,3663.0,3,FULFILLED,ARS,23520.0,4939.2,0.0,28459.2,20240920
1000000524,787,2,4.0,2852.0,4,FULFILLED,ARS,45000.0,9450.0,0.0,54450.0,20240513
1000000525,32,1,,3146.0,3187,FULFILLED,ARS,21600.0,4536.0,900.0,27036.0,20240113
1000000526,434,1,,2425.0,2436,FULFILLED,ARS,44100.0,9261.0,900.0,54261.0,20240219
1000000527,1470,2,2.0,,2,FULFILLED,ARS,30000.0,6300.0,0.0,36300.0,20250519
1000000528,226,2,3.0,1626.0,3,FULFILLED,ARS,15000.0,3150.0,0.0,18150.0,20240222
1000000529,1190,1,,1511.0,4141,PAID,ARS,47760.0,10029.6,1200.0,58989.6,20241019
1000000530,1004,1,,3373.0,2331,FULFILLED,ARS,23520.0,4939.2,1500.0,29959.2,20240511
1000000531,1315,2,4.0,3701.0,4,REFUNDED,ARS,33000.0,6930.0,0.0,39930.0,20241209
1000000532,701,1,,,1062,FULFILLED,ARS,13500.0,2835.0,1200.0,17535.0,20241011
1000000533,843,1,,4008.0,2623,FULFILLED,ARS,34200.0,7182.0,1500.0,42882.0,20250428
1000000534,1167,1,,2323.0,1266,FULFILLED,ARS,20520.0,4309.2,0.0,24829.2,20250221
1000000535,681,1,,3276.0,2805,FULFILLED,ARS,48216.0,10125.36,1200.0,59541.36,20250409
1000000536,513,2,4.0,2154.0,4,FULFILLED,ARS,36000.0,7560.0,0.0,43560.0,20250302
1000000537,970,2,1.0,3537.0,1,FULFILLED,ARS,34020.0,7144.2,0.0,41164.2,20240830
1000000538,383,1,,1066.0,2756,PAID,ARS,24300.0,5103.0,1500.0,30903.0,20241216
1000000539,527,1,,3107.0,1701,FULFILLED,ARS,42768.0,8981.28,1500.0,53249.28,20250228
1000000540,757,1,,3522.0,1155,CANCELLED,ARS,10800.0,2268.0,0.0,13068.0,20250402
1000000541,12,2,3.0,3590.0,3,FULFILLED,ARS,12000.0,2520.0,0.0,14520.0,20241231
1000000542,1022,1,,1269.0,1563,FULFILLED,ARS,37044.0,7779.24,1200.0,46023.24,20240502
1000000543,619,1,,1087.0,3377,FULFILLED,ARS,14250.0,2992.5,1200.0,18442.5,20240727
1000000544,461,2,3.0,1997.0,3,FULFILLED,ARS,14850.0,3118.5,0.0,17968.5,20240323
1000000545,1454,2,1.0,3777.0,1,FULFILLED,ARS,24696.0,5186.16,0.0,29882.16,20250328
1000000546,1199,1,,1385.0,1402,FULFILLED,ARS,23760.0,4989.6,1200.0,29949.6,20241116
1000000547,1398,1,,,1087,FULFILLED,ARS,24000.0,5040.0,1200.0,30240.0,20250602
1000000548,401,1,,1135.0,1115,FULFILLED,ARS,29925.0,6284.25,900.0,37109.25,20250918
1000000549,1360,1,,,1279,FULFILLED,ARS,22800.0,4788.0,0.0,27588.0,20250314
1000000550,768,1,,1526.0,2339,FULFILLED,ARS,34020.0,7144.2,1500.0,42664.2,20250415
1000000551,295,1,,1740.0,1459,FULFILLED,ARS,34800.0,7308.0,1200.0,43308.0,20250929
1000000552,1270,2,2.0,,2,FULFILLED,ARS,21600.0,4536.0,0.0,26136.0,20250424
1000000553,999,2,3.0,2494.0,3,FULFILLED,ARS,36000.0,7560.0,0.0,43560.0,20240624
1000000554,264,1,,4148.0,1245,FULFILLED,ARS,44100.0,9261.0,1200.0,54561.0,20250525
1000000555,1372,1,,1602.0,3733,FULFILLED,ARS,13500.0,2835.0,1500.0,17835.0,20250801
1000000556,103,2,1.0,4054.0,1,PAID,ARS,29160.0,6123.6,0.0,35283.6,20250122
1000000557,493,2,3.0,2523.0,3,FULFILLED,ARS,29400.0,6174.0,0.0,35574.0,20240408
1000000558,136,2,4.0,3654.0,4,FULFILLED,ARS,45000.0,9450.0,0.0,54450.0,20240923
1000000559,1399,2,1.0,3778.0,1,PAID,ARS,58350.0,12253.5,0.0,70603.5,20250111
1000000560,1364,1,,3349.0,2349,FULFILLED,ARS,47250.0,9922.5,900.0,58072.5,20250508
1000000561,1437,1,,3110.0,1558,PAID,ARS,34200.0,7182.0,0.0,41382.0,20250315
1000000562,108,1,,1953.0,3453,FULFILLED,ARS,34200.0,7182.0,900.0,42282.0,20250604
1000000563,1480,2,2.0,2544.0,2,FULFILLED,ARS,12150.0,2551.5,0.0,14701.5,20240320
1000000564,1220,2,4.0,3748.0,4,FULFILLED,ARS,37200.0,7812.0,0.0,45012.0,20240513
1000000565,439,1,,2760.0,1294,CANCELLED,ARS,70500.0,14805.0,1200.0,86505.0,20240610
1000000566,68,1,,1846.0,1928,FULFILLED,ARS,22800.0,4788.0,1200.0,28788.0,20250409
1000000567,691,2,4.0,3998.0,4,FULFILLED,ARS,27000.0,5670.0,0.0,32670.0,20240805
1000000568,1039,2,4.0,2725.0,4,CREATED,ARS,30780.0,6463.8,0.0,37243.8,20240620
1000000569,1259,2,1.0,1096.0,1,FULFILLED,ARS,11400.0,2394.0,0.0,13794.0,20250511
1000000570,1373,2,1.0,3417.0,1,FULFILLED,ARS,28500.0,5985.0,0.0,34485.0,20240901
1000000571,274,2,3.0,4143.0,3,FULFILLED,ARS,13500.0,2835.0,0.0,16335.0,20240421
1000000572,1372,2,1.0,3702.0,1,FULFILLED,ARS,47250.0,9922.5,0.0,57172.5,20240901
1000000573,1385,1,,1028.0,3092,FULFILLED,ARS,35280.0,7408.8,900.0,43588.8,20240113
1000000574,433,1,,2005.0,3453,FULFILLED,ARS,32400.0,6804.0,1500.0,40704.0,20240328
1000000575,531,2,1.0,1012.0,1,CANCELLED,ARS,39690.0,8334.9,0.0,48024.9,20250429
1000000576,1152,1,,1061.0,2446,PAID,ARS,21600.0,4536.0,1200.0,27336.0,20240531
1000000577,1031,2,2.0,1298.0,2,FULFILLED,ARS,36000.0,7560.0,0.0,43560.0,20250115
1000000578,524,2,1.0,1161.0,1,FULFILLED,ARS,14962.5,3142.12,0.0,18104.62,20241118
1000000579,196,1,,2253.0,1275,FULFILLED,ARS,13200.0,2772.0,1200.0,17172.0,20250501
1000000580,90,1,,,1494,CANCELLED,ARS,57096.0,11990.16,1200.0,70286.16,20240507
1000000581,1426,1,,2635.0,1787,FULFILLED,ARS,13500.0,2835.0,1500.0,17835.0,20240331
1000000582,844,1,,2888.0,3493,FULFILLED,ARS,21600.0,4536.0,900.0,27036.0,20241007
1000000583,1440,1,,,2929,REFUNDED,ARS,35280.0,7408.8,900.0,43588.8,20241205
1000000584,978,1,,2616.0,2914,REFUNDED,ARS,25260.0,5304.6,900.0,31464.6,20240617
1000000585,1150,2,3.0,1173.0,3,FULFILLED,ARS,25800.0,5418.0,0.0,31218.0,20240520
1000000586,402,1,,,1804,PAID,ARS,41400.0,8694.0,900.0,50994.0,20250825
1000000587,334,2,2.0,,2,FULFILLED,ARS,16170.0,3395.7,0.0,19565.7,20241231
1000000588,99,1,,2276.0,2278,CREATED,ARS,65760.0,13809.6,1500.0,81069.6,20250219
1000000589,1420,2,1.0,2980.0,1,FULFILLED,ARS,25470.0,5348.7,0.0,30818.7,20250801
1000000590,903,1,,1014.0,2078,FULFILLED,ARS,57712.5,12119.62,1200.0,71032.12,20240629
1000000591,258,1,,,1650,FULFILLED,ARS,24000.0,5040.0,900.0,29940.0,20241025
1000000592,223,2,2.0,3678.0,2,CANCELLED,ARS,21600.0,4536.0,0.0,26136.0,20240223
1000000593,376,2,3.0,3616.0,3,FULFILLED,ARS,35280.0,7408.8,0.0,42688.8,20240805
1000000594,919,1,,1495.0,1843,FULFILLED,ARS,42750.0,8977.5,900.0,52627.5,20250312
1000000595,900,1,,1083.0,1037,FULFILLED,ARS,25695.0,5395.95,900.0,31990.95,20241109
1000000596,639,2,1.0,2835.0,1,FULFILLED,ARS,47025.0,9875.25,0.0,56900.25,20240812
1000000597,188,1,,3094.0,2539,FULFILLED,ARS,67620.0,14200.2,1200.0,83020.2,20240225
1000000598,147,2,4.0,1020.0,4,PAID,ARS,24696.0,5186.16,0.0,29882.16,20241023
1000000599,1119,1,,2332.0,1525,FULFILLED,ARS,45000.0,9450.0,1200.0,55650.0,20240229
1000000600,41,1,,2604.0,1724,PAID,ARS,40500.0,8505.0,0.0,49005.0,20250111
1000000601,589,1,,2103.0,3590,PAID,ARS,14250.0,2992.5,0.0,17242.5,20240905
1000000602,358,1,,3516.0,3065,FULFILLED,ARS,42525.0,8930.25,1200.0,52655.25,20241205
1000000603,358,1,,1137.0,2813,FULFILLED,ARS,33948.0,7129.08,0.0,41077.08,20250508
1000000604,855,1,,3606.0,1836,FULFILLED,ARS,48510.0,10187.1,1200.0,59897.1,20241028
1000000605,142,2,2.0,3957.0,2,FULFILLED,ARS,10584.0,2222.64,0.0,12806.64,20240613
1000000606,79,2,3.0,2540.0,3,FULFILLED,ARS,12150.0,2551.5,0.0,14701.5,20240219
1000000607,338,1,,2296.0,1439,FULFILLED,ARS,29160.0,6123.6,900.0,36183.6,20240602
1000000608,1019,2,1.0,1289.0,1,FULFILLED,ARS,54000.0,11340.0,0.0,65340.0,20241116
1000000609,590,2,2.0,1279.0,2,PAID,ARS,37620.0,7900.2,0.0,45520.2,20240525
1000000610,1120,1,,,3133,FULFILLED,ARS,71370.0,14987.7,1200.0,87557.7,20250426
1000000611,1154,1,,1218.0,3234,FULFILLED,ARS,23520.0,4939.2,1500.0,29959.2,20240816
1000000612,1228,1,,,1907,FULFILLED,ARS,32400.0,6804.0,900.0,40104.0,20250515
1000000613,172,1,,3423.0,2074,FULFILLED,ARS,25080.0,5266.8,900.0,31246.8,20250817
1000000614,593,2,3.0,2515.0,3,FULFILLED,ARS,74454.0,15635.34,0.0,90089.34,20250201
1000000615,681,2,2.0,3316.0,2,FULFILLED,ARS,30000.0,6300.0,0.0,36300.0,20240131
1000000616,840,1,,2279.0,1482,FULFILLED,ARS,48300.0,10143.0,0.0,58443.0,20250423
1000000617,1145,1,,2489.0,1031,PAID,ARS,31752.0,6667.92,900.0,39319.92,20240620
1000000618,412,1,,3748.0,3746,PAID,ARS,30000.0,6300.0,900.0,37200.0,20250115
1000000619,400,1,,2961.0,3861,FULFILLED,ARS,23520.0,4939.2,900.0,29359.2,20250727
1000000620,698,1,,1582.0,1177,FULFILLED,ARS,35280.0,7408.8,900.0,43588.8,20240220
1000000621,751,1,,3842.0,3746,FULFILLED,ARS,69300.0,14553.0,900.0,84753.0,20241024
1000000622,1495,1,,1602.0,1572,FULFILLED,ARS,55752.0,11707.92,1200.0,68659.92,20250617
1000000623,1207,1,,,2207,FULFILLED,ARS,84870.0,17822.7,1500.0,104192.7,20241018
1000000624,691,2,2.0,2896.0,2,FULFILLED,ARS,28500.0,5985.0,0.0,34485.0,20240616
1000000625,144,2,4.0,2758.0,4,FULFILLED,ARS,37500.0,7875.0,0.0,45375.0,20241105
1000000626,136,2,3.0,2085.0,3,FULFILLED,ARS,83340.0,17501.4,0.0,100841.4,20240709
1000000627,984,2,2.0,3213.0,2,FULFILLED,ARS,42525.0,8930.25,0.0,51455.25,20240228
1000000628,165,2,4.0,1263.0,4,FULFILLED,ARS,38808.0,8149.68,0.0,46957.68,20240702
1000000629,893,1,,1807.0,3278,PAID,ARS,60564.0,12718.44,0.0,73282.44,20250129
1000000630,1117,1,,2063.0,3468,FULFILLED,ARS,27000.0,5670.0,1200.0,33870.0,20250416
1000000631,992,2,3.0,2517.0,3,FULFILLED,ARS,36825.0,7733.25,0.0,44558.25,20240911
1000000632,1325,2,3.0,3103.0,3,FULFILLED,ARS,35280.0,7408.8,0.0,42688.8,20241014
1000000633,232,2,4.0,1968.0,4,FULFILLED,ARS,37044.0,7779.24,0.0,44823.24,20240730
1000000634,1051,1,,3102.0,2381,FULFILLED,ARS,39690.0,8334.9,900.0,48924.9,20240925
1000000635,809,2,1.0,3065.0,1,REFUNDED,ARS,70656.0,14837.76,0.0,85493.76,20250224
1000000636,442,1,,3908.0,1506,CANCELLED,ARS,21600.0,4536.0,0.0,26136.0,20241007
1000000637,385,2,4.0,3428.0,4,FULFILLED,ARS,31752.0,6667.92,0.0,38419.92,20250121
1000000638,24,2,3.0,2138.0,3,FULFILLED,ARS,28350.0,5953.5,0.0,34303.5,20240127
1000000639,548,2,3.0,2260.0,3,FULFILLED,ARS,44100.0,9261.0,0.0,53361.0,20240220
1000000640,1429,1,,3451.0,1207,CREATED,ARS,31350.0,6583.5,1500.0,39433.5,20240419
1000000641,1417,2,2.0,3160.0,2,FULFILLED,ARS,12348.0,2593.08,0.0,14941.08,20250221
1000000642,750,1,,,3561,FULFILLED,ARS,62910.0,13211.1,1500.0,77621.1,20240927
1000000643,1451,1,,3245.0,2884,FULFILLED,ARS,54525.0,11450.25,0.0,65975.25,20241013
1000000644,1147,1,,1268.0,2150,FULFILLED,ARS,19440.0,4082.4,1200.0,24722.4,20240210
1000000645,1489,1,,1630.0,3961,PAID,ARS,92310.0,19385.1,1500.0,113195.1,20250902
1000000646,1216,1,,4108.0,1034,FULFILLED,ARS,50280.0,10558.8,0.0,60838.8,20250316
1000000647,758,1,,1166.0,2405,CANCELLED,ARS,14700.0,3087.0,900.0,18687.0,20240723
1000000648,1297,1,,4065.0,2556,REFUNDED,ARS,45000.0,9450.0,1200.0,55650.0,20240724
1000000649,561,1,,3874.0,1567,FULFILLED,ARS,39600.0,8316.0,900.0,48816.0,20250707
1000000650,1017,1,,2177.0,3948,FULFILLED,ARS,30780.0,6463.8,900.0,38143.8,20250915
1000000651,404,1,,4022.0,1524,FULFILLED,ARS,10800.0,2268.0,900.0,13968.0,20250610
1000000652,31,2,4.0,3135.0,4,PAID,ARS,23520.0,4939.2,0.0,28459.2,20240824
1000000653,648,1,,2896.0,3728,FULFILLED,ARS,13500.0,2835.0,1500.0,17835.0,20250408
1000000654,157,1,,3157.0,3380,PAID,ARS,36000.0,7560.0,900.0,44460.0,20240820
1000000655,527,2,1.0,2938.0,1,FULFILLED,ARS,28350.0,5953.5,0.0,34303.5,20250219
1000000656,6,1,,1319.0,1611,PAID,ARS,14700.0,3087.0,900.0,18687.0,20250605
1000000657,108,1,,1115.0,1606,FULFILLED,ARS,34200.0,7182.0,1200.0,42582.0,20240609
1000000658,1469,1,,1880.0,2535,FULFILLED,ARS,41325.0,8678.25,900.0,50903.25,20240829
1000000659,414,2,3.0,3017.0,3,CANCELLED,ARS,25200.0,5292.0,0.0,30492.0,20241204
1000000660,1285,1,,3448.0,2140,FULFILLED,ARS,87637.5,18403.88,0.0,106041.38,20240409
1000000661,1394,1,,2181.0,4197,FULFILLED,ARS,31350.0,6583.5,1500.0,39433.5,20240531
1000000662,473,2,2.0,3948.0,2,FULFILLED,ARS,12150.0,2551.5,0.0,14701.5,20241113
1000000663,366,2,1.0,3236.0,1,CANCELLED,ARS,11760.0,2469.6,0.0,14229.6,20240610
1000000664,1394,1,,1191.0,1400,FULFILLED,ARS,45000.0,9450.0,1500.0,55950.0,20250419
1000000665,1484,2,1.0,1327.0,1,FULFILLED,ARS,32340.0,6791.4,0.0,39131.4,20250410
1000000666,171,1,,3485.0,4125,FULFILLED,ARS,23520.0,4939.2,1200.0,29659.2,20250527
1000000667,1262,2,3.0,3756.0,3,FULFILLED,ARS,27000.0,5670.0,0.0,32670.0,20250628
1000000668,1123,1,,2259.0,2918,CANCELLED,ARS,32400.0,6804.0,1500.0,40704.0,20240913
1000000669,343,1,,1464.0,3758,FULFILLED,ARS,56700.0,11907.0,1200.0,69807.0,20240915
1000000670,1433,1,,2042.0,3550,PAID,ARS,32400.0,6804.0,0.0,39204.0,20240619
1000000671,1100,1,,1512.0,3304,FULFILLED,ARS,24000.0,5040.0,1200.0,30240.0,20240503
1000000672,73,1,,2287.0,4079,FULFILLED,ARS,12540.0,2633.4,900.0,16073.4,20240417
1000000673,1165,2,3.0,3480.0,3,FULFILLED,ARS,44100.0,9261.0,0.0,53361.0,20250621
1000000674,383,2,3.0,4029.0,3,FULFILLED,ARS,40500.0,8505.0,0.0,49005.0,20250717
1000000675,1313,1,,2300.0,1119,FULFILLED,ARS,24000.0,5040.0,1500.0,30540.0,20250621
1000000676,997,2,2.0,1593.0,2,FULFILLED,ARS,48510.0,10187.1,0.0,58697.1,20241027
1000000677,3,2,1.0,4121.0,1,FULFILLED,ARS,62460.0,13116.6,0.0,75576.6,20241217
1000000678,323,1,,3057.0,3574,FULFILLED,ARS,25200.0,5292.0,1200.0,31692.0,20240522
1000000679,961,1,,4052.0,1119,FULFILLED,ARS,40500.0,8505.0,1200.0,50205.0,20240416
1000000680,1130,2,2.0,,2,FULFILLED,ARS,35910.0,7541.1,0.0,43451.1,20241206
1000000681,318,1,,2448.0,2667,FULFILLED,ARS,45000.0,9450.0,1200.0,55650.0,20241108
1000000682,579,2,3.0,1284.0,3,FULFILLED,ARS,58995.0,12388.95,0.0,71383.95,20240211
1000000683,1341,1,,2086.0,1105,FULFILLED,ARS,19440.0,4082.4,900.0,24422.4,20240330
1000000684,350,1,,3232.0,1845,FULFILLED,ARS,55125.0,11576.25,1200.0,67901.25,20240527
1000000685,810,1,,2909.0,4058,FULFILLED,ARS,27000.0,5670.0,1500.0,34170.0,20241024
1000000686,1289,2,2.0,3687.0,2,FULFILLED,ARS,40500.0,8505.0,0.0,49005.0,20240829
1000000687,567,2,2.0,1929.0,2,CANCELLED,ARS,21600.0,4536.0,0.0,26136.0,20240710
1000000688,797,1,,1647.0,3199,FULFILLED,ARS,14700.0,3087.0,1200.0,18987.0,20250825
1000000689,1169,1,,1843.0,3159,PAID,ARS,103740.0,21785.4,1500.0,127025.4,20240621
1000000690,326,1,,1383.0,3240,FULFILLED,ARS,72480.0,15220.8,0.0,87700.8,20250916
1000000691,97,2,3.0,3515.0,3,FULFILLED,ARS,35910.0,7541.1,0.0,43451.1,20250219
1000000692,1158,2,2.0,2496.0,2,FULFILLED,ARS,21600.0,4536.0,0.0,26136.0,20240108
1000000693,293,1,,3902.0,3652,FULFILLED,ARS,24000.0,5040.0,1200.0,30240.0,20240213
1000000694,788,2,2.0,1714.0,2,FULFILLED,ARS,35280.0,7408.8,0.0,42688.8,20250619
1000000695,881,2,1.0,1784.0,1,FULFILLED,ARS,14700.0,3087.0,0.0,17787.0,20240907
1000000696,1345,1,,3746.0,1987,FULFILLED,ARS,45000.0,9450.0,1500.0,55950.0,20250429
1000000697,660,2,1.0,2544.0,1,PAID,ARS,14250.0,2992.5,0.0,17242.5,20250406
1000000698,954,1,,3573.0,2709,REFUNDED,ARS,13500.0,2835.0,900.0,17235.0,20240222
1000000699,889,2,4.0,3944.0,4,FULFILLED,ARS,48900.0,10269.0,0.0,59169.0,20241016
1000000700,396,1,,1137.0,2149,FULFILLED,ARS,32340.0,6791.4,900.0,40031.4,20250417
1000000701,1425,2,3.0,3603.0,3,FULFILLED,ARS,11400.0,2394.0,0.0,13794.0,20240309
1000000702,1147,2,3.0,,3,FULFILLED,ARS,25080.0,5266.8,0.0,30346.8,20240809
1000000703,1368,2,4.0,2974.0,4,FULFILLED,ARS,15000.0,3150.0,0.0,18150.0,20241206
1000000704,601,1,,1613.0,2872,FULFILLED,ARS,35280.0,7408.8,1200.0,43888.8,20240219
1000000705,767,1,,2707.0,3458,CANCELLED,ARS,60600.0,12726.0,900.0,74226.0,20241026
1000000706,949,2,2.0,1794.0,2,PAID,ARS,38475.0,8079.75,0.0,46554.75,20250911
1000000707,1242,1,,4033.0,1250,FULFILLED,ARS,44887.5,9426.38,900.0,55213.88,20240626
1000000708,1110,1,,1503.0,3385,REFUNDED,ARS,11760.0,2469.6,1200.0,15429.6,20250314
1000000709,164,2,1.0,2687.0,1,REFUNDED,ARS,15000.0,3150.0,0.0,18150.0,20250616
1000000710,762,2,4.0,2593.0,4,PAID,ARS,11760.0,2469.6,0.0,14229.6,20250104
1000000711,1116,1,,1019.0,2839,PAID,ARS,67680.0,14212.8,1200.0,83092.8,20240629
1000000712,937,1,,3689.0,2065,FULFILLED,ARS,44887.5,9426.38,1200.0,55513.88,20240215
1000000713,1052,2,3.0,1920.0,3,FULFILLED,ARS,29160.0,6123.6,0.0,35283.6,20241015
1000000714,899,1,,,3145,FULFILLED,ARS,14700.0,3087.0,1500.0,19287.0,20250829
1000000715,1406,2,4.0,4128.0,4,FULFILLED,ARS,12000.0,2520.0,0.0,14520.0,20240105
1000000716,586,1,,1959.0,2637,FULFILLED,ARS,25200.0,5292.0,1200.0,31692.0,20240312
1000000717,1415,1,,2953.0,3946,FULFILLED,ARS,40110.0,8423.1,900.0,49433.1,20240217
1000000718,391,1,,3146.0,1346,PAID,ARS,66690.0,14004.9,1200.0,81894.9,20240518
1000000719,1041,2,2.0,1969.0,2,REFUNDED,ARS,25872.0,5433.12,0.0,31305.12,20240822
1000000720,458,1,,3104.0,2773,FULFILLED,ARS,54000.0,11340.0,0.0,65340.0,20250815
1000000721,604,1,,1711.0,3533,FULFILLED,ARS,36000.0,7560.0,1200.0,44760.0,20240925
1000000722,624,1,,3015.0,3932,CANCELLED,ARS,28500.0,5985.0,1200.0,35685.0,20241130
1000000723,1028,1,,3349.0,3465,FULFILLED,ARS,21168.0,4445.28,900.0,26513.28,20240414
1000000724,504,1,,3243.0,3999,FULFILLED,ARS,13500.0,2835.0,1200.0,17535.0,20250501
1000000725,193,2,4.0,1200.0,4,FULFILLED,ARS,12936.0,2716.56,0.0,15652.56,20250531
1000000726,121,1,,3450.0,3390,PAID,ARS,32400.0,6804.0,1500.0,40704.0,20240704
1000000727,1302,1,,3920.0,1169,FULFILLED,ARS,23520.0,4939.2,900.0,29359.2,20250618
1000000728,1495,1,,3144.0,1958,FULFILLED,ARS,77805.0,16339.05,1200.0,95344.05,20241026
1000000729,958,1,,3214.0,3439,FULFILLED,ARS,55050.0,11560.5,1200.0,67810.5,20240804
1000000730,1024,2,3.0,3908.0,3,FULFILLED,ARS,50280.0,10558.8,0.0,60838.8,20250826
1000000731,814,2,3.0,2706.0,3,FULFILLED,ARS,10800.0,2268.0,0.0,13068.0,20250224
1000000732,1036,1,,2353.0,4029,FULFILLED,ARS,36000.0,7560.0,900.0,44460.0,20240109
1000000733,640,1,,3700.0,1871,FULFILLED,ARS,21168.0,4445.28,1500.0,27113.28,20240528
1000000734,915,1,,3968.0,1654,FULFILLED,ARS,31500.0,6615.0,0.0,38115.0,20240212
1000000735,544,2,1.0,3579.0,1,FULFILLED,ARS,44100.0,9261.0,0.0,53361.0,20250603
1000000736,483,2,3.0,,3,FULFILLED,ARS,12000.0,2520.0,0.0,14520.0,20250807
1000000737,878,2,2.0,1418.0,2,FULFILLED,ARS,78660.0,16518.6,0.0,95178.6,20250305
1000000738,820,1,,2615.0,3051,FULFILLED,ARS,10260.0,2154.6,1200.0,13614.6,20241215
1000000739,879,2,4.0,2608.0,4,FULFILLED,ARS,12825.0,2693.25,0.0,15518.25,20240310
1000000740,1468,2,2.0,3388.0,2,FULFILLED,ARS,64680.0,13582.8,0.0,78262.8,20240419
1000000741,440,1,,2500.0,2329,CANCELLED,ARS,44100.0,9261.0,1200.0,54561.0,20240830
1000000742,1295,1,,3838.0,2535,REFUNDED,ARS,10800.0,2268.0,0.0,13068.0,20240710
1000000743,1123,1,,4122.0,2520,FULFILLED,ARS,13500.0,2835.0,900.0,17235.0,20240809
1000000744,1006,1,,2491.0,1133,FULFILLED,ARS,42660.0,8958.6,900.0,52518.6,20240720
1000000745,217,1,,4049.0,1208,PAID,ARS,21600.0,4536.0,1200.0,27336.0,20250116
1000000746,258,1,,2517.0,1938,FULFILLED,ARS,45630.0,9582.3,1200.0,56412.3,20250101
1000000747,751,2,1.0,2917.0,1,FULFILLED,ARS,24000.0,5040.0,0.0,29040.0,20240629
1000000748,955,2,2.0,1715.0,2,PAID,ARS,12600.0,2646.0,0.0,15246.0,20250224
1000000749,867,1,,1009.0,3175,FULFILLED,ARS,26400.0,5544.0,1500.0,33444.0,20241029
1000000750,584,1,,2231.0,1744,FULFILLED,ARS,42525.0,8930.25,900.0,52355.25,20240926
1000000751,99,2,2.0,2275.0,2,FULFILLED,ARS,44100.0,9261.0,0.0,53361.0,20250703
1000000752,593,1,,1468.0,2818,FULFILLED,ARS,32400.0,6804.0,1500.0,40704.0,20250122
1000000753,868,1,,,3966,FULFILLED,ARS,36000.0,7560.0,1200.0,44760.0,20250727
1000000754,903,2,3.0,1270.0,3,FULFILLED,ARS,117900.0,24759.0,0.0,142659.0,20250911
1000000755,445,1,,,2191,FULFILLED,ARS,60840.0,12776.4,1200.0,74816.4,20250825
1000000756,857,1,,2329.0,3772,FULFILLED,ARS,55272.0,11607.12,900.0,67779.12,20250816
1000000757,633,2,4.0,1577.0,4,CANCELLED,ARS,35910.0,7541.1,0.0,43451.1,20241231
1000000758,1428,1,,1329.0,3468,FULFILLED,ARS,44100.0,9261.0,900.0,54261.0,20240817
1000000759,196,1,,2507.0,3336,FULFILLED,ARS,27000.0,5670.0,1500.0,34170.0,20240103
1000000760,212,1,,4040.0,1608,PAID,ARS,23520.0,4939.2,1200.0,29659.2,20241216
1000000761,925,1,,1867.0,3465,FULFILLED,ARS,12540.0,2633.4,900.0,16073.4,20250426
1000000762,698,1,,3318.0,3439,FULFILLED,ARS,20520.0,4309.2,1200.0,26029.2,20250330
1000000763,1135,1,,3822.0,3756,FULFILLED,ARS,34020.0,7144.2,1200.0,42364.2,20240507
1000000764,165,1,,2847.0,1909,FULFILLED,ARS,36000.0,7560.0,900.0,44460.0,20240912
1000000765,960,1,,2048.0,4156,FULFILLED,ARS,45000.0,9450.0,900.0,55350.0,20241116
1000000766,696,1,,1781.0,1521,REFUNDED,ARS,31752.0,6667.92,0.0,38419.92,20240906
1000000767,436,1,,1910.0,1119,FULFILLED,ARS,10260.0,2154.6,0.0,12414.6,20241025
1000000768,1393,1,,2154.0,3810,PAID,ARS,11760.0,2469.6,900.0,15129.6,20250928
1000000769,127,1,,3967.0,1878,FULFILLED,ARS,24000.0,5040.0,1200.0,30240.0,20241227
1000000770,326,1,,2983.0,3347,FULFILLED,ARS,15675.0,3291.75,1200.0,20166.75,20241225
1000000771,912,2,2.0,2035.0,2,PAID,ARS,24000.0,5040.0,0.0,29040.0,20250521
1000000772,1041,1,,1330.0,4189,FULFILLED,ARS,40500.0,8505.0,900.0,49905.0,20240722
1000000773,130,1,,4188.0,2991,FULFILLED,ARS,23940.0,5027.4,900.0,29867.4,20250503
1000000774,422,1,,3738.0,3135,FULFILLED,ARS,39600.0,8316.0,0.0,47916.0,20241121
1000000775,110,2,3.0,2637.0,3,FULFILLED,ARS,43200.0,9072.0,0.0,52272.0,20240229
1000000776,1043,1,,1947.0,2706,FULFILLED,ARS,32400.0,6804.0,900.0,40104.0,20240107
1000000777,841,2,1.0,,1,FULFILLED,ARS,28350.0,5953.5,0.0,34303.5,20250130
1000000778,4,1,,2325.0,3918,FULFILLED,ARS,10800.0,2268.0,1200.0,14268.0,20240804
1000000779,1307,1,,1345.0,3188,PAID,ARS,22800.0,4788.0,0.0,27588.0,20241123
1000000780,1113,2,3.0,1365.0,3,CANCELLED,ARS,34200.0,7182.0,0.0,41382.0,20250811
1000000781,1490,1,,3306.0,3434,FULFILLED,ARS,79152.0,16621.92,900.0,96673.92,20250125
1000000782,435,2,1.0,2619.0,1,FULFILLED,ARS,10800.0,2268.0,0.0,13068.0,20250211
1000000783,905,1,,,3981,REFUNDED,ARS,53580.0,11251.8,900.0,65731.8,20250206
1000000784,724,1,,2630.0,3927,FULFILLED,ARS,21168.0,4445.28,1200.0,26813.28,20250421
1000000785,1436,1,,2103.0,3105,PAID,ARS,42750.0,8977.5,0.0,51727.5,20240406
1000000786,904,1,,3434.0,2635,FULFILLED,ARS,81450.0,17104.5,1200.0,99754.5,20240712
1000000787,1186,2,1.0,2620.0,1,FULFILLED,ARS,23520.0,4939.2,0.0,28459.2,20241027
1000000788,941,1,,3601.0,3126,FULFILLED,ARS,87300.0,18333.0,900.0,106533.0,20240916
1000000789,564,1,,1099.0,2001,FULFILLED,ARS,53760.0,11289.6,1200.0,66249.6,20250628
1000000790,965,1,,,2589,FULFILLED,ARS,14250.0,2992.5,900.0,18142.5,20250629
1000000791,595,1,,3519.0,2568,FULFILLED,ARS,15000.0,3150.0,900.0,19050.0,20240515
1000000792,445,1,,,3666,FULFILLED,ARS,51600.0,10836.0,1200.0,63636.0,20241111
1000000793,987,1,,1131.0,2613,REFUNDED,ARS,42750.0,8977.5,0.0,51727.5,20240814
1000000794,874,2,3.0,1736.0,3,FULFILLED,ARS,72900.0,15309.0,0.0,88209.0,20250427
1000000795,1493,2,4.0,2576.0,4,FULFILLED,ARS,11400.0,2394.0,0.0,13794.0,20250902
1000000796,677,1,,2605.0,1365,CANCELLED,ARS,79032.0,16596.72,900.0,96528.72,20240412
1000000797,1247,2,3.0,2070.0,3,FULFILLED,ARS,60252.0,12652.92,0.0,72904.92,20240111
1000000798,616,2,3.0,4105.0,3,FULFILLED,ARS,13500.0,2835.0,0.0,16335.0,20250311
1000000799,718,1,,3151.0,4134,FULFILLED,ARS,24000.0,5040.0,900.0,29940.0,20240205
1000000800,1366,1,,1830.0,3179,FULFILLED,ARS,36000.0,7560.0,1200.0,44760.0,20250411
1000000801,765,1,,1052.0,2872,PAID,ARS,22140.0,4649.4,900.0,27689.4,20250223
1000000802,633,2,4.0,1465.0,4,FULFILLED,ARS,22800.0,4788.0,0.0,27588.0,20250507
1000000803,807,1,,3304.0,1924,PAID,ARS,47250.0,9922.5,1200.0,58372.5,20250918
1000000804,175,1,,4019.0,1086,FULFILLED,ARS,11760.0,2469.6,900.0,15129.6,20240218
1000000805,544,1,,2817.0,3793,CANCELLED,ARS,10260.0,2154.6,1500.0,13914.6,20241018
1000000806,1226,2,2.0,2720.0,2,FULFILLED,ARS,27000.0,5670.0,0.0,32670.0,20240730
1000000807,268,2,2.0,1143.0,2,CANCELLED,ARS,35280.0,7408.8,0.0,42688.8,20250518
1000000808,290,2,1.0,4111.0,1,PAID,ARS,13500.0,2835.0,0.0,16335.0,20240222
1000000809,642,2,1.0,4019.0,1,PAID,ARS,46680.0,9802.8,0.0,56482.8,20240720
1000000810,884,2,3.0,3650.0,3,FULFILLED,ARS,29400.0,6174.0,0.0,35574.0,20250304
1000000811,1175,2,4.0,2358.0,4,PAID,ARS,23520.0,4939.2,0.0,28459.2,20250808
1000000812,48,1,,1801.0,3041,FULFILLED,ARS,29400.0,6174.0,1500.0,37074.0,20250110
1000000813,62,1,,1627.0,1220,FULFILLED,ARS,25200.0,5292.0,1200.0,31692.0,20241009
1000000814,671,1,,1542.0,1278,FULFILLED,ARS,21600.0,4536.0,900.0,27036.0,20241017
1000000815,590,1,,1415.0,3428,FULFILLED,ARS,33240.0,6980.4,0.0,40220.4,20250619
1000000816,1202,2,4.0,,4,FULFILLED,ARS,42750.0,8977.5,0.0,51727.5,20250428
1000000817,958,2,4.0,1124.0,4,PAID,ARS,12000.0,2520.0,0.0,14520.0,20250217
1000000818,57,1,,3965.0,1469,FULFILLED,ARS,45000.0,9450.0,1200.0,55650.0,20250417
1000000819,917,2,3.0,2271.0,3,FULFILLED,ARS,60270.0,12656.7,0.0,72926.7,20250705
1000000820,907,2,2.0,3402.0,2,FULFILLED,ARS,56448.0,11854.08,0.0,68302.08,20240304
1000000821,599,1,,4131.0,2303,FULFILLED,ARS,52800.0,11088.0,1500.0,65388.0,20241005
1000000822,1494,1,,2054.0,1638,FULFILLED,ARS,20520.0,4309.2,900.0,25729.2,20240713
1000000823,852,1,,3544.0,2364,FULFILLED,ARS,12150.0,2551.5,900.0,15601.5,20240112
1000000824,16,1,,3363.0,1687,FULFILLED,ARS,22680.0,4762.8,1200.0,28642.8,20250325
1000000825,112,1,,1631.0,3777,FULFILLED,ARS,58065.0,12193.65,1500.0,71758.65,20240126
1000000826,858,2,1.0,2344.0,1,PAID,ARS,37800.0,7938.0,0.0,45738.0,20241104
1000000827,761,1,,,1130,FULFILLED,ARS,12936.0,2716.56,900.0,16552.56,20241128
1000000828,1163,1,,1964.0,1220,FULFILLED,ARS,62190.0,13059.9,1200.0,76449.9,20240922
1000000829,1413,2,4.0,3081.0,4,FULFILLED,ARS,59400.0,12474.0,0.0,71874.0,20241213
1000000830,1475,2,3.0,1097.0,3,PAID,ARS,10800.0,2268.0,0.0,13068.0,20240626
1000000831,168,1,,1509.0,2339,PAID,ARS,34200.0,7182.0,1200.0,42582.0,20241004
1000000832,1336,2,2.0,2922.0,2,FULFILLED,ARS,24000.0,5040.0,0.0,29040.0,20240318
1000000833,1092,2,3.0,2222.0,3,FULFILLED,ARS,39690.0,8334.9,0.0,48024.9,20250919
1000000834,685,1,,4092.0,2446,FULFILLED,ARS,69384.0,14570.64,1200.0,85154.64,20240624
1000000835,689,1,,2283.0,4115,FULFILLED,ARS,14962.5,3142.12,0.0,18104.62,20241215
1000000836,239,1,,4139.0,4187,REFUNDED,ARS,57720.0,12121.2,900.0,70741.2,20241109
1000000837,1437,1,,,2679,PAID,ARS,21600.0,4536.0,1200.0,27336.0,20241213
1000000838,303,2,2.0,3932.0,2,FULFILLED,ARS,32400.0,6804.0,0.0,39204.0,20250228
1000000839,591,1,,2965.0,1368,FULFILLED,ARS,45000.0,9450.0,1200.0,55650.0,20250415
1000000840,291,1,,1531.0,1393,FULFILLED,ARS,32340.0,6791.4,1200.0,40331.4,20250718
1000000841,1224,1,,4059.0,2507,CANCELLED,ARS,29925.0,6284.25,1500.0,37709.25,20240223
1000000842,313,1,,4106.0,3719,FULFILLED,ARS,36000.0,7560.0,0.0,43560.0,20250604
1000000843,1411,1,,1547.0,3792,FULFILLED,ARS,35640.0,7484.4,1500.0,44624.4,20240313
1000000844,30,1,,1228.0,2363,FULFILLED,ARS,12348.0,2593.08,1200.0,16141.08,20250804
1000000845,1371,1,,1081.0,4103,PAID,ARS,34650.0,7276.5,0.0,41926.5,20240828
1000000846,167,1,,2800.0,3481,PAID,ARS,21168.0,4445.28,0.0,25613.28,20250826
1000000847,281,1,,2805.0,1550,FULFILLED,ARS,23940.0,5027.4,900.0,29867.4,20240501
1000000848,64,1,,3871.0,3123,FULFILLED,ARS,22680.0,4762.8,1200.0,28642.8,20250725
1000000849,172,2,3.0,1185.0,3,REFUNDED,ARS,13230.0,2778.3,0.0,16008.3,20250223
1000000850,637,1,,4124.0,2094,CANCELLED,ARS,45000.0,9450.0,900.0,55350.0,20241202
1000000851,1006,1,,3268.0,1239,FULFILLED,ARS,28500.0,5985.0,1200.0,35685.0,20240809
1000000852,539,2,2.0,3733.0,2,FULFILLED,ARS,16500.0,3465.0,0.0,19965.0,20240327
1000000853,590,1,,1573.0,2073,PAID,ARS,44550.0,9355.5,1500.0,55405.5,20250728
1000000854,1294,2,2.0,3700.0,2,FULFILLED,ARS,22230.0,4668.3,0.0,26898.3,20250814
1000000855,60,2,2.0,1905.0,2,FULFILLED,ARS,45000.0,9450.0,0.0,54450.0,20240403
1000000856,136,1,,2621.0,1618,REFUNDED,ARS,27000.0,5670.0,1200.0,33870.0,20250513
1000000857,1356,1,,,1176,FULFILLED,ARS,27000.0,5670.0,1200.0,33870.0,20250806
1000000858,371,1,,2101.0,3005,FULFILLED,ARS,10800.0,2268.0,1200.0,14268.0,20240328
1000000859,1406,2,2.0,3619.0,2,FULFILLED,ARS,46305.0,9724.05,0.0,56029.05,20250816
1000000860,1104,1,,1706.0,2818,FULFILLED,ARS,20520.0,4309.2,900.0,25729.2,20250212
1000000861,817,1,,4029.0,3400,REFUNDED,ARS,11970.0,2513.7,0.0,14483.7,20241223
1000000862,240,1,,3782.0,3998,FULFILLED,ARS,40500.0,8505.0,900.0,49905.0,20250606
1000000863,476,1,,1374.0,3369,CREATED,ARS,44040.0,9248.4,900.0,54188.4,20241024
1000000864,1115,1,,3127.0,3816,FULFILLED,ARS,113778.0,23893.38,1200.0,138871.38,20240425
1000000865,412,1,,1329.0,1366,FULFILLED,ARS,45000.0,9450.0,1200.0,55650.0,20250215
1000000866,671,2,4.0,3979.0,4,FULFILLED,ARS,32400.0,6804.0,0.0,39204.0,20250618
1000000867,328,2,1.0,3333.0,1,CANCELLED,ARS,34200.0,7182.0,0.0,41382.0,20240518
1000000868,371,1,,2865.0,3867,FULFILLED,ARS,29400.0,6174.0,900.0,36474.0,20240905
1000000869,1048,1,,2044.0,3909,PAID,ARS,12825.0,2693.25,1200.0,16718.25,20240424
1000000870,1259,1,,,1500,FULFILLED,ARS,40584.0,8522.64,1200.0,50306.64,20250223
1000000871,397,2,3.0,1342.0,3,FULFILLED,ARS,41175.0,8646.75,0.0,49821.75,20250602
1000000872,470,1,,2340.0,1787,FULFILLED,ARS,29400.0,6174.0,900.0,36474.0,20250423
1000000873,555,2,4.0,3461.0,4,FULFILLED,ARS,21168.0,4445.28,0.0,25613.28,20250208
1000000874,1257,2,2.0,2241.0,2,FULFILLED,ARS,11970.0,2513.7,0.0,14483.7,20240412
1000000875,757,1,,1882.0,1523,FULFILLED,ARS,40500.0,8505.0,1200.0,50205.0,20250321
1000000876,216,1,,4168.0,2600,FULFILLED,ARS,44280.0,9298.8,1200.0,54778.8,20240407
1000000877,1176,2,1.0,2293.0,1,FULFILLED,ARS,27000.0,5670.0,0.0,32670.0,20241027
1000000878,2,2,1.0,3756.0,1,FULFILLED,ARS,12000.0,2520.0,0.0,14520.0,20240525
1000000879,1295,2,4.0,3314.0,4,FULFILLED,ARS,9720.0,2041.2,0.0,11761.2,20250401
1000000880,1335,2,3.0,3535.0,3,FULFILLED,ARS,19440.0,4082.4,0.0,23522.4,20240821
1000000881,1445,2,3.0,1994.0,3,FULFILLED,ARS,44040.0,9248.4,0.0,53288.4,20240315
1000000882,691,1,,3269.0,3972,FULFILLED,ARS,10260.0,2154.6,1200.0,13614.6,20240731
1000000883,780,1,,2254.0,1083,FULFILLED,ARS,50242.5,10550.92,900.0,61693.42,20240824
1000000884,338,1,,2012.0,1026,FULFILLED,ARS,13200.0,2772.0,1200.0,17172.0,20250709
1000000885,380,1,,3566.0,1305,PAID,ARS,21600.0,4536.0,1200.0,27336.0,20240206
1000000886,582,1,,4134.0,1374,PAID,ARS,43650.0,9166.5,1500.0,54316.5,20241225
1000000887,711,1,,2239.0,3335,FULFILLED,ARS,42750.0,8977.5,0.0,51727.5,20241221
1000000888,991,1,,3716.0,2899,CANCELLED,ARS,14962.5,3142.12,1200.0,19304.62,20250818
1000000889,500,2,4.0,3459.0,4,FULFILLED,ARS,44100.0,9261.0,0.0,53361.0,20241015
1000000890,99,2,2.0,3062.0,2,FULFILLED,ARS,25200.0,5292.0,0.0,30492.0,20240813
1000000891,1002,1,,2270.0,3357,FULFILLED,ARS,33000.0,6930.0,900.0,40830.0,20241018
1000000892,1310,1,,3535.0,2322,FULFILLED,ARS,36000.0,7560.0,900.0,44460.0,20250814
1000000893,1276,2,2.0,2103.0,2,CREATED,ARS,42750.0,8977.5,0.0,51727.5,20250609
1000000894,307,1,,1870.0,3096,FULFILLED,ARS,64500.0,13545.0,900.0,78945.0,20240123
1000000895,1133,2,4.0,2249.0,4,FULFILLED,ARS,23520.0,4939.2,0.0,28459.2,20240602
1000000896,1234,2,3.0,3954.0,3,FULFILLED,ARS,80400.0,16884.0,0.0,97284.0,20250827
1000000897,573,2,3.0,3044.0,3,FULFILLED,ARS,31752.0,6667.92,0.0,38419.92,20250929
1000000898,1008,1,,3142.0,1445,FULFILLED,ARS,25230.0,5298.3,1200.0,31728.3,20240610
1000000899,1124,1,,4185.0,3069,FULFILLED,ARS,23520.0,4939.2,1200.0,29659.2,20240508
1000000900,139,1,,2768.0,3574,FULFILLED,ARS,86850.0,18238.5,1200.0,106288.5,20240514
1000000901,771,2,1.0,1038.0,1,PAID,ARS,11340.0,2381.4,0.0,13721.4,20250225
1000000902,960,2,3.0,2379.0,3,FULFILLED,ARS,60870.0,12782.7,0.0,73652.7,20240113
1000000903,210,2,2.0,2718.0,2,FULFILLED,ARS,48936.0,10276.56,0.0,59212.56,20250915
1000000904,498,2,1.0,3743.0,1,FULFILLED,ARS,14850.0,3118.5,0.0,17968.5,20250411
1000000905,1058,1,,4114.0,4175,FULFILLED,ARS,68625.0,14411.25,900.0,83936.25,20240711
1000000906,350,1,,2304.0,2426,PAID,ARS,36000.0,7560.0,1200.0,44760.0,20250109
1000000907,4,2,2.0,1210.0,2,FULFILLED,ARS,59250.0,12442.5,0.0,71692.5,20250412
1000000908,200,2,4.0,2343.0,4,FULFILLED,ARS,10800.0,2268.0,0.0,13068.0,20240505
1000000909,474,1,,3591.0,1409,PAID,ARS,24696.0,5186.16,1500.0,31382.16,20250109
1000000910,1073,2,1.0,3490.0,1,FULFILLED,ARS,12348.0,2593.08,0.0,14941.08,20240526
1000000911,679,1,,1317.0,2246,FULFILLED,ARS,12000.0,2520.0,1500.0,16020.0,20241008
1000000912,564,1,,2231.0,3304,REFUNDED,ARS,74088.0,15558.48,900.0,90546.48,20240410
1000000913,981,2,1.0,2592.0,1,PAID,ARS,51696.0,10856.16,0.0,62552.16,20240330
1000000914,560,1,,2786.0,3446,CANCELLED,ARS,33000.0,6930.0,900.0,40830.0,20250717
1000000915,403,2,3.0,3654.0,3,FULFILLED,ARS,12000.0,2520.0,0.0,14520.0,20240727
1000000916,228,2,2.0,1606.0,2,FULFILLED,ARS,33570.0,7049.7,0.0,40619.7,20241227
1000000917,331,1,,3049.0,1211,FULFILLED,ARS,40500.0,8505.0,1200.0,50205.0,20240617
1000000918,555,2,4.0,,4,FULFILLED,ARS,36450.0,7654.5,0.0,44104.5,20250610
1000000919,641,1,,2744.0,1761,FULFILLED,ARS,29250.0,6142.5,1500.0,36892.5,20250212
1000000920,1450,1,,4062.0,2383,FULFILLED,ARS,23520.0,4939.2,1200.0,29659.2,20250729
1000000921,591,2,1.0,3587.0,1,FULFILLED,ARS,36000.0,7560.0,0.0,43560.0,20250405
1000000922,934,2,2.0,1961.0,2,FULFILLED,ARS,11340.0,2381.4,0.0,13721.4,20250817
1000000923,316,2,1.0,2970.0,1,PAID,ARS,10800.0,2268.0,0.0,13068.0,20250517
1000000924,774,1,,,2590,FULFILLED,ARS,51600.0,10836.0,1200.0,63636.0,20240831
1000000925,1049,1,,3160.0,3464,FULFILLED,ARS,21600.0,4536.0,1200.0,27336.0,20250719
1000000926,592,1,,3926.0,4153,FULFILLED,ARS,66780.0,14023.8,1500.0,82303.8,20240211
1000000927,797,1,,4046.0,1521,FULFILLED,ARS,62340.0,13091.4,1200.0,76631.4,20250413
1000000928,1287,1,,,3754,CANCELLED,ARS,21600.0,4536.0,1200.0,27336.0,20240201
1000000929,405,1,,1705.0,2689,FULFILLED,ARS,35280.0,7408.8,1500.0,44188.8,20241205
1000000930,1023,1,,2745.0,3060,FULFILLED,ARS,83790.0,17595.9,1500.0,102885.9,20241212
1000000931,649,1,,2438.0,1619,FULFILLED,ARS,29160.0,6123.6,1200.0,36483.6,20250405
1000000932,772,2,4.0,,4,CANCELLED,ARS,19440.0,4082.4,0.0,23522.4,20250609
1000000933,1290,2,1.0,2526.0,1,FULFILLED,ARS,10260.0,2154.6,0.0,12414.6,20240718
1000000934,1001,1,,,3495,FULFILLED,ARS,27000.0,5670.0,900.0,33570.0,20241210
1000000935,611,1,,2484.0,1355,FULFILLED,ARS,10260.0,2154.6,1500.0,13914.6,20240817
1000000936,1414,1,,2570.0,2649,FULFILLED,ARS,13500.0,2835.0,0.0,16335.0,20240701
1000000937,888,1,,2891.0,3158,PAID,ARS,11880.0,2494.8,0.0,14374.8,20250318
1000000938,40,1,,3175.0,4165,FULFILLED,ARS,12540.0,2633.4,1200.0,16373.4,20241215
1000000939,186,1,,2935.0,2904,PAID,ARS,24000.0,5040.0,1200.0,30240.0,20250216
1000000940,58,2,3.0,2801.0,3,FULFILLED,ARS,26235.0,5509.35,0.0,31744.35,20240109
1000000941,1072,1,,1670.0,4161,FULFILLED,ARS,45000.0,9450.0,900.0,55350.0,20250530
1000000942,818,1,,1535.0,1249,FULFILLED,ARS,36000.0,7560.0,900.0,44460.0,20240115
1000000943,1267,2,4.0,1536.0,4,FULFILLED,ARS,32400.0,6804.0,0.0,39204.0,20250401
1000000944,1101,2,1.0,2925.0,1,FULFILLED,ARS,11760.0,2469.6,0.0,14229.6,20240606
1000000945,1466,2,2.0,3663.0,2,FULFILLED,ARS,11760.0,2469.6,0.0,14229.6,20240520
1000000946,1471,2,2.0,2385.0,2,FULFILLED,ARS,54390.0,11421.9,0.0,65811.9,20240104
1000000947,4,2,4.0,3564.0,4,CREATED,ARS,91260.0,19164.6,0.0,110424.6,20240423
1000000948,142,2,4.0,4123.0,4,FULFILLED,ARS,40500.0,8505.0,0.0,49005.0,20240131
1000000949,1018,2,3.0,1619.0,3,FULFILLED,ARS,37800.0,7938.0,0.0,45738.0,20240424
1000000950,1305,1,,1253.0,1029,FULFILLED,ARS,45000.0,9450.0,1200.0,55650.0,20250118
1000000951,174,2,4.0,,4,FULFILLED,ARS,12000.0,2520.0,0.0,14520.0,20241204
1000000952,371,2,4.0,2466.0,4,FULFILLED,ARS,32400.0,6804.0,0.0,39204.0,20250723
1000000953,1174,1,,2828.0,3787,FULFILLED,ARS,39658.5,8328.28,0.0,47986.78,20240425
1000000954,640,2,4.0,1960.0,4,FULFILLED,ARS,41400.0,8694.0,0.0,50094.0,20250929
1000000955,58,2,1.0,3345.0,1,FULFILLED,ARS,42750.0,8977.5,0.0,51727.5,20250908
1000000956,494,1,,,1701,FULFILLED,ARS,40500.0,8505.0,1200.0,50205.0,20240610
1000000957,1416,1,,1076.0,3116,FULFILLED,ARS,22800.0,4788.0,900.0,28488.0,20240810
1000000958,680,1,,,3786,PAID,ARS,21168.0,4445.28,1500.0,27113.28,20250403
1000000959,693,1,,2951.0,1414,CANCELLED,ARS,31752.0,6667.92,1200.0,39619.92,20241031
1000000960,728,2,2.0,2976.0,2,FULFILLED,ARS,24000.0,5040.0,0.0,29040.0,20250622
1000000961,1011,1,,1603.0,4049,FULFILLED,ARS,22800.0,4788.0,900.0,28488.0,20240401
1000000962,787,2,1.0,1993.0,1,FULFILLED,ARS,66420.0,13948.2,0.0,80368.2,20250815
1000000963,564,1,,4161.0,2655,FULFILLED,ARS,10800.0,2268.0,900.0,13968.0,20250428
1000000964,509,1,,1462.0,2379,FULFILLED,ARS,15435.0,3241.35,1200.0,19876.35,20250909
1000000965,1280,2,3.0,3395.0,3,FULFILLED,ARS,11760.0,2469.6,0.0,14229.6,20250731
1000000966,1119,2,1.0,1782.0,1,PAID,ARS,46305.0,9724.05,0.0,56029.05,20241111
1000000967,1393,1,,1775.0,4181,FULFILLED,ARS,37044.0,7779.24,1200.0,46023.24,20250710
1000000968,1392,1,,1800.0,2505,PAID,ARS,25200.0,5292.0,1200.0,31692.0,20240828
1000000969,331,2,3.0,4044.0,3,FULFILLED,ARS,59700.0,12537.0,0.0,72237.0,20240331
1000000970,16,1,,3300.0,1277,FULFILLED,ARS,57348.0,12043.08,1200.0,70591.08,20240416
1000000971,655,1,,2112.0,3715,FULFILLED,ARS,29400.0,6174.0,1500.0,37074.0,20250920
1000000972,1220,1,,4193.0,1988,FULFILLED,ARS,12150.0,2551.5,1200.0,15901.5,20240412
1000000973,833,1,,1310.0,3336,FULFILLED,ARS,24000.0,5040.0,900.0,29940.0,20250304
1000000974,1418,1,,,2228,FULFILLED,ARS,15435.0,3241.35,0.0,18676.35,20250914
1000000975,671,2,2.0,3848.0,2,FULFILLED,ARS,44100.0,9261.0,0.0,53361.0,20240723
1000000976,727,2,3.0,1179.0,3,FULFILLED,ARS,36000.0,7560.0,0.0,43560.0,20240122
1000000977,734,1,,2488.0,1858,FULFILLED,ARS,55800.0,11718.0,1500.0,69018.0,20250604
1000000978,1158,1,,,1034,CREATED,ARS,28350.0,5953.5,1200.0,35503.5,20240913
1000000979,635,2,1.0,3886.0,1,FULFILLED,ARS,30000.0,6300.0,0.0,36300.0,20250901
1000000980,549,1,,2360.0,3950,FULFILLED,ARS,14962.5,3142.12,900.0,19004.62,20250514
1000000981,863,2,4.0,2208.0,4,FULFILLED,ARS,59220.0,12436.2,0.0,71656.2,20250513
1000000982,917,2,1.0,,1,FULFILLED,ARS,11340.0,2381.4,0.0,13721.4,20240702
1000000983,884,1,,3984.0,2223,REFUNDED,ARS,37800.0,7938.0,0.0,45738.0,20240724
1000000984,783,1,,1380.0,2605,FULFILLED,ARS,34200.0,7182.0,1500.0,42882.0,20241031
1000000985,1080,2,4.0,1559.0,4,CANCELLED,ARS,59137.5,12418.88,0.0,71556.38,20250128
1000000986,195,1,,2461.0,2918,FULFILLED,ARS,46305.0,9724.05,900.0,56929.05,20240408
1000000987,81,2,1.0,2209.0,1,FULFILLED,ARS,71505.0,15016.05,0.0,86521.05,20240413
1000000988,299,2,4.0,3814.0,4,REFUNDED,ARS,49776.0,10452.96,0.0,60228.96,20241224
1000000989,293,1,,1369.0,2734,PAID,ARS,78048.0,16390.08,0.0,94438.08,20240326
1000000990,1318,2,2.0,3006.0,2,FULFILLED,ARS,52500.0,11025.0,0.0,63525.0,20250803
1000000991,1176,1,,1912.0,2796,FULFILLED,ARS,22680.0,4762.8,900.0,28342.8,20240425
1000000992,435,2,2.0,1500.0,2,FULFILLED,ARS,20520.0,4309.2,0.0,24829.2,20250905
1000000993,1209,2,1.0,1169.0,1,FULFILLED,ARS,11880.0,2494.8,0.0,14374.8,20250303
1000000994,664,2,2.0,1838.0,2,FULFILLED,ARS,27750.0,5827.5,0.0,33577.5,20241017
1000000995,1375,1,,3283.0,1432,FULFILLED,ARS,24000.0,5040.0,1200.0,30240.0,20240406
1000000996,866,1,,3772.0,1378,FULFILLED,ARS,44100.0,9261.0,1200.0,54561.0,20250922
1000000997,582,1,,3909.0,2332,FULFILLED,ARS,64620.0,13570.2,1200.0,79390.2,20240805
1000000998,505,2,3.0,3705.0,3,CANCELLED,ARS,23760.0,4989.6,0.0,28749.6,20240211
1000000999,353,2,2.0,,2,PAID,ARS,36000.0,7560.0,0.0,43560.0,20250521
1000001000,990,1,,3027.0,3400,FULFILLED,ARS,11400.0,2394.0,1200.0,14994.0,20240208
1000001001,648,1,,1039.0,2811,FULFILLED,ARS,30000.0,6300.0,1200.0,37500.0,20241207
1000001002,596,1,,,2466,REFUNDED,ARS,76425.0,16049.25,0.0,92474.25,20250925
1000001003,276,1,,2365.0,4047,FULFILLED,ARS,34200.0,7182.0,900.0,42282.0,20240813
1000001004,478,1,,3791.0,2111,FULFILLED,ARS,42750.0,8977.5,900.0,52627.5,20241201
1000001005,1207,2,4.0,2320.0,4,FULFILLED,ARS,15000.0,3150.0,0.0,18150.0,20240709
1000001006,533,1,,2620.0,1442,FULFILLED,ARS,10800.0,2268.0,1500.0,14568.0,20240920
1000001007,1393,2,4.0,,4,FULFILLED,ARS,59250.0,12442.5,0.0,71692.5,20250725
1000001008,843,1,,4175.0,3725,FULFILLED,ARS,59160.0,12423.6,1200.0,72783.6,20240906
1000001009,252,2,1.0,1650.0,1,FULFILLED,ARS,38946.0,8178.66,0.0,47124.66,20250904
1000001010,787,2,1.0,3369.0,1,FULFILLED,ARS,53580.0,11251.8,0.0,64831.8,20240913
1000001011,16,1,,1719.0,1488,FULFILLED,ARS,30000.0,6300.0,900.0,37200.0,20240516
1000001012,324,1,,2964.0,1633,FULFILLED,ARS,40500.0,8505.0,1500.0,50505.0,20250728
1000001013,601,2,1.0,,1,FULFILLED,ARS,28200.0,5922.0,0.0,34122.0,20250912
1000001014,1368,2,1.0,1717.0,1,FULFILLED,ARS,49800.0,10458.0,0.0,60258.0,20240301
1000001015,1306,2,2.0,3385.0,2,FULFILLED,ARS,30000.0,6300.0,0.0,36300.0,20240209
1000001016,339,1,,1729.0,1253,FULFILLED,ARS,35280.0,7408.8,1200.0,43888.8,20250518
1000001017,1108,2,2.0,3565.0,2,FULFILLED,ARS,24300.0,5103.0,0.0,29403.0,20240922
1000001018,1154,1,,1337.0,1920,PAID,ARS,21600.0,4536.0,1200.0,27336.0,20241106
1000001019,527,1,,3580.0,3993,FULFILLED,ARS,70200.0,14742.0,1500.0,86442.0,20241231
1000001020,319,1,,,3987,REFUNDED,ARS,72525.0,15230.25,0.0,87755.25,20240817
1000001021,756,2,4.0,2279.0,4,PAID,ARS,24720.0,5191.2,0.0,29911.2,20241013
1000001022,299,1,,2494.0,3416,FULFILLED,ARS,14700.0,3087.0,1500.0,19287.0,20250425
1000001023,317,1,,4116.0,3460,CANCELLED,ARS,49500.0,10395.0,900.0,60795.0,20241111
1000001024,917,2,3.0,3074.0,3,FULFILLED,ARS,14700.0,3087.0,0.0,17787.0,20241210
1000001025,1378,2,1.0,2851.0,1,FULFILLED,ARS,24000.0,5040.0,0.0,29040.0,20241128
1000001026,416,1,,1875.0,4138,FULFILLED,ARS,29400.0,6174.0,0.0,35574.0,20241018
1000001027,962,1,,2605.0,1578,FULFILLED,ARS,20520.0,4309.2,1200.0,26029.2,20250622
1000001028,453,1,,2759.0,4083,FULFILLED,ARS,25650.0,5386.5,1200.0,32236.5,20240110
1000001029,113,1,,4036.0,1573,CREATED,ARS,24000.0,5040.0,900.0,29940.0,20240719
1000001030,645,1,,2366.0,1886,FULFILLED,ARS,44100.0,9261.0,900.0,54261.0,20240105
1000001031,1212,1,,1711.0,2229,CANCELLED,ARS,44100.0,9261.0,1200.0,54561.0,20240406
1000001032,468,2,4.0,2529.0,4,CANCELLED,ARS,38808.0,8149.68,0.0,46957.68,20241125
1000001033,183,1,,2218.0,2862,FULFILLED,ARS,50544.0,10614.24,900.0,62058.24,20240626
1000001034,1096,1,,1105.0,3978,REFUNDED,ARS,15435.0,3241.35,0.0,18676.35,20250512
1000001035,1436,2,1.0,3618.0,1,CREATED,ARS,56880.0,11944.8,0.0,68824.8,20241111
1000001036,1404,1,,3794.0,3668,FULFILLED,ARS,23520.0,4939.2,1200.0,29659.2,20240707
1000001037,134,1,,1396.0,1190,FULFILLED,ARS,22800.0,4788.0,900.0,28488.0,20240226
1000001038,691,1,,1744.0,1570,CANCELLED,ARS,35280.0,7408.8,1200.0,43888.8,20240725
1000001039,92,1,,1557.0,3305,FULFILLED,ARS,85500.0,17955.0,1500.0,104955.0,20250226
1000001040,1288,1,,,1472,FULFILLED,ARS,15750.0,3307.5,1500.0,20557.5,20250212
1000001041,918,1,,3022.0,2387,FULFILLED,ARS,10800.0,2268.0,900.0,13968.0,20250309
1000001042,370,1,,3023.0,3202,FULFILLED,ARS,41160.0,8643.6,900.0,50703.6,20240125
1000001043,1206,1,,1828.0,2557,FULFILLED,ARS,23760.0,4989.6,900.0,29649.6,20250218
1000001044,104,2,2.0,2666.0,2,FULFILLED,ARS,29400.0,6174.0,0.0,35574.0,20250210
1000001045,1356,2,2.0,3727.0,2,FULFILLED,ARS,47940.0,10067.4,0.0,58007.4,20240915
1000001046,1059,1,,,2788,FULFILLED,ARS,60618.0,12729.78,1200.0,74547.78,20250311
1000001047,642,1,,2764.0,3945,FULFILLED,ARS,30780.0,6463.8,1500.0,38743.8,20250905
1000001048,138,1,,1557.0,1640,FULFILLED,ARS,52500.0,11025.0,1500.0,65025.0,20240206
1000001049,484,2,4.0,3726.0,4,FULFILLED,ARS,36000.0,7560.0,0.0,43560.0,20240417
1000001050,888,1,,2638.0,3934,FULFILLED,ARS,25872.0,5433.12,1500.0,32805.12,20240912
1000001051,264,2,2.0,3250.0,2,REFUNDED,ARS,27000.0,5670.0,0.0,32670.0,20250429
1000001052,1409,1,,2427.0,3651,CANCELLED,ARS,34200.0,7182.0,1200.0,42582.0,20241030
1000001053,1072,2,4.0,2410.0,4,FULFILLED,ARS,24000.0,5040.0,0.0,29040.0,20250211
1000001054,417,1,,2900.0,3690,FULFILLED,ARS,19440.0,4082.4,1200.0,24722.4,20250826
1000001055,642,1,,1283.0,2466,FULFILLED,ARS,23940.0,5027.4,900.0,29867.4,20240802
1000001056,1047,1,,2262.0,1979,FULFILLED,ARS,71280.0,14968.8,0.0,86248.8,20250918
1000001057,1412,1,,3083.0,1920,FULFILLED,ARS,29925.0,6284.25,1500.0,37709.25,20240130
1000001058,1394,1,,3258.0,1407,CANCELLED,ARS,40560.0,8517.6,1200.0,50277.6,20250831
1000001059,1215,2,1.0,1318.0,1,FULFILLED,ARS,89055.0,18701.55,0.0,107756.55,20240201
1000001060,649,2,1.0,3843.0,1,FULFILLED,ARS,15750.0,3307.5,0.0,19057.5,20241021
1000001061,1031,2,1.0,3074.0,1,CANCELLED,ARS,24000.0,5040.0,0.0,29040.0,20240521
1000001062,315,1,,1206.0,1031,FULFILLED,ARS,11400.0,2394.0,900.0,14694.0,20250523
1000001063,1076,2,4.0,2366.0,4,FULFILLED,ARS,28650.0,6016.5,0.0,34666.5,20240614
1000001064,1245,2,1.0,3229.0,1,FULFILLED,ARS,10800.0,2268.0,0.0,13068.0,20240221
1000001065,679,1,,2480.0,3701,CREATED,ARS,14700.0,3087.0,900.0,18687.0,20250826
1000001066,248,1,,3153.0,1722,CANCELLED,ARS,21600.0,4536.0,1200.0,27336.0,20250908
1000001067,958,1,,1790.0,2501,FULFILLED,ARS,24000.0,5040.0,900.0,29940.0,20240503
1000001068,740,2,4.0,2738.0,4,CANCELLED,ARS,60696.0,12746.16,0.0,73442.16,20241216
1000001069,800,1,,3008.0,1940,FULFILLED,ARS,30000.0,6300.0,1200.0,37500.0,20250312
1000001070,1427,2,1.0,3.0,1,FULFILLED,ARS,42150.0,8851.5,0.0,51001.5,20250330
1000001071,1379,1,,3855.0,2253,FULFILLED,ARS,29400.0,6174.0,1200.0,36774.0,20240707
1000001072,54,1,,1919.0,3165,CREATED,ARS,80100.0,16821.0,900.0,97821.0,20250316
1000001073,66,1,,3346.0,1358,CREATED,ARS,30450.0,6394.5,900.0,37744.5,20240626
1000001074,447,2,3.0,1615.0,3,FULFILLED,ARS,49500.0,10395.0,0.0,59895.0,20240210
1000001075,1351,1,,1234.0,3661,PAID,ARS,42525.0,8930.25,1200.0,52655.25,20250110
1000001076,161,1,,2497.0,3376,FULFILLED,ARS,14250.0,2992.5,1200.0,18442.5,20240602
1000001077,545,1,,1974.0,1274,FULFILLED,ARS,75540.0,15863.4,0.0,91403.4,20241121
1000001078,1248,1,,3799.0,3070,FULFILLED,ARS,25650.0,5386.5,900.0,31936.5,20250211
1000001079,513,2,3.0,3398.0,3,CANCELLED,ARS,40500.0,8505.0,0.0,49005.0,20250224
1000001080,397,1,,2813.0,1276,FULFILLED,ARS,10800.0,2268.0,1200.0,14268.0,20241216
1000001081,1015,1,,1676.0,2223,FULFILLED,ARS,42120.0,8845.2,1200.0,52165.2,20240113
1000001082,1200,1,,1855.0,3456,CANCELLED,ARS,37620.0,7900.2,1200.0,46720.2,20241026
1000001083,23,1,,1920.0,2018,FULFILLED,ARS,23760.0,4989.6,1500.0,30249.6,20240201
1000001084,1029,1,,,1884,FULFILLED,ARS,42750.0,8977.5,900.0,52627.5,20241008
1000001085,819,1,,3445.0,1501,FULFILLED,ARS,39600.0,8316.0,1200.0,49116.0,20240220
1000001086,494,1,,4050.0,3746,FULFILLED,ARS,52800.0,11088.0,900.0,64788.0,20240429
1000001087,1406,2,1.0,1022.0,1,FULFILLED,ARS,24000.0,5040.0,0.0,29040.0,20250823
1000001088,1177,1,,,2754,CANCELLED,ARS,40500.0,8505.0,1200.0,50205.0,20250731
1000001089,1234,1,,1879.0,1082,FULFILLED,ARS,10260.0,2154.6,1200.0,13614.6,20250921
1000001090,520,1,,2052.0,3292,FULFILLED,ARS,34200.0,7182.0,900.0,42282.0,20250914
1000001091,810,2,2.0,2423.0,2,FULFILLED,ARS,25650.0,5386.5,0.0,31036.5,20241011
1000001092,468,1,,3851.0,2802,FULFILLED,ARS,25200.0,5292.0,1500.0,31992.0,20241219
1000001093,1331,2,3.0,3827.0,3,FULFILLED,ARS,47040.0,9878.4,0.0,56918.4,20250327
1000001094,145,2,4.0,1315.0,4,REFUNDED,ARS,25200.0,5292.0,0.0,30492.0,20250418
1000001095,39,1,,2853.0,3726,FULFILLED,ARS,12000.0,2520.0,1200.0,15720.0,20250330
1000001096,175,1,,,2319,REFUNDED,ARS,47700.0,10017.0,0.0,57717.0,20240126
1000001097,276,2,3.0,,3,FULFILLED,ARS,15000.0,3150.0,0.0,18150.0,20240418
1000001098,1054,1,,1862.0,1711,FULFILLED,ARS,62775.0,13182.75,900.0,76857.75,20240720
1000001099,690,2,2.0,3641.0,2,FULFILLED,ARS,11400.0,2394.0,0.0,13794.0,20250610
1000001100,828,1,,2467.0,1198,FULFILLED,ARS,22800.0,4788.0,0.0,27588.0,20250719
1000001101,302,2,4.0,3008.0,4,FULFILLED,ARS,97320.0,20437.2,0.0,117757.2,20240329
1000001102,604,1,,1397.0,3491,FULFILLED,ARS,10584.0,2222.64,1200.0,14006.64,20240707
1000001103,298,1,,1238.0,2871,FULFILLED,ARS,12936.0,2716.56,900.0,16552.56,20240206
1000001104,887,2,3.0,4169.0,3,FULFILLED,ARS,14700.0,3087.0,0.0,17787.0,20250702
1000001105,1083,1,,2930.0,3253,FULFILLED,ARS,27000.0,5670.0,0.0,32670.0,20241206
1000001106,859,1,,2726.0,3616,FULFILLED,ARS,45000.0,9450.0,900.0,55350.0,20241103
1000001107,220,2,4.0,3989.0,4,FULFILLED,ARS,39600.0,8316.0,0.0,47916.0,20240824
1000001108,774,2,2.0,2896.0,2,CANCELLED,ARS,38475.0,8079.75,0.0,46554.75,20240711
1000001109,547,1,,2662.0,2599,FULFILLED,ARS,24000.0,5040.0,1200.0,30240.0,20240803
1000001110,1127,2,2.0,2538.0,2,PAID,ARS,53568.0,11249.28,0.0,64817.28,20240725
1000001111,839,1,,2336.0,2115,REFUNDED,ARS,22800.0,4788.0,900.0,28488.0,20250308
1000001112,771,2,3.0,2252.0,3,FULFILLED,ARS,14962.5,3142.12,0.0,18104.62,20250723
1000001113,1296,2,4.0,3891.0,4,REFUNDED,ARS,42750.0,8977.5,0.0,51727.5,20250506
1000001114,447,1,,2694.0,3970,FULFILLED,ARS,48150.0,10111.5,900.0,59161.5,20250422
1000001115,158,2,3.0,1364.0,3,FULFILLED,ARS,32340.0,6791.4,0.0,39131.4,20240605
1000001116,1169,1,,2793.0,1826,FULFILLED,ARS,39600.0,8316.0,1200.0,49116.0,20250806
1000001117,1010,2,4.0,2187.0,4,FULFILLED,ARS,22800.0,4788.0,0.0,27588.0,20250614
1000001118,758,2,1.0,2362.0,1,FULFILLED,ARS,11340.0,2381.4,0.0,13721.4,20250128
1000001119,974,2,2.0,1560.0,2,FULFILLED,ARS,29400.0,6174.0,0.0,35574.0,20240216
1000001120,978,2,2.0,3325.0,2,FULFILLED,ARS,37800.0,7938.0,0.0,45738.0,20250518
1000001121,447,2,4.0,1842.0,4,FULFILLED,ARS,26400.0,5544.0,0.0,31944.0,20240313
1000001122,660,1,,4180.0,2537,FULFILLED,ARS,24360.0,5115.6,0.0,29475.6,20240822
1000001123,918,2,3.0,3548.0,3,FULFILLED,ARS,12936.0,2716.56,0.0,15652.56,20241010
1000001124,1015,1,,3121.0,3593,FULFILLED,ARS,37044.0,7779.24,1200.0,46023.24,20250418
1000001125,641,1,,3010.0,1217,PAID,ARS,15000.0,3150.0,900.0,19050.0,20250803
1000001126,1184,1,,1284.0,1079,FULFILLED,ARS,37044.0,7779.24,900.0,45723.24,20241117
1000001127,1355,1,,3879.0,3872,FULFILLED,ARS,36000.0,7560.0,0.0,43560.0,20241011
1000001128,1399,2,3.0,,3,FULFILLED,ARS,21600.0,4536.0,0.0,26136.0,20241026
1000001129,333,2,1.0,2452.0,1,PAID,ARS,49608.0,10417.68,0.0,60025.68,20241005
1000001130,214,2,1.0,1099.0,1,FULFILLED,ARS,23520.0,4939.2,0.0,28459.2,20250913
1000001131,1010,2,3.0,2163.0,3,FULFILLED,ARS,15675.0,3291.75,0.0,18966.75,20250326
1000001132,531,2,2.0,1774.0,2,CREATED,ARS,11340.0,2381.4,0.0,13721.4,20250306
1000001133,232,1,,2074.0,2832,FULFILLED,ARS,24696.0,5186.16,0.0,29882.16,20250520
1000001134,545,1,,2370.0,1370,FULFILLED,ARS,47250.0,9922.5,1500.0,58672.5,20250928
1000001135,414,1,,3385.0,2633,FULFILLED,ARS,14700.0,3087.0,0.0,17787.0,20240413
1000001136,14,1,,1004.0,4105,FULFILLED,ARS,15000.0,3150.0,0.0,18150.0,20241114
1000001137,1059,1,,3456.0,1317,PAID,ARS,29400.0,6174.0,1200.0,36774.0,20250618
1000001138,1008,1,,2789.0,2756,PAID,ARS,40500.0,8505.0,1200.0,50205.0,20240914
1000001139,1470,1,,2338.0,3086,FULFILLED,ARS,29160.0,6123.6,1200.0,36483.6,20240803
1000001140,146,1,,2549.0,2640,FULFILLED,ARS,32400.0,6804.0,1200.0,40404.0,20250103
1000001141,365,1,,3703.0,1515,FULFILLED,ARS,25200.0,5292.0,1200.0,31692.0,20250625
1000001142,1098,2,2.0,2519.0,2,FULFILLED,ARS,32400.0,6804.0,0.0,39204.0,20250209
1000001143,1146,1,,1363.0,1030,FULFILLED,ARS,34200.0,7182.0,900.0,42282.0,20250818
1000001144,1109,2,1.0,4005.0,1,FULFILLED,ARS,37620.0,7900.2,0.0,45520.2,20250705
1000001145,308,2,1.0,,1,PAID,ARS,47250.0,9922.5,0.0,57172.5,20250912
1000001146,578,2,1.0,2883.0,1,FULFILLED,ARS,47250.0,9922.5,0.0,57172.5,20250726
1000001147,697,1,,2852.0,3465,CREATED,ARS,15000.0,3150.0,900.0,19050.0,20250623
1000001148,110,1,,1725.0,1515,FULFILLED,ARS,46080.0,9676.8,900.0,56656.8,20250129
1000001149,427,1,,3333.0,3612,FULFILLED,ARS,48510.0,10187.1,1200.0,59897.1,20241129
1000001150,695,1,,,2216,FULFILLED,ARS,27825.0,5843.25,0.0,33668.25,20240419
1000001151,493,1,,2602.0,1423,CANCELLED,ARS,21600.0,4536.0,0.0,26136.0,20240119
1000001152,776,1,,2732.0,1431,PAID,ARS,26460.0,5556.6,900.0,32916.6,20241003
1000001153,1278,1,,3247.0,1018,FULFILLED,ARS,31752.0,6667.92,900.0,39319.92,20240227
1000001154,297,1,,1977.0,3635,FULFILLED,ARS,46305.0,9724.05,1500.0,57529.05,20241231
1000001155,1455,2,3.0,3115.0,3,FULFILLED,ARS,32400.0,6804.0,0.0,39204.0,20240522
1000001156,728,1,,1988.0,1490,FULFILLED,ARS,103500.0,21735.0,900.0,126135.0,20241009
1000001157,62,2,1.0,1751.0,1,REFUNDED,ARS,44887.5,9426.38,0.0,54313.88,20250511
1000001158,1071,2,3.0,1136.0,3,FULFILLED,ARS,37800.0,7938.0,0.0,45738.0,20240717
1000001159,880,1,,3794.0,3292,FULFILLED,ARS,22800.0,4788.0,0.0,27588.0,20250823
1000001160,77,1,,3563.0,3512,PAID,ARS,34200.0,7182.0,0.0,41382.0,20240415
1000001161,1138,1,,2685.0,1705,FULFILLED,ARS,35640.0,7484.4,1200.0,44324.4,20240419
1000001162,1500,2,3.0,3389.0,3,FULFILLED,ARS,24000.0,5040.0,0.0,29040.0,20250318
1000001163,688,1,,2388.0,2717,REFUNDED,ARS,74250.0,15592.5,1500.0,91342.5,20240410
1000001164,598,2,4.0,2941.0,4,FULFILLED,ARS,12000.0,2520.0,0.0,14520.0,20240118
1000001165,477,2,3.0,1008.0,3,REFUNDED,ARS,14700.0,3087.0,0.0,17787.0,20240225
1000001166,936,1,,2234.0,2667,FULFILLED,ARS,25080.0,5266.8,900.0,31246.8,20241216
1000001167,244,1,,,3520,FULFILLED,ARS,91800.0,19278.0,1500.0,112578.0,20240716
1000001168,1360,1,,1525.0,2253,PAID,ARS,12000.0,2520.0,1200.0,15720.0,20250219
1000001169,449,1,,3594.0,2344,FULFILLED,ARS,36000.0,7560.0,1200.0,44760.0,20240412
1000001170,659,2,4.0,3844.0,4,FULFILLED,ARS,36000.0,7560.0,0.0,43560.0,20240807
1000001171,457,2,2.0,2308.0,2,CANCELLED,ARS,66372.0,13938.12,0.0,80310.12,20250430
1000001172,136,1,,3927.0,2124,FULFILLED,ARS,59670.0,12530.7,1500.0,73700.7,20250622
1000001173,1171,2,2.0,1003.0,2,FULFILLED,ARS,24696.0,5186.16,0.0,29882.16,20250717
1000001174,171,1,,1458.0,3276,PAID,ARS,32400.0,6804.0,900.0,40104.0,20250113
1000001175,425,1,,3844.0,3381,CANCELLED,ARS,28500.0,5985.0,1200.0,35685.0,20250818
1000001176,333,1,,,3464,PAID,ARS,81150.0,17041.5,1200.0,99391.5,20250527
1000001177,1466,1,,2258.0,1960,FULFILLED,ARS,45000.0,9450.0,1200.0,55650.0,20240913
1000001178,336,1,,2760.0,1516,FULFILLED,ARS,72900.0,15309.0,0.0,88209.0,20240302
1000001179,1296,1,,1480.0,2486,FULFILLED,ARS,38475.0,8079.75,1200.0,47754.75,20250621
1000001180,514,1,,,3010,FULFILLED,ARS,31752.0,6667.92,0.0,38419.92,20240820
1000001181,951,1,,2331.0,3518,FULFILLED,ARS,15000.0,3150.0,1200.0,19350.0,20250215
1000001182,1126,2,1.0,1963.0,1,FULFILLED,ARS,40500.0,8505.0,0.0,49005.0,20240910
1000001183,802,1,,1745.0,2238,FULFILLED,ARS,70200.0,14742.0,1200.0,86142.0,20240705
1000001184,1382,1,,3001.0,3701,PAID,ARS,28500.0,5985.0,1500.0,35985.0,20250326
1000001185,1142,2,1.0,3051.0,1,FULFILLED,ARS,28500.0,5985.0,0.0,34485.0,20241115
1000001186,1408,2,2.0,3949.0,2,FULFILLED,ARS,57000.0,11970.0,0.0,68970.0,20240202
1000001187,61,1,,,2773,FULFILLED,ARS,11760.0,2469.6,1500.0,15729.6,20250303
1000001188,239,1,,3569.0,2938,FULFILLED,ARS,68100.0,14301.0,900.0,83301.0,20250806
1000001189,304,2,3.0,2241.0,3,FULFILLED,ARS,27000.0,5670.0,0.0,32670.0,20240504
1000001190,133,1,,2365.0,2620,PAID,ARS,34200.0,7182.0,0.0,41382.0,20240422
1000001191,1280,1,,3838.0,4049,FULFILLED,ARS,21600.0,4536.0,0.0,26136.0,20250125
1000001192,687,1,,1830.0,2996,FULFILLED,ARS,32400.0,6804.0,1500.0,40704.0,20250123
1000001193,577,2,1.0,1871.0,1,FULFILLED,ARS,69000.0,14490.0,0.0,83490.0,20240923
1000001194,1414,1,,1221.0,1640,PAID,ARS,46260.0,9714.6,1200.0,57174.6,20240412
1000001195,286,1,,2679.0,1421,FULFILLED,ARS,11880.0,2494.8,0.0,14374.8,20240526
1000001196,675,2,3.0,4124.0,3,CANCELLED,ARS,78000.0,16380.0,0.0,94380.0,20240904
1000001197,775,2,2.0,1238.0,2,FULFILLED,ARS,31752.0,6667.92,0.0,38419.92,20250312
1000001198,1224,1,,1368.0,3669,REFUNDED,ARS,13500.0,2835.0,1200.0,17535.0,20250207
1000001199,822,1,,,2417,FULFILLED,ARS,29400.0,6174.0,1200.0,36774.0,20241211
1000001200,839,1,,,3630,REFUNDED,ARS,15000.0,3150.0,1200.0,19350.0,20240501
1000001201,353,1,,1421.0,2664,CREATED,ARS,22800.0,4788.0,0.0,27588.0,20240130
1000001202,779,2,4.0,3089.0,4,FULFILLED,ARS,42750.0,8977.5,0.0,51727.5,20250729
1000001203,1317,2,1.0,2182.0,1,PAID,ARS,39600.0,8316.0,0.0,47916.0,20241103
1000001204,1247,1,,1817.0,3006,REFUNDED,ARS,31752.0,6667.92,1200.0,39619.92,20241230
1000001205,1315,1,,,1587,FULFILLED,ARS,21600.0,4536.0,1200.0,27336.0,20250820
1000001206,820,2,3.0,2962.0,3,CANCELLED,ARS,21600.0,4536.0,0.0,26136.0,20241206
1000001207,633,1,,3339.0,1250,FULFILLED,ARS,46260.0,9714.6,900.0,56874.6,20240728
1000001208,187,1,,3605.0,3671,PAID,ARS,35280.0,7408.8,1500.0,44188.8,20240128
1000001209,1443,1,,1785.0,2124,PAID,ARS,14250.0,2992.5,1200.0,18442.5,20241118
1000001210,1225,1,,3975.0,3758,FULFILLED,ARS,23940.0,5027.4,1500.0,30467.4,20250618
1000001211,1092,2,1.0,3346.0,1,REFUNDED,ARS,47025.0,9875.25,0.0,56900.25,20250624
1000001212,193,2,4.0,4133.0,4,FULFILLED,ARS,53190.0,11169.9,0.0,64359.9,20240317
1000001213,184,1,,1555.0,3094,FULFILLED,ARS,26700.0,5607.0,1200.0,33507.0,20240224
1000001214,1356,1,,3432.0,1801,FULFILLED,ARS,15000.0,3150.0,0.0,18150.0,20240412
1000001215,167,2,3.0,2346.0,3,FULFILLED,ARS,11340.0,2381.4,0.0,13721.4,20250928
1000001216,215,1,,,4146,FULFILLED,ARS,40500.0,8505.0,900.0,49905.0,20240704
1000001217,416,2,1.0,1258.0,1,FULFILLED,ARS,37044.0,7779.24,0.0,44823.24,20250521
1000001218,1312,1,,1068.0,4127,FULFILLED,ARS,39690.0,8334.9,900.0,48924.9,20240919
1000001219,352,2,2.0,3034.0,2,FULFILLED,ARS,12000.0,2520.0,0.0,14520.0,20241005
1000001220,700,1,,3918.0,2680,PAID,ARS,26460.0,5556.6,900.0,32916.6,20250428
1000001221,608,1,,2132.0,3203,CANCELLED,ARS,15750.0,3307.5,1200.0,20257.5,20250217
1000001222,529,1,,,4044,FULFILLED,ARS,44100.0,9261.0,0.0,53361.0,20250402
1000001223,980,2,1.0,3650.0,1,FULFILLED,ARS,52350.0,10993.5,0.0,63343.5,20250225
1000001224,825,1,,3127.0,1824,FULFILLED,ARS,56520.0,11869.2,900.0,69289.2,20241124
1000001225,470,2,2.0,4196.0,2,FULFILLED,ARS,66780.0,14023.8,0.0,80803.8,20240227
1000001226,590,1,,2768.0,3096,FULFILLED,ARS,44550.0,9355.5,1500.0,55405.5,20241125
1000001227,449,1,,3410.0,3425,CANCELLED,ARS,14250.0,2992.5,1200.0,18442.5,20240325
1000001228,814,1,,3698.0,2869,FULFILLED,ARS,35910.0,7541.1,1200.0,44651.1,20240327
1000001229,638,2,4.0,2048.0,4,FULFILLED,ARS,35280.0,7408.8,0.0,42688.8,20240414
1000001230,747,1,,1241.0,1179,FULFILLED,ARS,34020.0,7144.2,1500.0,42664.2,20240328
1000001231,932,2,3.0,2428.0,3,PAID,ARS,35280.0,7408.8,0.0,42688.8,20250902
1000001232,541,1,,1306.0,3794,PAID,ARS,48900.0,10269.0,1200.0,60369.0,20250902
1000001233,517,1,,2574.0,1604,PAID,ARS,16170.0,3395.7,1500.0,21065.7,20250117
1000001234,1119,1,,3277.0,1082,FULFILLED,ARS,10800.0,2268.0,900.0,13968.0,20240914
1000001235,549,1,,2752.0,2337,FULFILLED,ARS,25080.0,5266.8,900.0,31246.8,20250315
1000001236,774,2,2.0,1682.0,2,CANCELLED,ARS,15675.0,3291.75,0.0,18966.75,20241003
1000001237,1293,1,,1447.0,3744,FULFILLED,ARS,35910.0,7541.1,1200.0,44651.1,20250611
1000001238,1301,1,,2044.0,4011,REFUNDED,ARS,36450.0,7654.5,1200.0,45304.5,20250522
1000001239,460,2,4.0,2550.0,4,FULFILLED,ARS,23520.0,4939.2,0.0,28459.2,20250831
1000001240,658,1,,1303.0,1398,FULFILLED,ARS,30000.0,6300.0,900.0,37200.0,20240318
1000001241,1370,2,3.0,2746.0,3,CANCELLED,ARS,34020.0,7144.2,0.0,41164.2,20241226
1000001242,299,1,,,3628,CANCELLED,ARS,40740.0,8555.4,900.0,50195.4,20240308
1000001243,122,1,,1032.0,3687,FULFILLED,ARS,26340.0,5531.4,1500.0,33371.4,20250217
1000001244,1413,2,4.0,3648.0,4,FULFILLED,ARS,68490.0,14382.9,0.0,82872.9,20240606
1000001245,235,2,3.0,3607.0,3,FULFILLED,ARS,55440.0,11642.4,0.0,67082.4,20250607
1000001246,880,1,,2452.0,3209,FULFILLED,ARS,35280.0,7408.8,1200.0,43888.8,20240621
1000001247,1116,1,,,1400,FULFILLED,ARS,31500.0,6615.0,1200.0,39315.0,20240628
1000001248,920,1,,2265.0,1660,FULFILLED,ARS,120078.0,25216.38,1200.0,146494.38,20241013
1000001249,934,1,,1248.0,2720,REFUNDED,ARS,14250.0,2992.5,1200.0,18442.5,20250304
1000001250,184,1,,,2979,FULFILLED,ARS,14700.0,3087.0,1200.0,18987.0,20240127
1000001251,1401,1,,3559.0,1766,FULFILLED,ARS,11760.0,2469.6,0.0,14229.6,20241124
1000001252,1257,1,,1804.0,1589,FULFILLED,ARS,11760.0,2469.6,900.0,15129.6,20250527
1000001253,1360,1,,3724.0,3741,FULFILLED,ARS,11400.0,2394.0,900.0,14694.0,20240925
1000001254,63,1,,2097.0,2152,FULFILLED,ARS,46305.0,9724.05,900.0,56929.05,20240403
1000001255,767,1,,,1992,FULFILLED,ARS,64980.0,13645.8,1200.0,79825.8,20250714
1000001256,677,1,,1400.0,3274,FULFILLED,ARS,10800.0,2268.0,1500.0,14568.0,20250114
1000001257,446,1,,1739.0,1247,PAID,ARS,24360.0,5115.6,0.0,29475.6,20240607
1000001258,15,1,,,2012,FULFILLED,ARS,24000.0,5040.0,0.0,29040.0,20240709
1000001259,1207,1,,2254.0,2823,FULFILLED,ARS,34200.0,7182.0,1200.0,42582.0,20240701
1000001260,721,2,1.0,3424.0,1,FULFILLED,ARS,23940.0,5027.4,0.0,28967.4,20241012
1000001261,142,1,,2782.0,3534,FULFILLED,ARS,11760.0,2469.6,900.0,15129.6,20240415
1000001262,570,1,,1581.0,3764,FULFILLED,ARS,21600.0,4536.0,1500.0,27636.0,20240725
1000001263,1111,2,1.0,2218.0,1,CANCELLED,ARS,56400.0,11844.0,0.0,68244.0,20240218
1000001264,1226,1,,,1701,PAID,ARS,14962.5,3142.12,1200.0,19304.62,20240422
1000001265,165,1,,3617.0,3240,FULFILLED,ARS,36000.0,7560.0,1200.0,44760.0,20250924
1000001266,60,2,2.0,1126.0,2,CANCELLED,ARS,29400.0,6174.0,0.0,35574.0,20250707
1000001267,293,1,,4132.0,2902,FULFILLED,ARS,45780.0,9613.8,0.0,55393.8,20240710
1000001268,385,1,,2689.0,1742,FULFILLED,ARS,11760.0,2469.6,0.0,14229.6,20250226
1000001269,748,1,,3474.0,2505,FULFILLED,ARS,10584.0,2222.64,1500.0,14306.64,20240128
1000001270,559,1,,3756.0,2805,CREATED,ARS,30870.0,6482.7,1200.0,38552.7,20241105
1000001271,151,2,4.0,3033.0,4,CANCELLED,ARS,13500.0,2835.0,0.0,16335.0,20240229
1000001272,189,1,,4005.0,3895,FULFILLED,ARS,34020.0,7144.2,900.0,42064.2,20240401
1000001273,1438,1,,3608.0,2451,FULFILLED,ARS,15000.0,3150.0,900.0,19050.0,20240124
1000001274,503,1,,2849.0,1344,CREATED,ARS,42000.0,8820.0,1500.0,52320.0,20240608
1000001275,889,1,,2710.0,3353,FULFILLED,ARS,25800.0,5418.0,0.0,31218.0,20250527
1000001276,430,2,2.0,3951.0,2,FULFILLED,ARS,47472.0,9969.12,0.0,57441.12,20250614
1000001277,998,1,,3951.0,2193,FULFILLED,ARS,42750.0,8977.5,1500.0,53227.5,20241111
1000001278,612,1,,3339.0,1805,CANCELLED,ARS,21120.0,4435.2,1200.0,26755.2,20250713
1000001279,658,1,,3641.0,1728,REFUNDED,ARS,51300.0,10773.0,900.0,62973.0,20250224
1000001280,44,1,,2262.0,3969,FULFILLED,ARS,35640.0,7484.4,1200.0,44324.4,20250327
1000001281,892,1,,1614.0,3921,FULFILLED,ARS,62532.0,13131.72,900.0,76563.72,20240208
1000001282,1360,1,,2244.0,1335,FULFILLED,ARS,38475.0,8079.75,1200.0,47754.75,20240415
1000001283,252,1,,2191.0,3846,FULFILLED,ARS,15000.0,3150.0,1200.0,19350.0,20240313
1000001284,197,2,1.0,1456.0,1,PAID,ARS,129600.0,27216.0,0.0,156816.0,20250915
1000001285,342,2,2.0,2780.0,2,FULFILLED,ARS,13500.0,2835.0,0.0,16335.0,20240514
1000001286,925,2,1.0,2126.0,1,REFUNDED,ARS,36000.0,7560.0,0.0,43560.0,20240229
1000001287,779,1,,2749.0,4117,PAID,ARS,45000.0,9450.0,1200.0,55650.0,20250424
1000001288,285,1,,4113.0,3076,PAID,ARS,13200.0,2772.0,1500.0,17472.0,20240204
1000001289,1121,1,,1156.0,2472,CANCELLED,ARS,42750.0,8977.5,1200.0,52927.5,20241120
1000001290,916,1,,3536.0,1988,FULFILLED,ARS,30000.0,6300.0,0.0,36300.0,20250928
1000001291,818,2,2.0,2213.0,2,PAID,ARS,27000.0,5670.0,0.0,32670.0,20240326
1000001292,826,1,,1968.0,1832,FULFILLED,ARS,25200.0,5292.0,900.0,31392.0,20241128
1000001293,1082,1,,1513.0,3873,FULFILLED,ARS,23520.0,4939.2,900.0,29359.2,20241220
1000001294,999,1,,1736.0,1332,FULFILLED,ARS,10584.0,2222.64,0.0,12806.64,20240319
1000001295,488,1,,1034.0,1863,FULFILLED,ARS,12348.0,2593.08,1500.0,16441.08,20240516
1000001296,1155,1,,4135.0,2246,REFUNDED,ARS,35280.0,7408.8,900.0,43588.8,20240222
1000001297,1092,2,2.0,3510.0,2,FULFILLED,ARS,12000.0,2520.0,0.0,14520.0,20240815
1000001298,221,1,,2217.0,2459,CANCELLED,ARS,42240.0,8870.4,0.0,51110.4,20240602
1000001299,865,1,,4069.0,1635,CANCELLED,ARS,35280.0,7408.8,1200.0,43888.8,20240517
1000001300,715,2,1.0,3174.0,1,FULFILLED,ARS,14250.0,2992.5,0.0,17242.5,20250410
1000001301,180,1,,2896.0,1597,PAID,ARS,19440.0,4082.4,1500.0,25022.4,20240616
1000001302,650,2,4.0,3868.0,4,FULFILLED,ARS,35640.0,7484.4,0.0,43124.4,20250303
1000001303,208,1,,3909.0,1145,FULFILLED,ARS,44100.0,9261.0,900.0,54261.0,20240323
1000001304,1406,2,3.0,1253.0,3,FULFILLED,ARS,63036.0,13237.56,0.0,76273.56,20240221
1000001305,353,1,,4180.0,2918,FULFILLED,ARS,16500.0,3465.0,0.0,19965.0,20241013
1000001306,1263,1,,1792.0,1501,CANCELLED,ARS,10800.0,2268.0,0.0,13068.0,20241006
1000001307,1094,2,2.0,,2,CREATED,ARS,9720.0,2041.2,0.0,11761.2,20240911
1000001308,318,2,4.0,2300.0,4,PAID,ARS,25650.0,5386.5,0.0,31036.5,20240719
1000001309,1257,1,,1850.0,2986,FULFILLED,ARS,60075.0,12615.75,1500.0,74190.75,20240430
1000001310,551,2,3.0,1738.0,3,CANCELLED,ARS,28500.0,5985.0,0.0,34485.0,20240523
1000001311,918,1,,3724.0,2833,PAID,ARS,58644.0,12315.24,900.0,71859.24,20240312
1000001312,800,2,2.0,2113.0,2,FULFILLED,ARS,10800.0,2268.0,0.0,13068.0,20240329
1000001313,1152,1,,,3069,FULFILLED,ARS,44100.0,9261.0,1500.0,54861.0,20240711
1000001314,1471,1,,2711.0,2937,FULFILLED,ARS,28500.0,5985.0,1500.0,35985.0,20240830
1000001315,696,1,,2997.0,3072,PAID,ARS,27000.0,5670.0,900.0,33570.0,20250909
1000001316,945,2,1.0,2881.0,1,FULFILLED,ARS,29400.0,6174.0,0.0,35574.0,20240706
1000001317,214,1,,2118.0,2011,CANCELLED,ARS,39960.0,8391.6,1200.0,49551.6,20250210
1000001318,465,1,,3400.0,1571,CREATED,ARS,24000.0,5040.0,1200.0,30240.0,20241019
1000001319,998,1,,,4042,FULFILLED,ARS,58020.0,12184.2,1500.0,71704.2,20240317
1000001320,144,1,,2724.0,1194,FULFILLED,ARS,15000.0,3150.0,1500.0,19650.0,20240809
1000001321,683,1,,,1016,FULFILLED,ARS,42750.0,8977.5,900.0,52627.5,20241229
1000001322,937,1,,2212.0,1380,FULFILLED,ARS,60408.0,12685.68,1200.0,74293.68,20250410
1000001323,500,1,,1040.0,3083,FULFILLED,ARS,28500.0,5985.0,1200.0,35685.0,20240625
1000001324,237,2,4.0,1080.0,4,FULFILLED,ARS,75780.0,15913.8,0.0,91693.8,20240410
1000001325,1371,1,,2967.0,1863,FULFILLED,ARS,27000.0,5670.0,900.0,33570.0,20240814
1000001326,479,1,,2439.0,4147,FULFILLED,ARS,50274.0,10557.54,1200.0,62031.54,20250406
1000001327,786,2,2.0,1126.0,2,CREATED,ARS,11400.0,2394.0,0.0,13794.0,20250509
1000001328,1148,2,1.0,1835.0,1,FULFILLED,ARS,47700.0,10017.0,0.0,57717.0,20240618
1000001329,756,2,3.0,1960.0,3,REFUNDED,ARS,34200.0,7182.0,0.0,41382.0,20241112
1000001330,1266,2,2.0,4119.0,2,FULFILLED,ARS,10800.0,2268.0,0.0,13068.0,20250927
1000001331,276,2,3.0,,3,FULFILLED,ARS,28500.0,5985.0,0.0,34485.0,20240822
1000001332,174,2,2.0,1149.0,2,FULFILLED,ARS,54390.0,11421.9,0.0,65811.9,20250716
1000001333,9,2,2.0,2085.0,2,FULFILLED,ARS,45000.0,9450.0,0.0,54450.0,20250915
1000001334,326,1,,3857.0,2581,FULFILLED,ARS,9720.0,2041.2,900.0,12661.2,20240627
1000001335,1213,2,2.0,2052.0,2,FULFILLED,ARS,21168.0,4445.28,0.0,25613.28,20250528
1000001336,550,2,4.0,2210.0,4,FULFILLED,ARS,24696.0,5186.16,0.0,29882.16,20250912
1000001337,837,2,2.0,3357.0,2,FULFILLED,ARS,24000.0,5040.0,0.0,29040.0,20250201
1000001338,1303,2,1.0,2851.0,1,FULFILLED,ARS,38760.0,8139.6,0.0,46899.6,20240103
1000001339,327,1,,2314.0,3105,FULFILLED,ARS,44550.0,9355.5,900.0,54805.5,20250601
1000001340,1206,2,1.0,1985.0,1,CREATED,ARS,12000.0,2520.0,0.0,14520.0,20250408
1000001341,942,1,,1916.0,1070,PAID,ARS,32400.0,6804.0,1200.0,40404.0,20240124
1000001342,379,2,2.0,2306.0,2,FULFILLED,ARS,86850.0,18238.5,0.0,105088.5,20250609
1000001343,186,1,,3366.0,3774,FULFILLED,ARS,12000.0,2520.0,900.0,15420.0,20250223
1000001344,1264,1,,3651.0,2248,FULFILLED,ARS,35280.0,7408.8,900.0,43588.8,20250606
1000001345,1327,2,1.0,3682.0,1,FULFILLED,ARS,13200.0,2772.0,0.0,15972.0,20250516
1000001346,498,1,,2690.0,2858,FULFILLED,ARS,11400.0,2394.0,1200.0,14994.0,20250216
1000001347,1439,1,,2785.0,3311,FULFILLED,ARS,12600.0,2646.0,1200.0,16446.0,20241109
1000001348,545,2,2.0,2405.0,2,FULFILLED,ARS,41175.0,8646.75,0.0,49821.75,20250515
1000001349,833,1,,1421.0,2404,PAID,ARS,32400.0,6804.0,1200.0,40404.0,20250513
1000001350,646,1,,3982.0,2623,PAID,ARS,13500.0,2835.0,1200.0,17535.0,20240825
1000001351,732,1,,1134.0,1779,FULFILLED,ARS,21600.0,4536.0,1500.0,27636.0,20240730
1000001352,213,1,,2840.0,2841,FULFILLED,ARS,54300.0,11403.0,0.0,65703.0,20240629
1000001353,1365,2,3.0,3994.0,3,FULFILLED,ARS,35280.0,7408.8,0.0,42688.8,20250104
1000001354,545,2,1.0,4043.0,1,FULFILLED,ARS,31752.0,6667.92,0.0,38419.92,20241104
1000001355,821,2,3.0,3637.0,3,CANCELLED,ARS,10800.0,2268.0,0.0,13068.0,20250114
1000001356,641,2,1.0,2657.0,1,FULFILLED,ARS,31500.0,6615.0,0.0,38115.0,20250426
1000001357,468,1,,3.0,1462,FULFILLED,ARS,58800.0,12348.0,0.0,71148.0,20250220
1000001358,609,2,2.0,2680.0,2,PAID,ARS,79269.0,16646.49,0.0,95915.49,20241218
1000001359,880,1,,1177.0,2834,CANCELLED,ARS,36000.0,7560.0,900.0,44460.0,20250806
1000001360,237,1,,2640.0,2233,CREATED,ARS,22800.0,4788.0,900.0,28488.0,20250826
1000001361,506,1,,,4013,FULFILLED,ARS,32400.0,6804.0,1500.0,40704.0,20241204
1000001362,716,1,,,1130,CREATED,ARS,12000.0,2520.0,1200.0,15720.0,20240815
1000001363,1141,1,,3072.0,1022,FULFILLED,ARS,31752.0,6667.92,1200.0,39619.92,20250810
1000001364,1492,1,,1285.0,2172,FULFILLED,ARS,37800.0,7938.0,900.0,46638.0,20250405
1000001365,1465,1,,1374.0,4098,CANCELLED,ARS,38475.0,8079.75,900.0,47454.75,20250512
1000001366,1133,1,,3355.0,2770,FULFILLED,ARS,40584.0,8522.64,900.0,50006.64,20241130
1000001367,1120,1,,2926.0,4091,REFUNDED,ARS,32400.0,6804.0,1200.0,40404.0,20250712
1000001368,692,1,,2946.0,1635,FULFILLED,ARS,47250.0,9922.5,1500.0,58672.5,20240117
1000001369,1176,1,,,1626,FULFILLED,ARS,34200.0,7182.0,0.0,41382.0,20250301
1000001370,188,1,,,4008,FULFILLED,ARS,32400.0,6804.0,900.0,40104.0,20250420
1000001371,700,1,,3071.0,3815,FULFILLED,ARS,30780.0,6463.8,1200.0,38443.8,20250409
1000001372,194,2,2.0,3106.0,2,FULFILLED,ARS,13500.0,2835.0,0.0,16335.0,20250401
1000001373,1054,1,,3615.0,3359,REFUNDED,ARS,26340.0,5531.4,900.0,32771.4,20241228
1000001374,993,2,1.0,,1,CANCELLED,ARS,46260.0,9714.6,0.0,55974.6,20250208
1000001375,337,1,,1610.0,2489,FULFILLED,ARS,56880.0,11944.8,1500.0,70324.8,20250321
1000001376,218,2,2.0,2402.0,2,FULFILLED,ARS,10260.0,2154.6,0.0,12414.6,20240805
1000001377,1456,1,,3233.0,4130,FULFILLED,ARS,35280.0,7408.8,0.0,42688.8,20240313
1000001378,259,2,1.0,,1,FULFILLED,ARS,27000.0,5670.0,0.0,32670.0,20240927
1000001379,279,2,4.0,3519.0,4,FULFILLED,ARS,21384.0,4490.64,0.0,25874.64,20240708
1000001380,132,1,,1781.0,3977,FULFILLED,ARS,15675.0,3291.75,900.0,19866.75,20250515
1000001381,1250,2,2.0,2396.0,2,FULFILLED,ARS,40500.0,8505.0,0.0,49005.0,20240219
1000001382,1354,2,1.0,2825.0,1,FULFILLED,ARS,98550.0,20695.5,0.0,119245.5,20250620
1000001383,1447,1,,3419.0,1309,REFUNDED,ARS,11340.0,2381.4,0.0,13721.4,20250819
1000001384,995,2,2.0,1579.0,2,PAID,ARS,46560.0,9777.6,0.0,56337.6,20241006
1000001385,755,1,,2927.0,1715,FULFILLED,ARS,12000.0,2520.0,1200.0,15720.0,20241022
1000001386,964,1,,1090.0,3939,FULFILLED,ARS,15000.0,3150.0,1200.0,19350.0,20240731
1000001387,147,1,,,3767,FULFILLED,ARS,11400.0,2394.0,1200.0,14994.0,20240724
1000001388,1340,2,1.0,2867.0,1,FULFILLED,ARS,45252.0,9502.92,0.0,54754.92,20250214
1000001389,544,1,,1326.0,2611,PAID,ARS,11400.0,2394.0,0.0,13794.0,20250430
1000001390,667,1,,1742.0,3598,PAID,ARS,32400.0,6804.0,900.0,40104.0,20250627
1000001391,1200,2,4.0,,4,CANCELLED,ARS,36000.0,7560.0,0.0,43560.0,20240916
1000001392,1251,1,,2584.0,2328,FULFILLED,ARS,19440.0,4082.4,1200.0,24722.4,20240612
1000001393,1187,1,,3289.0,2947,FULFILLED,ARS,25260.0,5304.6,0.0,30564.6,20240826
1000001394,1158,2,3.0,1276.0,3,REFUNDED,ARS,35280.0,7408.8,0.0,42688.8,20240124
1000001395,250,1,,4137.0,4044,FULFILLED,ARS,44887.5,9426.38,900.0,55213.88,20241003
1000001396,618,1,,2229.0,3631,FULFILLED,ARS,12936.0,2716.56,1200.0,16852.56,20241222
1000001397,1319,2,3.0,3413.0,3,FULFILLED,ARS,15750.0,3307.5,0.0,19057.5,20250713
1000001398,5,2,2.0,2003.0,2,FULFILLED,ARS,42525.0,8930.25,0.0,51455.25,20241108
1000001399,1390,1,,3851.0,2810,REFUNDED,ARS,58725.0,12332.25,0.0,71057.25,20250131
1000001400,761,1,,3588.0,3327,FULFILLED,ARS,38475.0,8079.75,1500.0,48054.75,20250101
1000001401,16,2,4.0,,4,PAID,ARS,49260.0,10344.6,0.0,59604.6,20241129
1000001402,261,1,,1085.0,1745,FULFILLED,ARS,11760.0,2469.6,900.0,15129.6,20240727
1000001403,18,1,,2529.0,1612,FULFILLED,ARS,80880.0,16984.8,900.0,98764.8,20250802
1000001404,1320,1,,2007.0,3586,FULFILLED,ARS,40500.0,8505.0,1200.0,50205.0,20250712
1000001405,1010,1,,3607.0,2336,FULFILLED,ARS,14700.0,3087.0,900.0,18687.0,20240409
1000001406,614,2,1.0,4138.0,1,FULFILLED,ARS,84780.0,17803.8,0.0,102583.8,20240329
1000001407,1264,1,,2989.0,2970,FULFILLED,ARS,10800.0,2268.0,0.0,13068.0,20250425
1000001408,1134,1,,2815.0,1926,FULFILLED,ARS,25650.0,5386.5,900.0,31936.5,20240825
1000001409,385,1,,3905.0,1686,FULFILLED,ARS,42936.0,9016.56,900.0,52852.56,20250209
1000001410,235,1,,3034.0,2708,FULFILLED,ARS,13500.0,2835.0,1500.0,17835.0,20240719
1000001411,1388,1,,1012.0,1065,FULFILLED,ARS,12348.0,2593.08,900.0,15841.08,20241106
1000001412,398,1,,1030.0,3711,FULFILLED,ARS,35280.0,7408.8,1200.0,43888.8,20250621
1000001413,774,1,,3006.0,3699,FULFILLED,ARS,13200.0,2772.0,1500.0,17472.0,20250713
1000001414,833,1,,2729.0,3926,FULFILLED,ARS,14700.0,3087.0,1200.0,18987.0,20250604
1000001415,195,2,2.0,3694.0,2,FULFILLED,ARS,28500.0,5985.0,0.0,34485.0,20240118
1000001416,355,2,2.0,,2,FULFILLED,ARS,24000.0,5040.0,0.0,29040.0,20241229
1000001417,1095,2,2.0,3573.0,2,REFUNDED,ARS,11400.0,2394.0,0.0,13794.0,20250501
1000001418,1374,2,2.0,1078.0,2,CANCELLED,ARS,109305.0,22954.05,0.0,132259.05,20240707
1000001419,1426,1,,,1672,FULFILLED,ARS,30870.0,6482.7,900.0,38252.7,20250127
1000001420,1226,1,,4036.0,1300,FULFILLED,ARS,11400.0,2394.0,1500.0,15294.0,20240711
1000001421,561,1,,,3510,PAID,ARS,47025.0,9875.25,1200.0,58100.25,20241215
1000001422,756,1,,3843.0,3046,REFUNDED,ARS,39300.0,8253.0,1500.0,49053.0,20240430
1000001423,418,2,1.0,3509.0,1,FULFILLED,ARS,12000.0,2520.0,0.0,14520.0,20240428
1000001424,1213,1,,2377.0,1831,PAID,ARS,40500.0,8505.0,1500.0,50505.0,20240511
1000001425,600,2,3.0,3360.0,3,PAID,ARS,25080.0,5266.8,0.0,30346.8,20241119
1000001426,242,2,3.0,1735.0,3,FULFILLED,ARS,50400.0,10584.0,0.0,60984.0,20240730
1000001427,341,2,1.0,3030.0,1,FULFILLED,ARS,36000.0,7560.0,0.0,43560.0,20241002
1000001428,325,2,1.0,4049.0,1,FULFILLED,ARS,63510.0,13337.1,0.0,76847.1,20250702
1000001429,104,1,,2598.0,1332,FULFILLED,ARS,11760.0,2469.6,1200.0,15429.6,20240208
1000001430,1125,2,1.0,2867.0,1,FULFILLED,ARS,40500.0,8505.0,0.0,49005.0,20241006
1000001431,598,1,,,3879,REFUNDED,ARS,84120.0,17665.2,0.0,101785.2,20250802
1000001432,20,1,,4126.0,2077,FULFILLED,ARS,70425.0,14789.25,1200.0,86414.25,20250322
1000001433,656,1,,3143.0,3396,FULFILLED,ARS,36000.0,7560.0,0.0,43560.0,20250719
1000001434,319,2,3.0,3439.0,3,FULFILLED,ARS,50520.0,10609.2,0.0,61129.2,20250928
1000001435,922,2,3.0,1686.0,3,PAID,ARS,83925.0,17624.25,0.0,101549.25,20240228
1000001436,868,2,1.0,3105.0,1,FULFILLED,ARS,22800.0,4788.0,0.0,27588.0,20240403
1000001437,31,2,1.0,4123.0,1,FULFILLED,ARS,9720.0,2041.2,0.0,11761.2,20240531
1000001438,890,2,4.0,1521.0,4,FULFILLED,ARS,45000.0,9450.0,0.0,54450.0,20240108
1000001439,643,1,,2306.0,3086,FULFILLED,ARS,14700.0,3087.0,900.0,18687.0,20250621
1000001440,1110,1,,1661.0,3184,PAID,ARS,13500.0,2835.0,900.0,17235.0,20241112
1000001441,1210,1,,2090.0,3019,FULFILLED,ARS,59850.0,12568.5,1200.0,73618.5,20240917
1000001442,1041,2,1.0,2244.0,1,CANCELLED,ARS,24000.0,5040.0,0.0,29040.0,20240711
1000001443,561,1,,3596.0,1408,FULFILLED,ARS,59670.0,12530.7,0.0,72200.7,20240529
1000001444,812,1,,1746.0,1164,CANCELLED,ARS,11340.0,2381.4,1200.0,14921.4,20250103
1000001445,1219,2,3.0,4091.0,3,PAID,ARS,37620.0,7900.2,0.0,45520.2,20241114
1000001446,1246,2,3.0,3924.0,3,FULFILLED,ARS,36600.0,7686.0,0.0,44286.0,20240309
1000001447,116,1,,3352.0,1330,CANCELLED,ARS,35910.0,7541.1,0.0,43451.1,20241205
1000001448,204,2,2.0,2626.0,2,FULFILLED,ARS,23520.0,4939.2,0.0,28459.2,20241218
1000001449,116,2,3.0,3434.0,3,FULFILLED,ARS,12600.0,2646.0,0.0,15246.0,20250429
1000001450,491,1,,2416.0,4147,FULFILLED,ARS,12600.0,2646.0,1500.0,16746.0,20240708
1000001451,1281,1,,2008.0,2387,FULFILLED,ARS,81144.0,17040.24,1200.0,99384.24,20250823
1000001452,384,2,2.0,2584.0,2,FULFILLED,ARS,83400.0,17514.0,0.0,100914.0,20250428
1000001453,595,2,3.0,3631.0,3,FULFILLED,ARS,11400.0,2394.0,0.0,13794.0,20250802
1000001454,185,1,,2612.0,1028,FULFILLED,ARS,24420.0,5128.2,1200.0,30748.2,20250224
1000001455,1329,1,,2910.0,3556,FULFILLED,ARS,40500.0,8505.0,1200.0,50205.0,20250719
1000001456,458,2,4.0,2141.0,4,FULFILLED,ARS,53568.0,11249.28,0.0,64817.28,20240120
1000001457,711,1,,1841.0,2011,PAID,ARS,10800.0,2268.0,1500.0,14568.0,20240322
1000001458,1169,1,,1019.0,1663,FULFILLED,ARS,45000.0,9450.0,900.0,55350.0,20240211
1000001459,1185,1,,1468.0,2424,FULFILLED,ARS,54900.0,11529.0,900.0,67329.0,20240612
1000001460,1042,2,1.0,2535.0,1,CANCELLED,ARS,60750.0,12757.5,0.0,73507.5,20240430
1000001461,941,2,1.0,2273.0,1,FULFILLED,ARS,24696.0,5186.16,0.0,29882.16,20240217
1000001462,963,2,3.0,1225.0,3,FULFILLED,ARS,63210.0,13274.1,0.0,76484.1,20240709
1000001463,642,1,,4150.0,2054,PAID,ARS,48720.0,10231.2,900.0,59851.2,20250207
1000001464,948,2,1.0,1869.0,1,PAID,ARS,67596.0,14195.16,0.0,81791.16,20240414
1000001465,1356,1,,3307.0,3262,FULFILLED,ARS,30780.0,6463.8,1500.0,38743.8,20240510
1000001466,708,1,,1352.0,3851,CANCELLED,ARS,30375.0,6378.75,1500.0,38253.75,20240203
1000001467,841,2,1.0,2927.0,1,FULFILLED,ARS,25650.0,5386.5,0.0,31036.5,20240216
1000001468,1325,2,2.0,3796.0,2,FULFILLED,ARS,26700.0,5607.0,0.0,32307.0,20250814
1000001469,703,1,,2016.0,1942,FULFILLED,ARS,10800.0,2268.0,1200.0,14268.0,20240104
1000001470,748,1,,1157.0,2485,FULFILLED,ARS,34020.0,7144.2,900.0,42064.2,20240929
1000001471,1219,2,4.0,,4,PAID,ARS,14700.0,3087.0,0.0,17787.0,20240503
1000001472,1358,2,1.0,1765.0,1,FULFILLED,ARS,45225.0,9497.25,0.0,54722.25,20240323
1000001473,395,1,,3459.0,4098,FULFILLED,ARS,34800.0,7308.0,1200.0,43308.0,20240716
1000001474,536,1,,,2598,FULFILLED,ARS,55800.0,11718.0,1500.0,69018.0,20241128
1000001475,31,2,1.0,,1,FULFILLED,ARS,90000.0,18900.0,0.0,108900.0,20250614
1000001476,1414,1,,2762.0,4047,PAID,ARS,40500.0,8505.0,1500.0,50505.0,20240101
1000001477,963,1,,,1263,FULFILLED,ARS,23520.0,4939.2,1200.0,29659.2,20240322
1000001478,780,1,,3454.0,3731,FULFILLED,ARS,33048.0,6940.08,1200.0,41188.08,20250804
1000001479,489,1,,3312.0,3399,CANCELLED,ARS,37800.0,7938.0,0.0,45738.0,20240103
1000001480,42,2,3.0,1093.0,3,REFUNDED,ARS,37125.0,7796.25,0.0,44921.25,20250420
1000001481,228,2,1.0,3353.0,1,FULFILLED,ARS,56100.0,11781.0,0.0,67881.0,20240411
1000001482,670,1,,2039.0,3487,FULFILLED,ARS,24000.0,5040.0,0.0,29040.0,20250213
1000001483,652,2,2.0,3807.0,2,FULFILLED,ARS,39690.0,8334.9,0.0,48024.9,20240722
1000001484,308,2,1.0,,1,FULFILLED,ARS,65160.0,13683.6,0.0,78843.6,20240914
1000001485,1094,1,,3081.0,1939,REFUNDED,ARS,68100.0,14301.0,0.0,82401.0,20241228
1000001486,76,2,3.0,1800.0,3,FULFILLED,ARS,43200.0,9072.0,0.0,52272.0,20240709
1000001487,1435,1,,1091.0,2152,REFUNDED,ARS,10800.0,2268.0,0.0,13068.0,20240816
1000001488,703,1,,3739.0,2939,PAID,ARS,12936.0,2716.56,1200.0,16852.56,20241003
1000001489,792,2,1.0,1487.0,1,PAID,ARS,13200.0,2772.0,0.0,15972.0,20250730
1000001490,332,1,,3280.0,4099,FULFILLED,ARS,10260.0,2154.6,900.0,13314.6,20240517
1000001491,69,1,,2387.0,3098,FULFILLED,ARS,75396.0,15833.16,1200.0,92429.16,20250130
1000001492,311,2,4.0,1409.0,4,FULFILLED,ARS,14250.0,2992.5,0.0,17242.5,20240701
1000001493,724,1,,,2770,FULFILLED,ARS,28350.0,5953.5,900.0,35203.5,20250520
1000001494,1238,1,,1335.0,3742,FULFILLED,ARS,23940.0,5027.4,900.0,29867.4,20250717
1000001495,488,2,3.0,,3,PAID,ARS,46305.0,9724.05,0.0,56029.05,20240323
1000001496,1435,2,3.0,3935.0,3,FULFILLED,ARS,34200.0,7182.0,0.0,41382.0,20241106
1000001497,612,2,3.0,1975.0,3,FULFILLED,ARS,13500.0,2835.0,0.0,16335.0,20250430
1000001498,1116,2,3.0,3192.0,3,PAID,ARS,33000.0,6930.0,0.0,39930.0,20240222
1000001499,1496,1,,,2736,PAID,ARS,29700.0,6237.0,1200.0,37137.0,20240822
1000001500,559,2,2.0,3424.0,2,FULFILLED,ARS,11970.0,2513.7,0.0,14483.7,20240127
1000001501,745,2,3.0,1846.0,3,FULFILLED,ARS,83700.0,17577.0,0.0,101277.0,20241231
1000001502,790,1,,3308.0,1101,FULFILLED,ARS,54870.0,11522.7,0.0,66392.7,20241210
1000001503,67,2,4.0,2101.0,4,FULFILLED,ARS,12000.0,2520.0,0.0,14520.0,20240410
1000001504,1029,1,,2243.0,1398,FULFILLED,ARS,32400.0,6804.0,0.0,39204.0,20250224
1000001505,1360,2,1.0,1076.0,1,FULFILLED,ARS,40500.0,8505.0,0.0,49005.0,20250821
1000001506,1366,1,,2648.0,1131,PAID,ARS,24000.0,5040.0,1200.0,30240.0,20250623
1000001507,404,1,,3332.0,3209,CANCELLED,ARS,37044.0,7779.24,900.0,45723.24,20250219
1000001508,102,2,2.0,,2,FULFILLED,ARS,10800.0,2268.0,0.0,13068.0,20241215
1000001509,1386,1,,2498.0,4030,FULFILLED,ARS,29700.0,6237.0,1200.0,37137.0,20250930
1000001510,1026,1,,2902.0,3193,FULFILLED,ARS,75360.0,15825.6,1200.0,92385.6,20240510
1000001511,185,1,,,4101,REFUNDED,ARS,24300.0,5103.0,900.0,30303.0,20240730
1000001512,875,1,,1799.0,1461,FULFILLED,ARS,36000.0,7560.0,1200.0,44760.0,20240327
1000001513,1054,2,4.0,2972.0,4,CREATED,ARS,23100.0,4851.0,0.0,27951.0,20250601
1000001514,351,1,,1998.0,2447,FULFILLED,ARS,14250.0,2992.5,900.0,18142.5,20250730
1000001515,1162,1,,2687.0,2428,FULFILLED,ARS,36000.0,7560.0,1200.0,44760.0,20250831
1000001516,1237,1,,2891.0,1965,PAID,ARS,45000.0,9450.0,1200.0,55650.0,20241231
1000001517,633,2,1.0,2649.0,1,FULFILLED,ARS,42525.0,8930.25,0.0,51455.25,20250905
1000001518,405,1,,3085.0,1477,FULFILLED,ARS,40500.0,8505.0,1200.0,50205.0,20240906
1000001519,244,1,,,3596,FULFILLED,ARS,37200.0,7812.0,900.0,45912.0,20241126
1000001520,1048,2,1.0,3521.0,1,REFUNDED,ARS,37905.0,7960.05,0.0,45865.05,20250605
1000001521,324,2,1.0,2925.0,1,FULFILLED,ARS,46800.0,9828.0,0.0,56628.0,20240606
1000001522,179,1,,1978.0,2160,FULFILLED,ARS,35910.0,7541.1,0.0,43451.1,20241120
1000001523,518,2,4.0,4022.0,4,FULFILLED,ARS,37770.0,7931.7,0.0,45701.7,20241222
1000001524,222,1,,1136.0,3931,FULFILLED,ARS,29400.0,6174.0,0.0,35574.0,20250416
1000001525,1301,1,,3282.0,1769,FULFILLED,ARS,14175.0,2976.75,900.0,18051.75,20250311
1000001526,884,1,,1615.0,1660,CREATED,ARS,21600.0,4536.0,1500.0,27636.0,20240704
1000001527,865,2,3.0,3859.0,3,CREATED,ARS,34200.0,7182.0,0.0,41382.0,20240806
1000001528,576,1,,1732.0,1114,FULFILLED,ARS,65550.0,13765.5,1200.0,80515.5,20240101
1000001529,642,2,1.0,3598.0,1,FULFILLED,ARS,11400.0,2394.0,0.0,13794.0,20240901
1000001530,1318,1,,2630.0,3688,CANCELLED,ARS,34020.0,7144.2,1500.0,42664.2,20250127
1000001531,1392,1,,3698.0,2443,FULFILLED,ARS,41040.0,8618.4,900.0,50558.4,20250407
1000001532,22,2,3.0,1938.0,3,FULFILLED,ARS,29925.0,6284.25,0.0,36209.25,20240328
1000001533,1086,2,1.0,3127.0,1,FULFILLED,ARS,34200.0,7182.0,0.0,41382.0,20250519
1000001534,995,1,,1543.0,3418,PAID,ARS,38871.0,8162.91,1200.0,48233.91,20241110
1000001535,1362,1,,1674.0,2867,REFUNDED,ARS,69000.0,14490.0,0.0,83490.0,20241112
1000001536,1176,2,3.0,1309.0,3,FULFILLED,ARS,14700.0,3087.0,0.0,17787.0,20240410
1000001537,991,2,3.0,1264.0,3,FULFILLED,ARS,10800.0,2268.0,0.0,13068.0,20240826
1000001538,461,2,4.0,3906.0,4,CREATED,ARS,24900.0,5229.0,0.0,30129.0,20240401
1000001539,656,2,4.0,3710.0,4,FULFILLED,ARS,32340.0,6791.4,0.0,39131.4,20250216
1000001540,1327,1,,3849.0,3586,FULFILLED,ARS,54900.0,11529.0,900.0,67329.0,20240407
1000001541,974,2,3.0,1057.0,3,FULFILLED,ARS,36000.0,7560.0,0.0,43560.0,20240530
1000001542,305,1,,2164.0,1167,REFUNDED,ARS,42750.0,8977.5,900.0,52627.5,20250301
1000001543,858,1,,2445.0,1873,REFUNDED,ARS,40500.0,8505.0,1200.0,50205.0,20250702
1000001544,1078,1,,1337.0,2786,PAID,ARS,54750.0,11497.5,1200.0,67447.5,20250616
1000001545,1382,1,,2501.0,3371,FULFILLED,ARS,14250.0,2992.5,1200.0,18442.5,20240611
1000001546,739,2,3.0,3497.0,3,FULFILLED,ARS,21600.0,4536.0,0.0,26136.0,20240109
1000001547,878,1,,3450.0,2393,FULFILLED,ARS,37770.0,7931.7,1200.0,46901.7,20250615
1000001548,863,1,,2022.0,3510,FULFILLED,ARS,40500.0,8505.0,1500.0,50505.0,20250409
1000001549,504,2,3.0,1872.0,3,FULFILLED,ARS,14250.0,2992.5,0.0,17242.5,20240322
1000001550,810,1,,1489.0,1798,CANCELLED,ARS,27000.0,5670.0,1200.0,33870.0,20250106
1000001551,1339,1,,3546.0,1084,PAID,ARS,35280.0,7408.8,0.0,42688.8,20250201
1000001552,769,1,,1661.0,2223,FULFILLED,ARS,36000.0,7560.0,900.0,44460.0,20250121
1000001553,952,1,,4034.0,1433,FULFILLED,ARS,15750.0,3307.5,1500.0,20557.5,20240820
1000001554,389,1,,,1830,REFUNDED,ARS,71400.0,14994.0,900.0,87294.0,20240517
1000001555,1039,1,,1703.0,2457,FULFILLED,ARS,15750.0,3307.5,1200.0,20257.5,20250821
1000001556,91,1,,3747.0,2541,FULFILLED,ARS,32400.0,6804.0,900.0,40104.0,20240702
1000001557,1190,1,,3594.0,1288,FULFILLED,ARS,35280.0,7408.8,1200.0,43888.8,20240621
1000001558,762,2,1.0,2514.0,1,PAID,ARS,47496.0,9974.16,0.0,57470.16,20250727
1000001559,520,2,1.0,3114.0,1,FULFILLED,ARS,66600.0,13986.0,0.0,80586.0,20240324
1000001560,604,2,2.0,1666.0,2,FULFILLED,ARS,54300.0,11403.0,0.0,65703.0,20250416
1000001561,1133,1,,2409.0,3422,CANCELLED,ARS,44100.0,9261.0,1500.0,54861.0,20241226
1000001562,1401,1,,1979.0,1061,FULFILLED,ARS,52668.0,11060.28,900.0,64628.28,20241201
1000001563,298,2,1.0,,1,FULFILLED,ARS,24000.0,5040.0,0.0,29040.0,20240515
1000001564,1104,1,,1919.0,2083,FULFILLED,ARS,13230.0,2778.3,1200.0,17208.3,20250226
1000001565,1309,1,,,2909,FULFILLED,ARS,22800.0,4788.0,1200.0,28788.0,20241103
1000001566,483,2,4.0,2156.0,4,FULFILLED,ARS,35280.0,7408.8,0.0,42688.8,20250513
1000001567,208,1,,3831.0,3338,PAID,ARS,10800.0,2268.0,0.0,13068.0,20240620
1000001568,1493,2,4.0,1404.0,4,FULFILLED,ARS,35280.0,7408.8,0.0,42688.8,20250910
1000001569,746,1,,2204.0,3679,REFUNDED,ARS,12000.0,2520.0,1500.0,16020.0,20240520
1000001570,1263,1,,3896.0,3097,FULFILLED,ARS,27000.0,5670.0,1200.0,33870.0,20250208
1000001571,878,1,,2249.0,3023,PAID,ARS,37770.0,7931.7,1200.0,46901.7,20250414
1000001572,625,2,4.0,3311.0,4,PAID,ARS,14962.5,3142.12,0.0,18104.62,20250804
1000001573,1236,1,,1504.0,1785,FULFILLED,ARS,28425.0,5969.25,0.0,34394.25,20250417
1000001574,700,1,,2179.0,3283,CANCELLED,ARS,22800.0,4788.0,900.0,28488.0,20250509
1000001575,777,1,,1330.0,1673,FULFILLED,ARS,14962.5,3142.12,0.0,18104.62,20250409
1000001576,1341,1,,3618.0,1938,FULFILLED,ARS,24000.0,5040.0,1200.0,30240.0,20240212
1000001577,1168,1,,2189.0,4046,PAID,ARS,20520.0,4309.2,1200.0,26029.2,20241021
1000001578,715,2,2.0,2541.0,2,FULFILLED,ARS,22800.0,4788.0,0.0,27588.0,20240313
1000001579,26,2,4.0,3973.0,4,FULFILLED,ARS,34200.0,7182.0,0.0,41382.0,20250325
1000001580,1469,1,,2808.0,2181,CANCELLED,ARS,66780.0,14023.8,1200.0,82003.8,20240712
1000001581,783,1,,3535.0,2570,FULFILLED,ARS,15000.0,3150.0,1200.0,19350.0,20241219
1000001582,1323,2,1.0,2304.0,1,FULFILLED,ARS,13230.0,2778.3,0.0,16008.3,20240904
1000001583,8,2,4.0,,4,FULFILLED,ARS,70200.0,14742.0,0.0,84942.0,20250629
1000001584,336,2,2.0,1744.0,2,FULFILLED,ARS,75780.0,15913.8,0.0,91693.8,20241228
1000001585,386,1,,3847.0,2236,FULFILLED,ARS,45000.0,9450.0,1200.0,55650.0,20240530
1000001586,1375,2,4.0,1712.0,4,FULFILLED,ARS,32400.0,6804.0,0.0,39204.0,20250921
1000001587,162,1,,1269.0,3621,FULFILLED,ARS,35280.0,7408.8,0.0,42688.8,20250613
1000001588,1203,2,3.0,2527.0,3,FULFILLED,ARS,35280.0,7408.8,0.0,42688.8,20240304
1000001589,835,1,,1703.0,2739,FULFILLED,ARS,35640.0,7484.4,1200.0,44324.4,20240911
1000001590,566,2,1.0,2491.0,1,FULFILLED,ARS,49140.0,10319.4,0.0,59459.4,20240315
1000001591,383,1,,2602.0,2385,FULFILLED,ARS,27000.0,5670.0,1200.0,33870.0,20250209
1000001592,746,1,,,1599,PAID,ARS,31440.0,6602.4,1500.0,39542.4,20240612
1000001593,383,2,1.0,1569.0,1,CREATED,ARS,22800.0,4788.0,0.0,27588.0,20240405
1000001594,1419,1,,3659.0,3985,PAID,ARS,69600.0,14616.0,1200.0,85416.0,20250924
1000001595,1037,2,3.0,1674.0,3,REFUNDED,ARS,14250.0,2992.5,0.0,17242.5,20241121
1000001596,775,2,3.0,1828.0,3,REFUNDED,ARS,10800.0,2268.0,0.0,13068.0,20240125
1000001597,1015,1,,,2486,CANCELLED,ARS,44887.5,9426.38,1200.0,55513.88,20250307
1000001598,1197,2,1.0,,1,CANCELLED,ARS,36300.0,7623.0,0.0,43923.0,20250608
1000001599,773,2,3.0,1672.0,3,FULFILLED,ARS,66000.0,13860.0,0.0,79860.0,20250329
1000001600,413,1,,2159.0,2084,FULFILLED,ARS,32340.0,6791.4,900.0,40031.4,20250709
1000001601,681,1,,4009.0,3005,FULFILLED,ARS,54750.0,11497.5,1200.0,67447.5,20250826
1000001602,1425,2,4.0,3997.0,4,FULFILLED,ARS,12348.0,2593.08,0.0,14941.08,20250607
1000001603,394,1,,2154.0,2799,FULFILLED,ARS,42750.0,8977.5,1200.0,52927.5,20250812
1000001604,942,2,2.0,2763.0,2,PAID,ARS,68145.0,14310.45,0.0,82455.45,20250616
1000001605,1238,2,2.0,1446.0,2,FULFILLED,ARS,70500.0,14805.0,0.0,85305.0,20250604
1000001606,1045,1,,3991.0,1164,FULFILLED,ARS,32400.0,6804.0,900.0,40104.0,20250314
1000001607,594,2,4.0,2357.0,4,FULFILLED,ARS,70560.0,14817.6,0.0,85377.6,20250519
1000001608,58,1,,2100.0,2134,FULFILLED,ARS,14175.0,2976.75,1200.0,18351.75,20250518
1000001609,1008,2,4.0,1772.0,4,FULFILLED,ARS,90720.0,19051.2,0.0,109771.2,20250126
1000001610,1028,2,3.0,1880.0,3,FULFILLED,ARS,37632.0,7902.72,0.0,45534.72,20240515
1000001611,1024,2,4.0,3308.0,4,FULFILLED,ARS,36000.0,7560.0,0.0,43560.0,20250503
1000001612,426,1,,3132.0,4144,REFUNDED,ARS,25200.0,5292.0,1500.0,31992.0,20241214
1000001613,90,1,,2762.0,2430,FULFILLED,ARS,30870.0,6482.7,1200.0,38552.7,20250601
1000001614,728,1,,3600.0,1019,PAID,ARS,38475.0,8079.75,0.0,46554.75,20250912
1000001615,294,1,,3178.0,2900,FULFILLED,ARS,42750.0,8977.5,900.0,52627.5,20240403
1000001616,200,1,,1562.0,3586,FULFILLED,ARS,13230.0,2778.3,1200.0,17208.3,20250318
1000001617,676,2,2.0,1444.0,2,FULFILLED,ARS,40500.0,8505.0,0.0,49005.0,20240302
1000001618,694,1,,4102.0,3775,FULFILLED,ARS,49500.0,10395.0,1200.0,61095.0,20250227
1000001619,800,2,4.0,1306.0,4,CANCELLED,ARS,28350.0,5953.5,0.0,34303.5,20250420
1000001620,1418,1,,2239.0,4075,FULFILLED,ARS,10800.0,2268.0,1200.0,14268.0,20250511
1000001621,245,1,,3524.0,3570,FULFILLED,ARS,34020.0,7144.2,1200.0,42364.2,20240410
1000001622,441,1,,2559.0,2268,FULFILLED,ARS,32400.0,6804.0,1200.0,40404.0,20250518
1000001623,393,1,,1182.0,2017,FULFILLED,ARS,83250.0,17482.5,1200.0,101932.5,20250312
1000001624,1428,1,,2197.0,4182,FULFILLED,ARS,42750.0,8977.5,1500.0,53227.5,20250918
1000001625,852,1,,2938.0,1860,REFUNDED,ARS,44100.0,9261.0,0.0,53361.0,20240702
1000001626,379,1,,1043.0,3263,FULFILLED,ARS,22800.0,4788.0,1500.0,29088.0,20240207
1000001627,653,1,,3824.0,4151,FULFILLED,ARS,23520.0,4939.2,1200.0,29659.2,20240918
1000001628,230,1,,4046.0,2202,FULFILLED,ARS,37800.0,7938.0,900.0,46638.0,20250712
1000001629,310,1,,1052.0,2710,FULFILLED,ARS,36000.0,7560.0,1200.0,44760.0,20250820
1000001630,689,1,,2950.0,2247,CANCELLED,ARS,13500.0,2835.0,0.0,16335.0,20250729
1000001631,715,2,2.0,2543.0,2,FULFILLED,ARS,22800.0,4788.0,0.0,27588.0,20240705
1000001632,520,1,,1338.0,2349,FULFILLED,ARS,41400.0,8694.0,1200.0,51294.0,20250814
1000001633,896,1,,1967.0,1085,FULFILLED,ARS,42750.0,8977.5,1500.0,53227.5,20250728
1000001634,703,1,,4076.0,1440,FULFILLED,ARS,45000.0,9450.0,900.0,55350.0,20250714
1000001635,1365,2,3.0,2735.0,3,PAID,ARS,12600.0,2646.0,0.0,15246.0,20241118
1000001636,746,2,2.0,,2,REFUNDED,ARS,15000.0,3150.0,0.0,18150.0,20241228
1000001637,789,2,2.0,2174.0,2,FULFILLED,ARS,37620.0,7900.2,0.0,45520.2,20250314
1000001638,77,1,,3203.0,1057,PAID,ARS,22800.0,4788.0,1200.0,28788.0,20250702
1000001639,953,1,,2516.0,3727,CREATED,ARS,67500.0,14175.0,1200.0,82875.0,20240612
1000001640,515,1,,1544.0,3990,REFUNDED,ARS,12000.0,2520.0,900.0,15420.0,20240927
1000001641,1066,1,,3214.0,1268,FULFILLED,ARS,24000.0,5040.0,1200.0,30240.0,20240827
1000001642,1081,1,,2083.0,1623,FULFILLED,ARS,76260.0,16014.6,1500.0,93774.6,20240429
1000001643,1232,1,,1864.0,4034,FULFILLED,ARS,35910.0,7541.1,900.0,44351.1,20241031
1000001644,585,2,4.0,3345.0,4,FULFILLED,ARS,28500.0,5985.0,0.0,34485.0,20240714
1000001645,624,2,1.0,3016.0,1,FULFILLED,ARS,33000.0,6930.0,0.0,39930.0,20250326
1000001646,931,2,1.0,3907.0,1,PAID,ARS,30000.0,6300.0,0.0,36300.0,20240317
1000001647,932,1,,1855.0,1044,PAID,ARS,29700.0,6237.0,1500.0,37437.0,20240722
1000001648,930,1,,2162.0,3950,FULFILLED,ARS,11400.0,2394.0,1200.0,14994.0,20240209
1000001649,1114,2,3.0,1403.0,3,FULFILLED,ARS,11760.0,2469.6,0.0,14229.6,20250311
1000001650,746,1,,3631.0,2380,PAID,ARS,37620.0,7900.2,1200.0,46720.2,20240112
1000001651,1306,1,,3972.0,1279,FULFILLED,ARS,22800.0,4788.0,0.0,27588.0,20250818
1000001652,741,1,,1494.0,1224,FULFILLED,ARS,21600.0,4536.0,1500.0,27636.0,20240109
1000001653,1305,2,4.0,3703.0,4,REFUNDED,ARS,39690.0,8334.9,0.0,48024.9,20250430
1000001654,435,1,,2679.0,3626,CANCELLED,ARS,34320.0,7207.2,900.0,42427.2,20250309
1000001655,217,2,2.0,,2,FULFILLED,ARS,29700.0,6237.0,0.0,35937.0,20241229
1000001656,944,2,3.0,3220.0,3,PAID,ARS,58200.0,12222.0,0.0,70422.0,20250527
1000001657,595,2,1.0,1408.0,1,FULFILLED,ARS,23400.0,4914.0,0.0,28314.0,20241203
1000001658,156,2,2.0,3977.0,2,FULFILLED,ARS,21600.0,4536.0,0.0,26136.0,20240109
1000001659,1323,2,2.0,3179.0,2,FULFILLED,ARS,63000.0,13230.0,0.0,76230.0,20250616
1000001660,1345,1,,1257.0,3178,CREATED,ARS,14700.0,3087.0,900.0,18687.0,20240531
1000001661,860,1,,3625.0,3176,FULFILLED,ARS,21600.0,4536.0,1500.0,27636.0,20240126
1000001662,136,2,1.0,1001.0,1,FULFILLED,ARS,21600.0,4536.0,0.0,26136.0,20240723
1000001663,1460,2,1.0,1401.0,1,REFUNDED,ARS,48600.0,10206.0,0.0,58806.0,20241003
1000001664,23,1,,3921.0,3464,FULFILLED,ARS,10800.0,2268.0,900.0,13968.0,20241115
1000001665,258,1,,2222.0,1724,FULFILLED,ARS,11400.0,2394.0,1200.0,14994.0,20240407
1000001666,1343,2,4.0,2155.0,4,FULFILLED,ARS,43980.0,9235.8,0.0,53215.8,20240216
1000001667,311,1,,1036.0,2642,FULFILLED,ARS,60420.0,12688.2,900.0,74008.2,20240412
1000001668,662,1,,2772.0,1496,FULFILLED,ARS,10800.0,2268.0,1500.0,14568.0,20241001
1000001669,538,2,1.0,1169.0,1,PAID,ARS,10800.0,2268.0,0.0,13068.0,20240514
1000001670,1212,1,,3216.0,3200,FULFILLED,ARS,12936.0,2716.56,0.0,15652.56,20241010
1000001671,282,2,1.0,1193.0,1,CANCELLED,ARS,29400.0,6174.0,0.0,35574.0,20250303
1000001672,1248,1,,4060.0,2051,CREATED,ARS,40500.0,8505.0,900.0,49905.0,20240213
1000001673,294,2,3.0,,3,FULFILLED,ARS,25080.0,5266.8,0.0,30346.8,20241105
1000001674,1148,1,,1821.0,1976,PAID,ARS,45000.0,9450.0,900.0,55350.0,20240326
1000001675,475,1,,2418.0,1368,FULFILLED,ARS,42750.0,8977.5,1200.0,52927.5,20250311
1000001676,1492,1,,2610.0,3029,PAID,ARS,40800.0,8568.0,900.0,50268.0,20250830
1000001677,1004,1,,1700.0,3859,FULFILLED,ARS,36348.0,7633.08,900.0,44881.08,20241114
1000001678,427,1,,,1678,FULFILLED,ARS,58350.0,12253.5,900.0,71503.5,20250521
1000001679,1490,1,,1022.0,3378,FULFILLED,ARS,36450.0,7654.5,900.0,45004.5,20250129
1000001680,1403,1,,,2814,PAID,ARS,23940.0,5027.4,1200.0,30167.4,20241124
1000001681,142,1,,4142.0,3172,FULFILLED,ARS,24000.0,5040.0,900.0,29940.0,20240412
1000001682,890,2,3.0,,3,FULFILLED,ARS,35910.0,7541.1,0.0,43451.1,20250717
1000001683,1265,1,,3921.0,3861,FULFILLED,ARS,26400.0,5544.0,1200.0,33144.0,20241218
1000001684,612,1,,3149.0,3292,FULFILLED,ARS,46305.0,9724.05,1200.0,57229.05,20240303
1000001685,166,1,,3328.0,3831,CANCELLED,ARS,12825.0,2693.25,0.0,15518.25,20240108
1000001686,330,2,2.0,3137.0,2,FULFILLED,ARS,63210.0,13274.1,0.0,76484.1,20240601
1000001687,1467,2,3.0,1983.0,3,REFUNDED,ARS,16500.0,3465.0,0.0,19965.0,20240624
1000001688,899,1,,2983.0,1182,FULFILLED,ARS,56448.0,11854.08,1200.0,69502.08,20250209
1000001689,728,1,,2918.0,2569,PAID,ARS,23520.0,4939.2,1500.0,29959.2,20240914
1000001690,1097,2,3.0,2258.0,3,PAID,ARS,53940.0,11327.4,0.0,65267.4,20240526
1000001691,1003,1,,2489.0,1063,PAID,ARS,14175.0,2976.75,1500.0,18651.75,20250226
1000001692,1147,2,3.0,3537.0,3,FULFILLED,ARS,12600.0,2646.0,0.0,15246.0,20240715
1000001693,747,2,4.0,1081.0,4,FULFILLED,ARS,102165.0,21454.65,0.0,123619.65,20240905
1000001694,956,2,4.0,2781.0,4,REFUNDED,ARS,14962.5,3142.12,0.0,18104.62,20250109
1000001695,379,2,4.0,3293.0,4,FULFILLED,ARS,28350.0,5953.5,0.0,34303.5,20240129
1000001696,115,1,,4054.0,3747,FULFILLED,ARS,30870.0,6482.7,1500.0,38852.7,20241214
1000001697,293,1,,2446.0,3583,PAID,ARS,30870.0,6482.7,1200.0,38552.7,20250313
1000001698,1002,2,2.0,2186.0,2,FULFILLED,ARS,109860.0,23070.6,0.0,132930.6,20250401
1000001699,1015,2,1.0,2204.0,1,FULFILLED,ARS,31350.0,6583.5,0.0,37933.5,20250811
1000001700,126,1,,,3178,PAID,ARS,54750.0,11497.5,900.0,67147.5,20250124
1000001701,946,1,,1591.0,2849,FULFILLED,ARS,11400.0,2394.0,1500.0,15294.0,20240818
1000001702,1005,1,,3310.0,2271,FULFILLED,ARS,13500.0,2835.0,0.0,16335.0,20250729
1000001703,1018,1,,1070.0,4184,FULFILLED,ARS,21600.0,4536.0,900.0,27036.0,20241102
1000001704,333,2,4.0,1348.0,4,REFUNDED,ARS,23520.0,4939.2,0.0,28459.2,20240623
1000001705,77,2,3.0,2569.0,3,REFUNDED,ARS,16170.0,3395.7,0.0,19565.7,20250212
1000001706,493,1,,2810.0,1268,FULFILLED,ARS,46305.0,9724.05,0.0,56029.05,20250402
1000001707,793,2,4.0,,4,PAID,ARS,70545.0,14814.45,0.0,85359.45,20240815
1000001708,864,2,3.0,,3,FULFILLED,ARS,11400.0,2394.0,0.0,13794.0,20240820
1000001709,982,2,3.0,3659.0,3,FULFILLED,ARS,40500.0,8505.0,0.0,49005.0,20240624
1000001710,146,1,,2696.0,2030,FULFILLED,ARS,36000.0,7560.0,900.0,44460.0,20241006
1000001711,10,2,4.0,3200.0,4,PAID,ARS,58200.0,12222.0,0.0,70422.0,20240621
1000001712,174,1,,2875.0,3813,PAID,ARS,25080.0,5266.8,1200.0,31546.8,20241007
1000001713,210,1,,4015.0,4051,FULFILLED,ARS,29400.0,6174.0,1200.0,36774.0,20250904
1000001714,1326,2,3.0,1887.0,3,CANCELLED,ARS,11760.0,2469.6,0.0,14229.6,20250612
1000001715,1032,2,3.0,1993.0,3,FULFILLED,ARS,59160.0,12423.6,0.0,71583.6,20250111
1000001716,708,1,,1790.0,3099,FULFILLED,ARS,32400.0,6804.0,900.0,40104.0,20241207
1000001717,956,1,,1821.0,2474,FULFILLED,ARS,12000.0,2520.0,900.0,15420.0,20240916
1000001718,1468,1,,2984.0,3099,PAID,ARS,70200.0,14742.0,1500.0,86442.0,20240305
1000001719,182,1,,4051.0,1276,FULFILLED,ARS,35280.0,7408.8,0.0,42688.8,20241003
1000001720,295,2,2.0,2926.0,2,CANCELLED,ARS,44250.0,9292.5,0.0,53542.5,20241008
1000001721,1388,2,4.0,2691.0,4,FULFILLED,ARS,55350.0,11623.5,0.0,66973.5,20250507
1000001722,282,1,,3636.0,3125,FULFILLED,ARS,22680.0,4762.8,0.0,27442.8,20250731
1000001723,1365,1,,2642.0,3415,FULFILLED,ARS,34200.0,7182.0,0.0,41382.0,20250812
1000001724,505,2,2.0,1816.0,2,FULFILLED,ARS,25872.0,5433.12,0.0,31305.12,20250722
1000001725,774,1,,1612.0,3409,PAID,ARS,46200.0,9702.0,1500.0,57402.0,20250417
1000001726,504,1,,3682.0,1076,FULFILLED,ARS,23520.0,4939.2,900.0,29359.2,20250524
1000001727,748,1,,,2551,FULFILLED,ARS,34200.0,7182.0,1200.0,42582.0,20240413
1000001728,479,2,1.0,4195.0,1,CREATED,ARS,23520.0,4939.2,0.0,28459.2,20250526
1000001729,975,1,,3824.0,3765,FULFILLED,ARS,79980.0,16795.8,900.0,97675.8,20250907
1000001730,156,1,,3216.0,1092,FULFILLED,ARS,11760.0,2469.6,1200.0,15429.6,20250701
1000001731,380,2,4.0,,4,FULFILLED,ARS,28500.0,5985.0,0.0,34485.0,20250713
1000001732,823,1,,3937.0,3563,FULFILLED,ARS,11760.0,2469.6,1200.0,15429.6,20250724
1000001733,561,2,1.0,2216.0,1,FULFILLED,ARS,69300.0,14553.0,0.0,83853.0,20240718
1000001734,40,1,,3568.0,4027,FULFILLED,ARS,80808.0,16969.68,900.0,98677.68,20240220
1000001735,270,2,1.0,,1,FULFILLED,ARS,11970.0,2513.7,0.0,14483.7,20250513
1000001736,557,1,,,1205,FULFILLED,ARS,12600.0,2646.0,1200.0,16446.0,20240724
1000001737,303,2,1.0,3479.0,1,FULFILLED,ARS,41310.0,8675.1,0.0,49985.1,20240614
1000001738,345,1,,1477.0,3636,PAID,ARS,11760.0,2469.6,1200.0,15429.6,20240902
1000001739,676,2,2.0,3789.0,2,FULFILLED,ARS,25200.0,5292.0,0.0,30492.0,20240419
1000001740,1373,2,3.0,1649.0,3,FULFILLED,ARS,29400.0,6174.0,0.0,35574.0,20241209
1000001741,564,2,3.0,3950.0,3,FULFILLED,ARS,42150.0,8851.5,0.0,51001.5,20240426
1000001742,182,2,3.0,1090.0,3,FULFILLED,ARS,44100.0,9261.0,0.0,53361.0,20240524
1000001743,216,2,4.0,1425.0,4,FULFILLED,ARS,45000.0,9450.0,0.0,54450.0,20240507
1000001744,752,1,,1881.0,1484,FULFILLED,ARS,35280.0,7408.8,1200.0,43888.8,20250820
1000001745,413,1,,,3249,FULFILLED,ARS,22770.0,4781.7,0.0,27551.7,20250103
1000001746,1384,1,,4030.0,1486,PAID,ARS,22800.0,4788.0,900.0,28488.0,20241001
1000001747,478,2,4.0,2389.0,4,PAID,ARS,11760.0,2469.6,0.0,14229.6,20240113
1000001748,1049,1,,1594.0,2708,PAID,ARS,60000.0,12600.0,1200.0,73800.0,20240303
1000001749,1271,1,,2735.0,3934,FULFILLED,ARS,32400.0,6804.0,900.0,40104.0,20240502
1000001750,471,2,1.0,2848.0,1,CANCELLED,ARS,100290.0,21060.9,0.0,121350.9,20240807
1000001751,650,2,4.0,,4,FULFILLED,ARS,21168.0,4445.28,0.0,25613.28,20250218
1000001752,685,2,4.0,1165.0,4,FULFILLED,ARS,73500.0,15435.0,0.0,88935.0,20240728
1000001753,936,1,,2840.0,1191,FULFILLED,ARS,22800.0,4788.0,1200.0,28788.0,20250529
1000001754,1189,1,,3316.0,1551,FULFILLED,ARS,15000.0,3150.0,1200.0,19350.0,20250805
1000001755,1130,1,,3337.0,3828,FULFILLED,ARS,73800.0,15498.0,0.0,89298.0,20241003
1000001756,233,1,,,1466,FULFILLED,ARS,19440.0,4082.4,1500.0,25022.4,20250513
1000001757,626,1,,1618.0,1831,FULFILLED,ARS,11340.0,2381.4,900.0,14621.4,20250226
1000001758,545,2,4.0,3641.0,4,PAID,ARS,62700.0,13167.0,0.0,75867.0,20240105
1000001759,147,2,4.0,,4,FULFILLED,ARS,36000.0,7560.0,0.0,43560.0,20240704
1000001760,946,1,,3396.0,4177,FULFILLED,ARS,23940.0,5027.4,900.0,29867.4,20241219
1000001761,267,2,1.0,,1,FULFILLED,ARS,26400.0,5544.0,0.0,31944.0,20250703
1000001762,1200,2,1.0,1093.0,1,REFUNDED,ARS,24300.0,5103.0,0.0,29403.0,20241201
1000001763,106,2,2.0,3310.0,2,FULFILLED,ARS,70560.0,14817.6,0.0,85377.6,20250925
1000001764,656,1,,3212.0,2563,FULFILLED,ARS,36000.0,7560.0,1200.0,44760.0,20250203
1000001765,1324,2,4.0,1970.0,4,FULFILLED,ARS,11760.0,2469.6,0.0,14229.6,20250220
1000001766,1133,2,2.0,1816.0,2,FULFILLED,ARS,28500.0,5985.0,0.0,34485.0,20240805
1000001767,921,2,4.0,,4,FULFILLED,ARS,35910.0,7541.1,0.0,43451.1,20240629
1000001768,16,1,,3346.0,3040,FULFILLED,ARS,35280.0,7408.8,1500.0,44188.8,20240525
1000001769,1099,1,,,4115,FULFILLED,ARS,11400.0,2394.0,900.0,14694.0,20240818
1000001770,920,2,3.0,1979.0,3,FULFILLED,ARS,40500.0,8505.0,0.0,49005.0,20240226
1000001771,503,1,,,3630,FULFILLED,ARS,30000.0,6300.0,900.0,37200.0,20240924
1000001772,1057,2,4.0,1847.0,4,FULFILLED,ARS,15000.0,3150.0,0.0,18150.0,20250614
1000001773,1044,1,,3059.0,1210,FULFILLED,ARS,29400.0,6174.0,1200.0,36774.0,20250620
1000001774,1012,1,,2961.0,2585,FULFILLED,ARS,28500.0,5985.0,900.0,35385.0,20250106
1000001775,163,2,1.0,1998.0,1,PAID,ARS,24000.0,5040.0,0.0,29040.0,20250525
1000001776,347,2,4.0,1234.0,4,FULFILLED,ARS,28500.0,5985.0,0.0,34485.0,20240804
1000001777,634,1,,1908.0,2335,PAID,ARS,26400.0,5544.0,0.0,31944.0,20250928
1000001778,1463,1,,2143.0,1234,CANCELLED,ARS,71250.0,14962.5,1500.0,87712.5,20240507
1000001779,123,1,,3735.0,2051,FULFILLED,ARS,34800.0,7308.0,900.0,43008.0,20241021
1000001780,638,1,,3402.0,1826,FULFILLED,ARS,59400.0,12474.0,1200.0,73074.0,20250925
1000001781,1230,1,,3599.0,2782,FULFILLED,ARS,12000.0,2520.0,1200.0,15720.0,20250808
1000001782,689,2,1.0,3947.0,1,FULFILLED,ARS,12000.0,2520.0,0.0,14520.0,20241103
1000001783,1069,1,,1315.0,2398,FULFILLED,ARS,60900.0,12789.0,1200.0,74889.0,20240806
1000001784,1335,1,,2414.0,3820,FULFILLED,ARS,20520.0,4309.2,1200.0,26029.2,20240427
1000001785,1312,2,4.0,3224.0,4,CANCELLED,ARS,13230.0,2778.3,0.0,16008.3,20241121
1000001786,992,2,4.0,2240.0,4,REFUNDED,ARS,27000.0,5670.0,0.0,32670.0,20240125
1000001787,713,2,4.0,1544.0,4,FULFILLED,ARS,41160.0,8643.6,0.0,49803.6,20241102
1000001788,1477,2,2.0,2748.0,2,FULFILLED,ARS,10800.0,2268.0,0.0,13068.0,20250717
1000001789,1333,1,,,2682,PAID,ARS,24000.0,5040.0,1200.0,30240.0,20250429
1000001790,980,1,,,3502,FULFILLED,ARS,59250.0,12442.5,1200.0,72892.5,20250114
1000001791,977,2,4.0,3950.0,4,FULFILLED,ARS,44100.0,9261.0,0.0,53361.0,20250416
1000001792,1254,1,,1496.0,3616,FULFILLED,ARS,10260.0,2154.6,1500.0,13914.6,20240711
1000001793,1126,1,,1530.0,2248,FULFILLED,ARS,63300.0,13293.0,1200.0,77793.0,20240722
1000001794,436,1,,2633.0,3928,FULFILLED,ARS,12000.0,2520.0,0.0,14520.0,20241101
1000001795,1117,1,,4127.0,1903,FULFILLED,ARS,27000.0,5670.0,900.0,33570.0,20240707
1000001796,276,2,1.0,1166.0,1,PAID,ARS,28500.0,5985.0,0.0,34485.0,20241014
1000001797,551,1,,2160.0,3827,FULFILLED,ARS,32400.0,6804.0,900.0,40104.0,20250202
1000001798,1479,2,1.0,3534.0,1,REFUNDED,ARS,32400.0,6804.0,0.0,39204.0,20250322
1000001799,274,2,2.0,3239.0,2,FULFILLED,ARS,13500.0,2835.0,0.0,16335.0,20240113
1000001800,361,2,3.0,1281.0,3,FULFILLED,ARS,25200.0,5292.0,0.0,30492.0,20240629
1000001801,17,1,,3082.0,2965,PAID,ARS,32400.0,6804.0,900.0,40104.0,20240911
1000001802,713,1,,1098.0,3160,PAID,ARS,32340.0,6791.4,0.0,39131.4,20240204
1000001803,1142,2,4.0,2477.0,4,CANCELLED,ARS,11400.0,2394.0,0.0,13794.0,20250804
1000001804,1094,1,,4.0,3585,FULFILLED,ARS,27000.0,5670.0,900.0,33570.0,20240918
1000001805,637,1,,1109.0,3456,FULFILLED,ARS,13230.0,2778.3,900.0,16908.3,20250828
1000001806,1416,1,,,1044,FULFILLED,ARS,36000.0,7560.0,1200.0,44760.0,20241013
1000001807,949,1,,3515.0,3712,FULFILLED,ARS,69480.0,14590.8,1500.0,85570.8,20240925
1000001808,1146,1,,2704.0,3283,CANCELLED,ARS,65940.0,13847.4,1200.0,80987.4,20240229
1000001809,1482,1,,3118.0,1275,FULFILLED,ARS,12600.0,2646.0,1500.0,16746.0,20240312
1000001810,496,1,,2988.0,2437,FULFILLED,ARS,35280.0,7408.8,1500.0,44188.8,20240913
1000001811,991,1,,3895.0,3381,FULFILLED,ARS,47496.0,9974.16,900.0,58370.16,20250805
1000001812,915,2,2.0,2455.0,2,CREATED,ARS,32400.0,6804.0,0.0,39204.0,20240723
1000001813,970,2,3.0,3416.0,3,PAID,ARS,21600.0,4536.0,0.0,26136.0,20250329
1000001814,1166,2,3.0,,3,FULFILLED,ARS,14700.0,3087.0,0.0,17787.0,20241120
1000001815,1038,2,3.0,2729.0,3,FULFILLED,ARS,37584.0,7892.64,0.0,45476.64,20241203
1000001816,1103,2,4.0,2206.0,4,CANCELLED,ARS,58590.0,12303.9,0.0,70893.9,20250810
1000001817,1326,1,,3401.0,4088,CANCELLED,ARS,41040.0,8618.4,1200.0,50858.4,20241013
1000001818,1066,2,4.0,1488.0,4,FULFILLED,ARS,29700.0,6237.0,0.0,35937.0,20250107
1000001819,1067,1,,1349.0,3114,FULFILLED,ARS,34200.0,7182.0,1200.0,42582.0,20240602
1000001820,202,2,1.0,2055.0,1,CREATED,ARS,41460.0,8706.6,0.0,50166.6,20250818
1000001821,1456,1,,1878.0,1379,FULFILLED,ARS,27000.0,5670.0,1200.0,33870.0,20240928
1000001822,101,2,4.0,2849.0,4,PAID,ARS,15000.0,3150.0,0.0,18150.0,20250522
1000001823,312,2,1.0,1734.0,1,FULFILLED,ARS,11400.0,2394.0,0.0,13794.0,20240724
1000001824,982,2,2.0,,2,CANCELLED,ARS,42525.0,8930.25,0.0,51455.25,20241223
1000001825,650,2,3.0,3101.0,3,FULFILLED,ARS,29400.0,6174.0,0.0,35574.0,20240507
1000001826,645,2,2.0,3285.0,2,FULFILLED,ARS,44100.0,9261.0,0.0,53361.0,20240727
1000001827,852,2,3.0,3974.0,3,FULFILLED,ARS,22680.0,4762.8,0.0,27442.8,20240110
1000001828,1291,1,,1575.0,1874,FULFILLED,ARS,30870.0,6482.7,900.0,38252.7,20241016
1000001829,916,1,,,2104,FULFILLED,ARS,10584.0,2222.64,900.0,13706.64,20250308
1000001830,680,1,,1462.0,1777,REFUNDED,ARS,11970.0,2513.7,0.0,14483.7,20241122
1000001831,1001,2,3.0,2442.0,3,FULFILLED,ARS,32400.0,6804.0,0.0,39204.0,20240814
1000001832,1301,2,3.0,2643.0,3,FULFILLED,ARS,36000.0,7560.0,0.0,43560.0,20250703
1000001833,1065,1,,3233.0,4111,FULFILLED,ARS,48870.0,10262.7,0.0,59132.7,20250902
1000001834,1045,1,,2580.0,3818,FULFILLED,ARS,56520.0,11869.2,1200.0,69589.2,20240817
1000001835,849,2,2.0,1575.0,2,PAID,ARS,34200.0,7182.0,0.0,41382.0,20250131
1000001836,1307,2,1.0,2497.0,1,FULFILLED,ARS,35340.0,7421.4,0.0,42761.4,20240216
1000001837,731,1,,3554.0,1684,PAID,ARS,10800.0,2268.0,900.0,13968.0,20250616
1000001838,221,1,,4095.0,2675,REFUNDED,ARS,28500.0,5985.0,900.0,35385.0,20240730
1000001839,1115,2,1.0,3983.0,1,FULFILLED,ARS,30000.0,6300.0,0.0,36300.0,20240119
1000001840,388,1,,2981.0,2487,PAID,ARS,12936.0,2716.56,1200.0,16852.56,20250207
1000001841,789,1,,2947.0,2382,FULFILLED,ARS,48000.0,10080.0,900.0,58980.0,20240203
1000001842,1390,1,,3981.0,1129,CANCELLED,ARS,36000.0,7560.0,1200.0,44760.0,20250614
1000001843,93,2,1.0,4176.0,1,FULFILLED,ARS,96000.0,20160.0,0.0,116160.0,20240315
1000001844,452,1,,3992.0,2037,FULFILLED,ARS,42750.0,8977.5,900.0,52627.5,20240611
1000001845,103,1,,1870.0,2118,PAID,ARS,41160.0,8643.6,1200.0,51003.6,20250113
1000001846,204,1,,3331.0,1930,FULFILLED,ARS,23940.0,5027.4,1200.0,30167.4,20250321
1000001847,1126,1,,2356.0,1720,FULFILLED,ARS,47250.0,9922.5,0.0,57172.5,20250610
1000001848,1496,2,4.0,4033.0,4,FULFILLED,ARS,28500.0,5985.0,0.0,34485.0,20250202
1000001849,1192,1,,2541.0,3131,FULFILLED,ARS,40500.0,8505.0,900.0,49905.0,20241218
1000001850,797,1,,3334.0,3347,CANCELLED,ARS,24000.0,5040.0,1200.0,30240.0,20240207
1000001851,391,2,4.0,4099.0,4,REFUNDED,ARS,37500.0,7875.0,0.0,45375.0,20240602
1000001852,1336,2,2.0,4072.0,2,REFUNDED,ARS,34740.0,7295.4,0.0,42035.4,20240930
1000001853,434,2,3.0,2133.0,3,FULFILLED,ARS,49500.0,10395.0,0.0,59895.0,20240727
1000001854,724,1,,,1124,FULFILLED,ARS,11760.0,2469.6,900.0,15129.6,20250310
1000001855,1157,1,,1476.0,2561,FULFILLED,ARS,57750.0,12127.5,0.0,69877.5,20250604
1000001856,450,2,2.0,1297.0,2,FULFILLED,ARS,28500.0,5985.0,0.0,34485.0,20240727
1000001857,655,1,,,2003,PAID,ARS,30000.0,6300.0,1500.0,37800.0,20250609
1000001858,688,1,,2271.0,2520,FULFILLED,ARS,32400.0,6804.0,1200.0,40404.0,20241008
1000001859,274,2,2.0,2954.0,2,REFUNDED,ARS,30870.0,6482.7,0.0,37352.7,20240923
1000001860,815,1,,2722.0,1929,FULFILLED,ARS,55500.0,11655.0,900.0,68055.0,20241227
1000001861,1202,2,1.0,2537.0,1,FULFILLED,ARS,28500.0,5985.0,0.0,34485.0,20240926
1000001862,208,1,,3738.0,1920,FULFILLED,ARS,36000.0,7560.0,900.0,44460.0,20240506
1000001863,1119,1,,2264.0,1145,FULFILLED,ARS,38475.0,8079.75,900.0,47454.75,20250314
1000001864,871,2,4.0,1426.0,4,FULFILLED,ARS,22800.0,4788.0,0.0,27588.0,20241206
1000001865,1089,1,,3980.0,2983,PAID,ARS,35100.0,7371.0,900.0,43371.0,20250204
1000001866,1313,1,,1884.0,4141,FULFILLED,ARS,34020.0,7144.2,1200.0,42364.2,20240831
1000001867,1169,2,1.0,3412.0,1,FULFILLED,ARS,35280.0,7408.8,0.0,42688.8,20240817
1000001868,497,2,1.0,1326.0,1,REFUNDED,ARS,50400.0,10584.0,0.0,60984.0,20250114
1000001869,274,1,,3807.0,3328,FULFILLED,ARS,14962.5,3142.12,900.0,19004.62,20240707
1000001870,1391,1,,3117.0,2592,CANCELLED,ARS,42750.0,8977.5,1200.0,52927.5,20240531
1000001871,682,1,,3389.0,1882,FULFILLED,ARS,30000.0,6300.0,1200.0,37500.0,20250316
1000001872,1063,2,2.0,1040.0,2,FULFILLED,ARS,29400.0,6174.0,0.0,35574.0,20250628
1000001873,535,1,,3710.0,3916,FULFILLED,ARS,16170.0,3395.7,1200.0,20765.7,20240806
1000001874,1140,2,3.0,2144.0,3,FULFILLED,ARS,62910.0,13211.1,0.0,76121.1,20250409
1000001875,712,1,,2847.0,1314,FULFILLED,ARS,10584.0,2222.64,1500.0,14306.64,20240501
1000001876,771,2,3.0,3956.0,3,FULFILLED,ARS,35280.0,7408.8,0.0,42688.8,20240406
1000001877,1234,2,3.0,4141.0,3,CANCELLED,ARS,67620.0,14200.2,0.0,81820.2,20250720
1000001878,193,1,,2161.0,1547,FULFILLED,ARS,14250.0,2992.5,900.0,18142.5,20250710
1000001879,1481,2,3.0,4050.0,3,PAID,ARS,27000.0,5670.0,0.0,32670.0,20240520
1000001880,1420,1,,3034.0,1257,FULFILLED,ARS,13230.0,2778.3,1200.0,17208.3,20240911
1000001881,866,1,,3059.0,1867,FULFILLED,ARS,45600.0,9576.0,0.0,55176.0,20241101
1000001882,1360,1,,2642.0,2384,FULFILLED,ARS,24585.0,5162.85,1500.0,31247.85,20240804
1000001883,26,2,2.0,3080.0,2,PAID,ARS,30780.0,6463.8,0.0,37243.8,20240403
1000001884,890,2,1.0,1256.0,1,FULFILLED,ARS,23520.0,4939.2,0.0,28459.2,20241110
1000001885,1466,2,2.0,2506.0,2,FULFILLED,ARS,31752.0,6667.92,0.0,38419.92,20250307
1000001886,1114,1,,1445.0,3420,FULFILLED,ARS,24300.0,5103.0,900.0,30303.0,20240122
1000001887,952,2,2.0,,2,FULFILLED,ARS,25080.0,5266.8,0.0,30346.8,20240305
1000001888,235,1,,3519.0,2729,FULFILLED,ARS,14250.0,2992.5,1500.0,18742.5,20241103
1000001889,264,1,,2653.0,2146,CANCELLED,ARS,11760.0,2469.6,0.0,14229.6,20250530
1000001890,649,1,,,2935,CANCELLED,ARS,25200.0,5292.0,900.0,31392.0,20240716
1000001891,1220,1,,2721.0,2470,PAID,ARS,47025.0,9875.25,1200.0,58100.25,20241226
1000001892,868,1,,2857.0,2660,FULFILLED,ARS,9720.0,2041.2,900.0,12661.2,20240916
1000001893,298,1,,,1983,FULFILLED,ARS,12000.0,2520.0,1200.0,15720.0,20250512
1000001894,447,1,,3744.0,1244,PAID,ARS,22800.0,4788.0,1200.0,28788.0,20250202
1000001895,464,2,3.0,3474.0,3,FULFILLED,ARS,36000.0,7560.0,0.0,43560.0,20241218
1000001896,49,1,,,3794,FULFILLED,ARS,31752.0,6667.92,1200.0,39619.92,20240410
1000001897,454,1,,2462.0,1090,FULFILLED,ARS,12000.0,2520.0,1500.0,16020.0,20240727
1000001898,1185,2,4.0,3136.0,4,FULFILLED,ARS,32400.0,6804.0,0.0,39204.0,20250716
1000001899,226,1,,2087.0,3105,FULFILLED,ARS,47025.0,9875.25,900.0,57800.25,20250205
1000001900,147,2,2.0,3372.0,2,FULFILLED,ARS,29400.0,6174.0,0.0,35574.0,20240422
1000001901,899,1,,2457.0,1290,FULFILLED,ARS,29925.0,6284.25,0.0,36209.25,20240914
1000001902,1306,2,3.0,1396.0,3,FULFILLED,ARS,19440.0,4082.4,0.0,23522.4,20250612
1000001903,768,2,1.0,2814.0,1,CREATED,ARS,35280.0,7408.8,0.0,42688.8,20240530
1000001904,59,2,3.0,2021.0,3,FULFILLED,ARS,27000.0,5670.0,0.0,32670.0,20250806
1000001905,772,2,4.0,3312.0,4,FULFILLED,ARS,31752.0,6667.92,0.0,38419.92,20240728
1000001906,656,1,,2801.0,3564,FULFILLED,ARS,27000.0,5670.0,900.0,33570.0,20250915
1000001907,903,2,4.0,1764.0,4,PAID,ARS,42750.0,8977.5,0.0,51727.5,20240115
1000001908,30,2,1.0,3616.0,1,FULFILLED,ARS,22680.0,4762.8,0.0,27442.8,20250609
1000001909,301,2,1.0,3370.0,1,FULFILLED,ARS,23100.0,4851.0,0.0,27951.0,20250908
1000001910,779,2,4.0,3480.0,4,REFUNDED,ARS,70872.0,14883.12,0.0,85755.12,20250616
1000001911,883,1,,1785.0,1376,FULFILLED,ARS,28500.0,5985.0,1500.0,35985.0,20250216
1000001912,737,1,,,3807,FULFILLED,ARS,10800.0,2268.0,1500.0,14568.0,20240120
1000001913,1160,1,,3367.0,1063,FULFILLED,ARS,22800.0,4788.0,1200.0,28788.0,20250921
1000001914,140,1,,1756.0,2518,REFUNDED,ARS,34200.0,7182.0,1200.0,42582.0,20241201
1000001915,218,1,,2266.0,2240,FULFILLED,ARS,40500.0,8505.0,900.0,49905.0,20250507
1000001916,562,2,3.0,,3,REFUNDED,ARS,45000.0,9450.0,0.0,54450.0,20240705
1000001917,294,1,,3918.0,1079,REFUNDED,ARS,9720.0,2041.2,900.0,12661.2,20250601
1000001918,1053,2,1.0,1276.0,1,CANCELLED,ARS,15675.0,3291.75,0.0,18966.75,20250324
1000001919,733,2,1.0,1357.0,1,FULFILLED,ARS,126000.0,26460.0,0.0,152460.0,20240518
1000001920,548,2,1.0,2596.0,1,CANCELLED,ARS,15000.0,3150.0,0.0,18150.0,20250324
1000001921,370,2,1.0,4066.0,1,FULFILLED,ARS,14962.5,3142.12,0.0,18104.62,20241111
1000001922,1293,2,2.0,1613.0,2,FULFILLED,ARS,23520.0,4939.2,0.0,28459.2,20240401
1000001923,1458,1,,2824.0,3116,FULFILLED,ARS,50100.0,10521.0,1200.0,61821.0,20250106
1000001924,233,2,2.0,3968.0,2,FULFILLED,ARS,39102.0,8211.42,0.0,47313.42,20250117
1000001925,820,1,,1417.0,1343,FULFILLED,ARS,11760.0,2469.6,0.0,14229.6,20241128
1000001926,1300,1,,2149.0,2594,FULFILLED,ARS,14250.0,2992.5,1200.0,18442.5,20240211
1000001927,1468,2,1.0,1983.0,1,FULFILLED,ARS,49800.0,10458.0,0.0,60258.0,20250313
1000001928,503,1,,1798.0,4020,FULFILLED,ARS,23520.0,4939.2,1200.0,29659.2,20250310
1000001929,734,1,,1554.0,1441,FULFILLED,ARS,10584.0,2222.64,1200.0,14006.64,20250529
1000001930,1479,1,,1836.0,1549,FULFILLED,ARS,49530.0,10401.3,900.0,60831.3,20240517
1000001931,494,2,4.0,,4,FULFILLED,ARS,23520.0,4939.2,0.0,28459.2,20241006
1000001932,296,2,2.0,2958.0,2,FULFILLED,ARS,11400.0,2394.0,0.0,13794.0,20241023
1000001933,957,2,4.0,1931.0,4,FULFILLED,ARS,27000.0,5670.0,0.0,32670.0,20250523
1000001934,851,2,3.0,4014.0,3,FULFILLED,ARS,19440.0,4082.4,0.0,23522.4,20250807
1000001935,1068,1,,1308.0,3693,FULFILLED,ARS,26460.0,5556.6,900.0,32916.6,20250809
1000001936,387,2,3.0,1733.0,3,FULFILLED,ARS,64350.0,13513.5,0.0,77863.5,20240928
1000001937,634,1,,4196.0,3440,FULFILLED,ARS,50544.0,10614.24,1200.0,62358.24,20241229
1000001938,533,1,,1340.0,3036,FULFILLED,ARS,30780.0,6463.8,900.0,38143.8,20240912
1000001939,851,2,2.0,3027.0,2,FULFILLED,ARS,51000.0,10710.0,0.0,61710.0,20241101
1000001940,1393,1,,2005.0,2509,FULFILLED,ARS,13500.0,2835.0,1200.0,17535.0,20250129
1000001941,27,2,1.0,2731.0,1,FULFILLED,ARS,62265.0,13075.65,0.0,75340.65,20250417
1000001942,782,2,2.0,2574.0,2,FULFILLED,ARS,14962.5,3142.12,0.0,18104.62,20240625
1000001943,195,1,,1463.0,2734,FULFILLED,ARS,36720.0,7711.2,1500.0,45931.2,20250120
1000001944,278,2,1.0,2203.0,1,FULFILLED,ARS,34200.0,7182.0,0.0,41382.0,20240308
1000001945,904,2,2.0,3318.0,2,FULFILLED,ARS,13200.0,2772.0,0.0,15972.0,20250331
1000001946,555,1,,1429.0,2315,FULFILLED,ARS,36000.0,7560.0,1200.0,44760.0,20250406
1000001947,131,1,,1944.0,3752,CANCELLED,ARS,79380.0,16669.8,1200.0,97249.8,20240617
1000001948,1309,1,,1065.0,1635,CANCELLED,ARS,12540.0,2633.4,900.0,16073.4,20240322
1000001949,1496,1,,2322.0,2169,FULFILLED,ARS,14700.0,3087.0,1200.0,18987.0,20250811
1000001950,1260,1,,2115.0,3140,FULFILLED,ARS,21600.0,4536.0,900.0,27036.0,20241017
1000001951,9,1,,2039.0,3671,FULFILLED,ARS,29400.0,6174.0,900.0,36474.0,20240220
1000001952,129,1,,3803.0,2947,FULFILLED,ARS,11970.0,2513.7,0.0,14483.7,20240903
1000001953,349,1,,3147.0,3730,FULFILLED,ARS,32400.0,6804.0,1500.0,40704.0,20240711
1000001954,1399,2,2.0,1095.0,2,FULFILLED,ARS,23520.0,4939.2,0.0,28459.2,20250422
1000001955,197,2,4.0,,4,FULFILLED,ARS,15750.0,3307.5,0.0,19057.5,20250314
1000001956,729,2,1.0,1655.0,1,CANCELLED,ARS,12348.0,2593.08,0.0,14941.08,20250910
1000001957,414,1,,3710.0,2788,PAID,ARS,32400.0,6804.0,900.0,40104.0,20240731
1000001958,1394,1,,3183.0,2632,CANCELLED,ARS,31350.0,6583.5,900.0,38833.5,20240130
1000001959,1380,1,,3896.0,1122,PAID,ARS,31752.0,6667.92,1200.0,39619.92,20250415
1000001960,1087,2,4.0,,4,FULFILLED,ARS,57936.0,12166.56,0.0,70102.56,20250301
1000001961,1218,1,,1745.0,3449,FULFILLED,ARS,75780.0,15913.8,900.0,92593.8,20250406
1000001962,650,2,4.0,3047.0,4,FULFILLED,ARS,37800.0,7938.0,0.0,45738.0,20240228
1000001963,114,1,,2487.0,3151,FULFILLED,ARS,23760.0,4989.6,1500.0,30249.6,20250416
1000001964,1004,1,,1292.0,2795,FULFILLED,ARS,36450.0,7654.5,900.0,45004.5,20240901
1000001965,567,1,,2577.0,1604,FULFILLED,ARS,62685.0,13163.85,1500.0,77348.85,20241029
1000001966,967,1,,3684.0,2213,FULFILLED,ARS,40500.0,8505.0,900.0,49905.0,20240904
1000001967,944,1,,1436.0,3776,PAID,ARS,24696.0,5186.16,1200.0,31082.16,20250507
1000001968,1150,1,,4036.0,2789,PAID,ARS,32400.0,6804.0,1200.0,40404.0,20240923
1000001969,1301,1,,1844.0,3128,PAID,ARS,64800.0,13608.0,0.0,78408.0,20241025
1000001970,415,2,3.0,2683.0,3,CANCELLED,ARS,40500.0,8505.0,0.0,49005.0,20250530
1000001971,197,2,2.0,1670.0,2,CANCELLED,ARS,13500.0,2835.0,0.0,16335.0,20240828
1000001972,1280,2,3.0,1896.0,3,FULFILLED,ARS,67380.0,14149.8,0.0,81529.8,20250615
1000001973,707,1,,1522.0,1770,PAID,ARS,63600.0,13356.0,0.0,76956.0,20240520
1000001974,750,1,,2057.0,3871,FULFILLED,ARS,32400.0,6804.0,1200.0,40404.0,20240922
1000001975,420,1,,1325.0,1167,FULFILLED,ARS,12540.0,2633.4,900.0,16073.4,20240526
1000001976,264,1,,3311.0,2772,FULFILLED,ARS,11760.0,2469.6,0.0,14229.6,20240406
1000001977,451,2,3.0,1791.0,3,FULFILLED,ARS,47250.0,9922.5,0.0,57172.5,20240706
1000001978,554,2,2.0,2468.0,2,FULFILLED,ARS,41550.0,8725.5,0.0,50275.5,20240322
1000001979,863,2,2.0,1898.0,2,FULFILLED,ARS,62100.0,13041.0,0.0,75141.0,20240611
1000001980,1469,1,,2240.0,3729,FULFILLED,ARS,11760.0,2469.6,1200.0,15429.6,20240701
1000001981,530,2,4.0,1226.0,4,FULFILLED,ARS,36000.0,7560.0,0.0,43560.0,20250727
1000001982,1191,2,2.0,1354.0,2,PAID,ARS,44100.0,9261.0,0.0,53361.0,20250808
1000001983,258,2,3.0,3048.0,3,FULFILLED,ARS,35100.0,7371.0,0.0,42471.0,20240331
1000001984,82,1,,2.0,3345,FULFILLED,ARS,26460.0,5556.6,900.0,32916.6,20250304
1000001985,18,1,,1437.0,1834,FULFILLED,ARS,10800.0,2268.0,900.0,13968.0,20241213
1000001986,282,2,2.0,1650.0,2,PAID,ARS,28500.0,5985.0,0.0,34485.0,20240314
1000001987,1322,1,,4089.0,2046,FULFILLED,ARS,38808.0,8149.68,1200.0,48157.68,20240505
1000001988,1459,2,4.0,1713.0,4,PAID,ARS,12348.0,2593.08,0.0,14941.08,20241115
1000001989,186,2,2.0,1701.0,2,PAID,ARS,27000.0,5670.0,0.0,32670.0,20250731
1000001990,405,1,,4063.0,1280,FULFILLED,ARS,14175.0,2976.75,900.0,18051.75,20250103
1000001991,1056,1,,3728.0,3902,PAID,ARS,11760.0,2469.6,900.0,15129.6,20240514
1000001992,1134,1,,1641.0,1704,PAID,ARS,12936.0,2716.56,1200.0,16852.56,20250627
1000001993,407,1,,3921.0,1093,FULFILLED,ARS,23520.0,4939.2,900.0,29359.2,20241228
1000001994,280,1,,3326.0,2957,FULFILLED,ARS,10260.0,2154.6,900.0,13314.6,20240327
1000001995,1401,2,4.0,3043.0,4,REFUNDED,ARS,39690.0,8334.9,0.0,48024.9,20250930
1000001996,586,1,,1226.0,1080,FULFILLED,ARS,30780.0,6463.8,1200.0,38443.8,20241129
1000001997,359,1,,,3588,FULFILLED,ARS,24000.0,5040.0,900.0,29940.0,20241112
1000001998,498,1,,2430.0,1151,REFUNDED,ARS,26460.0,5556.6,1200.0,33216.6,20241107
1000001999,952,2,4.0,2297.0,4,FULFILLED,ARS,80505.0,16906.05,0.0,97411.05,20250908
1000002000,763,1,,1813.0,1237,PAID,ARS,23520.0,4939.2,900.0,29359.2,20250501
1000002001,1454,2,2.0,1603.0,2,FULFILLED,ARS,29400.0,6174.0,0.0,35574.0,20240809
1000002002,388,1,,1001.0,2399,PAID,ARS,34200.0,7182.0,1200.0,42582.0,20250422
1000002003,1047,1,,1081.0,3591,FULFILLED,ARS,15000.0,3150.0,1200.0,19350.0,20250704
1000002004,574,2,4.0,2088.0,4,FULFILLED,ARS,23520.0,4939.2,0.0,28459.2,20240603
1000002005,1108,2,2.0,1446.0,2,FULFILLED,ARS,74385.0,15620.85,0.0,90005.85,20250723
1000002006,791,2,2.0,4116.0,2,PAID,ARS,21600.0,4536.0,0.0,26136.0,20241101
1000002007,353,1,,1294.0,1552,FULFILLED,ARS,35280.0,7408.8,1200.0,43888.8,20240920
1000002008,1162,1,,2918.0,2433,FULFILLED,ARS,19440.0,4082.4,1500.0,25022.4,20250624
1000002009,1062,1,,1798.0,3063,FULFILLED,ARS,37620.0,7900.2,1200.0,46720.2,20240823
1000002010,895,2,2.0,3621.0,2,FULFILLED,ARS,20520.0,4309.2,0.0,24829.2,20250126
1000002011,731,1,,1489.0,4113,FULFILLED,ARS,27750.0,5827.5,900.0,34477.5,20250821
1000002012,16,1,,1178.0,2798,PAID,ARS,43650.0,9166.5,900.0,53716.5,20241110
1000002013,1390,2,2.0,3201.0,2,FULFILLED,ARS,12000.0,2520.0,0.0,14520.0,20241202
1000002014,1166,1,,1445.0,3618,PAID,ARS,21600.0,4536.0,1500.0,27636.0,20250503
1000002015,884,2,4.0,1875.0,4,PAID,ARS,67860.0,14250.6,0.0,82110.6,20240909
1000002016,322,1,,,3087,FULFILLED,ARS,42750.0,8977.5,900.0,52627.5,20240803
1000002017,177,1,,2854.0,3261,FULFILLED,ARS,12000.0,2520.0,1200.0,15720.0,20240116
1000002018,283,2,1.0,2142.0,1,PAID,ARS,30780.0,6463.8,0.0,37243.8,20241003
1000002019,346,1,,4194.0,1534,FULFILLED,ARS,15000.0,3150.0,1200.0,19350.0,20250110
1000002020,1170,1,,1919.0,3108,FULFILLED,ARS,27000.0,5670.0,1200.0,33870.0,20240616
1000002021,471,1,,3316.0,3956,FULFILLED,ARS,33000.0,6930.0,1200.0,41130.0,20240520
1000002022,1493,1,,2576.0,2369,FULFILLED,ARS,11760.0,2469.6,900.0,15129.6,20240817
1000002023,825,2,3.0,1504.0,3,FULFILLED,ARS,10800.0,2268.0,0.0,13068.0,20241005
1000002024,324,1,,1428.0,3940,FULFILLED,ARS,31350.0,6583.5,900.0,38833.5,20240501
1000002025,1393,1,,4010.0,3022,FULFILLED,ARS,23760.0,4989.6,1200.0,29949.6,20240902
1000002026,645,2,1.0,3912.0,1,FULFILLED,ARS,15750.0,3307.5,0.0,19057.5,20250822
1000002027,107,1,,3659.0,1890,FULFILLED,ARS,54090.0,11358.9,1500.0,66948.9,20250411
1000002028,1335,1,,1971.0,3780,FULFILLED,ARS,35280.0,7408.8,900.0,43588.8,20250308
1000002029,549,1,,3677.0,1229,FULFILLED,ARS,22800.0,4788.0,1500.0,29088.0,20250519
1000002030,1235,1,,,3110,REFUNDED,ARS,45090.0,9468.9,0.0,54558.9,20250324
1000002031,1281,1,,3149.0,3842,FULFILLED,ARS,45000.0,9450.0,1200.0,55650.0,20240327
1000002032,307,1,,3560.0,1515,FULFILLED,ARS,29925.0,6284.25,1500.0,37709.25,20240423
1000002033,619,1,,1375.0,2379,FULFILLED,ARS,22800.0,4788.0,1200.0,28788.0,20240407
1000002034,828,1,,1019.0,1732,FULFILLED,ARS,21600.0,4536.0,1500.0,27636.0,20240927
1000002035,477,2,1.0,1699.0,1,FULFILLED,ARS,12936.0,2716.56,0.0,15652.56,20240626
1000002036,516,1,,1188.0,1100,FULFILLED,ARS,77310.0,16235.1,1500.0,95045.1,20241205
1000002037,1324,1,,3836.0,4114,CREATED,ARS,11400.0,2394.0,900.0,14694.0,20240520
1000002038,321,1,,2508.0,1912,REFUNDED,ARS,47025.0,9875.25,1200.0,58100.25,20240118
1000002039,902,2,4.0,2848.0,4,FULFILLED,ARS,30000.0,6300.0,0.0,36300.0,20250328
1000002040,82,1,,3952.0,3213,FULFILLED,ARS,27000.0,5670.0,1500.0,34170.0,20250424
1000002041,809,1,,4195.0,1754,PAID,ARS,22800.0,4788.0,1200.0,28788.0,20250626
1000002042,246,1,,2985.0,2211,PAID,ARS,45000.0,9450.0,1200.0,55650.0,20240417
1000002043,1235,1,,1074.0,3259,FULFILLED,ARS,15750.0,3307.5,0.0,19057.5,20240302
1000002044,196,1,,3234.0,4199,FULFILLED,ARS,11400.0,2394.0,0.0,13794.0,20240710
1000002045,1163,1,,2242.0,1335,PAID,ARS,32400.0,6804.0,900.0,40104.0,20240531
1000002046,709,2,1.0,1068.0,1,FULFILLED,ARS,30000.0,6300.0,0.0,36300.0,20250518
1000002047,382,1,,,4133,FULFILLED,ARS,68827.5,14453.78,0.0,83281.28,20241030
1000002048,202,1,,,2460,FULFILLED,ARS,73488.0,15432.48,1200.0,90120.48,20240707
1000002049,304,1,,4022.0,3470,PAID,ARS,32340.0,6791.4,1200.0,40331.4,20240123
1000002050,560,1,,3991.0,2809,FULFILLED,ARS,12600.0,2646.0,1500.0,16746.0,20240111
1000002051,571,2,1.0,2456.0,1,FULFILLED,ARS,11880.0,2494.8,0.0,14374.8,20241216
1000002052,131,2,1.0,1470.0,1,FULFILLED,ARS,34200.0,7182.0,0.0,41382.0,20241230
1000002053,1484,2,4.0,,4,FULFILLED,ARS,21600.0,4536.0,0.0,26136.0,20240215
1000002054,241,1,,2184.0,1578,FULFILLED,ARS,21600.0,4536.0,900.0,27036.0,20241210
1000002055,1098,2,2.0,1667.0,2,FULFILLED,ARS,63270.0,13286.7,0.0,76556.7,20240827
1000002056,835,2,1.0,2040.0,1,FULFILLED,ARS,29700.0,6237.0,0.0,35937.0,20240330
1000002057,1246,2,4.0,1909.0,4,FULFILLED,ARS,21600.0,4536.0,0.0,26136.0,20240524
1000002058,1499,1,,2141.0,2033,CANCELLED,ARS,24696.0,5186.16,0.0,29882.16,20240219
1000002059,919,1,,3169.0,1747,FULFILLED,ARS,11760.0,2469.6,900.0,15129.6,20250711
1000002060,1120,2,2.0,1864.0,2,PAID,ARS,49455.0,10385.55,0.0,59840.55,20240728
1000002061,1364,1,,1572.0,3265,PAID,ARS,35280.0,7408.8,1200.0,43888.8,20240302
1000002062,85,1,,2236.0,3886,FULFILLED,ARS,28500.0,5985.0,1200.0,35685.0,20250326
1000002063,971,2,1.0,3942.0,1,FULFILLED,ARS,55950.0,11749.5,0.0,67699.5,20240522
1000002064,431,2,4.0,1055.0,4,CANCELLED,ARS,54720.0,11491.2,0.0,66211.2,20240426
1000002065,927,2,4.0,3133.0,4,FULFILLED,ARS,13500.0,2835.0,0.0,16335.0,20240215
1000002066,27,1,,1188.0,1178,CANCELLED,ARS,44550.0,9355.5,1200.0,55105.5,20250223
1000002067,120,1,,3456.0,2971,PAID,ARS,23520.0,4939.2,1200.0,29659.2,20250917
1000002068,917,1,,3234.0,1012,FULFILLED,ARS,29400.0,6174.0,1200.0,36774.0,20250328
1000002069,1138,1,,3694.0,2449,REFUNDED,ARS,23520.0,4939.2,0.0,28459.2,20240326
1000002070,1139,1,,,2759,PAID,ARS,35910.0,7541.1,1200.0,44651.1,20240525
1000002071,588,1,,3219.0,3748,FULFILLED,ARS,41400.0,8694.0,900.0,50994.0,20250419
1000002072,1336,1,,3021.0,3587,CANCELLED,ARS,11760.0,2469.6,1500.0,15729.6,20241228
1000002073,702,1,,3708.0,3235,FULFILLED,ARS,13500.0,2835.0,0.0,16335.0,20240521
1000002074,779,2,2.0,4192.0,2,FULFILLED,ARS,36000.0,7560.0,0.0,43560.0,20240930
1000002075,483,1,,2015.0,3154,FULFILLED,ARS,62808.0,13189.68,1200.0,77197.68,20241227
1000002076,757,2,4.0,2881.0,4,PAID,ARS,34200.0,7182.0,0.0,41382.0,20250422
1000002077,927,2,4.0,2365.0,4,CANCELLED,ARS,44887.5,9426.38,0.0,54313.88,20250413
1000002078,560,1,,1171.0,3792,CANCELLED,ARS,25200.0,5292.0,900.0,31392.0,20241111
1000002079,832,1,,4157.0,3474,PAID,ARS,64500.0,13545.0,900.0,78945.0,20241101
1000002080,301,1,,1330.0,2772,FULFILLED,ARS,10260.0,2154.6,1500.0,13914.6,20240427
1000002081,425,1,,1152.0,3560,FULFILLED,ARS,23940.0,5027.4,1200.0,30167.4,20240504
1000002082,1453,1,,3637.0,3488,CANCELLED,ARS,12936.0,2716.56,0.0,15652.56,20241009
1000002083,1135,1,,1869.0,1027,FULFILLED,ARS,10260.0,2154.6,1200.0,13614.6,20250329
1000002084,149,1,,3160.0,2028,FULFILLED,ARS,23940.0,5027.4,1500.0,30467.4,20250805
1000002085,12,1,,2770.0,2603,CANCELLED,ARS,79260.0,16644.6,900.0,96804.6,20240419
1000002086,1328,1,,2571.0,3277,FULFILLED,ARS,15000.0,3150.0,0.0,18150.0,20250313
1000002087,492,2,2.0,3123.0,2,FULFILLED,ARS,30000.0,6300.0,0.0,36300.0,20240605
1000002088,343,1,,1862.0,3954,FULFILLED,ARS,44400.0,9324.0,900.0,54624.0,20250519
1000002089,729,2,1.0,2788.0,1,FULFILLED,ARS,24000.0,5040.0,0.0,29040.0,20240721
1000002090,1261,2,3.0,2852.0,3,FULFILLED,ARS,76500.0,16065.0,0.0,92565.0,20240108
1000002091,829,2,4.0,3531.0,4,FULFILLED,ARS,12600.0,2646.0,0.0,15246.0,20250615
1000002092,342,1,,3981.0,2163,PAID,ARS,28500.0,5985.0,1500.0,35985.0,20240206
1000002093,944,2,4.0,2314.0,4,FULFILLED,ARS,74115.0,15564.15,0.0,89679.15,20240622
1000002094,1499,2,4.0,3144.0,4,CANCELLED,ARS,71280.0,14968.8,0.0,86248.8,20240801
1000002095,852,2,4.0,,4,PAID,ARS,71340.0,14981.4,0.0,86321.4,20250716
1000002096,52,2,1.0,,1,REFUNDED,ARS,12825.0,2693.25,0.0,15518.25,20241106
1000002097,397,1,,3507.0,2281,PAID,ARS,75900.0,15939.0,900.0,92739.0,20240325
1000002098,1111,1,,1336.0,1521,FULFILLED,ARS,39690.0,8334.9,900.0,48924.9,20240213
1000002099,1380,1,,3487.0,2298,REFUNDED,ARS,85080.0,17866.8,1200.0,104146.8,20250518
1000002100,1359,1,,1367.0,1807,PAID,ARS,87930.0,18465.3,900.0,107295.3,20240125
1000002101,332,1,,2595.0,3092,FULFILLED,ARS,12600.0,2646.0,900.0,16146.0,20240514
1000002102,631,1,,3775.0,3673,FULFILLED,ARS,25650.0,5386.5,900.0,31936.5,20240104
1000002103,1055,2,1.0,3040.0,1,FULFILLED,ARS,51660.0,10848.6,0.0,62508.6,20250402
1000002104,1478,1,,1366.0,2714,PAID,ARS,12000.0,2520.0,900.0,15420.0,20250515
1000002105,831,2,2.0,2248.0,2,PAID,ARS,44100.0,9261.0,0.0,53361.0,20240114
1000002106,1108,2,2.0,,2,REFUNDED,ARS,55920.0,11743.2,0.0,67663.2,20250818
1000002107,1227,2,3.0,3626.0,3,FULFILLED,ARS,59250.0,12442.5,0.0,71692.5,20250609
1000002108,1049,2,4.0,2664.0,4,FULFILLED,ARS,68475.0,14379.75,0.0,82854.75,20250718
1000002109,582,2,3.0,3272.0,3,FULFILLED,ARS,51750.0,10867.5,0.0,62617.5,20240518
1000002110,119,1,,3284.0,1102,FULFILLED,ARS,40500.0,8505.0,900.0,49905.0,20250425
1000002111,6,1,,2200.0,3109,REFUNDED,ARS,16170.0,3395.7,1500.0,21065.7,20240411
1000002112,736,2,2.0,4004.0,2,CANCELLED,ARS,42525.0,8930.25,0.0,51455.25,20250506
1000002113,611,2,2.0,2348.0,2,FULFILLED,ARS,29400.0,6174.0,0.0,35574.0,20250222
1000002114,921,2,1.0,3585.0,1,FULFILLED,ARS,46800.0,9828.0,0.0,56628.0,20240824
1000002115,259,1,,2442.0,1617,CANCELLED,ARS,14700.0,3087.0,1200.0,18987.0,20240418
1000002116,795,1,,2973.0,2182,FULFILLED,ARS,12825.0,2693.25,1200.0,16718.25,20240318
1000002117,5,1,,3988.0,3841,FULFILLED,ARS,11760.0,2469.6,1200.0,15429.6,20240703
1000002118,178,2,2.0,3538.0,2,REFUNDED,ARS,58800.0,12348.0,0.0,71148.0,20250314
1000002119,708,1,,3035.0,3208,FULFILLED,ARS,35280.0,7408.8,900.0,43588.8,20250307
1000002120,1062,1,,3636.0,4124,PAID,ARS,10584.0,2222.64,1500.0,14306.64,20240703
1000002121,463,1,,3064.0,1593,FULFILLED,ARS,37620.0,7900.2,900.0,46420.2,20250215
1000002122,819,2,1.0,3939.0,1,FULFILLED,ARS,34200.0,7182.0,0.0,41382.0,20250603
1000002123,106,1,,2006.0,1957,PAID,ARS,68220.0,14326.2,900.0,83446.2,20250808
1000002124,353,1,,1165.0,3892,FULFILLED,ARS,31350.0,6583.5,1200.0,39133.5,20240627
1000002125,1270,1,,2545.0,1958,FULFILLED,ARS,49500.0,10395.0,1200.0,61095.0,20250329
1000002126,320,1,,1291.0,2936,FULFILLED,ARS,45000.0,9450.0,900.0,55350.0,20250424
1000002127,1053,2,3.0,2493.0,3,CREATED,ARS,10260.0,2154.6,0.0,12414.6,20241130
1000002128,474,1,,,1221,FULFILLED,ARS,85200.0,17892.0,0.0,103092.0,20250620
1000002129,991,2,3.0,2533.0,3,FULFILLED,ARS,10800.0,2268.0,0.0,13068.0,20250412
1000002130,161,1,,1698.0,1819,CANCELLED,ARS,11340.0,2381.4,0.0,13721.4,20250228
1000002131,1395,1,,2276.0,2499,FULFILLED,ARS,93510.0,19637.1,0.0,113147.1,20250625
1000002132,937,2,4.0,,4,CANCELLED,ARS,23520.0,4939.2,0.0,28459.2,20250213
1000002133,373,1,,3603.0,2374,PAID,ARS,27000.0,5670.0,1200.0,33870.0,20240108
1000002134,1001,2,2.0,2202.0,2,PAID,ARS,20520.0,4309.2,0.0,24829.2,20250812
1000002135,399,2,4.0,1031.0,4,FULFILLED,ARS,56700.0,11907.0,0.0,68607.0,20240604
1000002136,663,1,,2326.0,3529,FULFILLED,ARS,35868.0,7532.28,900.0,44300.28,20240703
1000002137,240,1,,2162.0,1924,PAID,ARS,32400.0,6804.0,1200.0,40404.0,20240429
1000002138,255,1,,1321.0,2857,FULFILLED,ARS,39690.0,8334.9,900.0,48924.9,20250109
1000002139,1061,2,1.0,1807.0,1,PAID,ARS,112860.0,23700.6,0.0,136560.6,20240906
1000002140,216,1,,2022.0,4042,CANCELLED,ARS,22680.0,4762.8,1200.0,28642.8,20241105
1000002141,526,1,,3107.0,3106,FULFILLED,ARS,34200.0,7182.0,900.0,42282.0,20250210
1000002142,1030,2,1.0,3230.0,1,CANCELLED,ARS,68310.0,14345.1,0.0,82655.1,20240423
1000002143,802,1,,4094.0,1690,PAID,ARS,14250.0,2992.5,900.0,18142.5,20241122
1000002144,1337,1,,4197.0,2200,FULFILLED,ARS,38946.0,8178.66,900.0,48024.66,20250310
1000002145,690,1,,1393.0,2454,PAID,ARS,65325.0,13718.25,1500.0,80543.25,20250814
1000002146,1323,2,3.0,3190.0,3,FULFILLED,ARS,23520.0,4939.2,0.0,28459.2,20240814
1000002147,204,1,,1152.0,1539,FULFILLED,ARS,15000.0,3150.0,900.0,19050.0,20250514
1000002148,155,1,,3283.0,2887,CANCELLED,ARS,36000.0,7560.0,1200.0,44760.0,20240927
1000002149,559,2,2.0,3123.0,2,PAID,ARS,32400.0,6804.0,0.0,39204.0,20241210
1000002150,1137,1,,1720.0,3705,PAID,ARS,23520.0,4939.2,0.0,28459.2,20241105
1000002151,132,1,,2958.0,1010,FULFILLED,ARS,23520.0,4939.2,1200.0,29659.2,20240520
1000002152,674,2,3.0,2744.0,3,FULFILLED,ARS,19440.0,4082.4,0.0,23522.4,20250826
1000002153,747,1,,1226.0,2818,PAID,ARS,12936.0,2716.56,1500.0,17152.56,20240703
1000002154,503,2,2.0,,2,FULFILLED,ARS,44100.0,9261.0,0.0,53361.0,20241102
1000002155,55,1,,3245.0,4077,PAID,ARS,71520.0,15019.2,900.0,87439.2,20240404
1000002156,146,1,,3705.0,2678,FULFILLED,ARS,64200.0,13482.0,1200.0,78882.0,20250909
1000002157,978,2,3.0,1667.0,3,FULFILLED,ARS,59220.0,12436.2,0.0,71656.2,20250819
1000002158,1414,1,,4005.0,1784,FULFILLED,ARS,80100.0,16821.0,1200.0,98121.0,20250411
1000002159,1406,2,1.0,3033.0,1,CANCELLED,ARS,25200.0,5292.0,0.0,30492.0,20240411
1000002160,1188,1,,3685.0,2084,PAID,ARS,25200.0,5292.0,1200.0,31692.0,20250225
1000002161,212,1,,3337.0,2389,REFUNDED,ARS,67950.0,14269.5,1200.0,83419.5,20241123
1000002162,1075,2,1.0,,1,FULFILLED,ARS,33000.0,6930.0,0.0,39930.0,20240208
1000002163,974,1,,4173.0,2113,FULFILLED,ARS,22800.0,4788.0,900.0,28488.0,20250831
1000002164,1476,2,2.0,,2,FULFILLED,ARS,35910.0,7541.1,0.0,43451.1,20240620
1000002165,1438,1,,3750.0,1869,FULFILLED,ARS,14700.0,3087.0,0.0,17787.0,20250126
1000002166,1012,2,4.0,4083.0,4,FULFILLED,ARS,14250.0,2992.5,0.0,17242.5,20240202
1000002167,27,2,1.0,1935.0,1,REFUNDED,ARS,12600.0,2646.0,0.0,15246.0,20250504
1000002168,723,2,4.0,1636.0,4,CANCELLED,ARS,27000.0,5670.0,0.0,32670.0,20250122
1000002169,247,1,,3673.0,1435,REFUNDED,ARS,35280.0,7408.8,1200.0,43888.8,20250913
1000002170,304,1,,,3416,FULFILLED,ARS,45000.0,9450.0,1200.0,55650.0,20250401
1000002171,394,1,,2084.0,1064,PAID,ARS,36562.5,7678.12,900.0,45140.62,20240226
1000002172,1485,2,2.0,1776.0,2,FULFILLED,ARS,13500.0,2835.0,0.0,16335.0,20250109
1000002173,1210,1,,1360.0,1501,PAID,ARS,30000.0,6300.0,0.0,36300.0,20240418
1000002174,381,1,,2909.0,3172,FULFILLED,ARS,11760.0,2469.6,900.0,15129.6,20240107
1000002175,1108,2,3.0,4010.0,3,FULFILLED,ARS,12825.0,2693.25,0.0,15518.25,20240310
1000002176,1171,2,2.0,3436.0,2,FULFILLED,ARS,11970.0,2513.7,0.0,14483.7,20250717
1000002177,834,2,1.0,3159.0,1,FULFILLED,ARS,69000.0,14490.0,0.0,83490.0,20240204
1000002178,746,1,,2881.0,2670,FULFILLED,ARS,13500.0,2835.0,900.0,17235.0,20250331
1000002179,796,1,,3866.0,3228,PAID,ARS,23520.0,4939.2,1200.0,29659.2,20240620
1000002180,814,2,2.0,,2,FULFILLED,ARS,35910.0,7541.1,0.0,43451.1,20250730
1000002181,843,1,,3942.0,1223,FULFILLED,ARS,45000.0,9450.0,1200.0,55650.0,20250820
1000002182,218,1,,1373.0,3388,FULFILLED,ARS,14175.0,2976.75,1200.0,18351.75,20250622
1000002183,209,2,4.0,3681.0,4,PAID,ARS,22800.0,4788.0,0.0,27588.0,20240216
1000002184,367,2,1.0,1889.0,1,REFUNDED,ARS,11400.0,2394.0,0.0,13794.0,20250618
1000002185,902,1,,4106.0,3857,PAID,ARS,14850.0,3118.5,1500.0,19468.5,20240424
1000002186,1484,2,4.0,3617.0,4,FULFILLED,ARS,24960.0,5241.6,0.0,30201.6,20240528
1000002187,1094,1,,1223.0,1517,FULFILLED,ARS,38475.0,8079.75,1500.0,48054.75,20250123
1000002188,1113,2,3.0,2811.0,3,FULFILLED,ARS,22680.0,4762.8,0.0,27442.8,20240119
1000002189,930,1,,2734.0,3966,FULFILLED,ARS,58620.0,12310.2,0.0,70930.2,20240503
1000002190,1135,2,1.0,1763.0,1,FULFILLED,ARS,11400.0,2394.0,0.0,13794.0,20250412
1000002191,476,1,,1844.0,4120,PAID,ARS,38250.0,8032.5,1200.0,47482.5,20250718
1000002192,972,2,2.0,2454.0,2,CANCELLED,ARS,23400.0,4914.0,0.0,28314.0,20241003
1000002193,872,2,4.0,2892.0,4,FULFILLED,ARS,34020.0,7144.2,0.0,41164.2,20240525
1000002194,1396,2,2.0,1956.0,2,FULFILLED,ARS,55860.0,11730.6,0.0,67590.6,20240925
1000002195,998,2,2.0,3691.0,2,FULFILLED,ARS,47250.0,9922.5,0.0,57172.5,20240710
1000002196,69,1,,1960.0,3926,CANCELLED,ARS,40500.0,8505.0,1200.0,50205.0,20250601
1000002197,873,1,,4081.0,1119,PAID,ARS,40500.0,8505.0,900.0,49905.0,20250915
1000002198,862,2,3.0,2272.0,3,FULFILLED,ARS,44175.0,9276.75,0.0,53451.75,20241204
1000002199,1029,1,,2585.0,3973,FULFILLED,ARS,30870.0,6482.7,1200.0,38552.7,20250401
1000002200,721,2,3.0,1217.0,3,FULFILLED,ARS,36000.0,7560.0,0.0,43560.0,20250514
1000002201,150,2,4.0,1574.0,4,FULFILLED,ARS,47460.0,9966.6,0.0,57426.6,20250320
1000002202,1004,1,,2995.0,2363,FULFILLED,ARS,28500.0,5985.0,0.0,34485.0,20250124
1000002203,450,2,1.0,2400.0,1,FULFILLED,ARS,65568.0,13769.28,0.0,79337.28,20250425
1000002204,172,2,1.0,1955.0,1,FULFILLED,ARS,29925.0,6284.25,0.0,36209.25,20240328
1000002205,1376,2,3.0,1810.0,3,FULFILLED,ARS,28500.0,5985.0,0.0,34485.0,20250220
1000002206,234,2,4.0,1531.0,4,FULFILLED,ARS,11340.0,2381.4,0.0,13721.4,20250928
1000002207,234,1,,2103.0,2554,FULFILLED,ARS,11340.0,2381.4,0.0,13721.4,20250525
1000002208,117,1,,2541.0,3904,PAID,ARS,40650.0,8536.5,1200.0,50386.5,20250228
1000002209,37,1,,1066.0,3862,FULFILLED,ARS,12000.0,2520.0,1200.0,15720.0,20240105
1000002210,1116,2,4.0,,4,FULFILLED,ARS,15000.0,3150.0,0.0,18150.0,20240129
1000002211,235,1,,2244.0,1850,FULFILLED,ARS,30780.0,6463.8,1200.0,38443.8,20250414
1000002212,285,1,,1508.0,3312,FULFILLED,ARS,12000.0,2520.0,1200.0,15720.0,20250514
1000002213,1188,1,,4051.0,1876,FULFILLED,ARS,10800.0,2268.0,1200.0,14268.0,20240301
1000002214,230,2,1.0,3240.0,1,FULFILLED,ARS,89100.0,18711.0,0.0,107811.0,20250929
1000002215,1399,2,4.0,2509.0,4,FULFILLED,ARS,16170.0,3395.7,0.0,19565.7,20250513
1000002216,1363,1,,,3155,FULFILLED,ARS,15000.0,3150.0,1200.0,19350.0,20250115
1000002217,855,2,3.0,2592.0,3,FULFILLED,ARS,62532.0,13131.72,0.0,75663.72,20241102
1000002218,498,1,,2301.0,3305,PAID,ARS,10800.0,2268.0,900.0,13968.0,20241027
1000002219,140,1,,2856.0,4049,PAID,ARS,11400.0,2394.0,1200.0,14994.0,20240606
1000002220,956,2,1.0,3446.0,1,REFUNDED,ARS,41760.0,8769.6,0.0,50529.6,20241231
1000002221,235,2,1.0,2949.0,1,FULFILLED,ARS,12000.0,2520.0,0.0,14520.0,20240917
1000002222,1268,1,,2386.0,3878,FULFILLED,ARS,11400.0,2394.0,1200.0,14994.0,20250429
1000002223,1322,1,,4176.0,2715,FULFILLED,ARS,74196.0,15581.16,1500.0,91277.16,20240412
1000002224,194,1,,1136.0,2191,FULFILLED,ARS,32400.0,6804.0,900.0,40104.0,20250201
1000002225,1446,1,,2913.0,3901,FULFILLED,ARS,34020.0,7144.2,900.0,42064.2,20250105
1000002226,502,2,1.0,3547.0,1,FULFILLED,ARS,12000.0,2520.0,0.0,14520.0,20240704
1000002227,1410,2,3.0,3586.0,3,FULFILLED,ARS,36000.0,7560.0,0.0,43560.0,20250130
1000002228,951,1,,1103.0,1350,FULFILLED,ARS,24000.0,5040.0,900.0,29940.0,20250528
1000002229,1124,1,,2101.0,2889,FULFILLED,ARS,56340.0,11831.4,1200.0,69371.4,20250821
1000002230,1005,2,2.0,3702.0,2,FULFILLED,ARS,56925.0,11954.25,0.0,68879.25,20240516
1000002231,578,2,4.0,3182.0,4,FULFILLED,ARS,11760.0,2469.6,0.0,14229.6,20240407
1000002232,881,1,,3025.0,3545,FULFILLED,ARS,41700.0,8757.0,0.0,50457.0,20250514
1000002233,865,2,3.0,3516.0,3,FULFILLED,ARS,23520.0,4939.2,0.0,28459.2,20250107
1000002234,411,2,3.0,2294.0,3,PAID,ARS,37620.0,7900.2,0.0,45520.2,20240815
1000002235,1412,2,4.0,3398.0,4,PAID,ARS,11340.0,2381.4,0.0,13721.4,20250214
1000002236,167,1,,1328.0,3897,PAID,ARS,11400.0,2394.0,1200.0,14994.0,20240114
1000002237,623,1,,2142.0,2781,FULFILLED,ARS,98460.0,20676.6,900.0,120036.6,20240220
1000002238,1245,1,,2217.0,2363,PAID,ARS,48480.0,10180.8,1200.0,59860.8,20250316
1000002239,1389,1,,1685.0,2042,FULFILLED,ARS,13500.0,2835.0,1500.0,17835.0,20240612
1000002240,354,1,,,3510,REFUNDED,ARS,34020.0,7144.2,900.0,42064.2,20241018
1000002241,217,1,,1147.0,4189,REFUNDED,ARS,40500.0,8505.0,1200.0,50205.0,20241209
1000002242,502,2,2.0,1541.0,2,FULFILLED,ARS,14700.0,3087.0,0.0,17787.0,20240303
1000002243,320,1,,3915.0,2987,CANCELLED,ARS,106110.0,22283.1,1200.0,129593.1,20240714
1000002244,590,1,,2882.0,1983,PAID,ARS,13200.0,2772.0,1200.0,17172.0,20250126
1000002245,1358,1,,3960.0,1944,FULFILLED,ARS,11880.0,2494.8,0.0,14374.8,20241012
1000002246,1413,2,3.0,3136.0,3,REFUNDED,ARS,25650.0,5386.5,0.0,31036.5,20241223
1000002247,1183,1,,2617.0,3764,REFUNDED,ARS,15000.0,3150.0,1200.0,19350.0,20250315
1000002248,1270,1,,1720.0,1996,FULFILLED,ARS,44887.5,9426.38,1500.0,55813.88,20240911
1000002249,991,1,,1859.0,4173,FULFILLED,ARS,49680.0,10432.8,0.0,60112.8,20250413
1000002250,748,1,,3573.0,2421,FULFILLED,ARS,29925.0,6284.25,0.0,36209.25,20240406
1000002251,1315,1,,4126.0,1500,FULFILLED,ARS,40500.0,8505.0,1500.0,50505.0,20241030
1000002252,529,2,1.0,2876.0,1,FULFILLED,ARS,21600.0,4536.0,0.0,26136.0,20250913
1000002253,1186,1,,1083.0,1890,CANCELLED,ARS,47910.0,10061.1,900.0,58871.1,20241219
1000002254,826,1,,3685.0,1826,FULFILLED,ARS,64800.0,13608.0,1200.0,79608.0,20240803
1000002255,53,1,,3000.0,3446,FULFILLED,ARS,15000.0,3150.0,900.0,19050.0,20240616
1000002256,810,2,3.0,1372.0,3,FULFILLED,ARS,44100.0,9261.0,0.0,53361.0,20240816
1000002257,1442,2,1.0,2105.0,1,FULFILLED,ARS,40500.0,8505.0,0.0,49005.0,20250221
1000002258,397,2,3.0,3434.0,3,FULFILLED,ARS,41400.0,8694.0,0.0,50094.0,20240720
1000002259,292,1,,,1545,FULFILLED,ARS,12000.0,2520.0,1200.0,15720.0,20240619
1000002260,73,1,,,2460,CANCELLED,ARS,12000.0,2520.0,900.0,15420.0,20240904
1000002261,462,1,,2469.0,2791,FULFILLED,ARS,58500.0,12285.0,900.0,71685.0,20250930
1000002262,1441,1,,4024.0,4140,FULFILLED,ARS,12000.0,2520.0,900.0,15420.0,20250729
1000002263,696,1,,2516.0,2357,FULFILLED,ARS,47250.0,9922.5,900.0,58072.5,20240311
1000002264,568,2,2.0,2364.0,2,FULFILLED,ARS,11760.0,2469.6,0.0,14229.6,20250910
1000002265,888,1,,3425.0,3438,FULFILLED,ARS,36000.0,7560.0,1200.0,44760.0,20250611
1000002266,1065,2,4.0,1633.0,4,FULFILLED,ARS,87300.0,18333.0,0.0,105633.0,20240413
1000002267,667,1,,4189.0,3570,PAID,ARS,80280.0,16858.8,900.0,98038.8,20240520
1000002268,156,1,,1011.0,1128,CREATED,ARS,12000.0,2520.0,1200.0,15720.0,20250410
1000002269,272,1,,1569.0,2218,FULFILLED,ARS,35280.0,7408.8,900.0,43588.8,20240117
1000002270,515,1,,2967.0,1945,FULFILLED,ARS,65325.0,13718.25,900.0,79943.25,20240927
1000002271,1109,2,1.0,3429.0,1,CANCELLED,ARS,91710.0,19259.1,0.0,110969.1,20241126
1000002272,4,2,1.0,1147.0,1,FULFILLED,ARS,27000.0,5670.0,0.0,32670.0,20241101
1000002273,1406,2,3.0,3006.0,3,FULFILLED,ARS,12000.0,2520.0,0.0,14520.0,20250802
1000002274,701,2,4.0,3706.0,4,FULFILLED,ARS,12825.0,2693.25,0.0,15518.25,20250324
1000002275,438,2,1.0,1726.0,1,PAID,ARS,30000.0,6300.0,0.0,36300.0,20240920
1000002276,275,1,,3963.0,3144,FULFILLED,ARS,52200.0,10962.0,1200.0,64362.0,20240613
1000002277,1054,1,,2622.0,1439,FULFILLED,ARS,75852.0,15928.92,1200.0,92980.92,20240403
1000002278,831,2,2.0,3581.0,2,FULFILLED,ARS,24000.0,5040.0,0.0,29040.0,20240820
1000002279,161,2,3.0,1232.0,3,REFUNDED,ARS,37620.0,7900.2,0.0,45520.2,20240302
1000002280,1379,1,,2015.0,2942,REFUNDED,ARS,27000.0,5670.0,900.0,33570.0,20240112
1000002281,1004,1,,2154.0,4081,FULFILLED,ARS,11880.0,2494.8,0.0,14374.8,20241005
1000002282,7,1,,1639.0,3359,FULFILLED,ARS,25650.0,5386.5,1200.0,32236.5,20241016
1000002283,728,1,,1389.0,2234,PAID,ARS,70800.0,14868.0,1200.0,86868.0,20240517
1000002284,832,1,,3859.0,1918,FULFILLED,ARS,13500.0,2835.0,1200.0,17535.0,20250202
1000002285,177,1,,4096.0,1572,FULFILLED,ARS,22800.0,4788.0,900.0,28488.0,20250521
1000002286,526,2,2.0,3707.0,2,PAID,ARS,23400.0,4914.0,0.0,28314.0,20250110
1000002287,312,2,1.0,1998.0,1,CANCELLED,ARS,44887.5,9426.38,0.0,54313.88,20240720
1000002288,297,1,,2055.0,1538,FULFILLED,ARS,69750.0,14647.5,1200.0,85597.5,20241015
1000002289,472,2,4.0,3975.0,4,FULFILLED,ARS,29925.0,6284.25,0.0,36209.25,20240831
1000002290,133,1,,2990.0,3079,FULFILLED,ARS,59760.0,12549.6,900.0,73209.6,20250521
1000002291,718,2,4.0,1210.0,4,FULFILLED,ARS,55440.0,11642.4,0.0,67082.4,20240314
1000002292,378,1,,1968.0,1902,CANCELLED,ARS,22800.0,4788.0,1500.0,29088.0,20241212
1000002293,1390,1,,2612.0,1806,REFUNDED,ARS,29400.0,6174.0,1200.0,36774.0,20240326
1000002294,1114,2,3.0,3526.0,3,PAID,ARS,14250.0,2992.5,0.0,17242.5,20240330
1000002295,102,2,3.0,3264.0,3,PAID,ARS,21168.0,4445.28,0.0,25613.28,20240713
1000002296,484,1,,2904.0,3401,PAID,ARS,11760.0,2469.6,0.0,14229.6,20250530
1000002297,1297,2,2.0,1514.0,2,FULFILLED,ARS,34200.0,7182.0,0.0,41382.0,20241222
1000002298,716,1,,2136.0,2894,FULFILLED,ARS,23520.0,4939.2,900.0,29359.2,20240519
1000002299,1009,1,,1980.0,1340,CANCELLED,ARS,29160.0,6123.6,1200.0,36483.6,20240304
1000002300,860,1,,3187.0,3457,CANCELLED,ARS,49500.0,10395.0,1200.0,61095.0,20250503
1000002301,118,1,,2912.0,2582,FULFILLED,ARS,12825.0,2693.25,900.0,16418.25,20240620
1000002302,891,1,,3933.0,2071,FULFILLED,ARS,32400.0,6804.0,0.0,39204.0,20240809
1000002303,1091,2,2.0,3128.0,2,CREATED,ARS,76320.0,16027.2,0.0,92347.2,20250206
1000002304,1373,1,,,2597,FULFILLED,ARS,27000.0,5670.0,1200.0,33870.0,20250324
1000002305,557,2,4.0,2506.0,4,FULFILLED,ARS,29100.0,6111.0,0.0,35211.0,20250206
1000002306,757,1,,2465.0,3944,FULFILLED,ARS,40500.0,8505.0,900.0,49905.0,20241121
1000002307,1015,1,,1038.0,1090,REFUNDED,ARS,35100.0,7371.0,1200.0,43671.0,20240118
1000002308,635,1,,3003.0,2066,CANCELLED,ARS,49680.0,10432.8,1200.0,61312.8,20240517
1000002309,498,1,,2497.0,1061,FULFILLED,ARS,14850.0,3118.5,1200.0,19168.5,20250301
1000002310,886,2,4.0,3093.0,4,FULFILLED,ARS,24000.0,5040.0,0.0,29040.0,20240811
1000002311,1127,2,4.0,,4,FULFILLED,ARS,61335.0,12880.35,0.0,74215.35,20250502
1000002312,1220,1,,1879.0,1261,PAID,ARS,12000.0,2520.0,1500.0,16020.0,20240414
1000002313,16,1,,3514.0,1266,FULFILLED,ARS,57825.0,12143.25,1200.0,71168.25,20241115
1000002314,350,1,,,3810,PAID,ARS,14700.0,3087.0,900.0,18687.0,20240319
1000002315,37,1,,1985.0,4111,FULFILLED,ARS,21600.0,4536.0,900.0,27036.0,20240423
1000002316,1445,1,,2091.0,2976,CANCELLED,ARS,12348.0,2593.08,1500.0,16441.08,20241025
1000002317,18,1,,3768.0,3211,FULFILLED,ARS,12600.0,2646.0,1200.0,16446.0,20240116
1000002318,975,1,,3214.0,1860,REFUNDED,ARS,14700.0,3087.0,0.0,17787.0,20240408
1000002319,304,2,3.0,1337.0,3,FULFILLED,ARS,14700.0,3087.0,0.0,17787.0,20250210
1000002320,1199,1,,,2950,FULFILLED,ARS,32400.0,6804.0,0.0,39204.0,20250107
1000002321,437,2,2.0,1482.0,2,FULFILLED,ARS,11400.0,2394.0,0.0,13794.0,20240422
1000002322,424,1,,1369.0,1303,FULFILLED,ARS,37800.0,7938.0,900.0,46638.0,20240621
1000002323,1364,1,,3608.0,3513,FULFILLED,ARS,30000.0,6300.0,1500.0,37800.0,20240901
1000002324,979,1,,2384.0,1494,FULFILLED,ARS,10800.0,2268.0,900.0,13968.0,20250327
1000002325,110,1,,4115.0,2589,FULFILLED,ARS,58425.0,12269.25,0.0,70694.25,20250702
1000002326,751,1,,3623.0,2977,FULFILLED,ARS,61752.0,12967.92,900.0,75619.92,20241114
1000002327,1427,1,,1085.0,3938,FULFILLED,ARS,32400.0,6804.0,900.0,40104.0,20240628
1000002328,252,1,,4171.0,1858,FULFILLED,ARS,25650.0,5386.5,1200.0,32236.5,20250316
1000002329,846,2,2.0,,2,CANCELLED,ARS,23760.0,4989.6,0.0,28749.6,20241206
1000002330,1183,1,,1036.0,3178,FULFILLED,ARS,12936.0,2716.56,1500.0,17152.56,20250306
1000002331,874,1,,1627.0,2478,FULFILLED,ARS,60030.0,12606.3,900.0,73536.3,20250623
1000002332,469,1,,1241.0,3208,FULFILLED,ARS,24000.0,5040.0,900.0,29940.0,20250801
1000002333,637,1,,2553.0,3888,FULFILLED,ARS,30000.0,6300.0,1500.0,37800.0,20250510
1000002334,1068,2,3.0,1198.0,3,FULFILLED,ARS,66270.0,13916.7,0.0,80186.7,20250610
1000002335,1230,2,3.0,3699.0,3,FULFILLED,ARS,13230.0,2778.3,0.0,16008.3,20250809
1000002336,249,1,,2023.0,3531,FULFILLED,ARS,50955.0,10700.55,1500.0,63155.55,20250330
1000002337,390,1,,1221.0,2182,FULFILLED,ARS,14250.0,2992.5,1200.0,18442.5,20241201
1000002338,162,2,2.0,2707.0,2,PAID,ARS,29400.0,6174.0,0.0,35574.0,20240209
1000002339,493,2,1.0,3558.0,1,PAID,ARS,27000.0,5670.0,0.0,32670.0,20250311
1000002340,1231,1,,3381.0,3485,PAID,ARS,25080.0,5266.8,900.0,31246.8,20241008
1000002341,382,1,,3156.0,2622,CREATED,ARS,21600.0,4536.0,1200.0,27336.0,20241102
1000002342,887,1,,3392.0,3618,FULFILLED,ARS,22800.0,4788.0,900.0,28488.0,20250314
1000002343,949,1,,,2008,FULFILLED,ARS,76500.0,16065.0,1200.0,93765.0,20250101
1000002344,78,1,,4158.0,3217,FULFILLED,ARS,67620.0,14200.2,1200.0,83020.2,20241015
1000002345,747,1,,1974.0,2682,FULFILLED,ARS,11400.0,2394.0,1200.0,14994.0,20240913
1000002346,138,1,,2105.0,4028,FULFILLED,ARS,25080.0,5266.8,900.0,31246.8,20240530
1000002347,1058,1,,2021.0,3921,FULFILLED,ARS,44100.0,9261.0,900.0,54261.0,20250824
1000002348,189,2,2.0,2582.0,2,FULFILLED,ARS,35640.0,7484.4,0.0,43124.4,20250615
1000002349,507,1,,3552.0,2667,CANCELLED,ARS,44970.0,9443.7,900.0,55313.7,20250519
1000002350,1374,2,4.0,2449.0,4,FULFILLED,ARS,10800.0,2268.0,0.0,13068.0,20240511
1000002351,85,1,,,3633,FULFILLED,ARS,37800.0,7938.0,1500.0,47238.0,20241231
1000002352,239,1,,2189.0,3476,FULFILLED,ARS,21600.0,4536.0,900.0,27036.0,20240806
1000002353,17,1,,3188.0,1330,FULFILLED,ARS,25872.0,5433.12,900.0,32205.12,20240630
1000002354,351,1,,2171.0,3464,FULFILLED,ARS,32868.0,6902.28,1200.0,40970.28,20240329
1000002355,1421,1,,2136.0,3571,FULFILLED,ARS,28500.0,5985.0,900.0,35385.0,20240608
1000002356,719,2,2.0,1131.0,2,PAID,ARS,23520.0,4939.2,0.0,28459.2,20240529
1000002357,58,1,,2012.0,1373,CANCELLED,ARS,24000.0,5040.0,900.0,29940.0,20240306
1000002358,245,1,,1350.0,1335,FULFILLED,ARS,37044.0,7779.24,900.0,45723.24,20240913
1000002359,1320,2,2.0,2011.0,2,FULFILLED,ARS,39900.0,8379.0,0.0,48279.0,20250817
1000002360,947,2,1.0,2424.0,1,FULFILLED,ARS,33000.0,6930.0,0.0,39930.0,20241201
1000002361,29,1,,2944.0,3559,FULFILLED,ARS,35280.0,7408.8,1200.0,43888.8,20241005
1000002362,375,1,,1343.0,3506,FULFILLED,ARS,14700.0,3087.0,1200.0,18987.0,20240716
1000002363,314,1,,3444.0,2871,FULFILLED,ARS,13500.0,2835.0,900.0,17235.0,20240210
1000002364,974,1,,2875.0,1589,FULFILLED,ARS,26010.0,5462.1,1200.0,32672.1,20250421
1000002365,345,1,,2836.0,1676,REFUNDED,ARS,44835.0,9415.35,900.0,55150.35,20240905
1000002366,1331,1,,3726.0,1716,FULFILLED,ARS,12000.0,2520.0,1200.0,15720.0,20250405
1000002367,1008,2,1.0,,1,FULFILLED,ARS,14700.0,3087.0,0.0,17787.0,20240824
1000002368,588,2,4.0,3536.0,4,FULFILLED,ARS,12000.0,2520.0,0.0,14520.0,20250722
1000002369,274,1,,2716.0,3324,PAID,ARS,28500.0,5985.0,1200.0,35685.0,20250320
1000002370,1488,2,2.0,3160.0,2,PAID,ARS,14250.0,2992.5,0.0,17242.5,20240823
1000002371,1089,1,,1604.0,4037,PAID,ARS,37620.0,7900.2,1200.0,46720.2,20240718
1000002372,1472,1,,2028.0,1448,FULFILLED,ARS,21168.0,4445.28,1200.0,26813.28,20240714
1000002373,1294,1,,2437.0,3394,FULFILLED,ARS,42750.0,8977.5,1200.0,52927.5,20250130
1000002374,10,2,2.0,2537.0,2,FULFILLED,ARS,34320.0,7207.2,0.0,41527.2,20250324
1000002375,905,1,,1987.0,1377,CANCELLED,ARS,27000.0,5670.0,1200.0,33870.0,20241115
1000002376,392,1,,1687.0,2801,PAID,ARS,58152.0,12211.92,1500.0,71863.92,20241125
1000002377,872,1,,1497.0,3976,FULFILLED,ARS,23370.0,4907.7,1200.0,29477.7,20241018
1000002378,825,1,,3414.0,2295,FULFILLED,ARS,34560.0,7257.6,0.0,41817.6,20240420
1000002379,625,2,3.0,1339.0,3,FULFILLED,ARS,42750.0,8977.5,0.0,51727.5,20240511
1000002380,1389,1,,1217.0,1928,FULFILLED,ARS,32400.0,6804.0,1500.0,40704.0,20240226
1000002381,5,1,,2032.0,1448,FULFILLED,ARS,21600.0,4536.0,900.0,27036.0,20240519
1000002382,74,2,1.0,3590.0,1,FULFILLED,ARS,12936.0,2716.56,0.0,15652.56,20240602
1000002383,805,1,,3403.0,4072,FULFILLED,ARS,90000.0,18900.0,0.0,108900.0,20250912
1000002384,893,1,,2860.0,3941,FULFILLED,ARS,21600.0,4536.0,1200.0,27336.0,20240920
1000002385,347,1,,,1254,FULFILLED,ARS,75600.0,15876.0,0.0,91476.0,20250420
1000002386,705,2,4.0,1902.0,4,FULFILLED,ARS,57600.0,12096.0,0.0,69696.0,20240410
1000002387,1342,1,,2923.0,1281,FULFILLED,ARS,64152.0,13471.92,900.0,78523.92,20240316
1000002388,97,1,,1970.0,2125,FULFILLED,ARS,42750.0,8977.5,1200.0,52927.5,20250602
1000002389,1308,2,1.0,1428.0,1,FULFILLED,ARS,57000.0,11970.0,0.0,68970.0,20240515
1000002390,714,2,1.0,3774.0,1,FULFILLED,ARS,57720.0,12121.2,0.0,69841.2,20240618
1000002391,1357,1,,1437.0,1528,FULFILLED,ARS,35280.0,7408.8,900.0,43588.8,20250809
1000002392,1092,1,,1074.0,3346,FULFILLED,ARS,51300.0,10773.0,1200.0,63273.0,20250831
1000002393,513,2,1.0,,1,PAID,ARS,27000.0,5670.0,0.0,32670.0,20250518
1000002394,263,2,2.0,4081.0,2,FULFILLED,ARS,10584.0,2222.64,0.0,12806.64,20250505
1000002395,437,2,4.0,1850.0,4,FULFILLED,ARS,36000.0,7560.0,0.0,43560.0,20250915
1000002396,1216,1,,1228.0,2107,PAID,ARS,39600.0,8316.0,900.0,48816.0,20240108
1000002397,1391,2,3.0,2739.0,3,FULFILLED,ARS,35280.0,7408.8,0.0,42688.8,20240615
1000002398,348,1,,1384.0,1242,FULFILLED,ARS,45000.0,9450.0,1200.0,55650.0,20240412
1000002399,429,1,,3699.0,1434,FULFILLED,ARS,28500.0,5985.0,1200.0,35685.0,20241221
1000002400,388,2,3.0,1172.0,3,FULFILLED,ARS,25872.0,5433.12,0.0,31305.12,20250827
1000002401,1062,1,,3534.0,4100,FULFILLED,ARS,21168.0,4445.28,1500.0,27113.28,20240819
1000002402,536,1,,2540.0,3834,FULFILLED,ARS,32400.0,6804.0,900.0,40104.0,20240109
1000002403,516,1,,3260.0,1463,FULFILLED,ARS,59850.0,12568.5,0.0,72418.5,20241117
1000002404,1025,2,3.0,1858.0,3,FULFILLED,ARS,15000.0,3150.0,0.0,18150.0,20250226
1000002405,1405,2,1.0,3747.0,1,FULFILLED,ARS,45000.0,9450.0,0.0,54450.0,20240116
1000002406,1317,1,,3241.0,2165,PAID,ARS,45000.0,9450.0,0.0,54450.0,20250603
1000002407,1200,2,4.0,2460.0,4,FULFILLED,ARS,32400.0,6804.0,0.0,39204.0,20240120
1000002408,984,2,4.0,2856.0,4,FULFILLED,ARS,57600.0,12096.0,0.0,69696.0,20250325
1000002409,1465,2,4.0,1167.0,4,PAID,ARS,35640.0,7484.4,0.0,43124.4,20240218
1000002410,831,1,,3633.0,3640,PAID,ARS,53568.0,11249.28,1200.0,66017.28,20250913
1000002411,1206,1,,1111.0,3469,PAID,ARS,37800.0,7938.0,900.0,46638.0,20241210
1000002412,1431,2,4.0,2856.0,4,FULFILLED,ARS,88770.0,18641.7,0.0,107411.7,20241003
1000002413,1288,1,,3610.0,1852,FULFILLED,ARS,27000.0,5670.0,1500.0,34170.0,20250906
1000002414,812,1,,3626.0,3571,FULFILLED,ARS,29400.0,6174.0,900.0,36474.0,20240524
1000002415,587,1,,4177.0,2713,PAID,ARS,44925.0,9434.25,900.0,55259.25,20250320
1000002416,709,2,2.0,3939.0,2,PAID,ARS,11400.0,2394.0,0.0,13794.0,20240825
1000002417,544,2,2.0,4123.0,2,FULFILLED,ARS,12825.0,2693.25,0.0,15518.25,20240424
1000002418,1174,2,3.0,3666.0,3,REFUNDED,ARS,24300.0,5103.0,0.0,29403.0,20250517
1000002419,249,1,,4059.0,1655,FULFILLED,ARS,35520.0,7459.2,900.0,43879.2,20250308
1000002420,709,1,,2344.0,1327,FULFILLED,ARS,19440.0,4082.4,1500.0,25022.4,20241219
1000002421,368,2,4.0,1449.0,4,FULFILLED,ARS,24300.0,5103.0,0.0,29403.0,20241225
1000002422,991,1,,2928.0,1994,REFUNDED,ARS,32400.0,6804.0,900.0,40104.0,20250725
1000002423,217,2,1.0,3791.0,1,PAID,ARS,31350.0,6583.5,0.0,37933.5,20240829
1000002424,146,1,,1328.0,1276,PAID,ARS,42750.0,8977.5,1200.0,52927.5,20250712
1000002425,1376,1,,4057.0,1320,FULFILLED,ARS,22200.0,4662.0,900.0,27762.0,20240307
1000002426,583,1,,2361.0,1241,FULFILLED,ARS,65952.0,13849.92,0.0,79801.92,20240701
1000002427,779,1,,2656.0,1750,PAID,ARS,55860.0,11730.6,1200.0,68790.6,20240216
1000002428,216,1,,2688.0,1715,FULFILLED,ARS,42675.0,8961.75,1200.0,52836.75,20250107
1000002429,1266,2,4.0,3256.0,4,PAID,ARS,38475.0,8079.75,0.0,46554.75,20250717
1000002430,629,1,,1437.0,2501,PAID,ARS,35190.0,7389.9,1200.0,43779.9,20250704
1000002431,245,2,4.0,3176.0,4,FULFILLED,ARS,21600.0,4536.0,0.0,26136.0,20250106
1000002432,1256,2,4.0,1238.0,4,FULFILLED,ARS,10800.0,2268.0,0.0,13068.0,20250829
1000002433,1195,1,,1514.0,3637,FULFILLED,ARS,35280.0,7408.8,900.0,43588.8,20241008
1000002434,191,2,3.0,2439.0,3,FULFILLED,ARS,13500.0,2835.0,0.0,16335.0,20240127
1000002435,1477,1,,4055.0,1078,FULFILLED,ARS,23760.0,4989.6,900.0,29649.6,20250826
1000002436,464,2,4.0,1410.0,4,FULFILLED,ARS,24000.0,5040.0,0.0,29040.0,20240402
1000002437,667,2,2.0,1074.0,2,FULFILLED,ARS,35280.0,7408.8,0.0,42688.8,20240717
1000002438,622,1,,3913.0,3106,FULFILLED,ARS,24696.0,5186.16,0.0,29882.16,20250424
1000002439,866,1,,2100.0,2482,CANCELLED,ARS,27348.0,5743.08,900.0,33991.08,20250910
1000002440,308,1,,1019.0,2614,FULFILLED,ARS,14250.0,2992.5,1200.0,18442.5,20240503
1000002441,304,2,1.0,1430.0,1,PAID,ARS,55200.0,11592.0,0.0,66792.0,20240607
1000002442,1405,1,,2780.0,3026,FULFILLED,ARS,37044.0,7779.24,900.0,45723.24,20240322
1000002443,1369,2,3.0,3674.0,3,FULFILLED,ARS,45000.0,9450.0,0.0,54450.0,20250124
1000002444,849,1,,2007.0,2672,CANCELLED,ARS,26100.0,5481.0,1200.0,32781.0,20241113
1000002445,658,1,,2300.0,2240,FULFILLED,ARS,11760.0,2469.6,1200.0,15429.6,20250622
1000002446,1400,2,4.0,2528.0,4,FULFILLED,ARS,12600.0,2646.0,0.0,15246.0,20240505
1000002447,345,1,,3179.0,2075,FULFILLED,ARS,45000.0,9450.0,900.0,55350.0,20240404
1000002448,617,1,,3090.0,2942,FULFILLED,ARS,34200.0,7182.0,900.0,42282.0,20240920
1000002449,219,2,4.0,3527.0,4,FULFILLED,ARS,11880.0,2494.8,0.0,14374.8,20240926
1000002450,1253,1,,1100.0,3996,PAID,ARS,51180.0,10747.8,1200.0,63127.8,20241001
1000002451,377,2,4.0,3744.0,4,FULFILLED,ARS,56400.0,11844.0,0.0,68244.0,20240109
1000002452,577,2,2.0,2563.0,2,FULFILLED,ARS,45000.0,9450.0,0.0,54450.0,20241201
1000002453,769,1,,2096.0,4055,PAID,ARS,29160.0,6123.6,0.0,35283.6,20250327
1000002454,209,1,,3140.0,3263,FULFILLED,ARS,42750.0,8977.5,900.0,52627.5,20250719
1000002455,449,1,,2237.0,4197,PAID,ARS,88500.0,18585.0,1200.0,108285.0,20240102
1000002456,859,2,1.0,,1,FULFILLED,ARS,10584.0,2222.64,0.0,12806.64,20240616
1000002457,960,1,,1851.0,3611,FULFILLED,ARS,74100.0,15561.0,1500.0,91161.0,20250427
1000002458,1120,1,,4199.0,2136,CANCELLED,ARS,13500.0,2835.0,1500.0,17835.0,20241201
1000002459,993,1,,1319.0,1662,FULFILLED,ARS,23520.0,4939.2,1200.0,29659.2,20250402
1000002460,375,2,3.0,3960.0,3,PAID,ARS,36000.0,7560.0,0.0,43560.0,20240727
1000002461,421,2,2.0,1119.0,2,PAID,ARS,14700.0,3087.0,0.0,17787.0,20241127
1000002462,1219,2,4.0,1270.0,4,FULFILLED,ARS,12000.0,2520.0,0.0,14520.0,20241018
1000002463,1418,2,1.0,3693.0,1,FULFILLED,ARS,24825.0,5213.25,0.0,30038.25,20250206
1000002464,1034,1,,1627.0,3090,FULFILLED,ARS,45000.0,9450.0,1200.0,55650.0,20250130
1000002465,801,1,,4156.0,2712,FULFILLED,ARS,29400.0,6174.0,900.0,36474.0,20241125
1000002466,89,2,3.0,,3,PAID,ARS,60480.0,12700.8,0.0,73180.8,20250122
1000002467,436,2,1.0,1967.0,1,FULFILLED,ARS,19440.0,4082.4,0.0,23522.4,20250725
1000002468,281,1,,2523.0,1090,FULFILLED,ARS,34200.0,7182.0,900.0,42282.0,20250927
1000002469,593,1,,4059.0,1770,FULFILLED,ARS,126031.5,26466.62,0.0,152498.12,20240729
1000002470,996,2,2.0,3548.0,2,FULFILLED,ARS,40500.0,8505.0,0.0,49005.0,20240628
1000002471,205,1,,,2811,FULFILLED,ARS,11970.0,2513.7,1200.0,15683.7,20250727
1000002472,520,1,,1863.0,3319,FULFILLED,ARS,40500.0,8505.0,1200.0,50205.0,20240109
1000002473,12,1,,1716.0,1098,PAID,ARS,11400.0,2394.0,1200.0,14994.0,20250823
1000002474,126,1,,1898.0,2299,FULFILLED,ARS,46305.0,9724.05,1200.0,57229.05,20241014
1000002475,826,2,1.0,2600.0,1,PAID,ARS,44887.5,9426.38,0.0,54313.88,20240623
1000002476,1062,1,,,3016,FULFILLED,ARS,11400.0,2394.0,1500.0,15294.0,20250326
1000002477,382,2,3.0,3971.0,3,CREATED,ARS,31320.0,6577.2,0.0,37897.2,20240119
1000002478,668,1,,3453.0,3522,CREATED,ARS,10260.0,2154.6,900.0,13314.6,20240418
1000002479,1049,1,,,3536,FULFILLED,ARS,63450.0,13324.5,1200.0,77974.5,20250116
1000002480,1479,1,,2336.0,3845,FULFILLED,ARS,12000.0,2520.0,1500.0,16020.0,20240705
1000002481,586,2,1.0,3563.0,1,FULFILLED,ARS,12936.0,2716.56,0.0,15652.56,20250924
1000002482,983,1,,2850.0,3023,FULFILLED,ARS,32400.0,6804.0,1200.0,40404.0,20250120
1000002483,921,1,,3237.0,1,FULFILLED,ARS,24000.0,5040.0,1200.0,30240.0,20240621
1000002484,837,1,,4056.0,1575,FULFILLED,ARS,45000.0,9450.0,1200.0,55650.0,20240928
1000002485,1404,2,4.0,,4,FULFILLED,ARS,41400.0,8694.0,0.0,50094.0,20250906
1000002486,605,2,4.0,2116.0,4,CANCELLED,ARS,34200.0,7182.0,0.0,41382.0,20241122
1000002487,836,1,,2287.0,2521,FULFILLED,ARS,36000.0,7560.0,1200.0,44760.0,20240405
1000002488,30,1,,1156.0,1134,FULFILLED,ARS,30000.0,6300.0,0.0,36300.0,20250506
1000002489,1358,1,,3834.0,2715,PAID,ARS,9720.0,2041.2,1500.0,13261.2,20240725
1000002490,569,1,,3242.0,3909,FULFILLED,ARS,13500.0,2835.0,900.0,17235.0,20241019
1000002491,459,2,1.0,3055.0,1,FULFILLED,ARS,12348.0,2593.08,0.0,14941.08,20240903
1000002492,870,1,,3657.0,1844,FULFILLED,ARS,31752.0,6667.92,1500.0,39919.92,20250816
1000002493,1123,1,,,2235,CANCELLED,ARS,15750.0,3307.5,900.0,19957.5,20240825
1000002494,146,2,3.0,3724.0,3,PAID,ARS,30780.0,6463.8,0.0,37243.8,20250107
1000002495,826,2,1.0,3220.0,1,FULFILLED,ARS,54600.0,11466.0,0.0,66066.0,20240306
1000002496,1228,1,,1570.0,1009,PAID,ARS,10260.0,2154.6,1200.0,13614.6,20240131
1000002497,495,1,,1954.0,2592,FULFILLED,ARS,47250.0,9922.5,900.0,58072.5,20240416
1000002498,1159,2,1.0,3591.0,1,FULFILLED,ARS,45000.0,9450.0,0.0,54450.0,20240506
1000002499,1344,1,,2704.0,2755,FULFILLED,ARS,10800.0,2268.0,1200.0,14268.0,20250612
1000002500,847,1,,2547.0,2820,PAID,ARS,21600.0,4536.0,900.0,27036.0,20240926
1000002501,690,1,,2906.0,1285,PAID,ARS,25872.0,5433.12,0.0,31305.12,20240926
1000002502,985,1,,2979.0,3031,FULFILLED,ARS,14700.0,3087.0,1200.0,18987.0,20250613
1000002503,1413,2,2.0,2919.0,2,PAID,ARS,28350.0,5953.5,0.0,34303.5,20250315
1000002504,1280,2,3.0,2842.0,3,FULFILLED,ARS,14175.0,2976.75,0.0,17151.75,20240406
1000002505,1130,1,,2624.0,4192,FULFILLED,ARS,131850.0,27688.5,900.0,160438.5,20250319
1000002506,247,1,,2727.0,4087,FULFILLED,ARS,29160.0,6123.6,1200.0,36483.6,20250702
1000002507,666,2,1.0,2720.0,1,FULFILLED,ARS,11400.0,2394.0,0.0,13794.0,20250831
1000002508,995,1,,1653.0,2391,FULFILLED,ARS,63630.0,13362.3,900.0,77892.3,20240804
1000002509,1081,1,,4051.0,1790,CANCELLED,ARS,24000.0,5040.0,0.0,29040.0,20250429
1000002510,723,1,,3230.0,2773,FULFILLED,ARS,11400.0,2394.0,900.0,14694.0,20241015
1000002511,1284,2,1.0,1573.0,1,PAID,ARS,11760.0,2469.6,0.0,14229.6,20240319
1000002512,1372,2,4.0,3769.0,4,FULFILLED,ARS,42750.0,8977.5,0.0,51727.5,20241216
1000002513,397,1,,2344.0,2944,FULFILLED,ARS,10800.0,2268.0,1500.0,14568.0,20241029
1000002514,508,1,,,2164,PAID,ARS,47250.0,9922.5,0.0,57172.5,20240711
1000002515,1212,2,1.0,2916.0,1,FULFILLED,ARS,36000.0,7560.0,0.0,43560.0,20250526
1000002516,765,1,,2697.0,3217,PAID,ARS,21600.0,4536.0,1500.0,27636.0,20240228
1000002517,444,1,,2623.0,3209,FULFILLED,ARS,25872.0,5433.12,0.0,31305.12,20250215
1000002518,798,1,,2511.0,3134,FULFILLED,ARS,11760.0,2469.6,1200.0,15429.6,20240819
1000002519,1380,2,2.0,1149.0,2,FULFILLED,ARS,12000.0,2520.0,0.0,14520.0,20240804
1000002520,260,1,,1549.0,1149,PAID,ARS,39600.0,8316.0,1200.0,49116.0,20240624
1000002521,25,1,,1500.0,3422,FULFILLED,ARS,45000.0,9450.0,900.0,55350.0,20250716
1000002522,1301,2,2.0,3673.0,2,FULFILLED,ARS,13500.0,2835.0,0.0,16335.0,20250711
1000002523,600,2,4.0,2789.0,4,FULFILLED,ARS,30870.0,6482.7,0.0,37352.7,20240411
1000002524,678,1,,1621.0,3323,FULFILLED,ARS,70537.5,14812.88,900.0,86250.38,20240229
1000002525,1500,1,,4033.0,3010,PAID,ARS,79380.0,16669.8,1200.0,97249.8,20250730
1000002526,1414,1,,3707.0,3730,FULFILLED,ARS,29700.0,6237.0,900.0,36837.0,20250403
1000002527,490,1,,1639.0,2362,FULFILLED,ARS,26722.5,5611.72,900.0,33234.22,20250615
1000002528,932,1,,3504.0,2433,FULFILLED,ARS,29160.0,6123.6,900.0,36183.6,20250329
1000002529,812,2,1.0,1010.0,1,FULFILLED,ARS,67380.0,14149.8,0.0,81529.8,20240216
1000002530,1160,1,,3211.0,1978,FULFILLED,ARS,23940.0,5027.4,900.0,29867.4,20240908
1000002531,290,1,,3105.0,3760,PAID,ARS,21168.0,4445.28,1200.0,26813.28,20250107
1000002532,891,1,,,2952,FULFILLED,ARS,14175.0,2976.75,1200.0,18351.75,20250613
1000002533,870,1,,2752.0,3094,FULFILLED,ARS,34020.0,7144.2,900.0,42064.2,20240609
1000002534,991,2,2.0,2883.0,2,FULFILLED,ARS,24360.0,5115.6,0.0,29475.6,20240109
1000002535,793,1,,1342.0,3700,FULFILLED,ARS,42552.0,8935.92,1500.0,52987.92,20240430
1000002536,741,1,,1399.0,1415,PAID,ARS,12825.0,2693.25,900.0,16418.25,20240617
1000002537,229,1,,1088.0,3687,FULFILLED,ARS,23520.0,4939.2,900.0,29359.2,20250502
1000002538,177,2,2.0,3237.0,2,CANCELLED,ARS,23940.0,5027.4,0.0,28967.4,20240207
1000002539,706,1,,3833.0,1041,FULFILLED,ARS,14850.0,3118.5,1200.0,19168.5,20240310
1000002540,665,1,,3479.0,3384,FULFILLED,ARS,39084.0,8207.64,900.0,48191.64,20240305
1000002541,510,2,2.0,1799.0,2,REFUNDED,ARS,32400.0,6804.0,0.0,39204.0,20241228
1000002542,1172,1,,2599.0,1923,FULFILLED,ARS,21600.0,4536.0,0.0,26136.0,20240914
1000002543,392,2,2.0,2721.0,2,FULFILLED,ARS,45000.0,9450.0,0.0,54450.0,20241121
1000002544,163,1,,3858.0,3635,FULFILLED,ARS,12000.0,2520.0,1200.0,15720.0,20250522
1000002545,918,1,,2827.0,1847,FULFILLED,ARS,24300.0,5103.0,0.0,29403.0,20250113
1000002546,788,2,2.0,1166.0,2,PAID,ARS,23550.0,4945.5,0.0,28495.5,20240209
1000002547,1008,1,,4124.0,2549,FULFILLED,ARS,28500.0,5985.0,1200.0,35685.0,20240719
1000002548,157,1,,4071.0,3491,FULFILLED,ARS,65430.0,13740.3,900.0,80070.3,20250912
1000002549,1387,1,,2057.0,2034,FULFILLED,ARS,51030.0,10716.3,1200.0,62946.3,20240505
1000002550,448,1,,1076.0,2280,CANCELLED,ARS,38808.0,8149.68,900.0,47857.68,20250709
1000002551,180,1,,2626.0,1967,FULFILLED,ARS,12348.0,2593.08,1200.0,16141.08,20240727
1000002552,988,1,,,3239,FULFILLED,ARS,14962.5,3142.12,900.0,19004.62,20240918
1000002553,1133,1,,2894.0,2754,FULFILLED,ARS,35280.0,7408.8,1200.0,43888.8,20250918
1000002554,441,1,,,2656,FULFILLED,ARS,40500.0,8505.0,1200.0,50205.0,20240706
1000002555,44,1,,1165.0,1100,FULFILLED,ARS,21600.0,4536.0,1200.0,27336.0,20240803
1000002556,194,1,,2275.0,1866,PAID,ARS,9720.0,2041.2,0.0,11761.2,20250521
1000002557,622,1,,4175.0,3810,FULFILLED,ARS,53475.0,11229.75,1200.0,65904.75,20240513
1000002558,81,1,,2637.0,1616,FULFILLED,ARS,34020.0,7144.2,900.0,42064.2,20250218
1000002559,525,1,,,1538,CREATED,ARS,24696.0,5186.16,1200.0,31082.16,20250825
1000002560,204,2,2.0,,2,FULFILLED,ARS,45000.0,9450.0,0.0,54450.0,20250503
1000002561,1393,2,2.0,1617.0,2,FULFILLED,ARS,27000.0,5670.0,0.0,32670.0,20241201
1000002562,1057,1,,1862.0,4021,FULFILLED,ARS,34020.0,7144.2,1500.0,42664.2,20240621
1000002563,310,1,,4024.0,3899,FULFILLED,ARS,105735.0,22204.35,1200.0,129139.35,20241219
1000002564,358,1,,3396.0,3646,FULFILLED,ARS,35640.0,7484.4,1500.0,44624.4,20240116
1000002565,1271,1,,2501.0,3327,FULFILLED,ARS,47520.0,9979.2,900.0,58399.2,20240711
1000002566,1158,1,,2991.0,2559,FULFILLED,ARS,24300.0,5103.0,900.0,30303.0,20250517
1000002567,492,2,4.0,1514.0,4,PAID,ARS,29400.0,6174.0,0.0,35574.0,20250703
1000002568,1207,1,,1528.0,3886,FULFILLED,ARS,22800.0,4788.0,900.0,28488.0,20250122
1000002569,1015,2,3.0,3070.0,3,FULFILLED,ARS,12600.0,2646.0,0.0,15246.0,20250509
1000002570,698,2,2.0,1588.0,2,FULFILLED,ARS,47040.0,9878.4,0.0,56918.4,20241218
1000002571,860,2,4.0,3373.0,4,FULFILLED,ARS,37272.0,7827.12,0.0,45099.12,20250210
1000002572,1258,1,,2672.0,3187,FULFILLED,ARS,57915.0,12162.15,900.0,70977.15,20250103
1000002573,1032,1,,1865.0,2096,FULFILLED,ARS,42750.0,8977.5,1200.0,52927.5,20241118
1000002574,26,1,,2216.0,2106,FULFILLED,ARS,23520.0,4939.2,1200.0,29659.2,20250914
1000002575,268,1,,3170.0,2510,FULFILLED,ARS,66600.0,13986.0,900.0,81486.0,20240727
1000002576,1242,1,,2096.0,1363,FULFILLED,ARS,34020.0,7144.2,1200.0,42364.2,20240503
1000002577,393,1,,1340.0,1252,PAID,ARS,60000.0,12600.0,0.0,72600.0,20240406
1000002578,99,2,4.0,3862.0,4,CREATED,ARS,10800.0,2268.0,0.0,13068.0,20240911
1000002579,518,1,,2394.0,3449,FULFILLED,ARS,24300.0,5103.0,0.0,29403.0,20250921
1000002580,420,1,,3703.0,1346,FULFILLED,ARS,57168.0,12005.28,1500.0,70673.28,20240906
1000002581,323,2,3.0,2935.0,3,FULFILLED,ARS,37380.0,7849.8,0.0,45229.8,20240303
1000002582,1359,1,,2077.0,3506,FULFILLED,ARS,50460.0,10596.6,900.0,61956.6,20240223
1000002583,988,1,,1330.0,2540,FULFILLED,ARS,45600.0,9576.0,900.0,56076.0,20250131
1000002584,687,2,3.0,2121.0,3,FULFILLED,ARS,13500.0,2835.0,0.0,16335.0,20250207
1000002585,395,1,,2498.0,1193,CANCELLED,ARS,24000.0,5040.0,1200.0,30240.0,20240624
1000002586,35,2,3.0,2847.0,3,FULFILLED,ARS,26400.0,5544.0,0.0,31944.0,20241220
1000002587,264,2,2.0,1533.0,2,FULFILLED,ARS,73800.0,15498.0,0.0,89298.0,20250304
1000002588,1085,1,,3027.0,4153,FULFILLED,ARS,21600.0,4536.0,900.0,27036.0,20241013
1000002589,1023,1,,3152.0,1257,FULFILLED,ARS,40500.0,8505.0,900.0,49905.0,20241112
1000002590,789,1,,1014.0,1896,CANCELLED,ARS,82500.0,17325.0,900.0,100725.0,20250209
1000002591,524,2,2.0,2089.0,2,FULFILLED,ARS,68400.0,14364.0,0.0,82764.0,20250720
1000002592,189,1,,2356.0,3589,PAID,ARS,45540.0,9563.4,0.0,55103.4,20240615
1000002593,806,2,4.0,1135.0,4,CANCELLED,ARS,49500.0,10395.0,0.0,59895.0,20250524
1000002594,1241,1,,,3775,FULFILLED,ARS,45000.0,9450.0,1500.0,55950.0,20240924
1000002595,1210,1,,2643.0,1432,FULFILLED,ARS,27000.0,5670.0,1200.0,33870.0,20240208
1000002596,1034,1,,1085.0,2672,CANCELLED,ARS,39450.0,8284.5,1500.0,49234.5,20250626
1000002597,653,2,1.0,3042.0,1,CANCELLED,ARS,28500.0,5985.0,0.0,34485.0,20250622
1000002598,662,2,1.0,2939.0,1,FULFILLED,ARS,12000.0,2520.0,0.0,14520.0,20240420
1000002599,726,2,3.0,4185.0,3,PAID,ARS,30000.0,6300.0,0.0,36300.0,20241007
1000002600,1306,1,,4164.0,1343,FULFILLED,ARS,46305.0,9724.05,0.0,56029.05,20250216
1000002601,1383,2,3.0,1993.0,3,CANCELLED,ARS,65700.0,13797.0,0.0,79497.0,20240525
1000002602,489,1,,1645.0,1421,CANCELLED,ARS,14250.0,2992.5,900.0,18142.5,20250730
1000002603,1476,1,,3324.0,2068,FULFILLED,ARS,75150.0,15781.5,900.0,91831.5,20250705
1000002604,90,2,3.0,1756.0,3,FULFILLED,ARS,22800.0,4788.0,0.0,27588.0,20240524
1000002605,938,1,,2547.0,1014,FULFILLED,ARS,30000.0,6300.0,1200.0,37500.0,20240118
1000002606,1239,1,,2135.0,1142,FULFILLED,ARS,13200.0,2772.0,900.0,16872.0,20240115
1000002607,594,2,4.0,3572.0,4,FULFILLED,ARS,29400.0,6174.0,0.0,35574.0,20240804
1000002608,1277,2,4.0,3459.0,4,FULFILLED,ARS,35640.0,7484.4,0.0,43124.4,20240617
1000002609,1386,1,,2023.0,1499,FULFILLED,ARS,34200.0,7182.0,1500.0,42882.0,20250821
1000002610,88,1,,1744.0,2208,FULFILLED,ARS,21600.0,4536.0,1500.0,27636.0,20241105
1000002611,1274,1,,3416.0,1436,PAID,ARS,109008.0,22891.68,1500.0,133399.68,20241029
1000002612,1083,2,2.0,2337.0,2,FULFILLED,ARS,23520.0,4939.2,0.0,28459.2,20250718
1000002613,405,1,,3274.0,1101,FULFILLED,ARS,10800.0,2268.0,1200.0,14268.0,20240816
1000002614,1206,2,1.0,1776.0,1,PAID,ARS,36348.0,7633.08,0.0,43981.08,20250217
1000002615,427,1,,1407.0,1987,FULFILLED,ARS,34200.0,7182.0,0.0,41382.0,20240925
1000002616,1230,1,,2361.0,3869,FULFILLED,ARS,54000.0,11340.0,900.0,66240.0,20250915
1000002617,119,2,3.0,2229.0,3,FULFILLED,ARS,54900.0,11529.0,0.0,66429.0,20250519
1000002618,1305,1,,4143.0,4096,FULFILLED,ARS,24000.0,5040.0,1500.0,30540.0,20240619
1000002619,1274,2,3.0,2358.0,3,FULFILLED,ARS,10260.0,2154.6,0.0,12414.6,20250918
1000002620,77,1,,3124.0,3587,CANCELLED,ARS,29700.0,6237.0,900.0,36837.0,20240321
1000002621,136,1,,2914.0,3289,FULFILLED,ARS,27048.0,5680.08,900.0,33628.08,20250411
1000002622,782,2,2.0,3232.0,2,FULFILLED,ARS,38475.0,8079.75,0.0,46554.75,20240315
1000002623,293,1,,2637.0,3166,FULFILLED,ARS,38808.0,8149.68,1500.0,48457.68,20240718
1000002624,481,2,3.0,2081.0,3,PAID,ARS,32400.0,6804.0,0.0,39204.0,20241104
1000002625,593,1,,1856.0,1899,FULFILLED,ARS,13200.0,2772.0,1200.0,17172.0,20250202
1000002626,617,1,,2712.0,1909,FULFILLED,ARS,69000.0,14490.0,900.0,84390.0,20240521
1000002627,1021,2,1.0,2840.0,1,FULFILLED,ARS,30000.0,6300.0,0.0,36300.0,20241106
1000002628,382,2,2.0,3539.0,2,FULFILLED,ARS,35640.0,7484.4,0.0,43124.4,20240411
1000002629,1356,2,4.0,3262.0,4,FULFILLED,ARS,13200.0,2772.0,0.0,15972.0,20241101
1000002630,464,1,,,1051,FULFILLED,ARS,47100.0,9891.0,1200.0,58191.0,20250512
1000002631,618,1,,2916.0,2393,FULFILLED,ARS,31350.0,6583.5,1500.0,39433.5,20240127
1000002632,950,2,3.0,3722.0,3,FULFILLED,ARS,47340.0,9941.4,0.0,57281.4,20241022
1000002633,1371,2,1.0,2113.0,1,FULFILLED,ARS,35280.0,7408.8,0.0,42688.8,20240607
1000002634,1007,2,2.0,2443.0,2,FULFILLED,ARS,52260.0,10974.6,0.0,63234.6,20240222
1000002635,48,1,,1106.0,1841,FULFILLED,ARS,38808.0,8149.68,0.0,46957.68,20250424
1000002636,1231,2,2.0,2782.0,2,PAID,ARS,45000.0,9450.0,0.0,54450.0,20241209
1000002637,1143,2,2.0,3500.0,2,CREATED,ARS,54000.0,11340.0,0.0,65340.0,20240628
1000002638,1374,2,3.0,2016.0,3,FULFILLED,ARS,21600.0,4536.0,0.0,26136.0,20250227
1000002639,1014,1,,,3783,FULFILLED,ARS,42525.0,8930.25,1200.0,52655.25,20241109
1000002640,1161,1,,3840.0,3380,PAID,ARS,11400.0,2394.0,1500.0,15294.0,20241209
1000002641,423,1,,3348.0,1306,FULFILLED,ARS,32400.0,6804.0,900.0,40104.0,20240603
1000002642,52,1,,,2043,FULFILLED,ARS,31500.0,6615.0,1500.0,39615.0,20240110
1000002643,1112,1,,2823.0,2061,FULFILLED,ARS,35868.0,7532.28,1200.0,44600.28,20250727
1000002644,1046,1,,2468.0,1446,FULFILLED,ARS,29400.0,6174.0,900.0,36474.0,20240901
1000002645,555,2,3.0,3447.0,3,FULFILLED,ARS,79380.0,16669.8,0.0,96049.8,20241226
1000002646,24,1,,2091.0,4169,FULFILLED,ARS,28500.0,5985.0,900.0,35385.0,20250222
1000002647,506,2,2.0,1596.0,2,FULFILLED,ARS,22800.0,4788.0,0.0,27588.0,20240511
1000002648,1211,1,,3718.0,1070,PAID,ARS,33384.0,7010.64,1500.0,41894.64,20241202
1000002649,859,1,,3907.0,3351,FULFILLED,ARS,47100.0,9891.0,900.0,57891.0,20240717
1000002650,1376,1,,1222.0,1878,FULFILLED,ARS,12150.0,2551.5,1200.0,15901.5,20241110
1000002651,83,2,1.0,,1,FULFILLED,ARS,63420.0,13318.2,0.0,76738.2,20250604
1000002652,284,1,,3035.0,2702,FULFILLED,ARS,32400.0,6804.0,1500.0,40704.0,20250830
1000002653,517,2,1.0,1876.0,1,PAID,ARS,11400.0,2394.0,0.0,13794.0,20250202
1000002654,521,2,1.0,1851.0,1,FULFILLED,ARS,42750.0,8977.5,0.0,51727.5,20240406
1000002655,585,1,,1412.0,2229,FULFILLED,ARS,66900.0,14049.0,900.0,81849.0,20240126
1000002656,282,2,3.0,2977.0,3,FULFILLED,ARS,44100.0,9261.0,0.0,53361.0,20240812
1000002657,1234,2,1.0,2723.0,1,FULFILLED,ARS,25080.0,5266.8,0.0,30346.8,20250509
1000002658,1350,2,4.0,4073.0,4,FULFILLED,ARS,84780.0,17803.8,0.0,102583.8,20240602
1000002659,31,1,,3967.0,1041,PAID,ARS,79830.0,16764.3,1200.0,97794.3,20250504
1000002660,1356,1,,3363.0,1027,CREATED,ARS,27000.0,5670.0,900.0,33570.0,20241224
1000002661,1392,1,,3432.0,2995,FULFILLED,ARS,21168.0,4445.28,900.0,26513.28,20250314
1000002662,702,2,4.0,,4,FULFILLED,ARS,26460.0,5556.6,0.0,32016.6,20250419
1000002663,1414,1,,3228.0,2532,PAID,ARS,12000.0,2520.0,1200.0,15720.0,20240121
1000002664,216,1,,1040.0,2562,PAID,ARS,28350.0,5953.5,900.0,35203.5,20240722
1000002665,87,1,,2352.0,1777,PAID,ARS,14850.0,3118.5,0.0,17968.5,20250224
1000002666,173,2,2.0,3329.0,2,FULFILLED,ARS,30000.0,6300.0,0.0,36300.0,20240803
1000002667,767,2,2.0,3499.0,2,FULFILLED,ARS,13230.0,2778.3,0.0,16008.3,20240202
1000002668,49,1,,4072.0,3808,FULFILLED,ARS,77250.0,16222.5,1200.0,94672.5,20250927
1000002669,706,1,,,3403,FULFILLED,ARS,49500.0,10395.0,1200.0,61095.0,20250103
1000002670,1456,1,,1464.0,2940,CANCELLED,ARS,39300.0,8253.0,900.0,48453.0,20241215
1000002671,87,2,1.0,,1,CANCELLED,ARS,21168.0,4445.28,0.0,25613.28,20250918
1000002672,1066,2,3.0,3225.0,3,PAID,ARS,30780.0,6463.8,0.0,37243.8,20250303
1000002673,1398,2,3.0,2767.0,3,FULFILLED,ARS,10800.0,2268.0,0.0,13068.0,20240504
1000002674,544,1,,3099.0,2895,REFUNDED,ARS,65400.0,13734.0,0.0,79134.0,20240911
1000002675,135,1,,2600.0,1628,FULFILLED,ARS,28500.0,5985.0,900.0,35385.0,20240511
1000002676,806,1,,3592.0,1380,FULFILLED,ARS,29400.0,6174.0,1200.0,36774.0,20250106
1000002677,1230,1,,3946.0,2656,FULFILLED,ARS,35400.0,7434.0,900.0,43734.0,20250504
1000002678,995,1,,3424.0,1314,FULFILLED,ARS,66060.0,13872.6,0.0,79932.6,20240305
1000002679,629,2,1.0,2461.0,1,FULFILLED,ARS,35280.0,7408.8,0.0,42688.8,20250427
1000002680,1312,1,,3399.0,2889,FULFILLED,ARS,14250.0,2992.5,900.0,18142.5,20240630
1000002681,1339,1,,3361.0,3899,FULFILLED,ARS,39000.0,8190.0,900.0,48090.0,20250201
1000002682,1172,2,3.0,1453.0,3,FULFILLED,ARS,14962.5,3142.12,0.0,18104.62,20241122
1000002683,1064,2,3.0,3511.0,3,FULFILLED,ARS,10800.0,2268.0,0.0,13068.0,20240113
1000002684,913,2,2.0,,2,CANCELLED,ARS,13500.0,2835.0,0.0,16335.0,20250805
1000002685,295,1,,1602.0,2175,FULFILLED,ARS,45000.0,9450.0,0.0,54450.0,20250704
1000002686,461,1,,3294.0,3427,CANCELLED,ARS,44100.0,9261.0,0.0,53361.0,20241025
1000002687,326,1,,1245.0,3602,REFUNDED,ARS,85980.0,18055.8,900.0,104935.8,20250627
1000002688,971,1,,4154.0,3900,FULFILLED,ARS,62340.0,13091.4,1200.0,76631.4,20240403
1000002689,70,2,4.0,3932.0,4,REFUNDED,ARS,32340.0,6791.4,0.0,39131.4,20240617
1000002690,415,1,,1805.0,1109,FULFILLED,ARS,14250.0,2992.5,0.0,17242.5,20240303
1000002691,292,2,3.0,1866.0,3,FULFILLED,ARS,14250.0,2992.5,0.0,17242.5,20240305
1000002692,717,1,,1714.0,1514,FULFILLED,ARS,47040.0,9878.4,900.0,57818.4,20250917
1000002693,904,1,,1306.0,3538,PAID,ARS,68520.0,14389.2,1200.0,84109.2,20250831
1000002694,437,1,,2774.0,4037,CANCELLED,ARS,67410.0,14156.1,900.0,82466.1,20250921
1000002695,1396,2,3.0,2603.0,3,FULFILLED,ARS,25650.0,5386.5,0.0,31036.5,20250821
1000002696,393,1,,1591.0,2077,FULFILLED,ARS,30000.0,6300.0,900.0,37200.0,20250607
1000002697,1289,1,,,4019,CANCELLED,ARS,70650.0,14836.5,900.0,86386.5,20250923
1000002698,394,2,3.0,2835.0,3,FULFILLED,ARS,10800.0,2268.0,0.0,13068.0,20240704
1000002699,1413,2,2.0,1121.0,2,FULFILLED,ARS,58800.0,12348.0,0.0,71148.0,20241208
1000002700,1157,2,1.0,1809.0,1,FULFILLED,ARS,46200.0,9702.0,0.0,55902.0,20240817
1000002701,1308,1,,4122.0,2044,FULFILLED,ARS,63180.0,13267.8,1200.0,77647.8,20250912
1000002702,628,1,,,1556,FULFILLED,ARS,10260.0,2154.6,900.0,13314.6,20241008
1000002703,317,1,,1148.0,2198,FULFILLED,ARS,44887.5,9426.38,1200.0,55513.88,20241207
1000002704,55,2,1.0,2951.0,1,FULFILLED,ARS,48510.0,10187.1,0.0,58697.1,20240708
1000002705,339,2,1.0,3285.0,1,PAID,ARS,42660.0,8958.6,0.0,51618.6,20250720
1000002706,1277,1,,3015.0,1839,FULFILLED,ARS,40020.0,8404.2,1200.0,49624.2,20241220
1000002707,823,1,,2245.0,3713,FULFILLED,ARS,35280.0,7408.8,900.0,43588.8,20240404
1000002708,272,1,,2145.0,4099,FULFILLED,ARS,36000.0,7560.0,0.0,43560.0,20240317
1000002709,1147,1,,3539.0,2071,REFUNDED,ARS,49920.0,10483.2,900.0,61303.2,20240704
1000002710,594,2,1.0,3919.0,1,FULFILLED,ARS,21600.0,4536.0,0.0,26136.0,20250109
1000002711,639,1,,3530.0,3782,FULFILLED,ARS,23760.0,4989.6,900.0,29649.6,20241216
1000002712,172,1,,1873.0,3708,FULFILLED,ARS,15435.0,3241.35,0.0,18676.35,20250906
1000002713,1182,1,,2814.0,1259,PAID,ARS,15750.0,3307.5,0.0,19057.5,20250831
1000002714,35,1,,3441.0,2980,FULFILLED,ARS,16500.0,3465.0,1200.0,21165.0,20250203
1000002715,572,2,1.0,1816.0,1,FULFILLED,ARS,35775.0,7512.75,0.0,43287.75,20240216
1000002716,816,1,,1545.0,2930,FULFILLED,ARS,34920.0,7333.2,1500.0,43753.2,20250125
1000002717,359,1,,,2855,FULFILLED,ARS,56100.0,11781.0,0.0,67881.0,20240610
1000002718,272,1,,2687.0,3018,FULFILLED,ARS,43110.0,9053.1,0.0,52163.1,20250522
1000002719,402,2,4.0,3871.0,4,FULFILLED,ARS,10584.0,2222.64,0.0,12806.64,20250622
1000002720,1137,1,,1442.0,3256,CANCELLED,ARS,22680.0,4762.8,0.0,27442.8,20240323
1000002721,1267,2,3.0,2793.0,3,REFUNDED,ARS,87900.0,18459.0,0.0,106359.0,20240614
1000002722,603,1,,2031.0,1354,PAID,ARS,36000.0,7560.0,1200.0,44760.0,20241116
1000002723,606,2,4.0,3769.0,4,FULFILLED,ARS,21600.0,4536.0,0.0,26136.0,20240915
1000002724,1268,1,,4.0,3497,REFUNDED,ARS,30000.0,6300.0,1200.0,37500.0,20241214
1000002725,1393,1,,1589.0,1825,FULFILLED,ARS,12600.0,2646.0,0.0,15246.0,20250816
1000002726,1486,1,,,4033,CANCELLED,ARS,48510.0,10187.1,0.0,58697.1,20250710
1000002727,1453,1,,,3132,CANCELLED,ARS,13500.0,2835.0,0.0,16335.0,20250413
1000002728,1352,1,,1946.0,3759,FULFILLED,ARS,22800.0,4788.0,900.0,28488.0,20241123
1000002729,1357,2,1.0,1253.0,1,PAID,ARS,34200.0,7182.0,0.0,41382.0,20240403
1000002730,725,2,1.0,3196.0,1,REFUNDED,ARS,11400.0,2394.0,0.0,13794.0,20250120
1000002731,260,2,3.0,3392.0,3,FULFILLED,ARS,32340.0,6791.4,0.0,39131.4,20250909
1000002732,378,2,3.0,3061.0,3,FULFILLED,ARS,63000.0,13230.0,0.0,76230.0,20250202
1000002733,1425,1,,3011.0,3508,FULFILLED,ARS,82740.0,17375.4,1200.0,101315.4,20250117
1000002734,85,1,,2835.0,2304,FULFILLED,ARS,80550.0,16915.5,0.0,97465.5,20240706
1000002735,1313,2,3.0,3600.0,3,FULFILLED,ARS,44550.0,9355.5,0.0,53905.5,20250909
1000002736,704,2,4.0,2264.0,4,FULFILLED,ARS,57600.0,12096.0,0.0,69696.0,20250118
1000002737,1133,2,2.0,3041.0,2,FULFILLED,ARS,42120.0,8845.2,0.0,50965.2,20241014
1000002738,176,1,,3734.0,1248,FULFILLED,ARS,68625.0,14411.25,0.0,83036.25,20250223
1000002739,264,1,,2167.0,3495,FULFILLED,ARS,33384.0,7010.64,1200.0,41594.64,20240710
1000002740,882,2,1.0,,1,FULFILLED,ARS,45480.0,9550.8,0.0,55030.8,20240521
1000002741,529,1,,1170.0,2649,FULFILLED,ARS,60825.0,12773.25,900.0,74498.25,20250907
1000002742,511,2,1.0,3203.0,1,FULFILLED,ARS,36450.0,7654.5,0.0,44104.5,20240702
1000002743,1192,2,4.0,,4,FULFILLED,ARS,40500.0,8505.0,0.0,49005.0,20241026
1000002744,866,2,2.0,1992.0,2,FULFILLED,ARS,30870.0,6482.7,0.0,37352.7,20250609
1000002745,147,1,,2565.0,3213,FULFILLED,ARS,34200.0,7182.0,1500.0,42882.0,20250326
1000002746,846,2,2.0,1968.0,2,PAID,ARS,37800.0,7938.0,0.0,45738.0,20240114
1000002747,487,1,,3660.0,2507,FULFILLED,ARS,64980.0,13645.8,900.0,79525.8,20250425
1000002748,1252,2,4.0,3489.0,4,FULFILLED,ARS,35760.0,7509.6,0.0,43269.6,20241108
1000002749,746,2,1.0,3925.0,1,CANCELLED,ARS,95688.0,20094.48,0.0,115782.48,20241110
1000002750,760,1,,2865.0,4111,PAID,ARS,30780.0,6463.8,1200.0,38443.8,20250801
1000002751,414,2,1.0,,1,FULFILLED,ARS,37428.0,7859.88,0.0,45287.88,20250808
1000002752,180,2,3.0,4026.0,3,FULFILLED,ARS,76500.0,16065.0,0.0,92565.0,20240606
1000002753,369,1,,3869.0,1342,CANCELLED,ARS,81594.0,17134.74,900.0,99628.74,20240624
1000002754,1391,1,,2025.0,4058,FULFILLED,ARS,41622.0,8740.62,900.0,51262.62,20241210
1000002755,1181,1,,4173.0,1377,FULFILLED,ARS,12600.0,2646.0,900.0,16146.0,20240623
1000002756,841,1,,1296.0,2332,FULFILLED,ARS,14250.0,2992.5,900.0,18142.5,20240728
1000002757,282,1,,1221.0,3720,FULFILLED,ARS,32400.0,6804.0,1200.0,40404.0,20250328
1000002758,1491,1,,2994.0,1409,FULFILLED,ARS,45450.0,9544.5,900.0,55894.5,20240623
1000002759,787,2,2.0,1917.0,2,CANCELLED,ARS,44100.0,9261.0,0.0,53361.0,20240825
1000002760,484,2,2.0,1064.0,2,FULFILLED,ARS,30000.0,6300.0,0.0,36300.0,20250620
1000002761,559,1,,1119.0,1487,FULFILLED,ARS,62910.0,13211.1,1200.0,77321.1,20250728
1000002762,872,1,,1871.0,4017,FULFILLED,ARS,35280.0,7408.8,900.0,43588.8,20250526
1000002763,568,1,,,2134,FULFILLED,ARS,15000.0,3150.0,1200.0,19350.0,20250411
1000002764,578,2,1.0,3310.0,1,FULFILLED,ARS,24000.0,5040.0,0.0,29040.0,20250901
1000002765,291,2,1.0,3463.0,1,FULFILLED,ARS,21600.0,4536.0,0.0,26136.0,20240310
1000002766,549,1,,4139.0,1307,FULFILLED,ARS,31752.0,6667.92,1200.0,39619.92,20250219
1000002767,511,1,,1745.0,3055,FULFILLED,ARS,32400.0,6804.0,1500.0,40704.0,20240615
1000002768,185,1,,1813.0,3380,FULFILLED,ARS,32400.0,6804.0,1200.0,40404.0,20250411
1000002769,575,2,3.0,1039.0,3,REFUNDED,ARS,42750.0,8977.5,0.0,51727.5,20250307
1000002770,798,1,,2857.0,1849,CANCELLED,ARS,39690.0,8334.9,900.0,48924.9,20240604
1000002771,1108,1,,4040.0,1467,FULFILLED,ARS,45000.0,9450.0,1200.0,55650.0,20241115
1000002772,1145,2,3.0,,3,FULFILLED,ARS,65280.0,13708.8,0.0,78988.8,20240406
1000002773,1421,1,,2318.0,2804,CANCELLED,ARS,24300.0,5103.0,1200.0,30603.0,20250506
1000002774,613,1,,2823.0,3525,FULFILLED,ARS,44362.5,9316.12,0.0,53678.62,20250126
1000002775,67,2,1.0,3979.0,1,PAID,ARS,44100.0,9261.0,0.0,53361.0,20250410
1000002776,415,1,,1575.0,2522,FULFILLED,ARS,47025.0,9875.25,1200.0,58100.25,20250623
1000002777,1101,2,2.0,1896.0,2,FULFILLED,ARS,21600.0,4536.0,0.0,26136.0,20240320
1000002778,939,1,,2003.0,2674,FULFILLED,ARS,39690.0,8334.9,0.0,48024.9,20250409
1000002779,700,1,,3297.0,1137,CANCELLED,ARS,37800.0,7938.0,1200.0,46938.0,20241005
1000002780,258,1,,2289.0,3569,FULFILLED,ARS,21600.0,4536.0,900.0,27036.0,20250225
1000002781,623,1,,1092.0,2442,FULFILLED,ARS,53040.0,11138.4,1200.0,65378.4,20250615
1000002782,164,1,,1252.0,1585,FULFILLED,ARS,43200.0,9072.0,0.0,52272.0,20250512
1000002783,684,2,2.0,2427.0,2,CREATED,ARS,12000.0,2520.0,0.0,14520.0,20250219
1000002784,271,2,4.0,3195.0,4,FULFILLED,ARS,35910.0,7541.1,0.0,43451.1,20250409
1000002785,816,2,4.0,4135.0,4,FULFILLED,ARS,11970.0,2513.7,0.0,14483.7,20241018
1000002786,1449,2,3.0,,3,FULFILLED,ARS,14700.0,3087.0,0.0,17787.0,20240815
1000002787,1293,1,,,2592,FULFILLED,ARS,14250.0,2992.5,1200.0,18442.5,20250531
1000002788,1097,1,,1178.0,3481,FULFILLED,ARS,14700.0,3087.0,1200.0,18987.0,20250711
1000002789,1184,2,1.0,3823.0,1,FULFILLED,ARS,11880.0,2494.8,0.0,14374.8,20240114
1000002790,877,2,4.0,1525.0,4,PAID,ARS,67800.0,14238.0,0.0,82038.0,20240712
1000002791,475,2,3.0,3068.0,3,FULFILLED,ARS,15000.0,3150.0,0.0,18150.0,20240531
1000002792,1287,2,2.0,1319.0,2,REFUNDED,ARS,58425.0,12269.25,0.0,70694.25,20250510
1000002793,1113,1,,1578.0,1321,CANCELLED,ARS,25500.0,5355.0,1200.0,32055.0,20250315
1000002794,1048,1,,1976.0,1895,FULFILLED,ARS,25080.0,5266.8,1500.0,31846.8,20250915
1000002795,300,1,,3570.0,1533,FULFILLED,ARS,30000.0,6300.0,900.0,37200.0,20250825
1000002796,175,1,,2156.0,2522,FULFILLED,ARS,27000.0,5670.0,1200.0,33870.0,20250108
1000002797,514,1,,2062.0,1942,FULFILLED,ARS,34680.0,7282.8,900.0,42862.8,20250317
1000002798,1448,1,,,2601,PAID,ARS,23520.0,4939.2,900.0,29359.2,20240428
1000002799,1361,2,1.0,1950.0,1,FULFILLED,ARS,16170.0,3395.7,0.0,19565.7,20250902
1000002800,883,2,4.0,1264.0,4,FULFILLED,ARS,21600.0,4536.0,0.0,26136.0,20240601
1000002801,302,2,1.0,4107.0,1,FULFILLED,ARS,22800.0,4788.0,0.0,27588.0,20241208
1000002802,638,1,,3968.0,1614,CANCELLED,ARS,37575.0,7890.75,0.0,45465.75,20240701
1000002803,537,1,,1162.0,3036,FULFILLED,ARS,12000.0,2520.0,1500.0,16020.0,20250805
1000002804,922,1,,,2370,FULFILLED,ARS,15675.0,3291.75,0.0,18966.75,20241005
1000002805,740,2,3.0,2024.0,3,FULFILLED,ARS,11400.0,2394.0,0.0,13794.0,20241208
1000002806,1474,1,,3685.0,2007,FULFILLED,ARS,36000.0,7560.0,0.0,43560.0,20240802
1000002807,1234,1,,1508.0,1430,REFUNDED,ARS,37200.0,7812.0,900.0,45912.0,20250111
1000002808,1095,1,,1976.0,2090,REFUNDED,ARS,71010.0,14912.1,900.0,86822.1,20241225
1000002809,610,1,,1162.0,3089,REFUNDED,ARS,74880.0,15724.8,1200.0,91804.8,20240616
1000002810,1326,2,1.0,,1,FULFILLED,ARS,10800.0,2268.0,0.0,13068.0,20250511
1000002811,1267,1,,1148.0,3232,REFUNDED,ARS,32400.0,6804.0,900.0,40104.0,20250309
1000002812,694,2,2.0,1678.0,2,FULFILLED,ARS,27000.0,5670.0,0.0,32670.0,20250216
1000002813,373,2,3.0,,3,FULFILLED,ARS,37800.0,7938.0,0.0,45738.0,20240325
1000002814,1068,1,,4154.0,2905,CREATED,ARS,69750.0,14647.5,900.0,85297.5,20241217
1000002815,1209,1,,4057.0,3032,FULFILLED,ARS,45225.0,9497.25,1500.0,56222.25,20240419
1000002816,1370,1,,2798.0,1650,PAID,ARS,21168.0,4445.28,900.0,26513.28,20240807
1000002817,357,2,2.0,2306.0,2,REFUNDED,ARS,10800.0,2268.0,0.0,13068.0,20241114
1000002818,1071,1,,1127.0,2552,REFUNDED,ARS,13500.0,2835.0,900.0,17235.0,20250904
1000002819,1110,1,,1843.0,2586,FULFILLED,ARS,23760.0,4989.6,0.0,28749.6,20240223
1000002820,896,2,2.0,2634.0,2,FULFILLED,ARS,35280.0,7408.8,0.0,42688.8,20250727
1000002821,1084,2,4.0,3871.0,4,REFUNDED,ARS,74088.0,15558.48,0.0,89646.48,20250624
1000002822,463,1,,2271.0,1512,FULFILLED,ARS,35280.0,7408.8,1500.0,44188.8,20241215
1000002823,1090,1,,2972.0,3648,FULFILLED,ARS,59400.0,12474.0,900.0,72774.0,20240324
1000002824,462,2,2.0,,2,FULFILLED,ARS,71400.0,14994.0,0.0,86394.0,20241213
1000002825,918,2,3.0,3554.0,3,FULFILLED,ARS,14250.0,2992.5,0.0,17242.5,20240715
1000002826,717,1,,2998.0,3411,CANCELLED,ARS,14700.0,3087.0,900.0,18687.0,20240526
1000002827,1418,2,4.0,,4,FULFILLED,ARS,45000.0,9450.0,0.0,54450.0,20241002
1000002828,1083,2,2.0,3813.0,2,CANCELLED,ARS,36000.0,7560.0,0.0,43560.0,20250903
1000002829,444,2,4.0,1355.0,4,PAID,ARS,33000.0,6930.0,0.0,39930.0,20250512
1000002830,411,1,,,1441,FULFILLED,ARS,29160.0,6123.6,1500.0,36783.6,20240917
1000002831,183,1,,2961.0,2495,FULFILLED,ARS,31500.0,6615.0,1200.0,39315.0,20240912
1000002832,414,1,,3576.0,3803,FULFILLED,ARS,10800.0,2268.0,900.0,13968.0,20241225
1000002833,19,1,,1899.0,1727,PAID,ARS,13500.0,2835.0,1200.0,17535.0,20240407
1000002834,276,1,,1340.0,3330,FULFILLED,ARS,38700.0,8127.0,1500.0,48327.0,20240703
1000002835,798,1,,2886.0,2506,FULFILLED,ARS,37620.0,7900.2,1500.0,47020.2,20250226
1000002836,1384,1,,3597.0,3870,FULFILLED,ARS,106740.0,22415.4,900.0,130055.4,20250926
1000002837,757,2,3.0,2724.0,3,FULFILLED,ARS,97605.0,20497.05,0.0,118102.05,20250602
1000002838,961,2,4.0,1760.0,4,CANCELLED,ARS,39600.0,8316.0,0.0,47916.0,20240607
1000002839,1111,2,4.0,3630.0,4,CANCELLED,ARS,37800.0,7938.0,0.0,45738.0,20241223
1000002840,624,1,,3373.0,1744,FULFILLED,ARS,40500.0,8505.0,1200.0,50205.0,20241102
1000002841,1300,1,,1464.0,1960,FULFILLED,ARS,10800.0,2268.0,900.0,13968.0,20250804
1000002842,183,2,2.0,1408.0,2,PAID,ARS,28350.0,5953.5,0.0,34303.5,20250508
1000002843,448,1,,2369.0,1404,REFUNDED,ARS,44280.0,9298.8,0.0,53578.8,20250210
1000002844,768,1,,3511.0,2111,FULFILLED,ARS,14175.0,2976.75,1200.0,18351.75,20250918
1000002845,85,2,4.0,3919.0,4,FULFILLED,ARS,47250.0,9922.5,0.0,57172.5,20240711
1000002846,1103,1,,,1789,FULFILLED,ARS,30000.0,6300.0,1500.0,37800.0,20241008
1000002847,472,1,,1047.0,3015,PAID,ARS,15000.0,3150.0,1200.0,19350.0,20240502
1000002848,2,1,,1789.0,1577,FULFILLED,ARS,12000.0,2520.0,900.0,15420.0,20250824
1000002849,1003,1,,1880.0,4180,PAID,ARS,44100.0,9261.0,1200.0,54561.0,20240224
1000002850,69,2,2.0,2714.0,2,FULFILLED,ARS,34200.0,7182.0,0.0,41382.0,20250629
1000002851,310,1,,3157.0,2682,FULFILLED,ARS,36000.0,7560.0,900.0,44460.0,20250121
1000002852,639,2,2.0,1467.0,2,CANCELLED,ARS,11760.0,2469.6,0.0,14229.6,20250528
1000002853,159,1,,3791.0,2776,FULFILLED,ARS,27000.0,5670.0,900.0,33570.0,20250515
1000002854,388,1,,3050.0,3196,PAID,ARS,12600.0,2646.0,1500.0,16746.0,20250509
1000002855,870,1,,2489.0,2022,FULFILLED,ARS,29160.0,6123.6,900.0,36183.6,20241218
1000002856,551,1,,3641.0,3007,FULFILLED,ARS,32400.0,6804.0,1200.0,40404.0,20250627
1000002857,434,1,,2762.0,2282,FULFILLED,ARS,94800.0,19908.0,900.0,115608.0,20241004
1000002858,810,1,,2558.0,2024,PAID,ARS,45000.0,9450.0,900.0,55350.0,20250920
1000002859,1320,2,1.0,3978.0,1,FULFILLED,ARS,48168.0,10115.28,0.0,58283.28,20250625
1000002860,634,1,,3150.0,1618,CANCELLED,ARS,87525.0,18380.25,900.0,106805.25,20250722
1000002861,334,1,,2131.0,1839,FULFILLED,ARS,54000.0,11340.0,1200.0,66540.0,20240905
1000002862,495,1,,,2320,FULFILLED,ARS,55140.0,11579.4,1200.0,67919.4,20250720
1000002863,1227,1,,2759.0,4195,FULFILLED,ARS,11760.0,2469.6,0.0,14229.6,20240528
1000002864,637,2,4.0,2391.0,4,PAID,ARS,36000.0,7560.0,0.0,43560.0,20240106
1000002865,304,1,,1924.0,3560,PAID,ARS,31752.0,6667.92,900.0,39319.92,20241009
1000002866,695,1,,1432.0,1041,FULFILLED,ARS,95190.0,19989.9,1500.0,116679.9,20240821
1000002867,899,2,2.0,1928.0,2,FULFILLED,ARS,35280.0,7408.8,0.0,42688.8,20240719
1000002868,1296,1,,3803.0,1016,CANCELLED,ARS,26460.0,5556.6,1200.0,33216.6,20240128
1000002869,94,2,1.0,3305.0,1,PAID,ARS,68400.0,14364.0,0.0,82764.0,20240422
1000002870,820,2,4.0,1016.0,4,CREATED,ARS,11400.0,2394.0,0.0,13794.0,20250302
1000002871,618,2,4.0,2088.0,4,FULFILLED,ARS,31500.0,6615.0,0.0,38115.0,20240222
1000002872,1327,1,,2021.0,2534,FULFILLED,ARS,53100.0,11151.0,900.0,65151.0,20250203
1000002873,4,1,,2273.0,3855,FULFILLED,ARS,15000.0,3150.0,1500.0,19650.0,20250216
1000002874,1131,1,,1017.0,3138,PAID,ARS,11400.0,2394.0,1500.0,15294.0,20250906
1000002875,635,1,,3335.0,2233,FULFILLED,ARS,28350.0,5953.5,900.0,35203.5,20240416
1000002876,1458,1,,1746.0,2801,FULFILLED,ARS,13500.0,2835.0,0.0,16335.0,20250708
1000002877,612,1,,2395.0,2445,CANCELLED,ARS,64260.0,13494.6,1500.0,79254.6,20250902
1000002878,802,1,,3495.0,3668,FULFILLED,ARS,49980.0,10495.8,0.0,60475.8,20250912
1000002879,378,1,,1001.0,1853,FULFILLED,ARS,69750.0,14647.5,900.0,85297.5,20240929
1000002880,895,2,2.0,,2,FULFILLED,ARS,16170.0,3395.7,0.0,19565.7,20250714
1000002881,1171,2,4.0,3828.0,4,FULFILLED,ARS,34200.0,7182.0,0.0,41382.0,20250715
1000002882,812,2,2.0,3326.0,2,PAID,ARS,28500.0,5985.0,0.0,34485.0,20240901
1000002883,334,1,,3888.0,1240,FULFILLED,ARS,55620.0,11680.2,1500.0,68800.2,20250303
1000002884,204,1,,1326.0,2566,FULFILLED,ARS,48210.0,10124.1,0.0,58334.1,20240825
1000002885,77,2,1.0,4034.0,1,FULFILLED,ARS,38475.0,8079.75,0.0,46554.75,20250414
1000002886,1409,2,2.0,3886.0,2,FULFILLED,ARS,55050.0,11560.5,0.0,66610.5,20240823
1000002887,700,1,,1685.0,1894,FULFILLED,ARS,25872.0,5433.12,1500.0,32805.12,20250720
1000002888,442,2,4.0,1999.0,4,FULFILLED,ARS,38475.0,8079.75,0.0,46554.75,20250625
1000002889,562,1,,,3300,PAID,ARS,34200.0,7182.0,900.0,42282.0,20250611
1000002890,184,1,,3740.0,3166,FULFILLED,ARS,30780.0,6463.8,900.0,38143.8,20240719
1000002891,1195,2,4.0,,4,FULFILLED,ARS,24900.0,5229.0,0.0,30129.0,20250211
1000002892,1357,2,4.0,3971.0,4,PAID,ARS,71910.0,15101.1,0.0,87011.1,20250806
1000002893,808,1,,3074.0,1581,FULFILLED,ARS,82935.0,17416.35,1200.0,101551.35,20241007
1000002894,175,1,,2205.0,3088,FULFILLED,ARS,47250.0,9922.5,1200.0,58372.5,20240309
1000002895,1042,1,,3718.0,3390,PAID,ARS,36450.0,7654.5,900.0,45004.5,20250627
1000002896,384,2,3.0,,3,FULFILLED,ARS,13500.0,2835.0,0.0,16335.0,20250628
1000002897,46,2,2.0,2357.0,2,PAID,ARS,53235.0,11179.35,0.0,64414.35,20240213
1000002898,185,2,2.0,3495.0,2,PAID,ARS,56250.0,11812.5,0.0,68062.5,20250426
1000002899,275,1,,3484.0,2118,PAID,ARS,27000.0,5670.0,1200.0,33870.0,20240531
1000002900,749,1,,3677.0,2003,FULFILLED,ARS,44040.0,9248.4,1200.0,54488.4,20240504
1000002901,54,1,,1579.0,1858,FULFILLED,ARS,55188.0,11589.48,900.0,67677.48,20240702
1000002902,192,1,,3833.0,1007,FULFILLED,ARS,20520.0,4309.2,900.0,25729.2,20250327
1000002903,707,2,2.0,,2,FULFILLED,ARS,25200.0,5292.0,0.0,30492.0,20241006
1000002904,502,2,2.0,1308.0,2,PAID,ARS,29400.0,6174.0,0.0,35574.0,20250126
1000002905,67,2,1.0,1735.0,1,PAID,ARS,23736.0,4984.56,0.0,28720.56,20240412
1000002906,1198,1,,2852.0,2887,FULFILLED,ARS,53700.0,11277.0,900.0,65877.0,20240822
1000002907,334,2,2.0,3233.0,2,PAID,ARS,39435.0,8281.35,0.0,47716.35,20240826
1000002908,686,2,2.0,1833.0,2,PAID,ARS,30000.0,6300.0,0.0,36300.0,20241010
1000002909,1406,2,1.0,2104.0,1,FULFILLED,ARS,15000.0,3150.0,0.0,18150.0,20250312
1000002910,1168,1,,1995.0,1774,FULFILLED,ARS,39600.0,8316.0,1500.0,49416.0,20240910
1000002911,1458,2,1.0,3705.0,1,FULFILLED,ARS,36000.0,7560.0,0.0,43560.0,20240602
1000002912,822,2,3.0,3809.0,3,FULFILLED,ARS,11400.0,2394.0,0.0,13794.0,20241027
1000002913,916,1,,3147.0,2881,CANCELLED,ARS,31752.0,6667.92,0.0,38419.92,20240928
1000002914,129,2,4.0,2171.0,4,FULFILLED,ARS,10800.0,2268.0,0.0,13068.0,20240314
1000002915,952,2,4.0,2357.0,4,REFUNDED,ARS,14700.0,3087.0,0.0,17787.0,20240323
1000002916,1153,2,4.0,2565.0,4,FULFILLED,ARS,42240.0,8870.4,0.0,51110.4,20240722
1000002917,1441,1,,2646.0,1015,FULFILLED,ARS,68100.0,14301.0,1200.0,83601.0,20250706
1000002918,399,2,3.0,1961.0,3,PAID,ARS,24000.0,5040.0,0.0,29040.0,20240129
1000002919,884,2,2.0,3154.0,2,PAID,ARS,14250.0,2992.5,0.0,17242.5,20240215
1000002920,503,1,,2035.0,2902,FULFILLED,ARS,27000.0,5670.0,900.0,33570.0,20250310
1000002921,53,2,4.0,3979.0,4,PAID,ARS,11400.0,2394.0,0.0,13794.0,20240805
1000002922,1206,1,,3512.0,1547,FULFILLED,ARS,46650.0,9796.5,1200.0,57646.5,20250222
1000002923,591,2,3.0,1496.0,3,FULFILLED,ARS,45000.0,9450.0,0.0,54450.0,20250425
1000002924,40,1,,4058.0,2270,FULFILLED,ARS,24705.0,5188.05,0.0,29893.05,20250611
1000002925,596,2,4.0,3614.0,4,FULFILLED,ARS,24300.0,5103.0,0.0,29403.0,20240121
1000002926,832,1,,4153.0,4008,FULFILLED,ARS,32400.0,6804.0,1200.0,40404.0,20240130
1000002927,542,1,,2247.0,3246,FULFILLED,ARS,90990.0,19107.9,900.0,110997.9,20241008
1000002928,748,2,1.0,3722.0,1,PAID,ARS,22344.0,4692.24,0.0,27036.24,20240610
1000002929,760,2,1.0,4090.0,1,FULFILLED,ARS,40500.0,8505.0,0.0,49005.0,20240312
1000002930,1272,2,1.0,4182.0,1,REFUNDED,ARS,30780.0,6463.8,0.0,37243.8,20250328
1000002931,1330,2,2.0,1620.0,2,FULFILLED,ARS,13200.0,2772.0,0.0,15972.0,20250131
1000002932,984,1,,4024.0,4144,FULFILLED,ARS,14700.0,3087.0,1200.0,18987.0,20250408
1000002933,1208,1,,,3467,FULFILLED,ARS,36150.0,7591.5,1200.0,44941.5,20250516
1000002934,623,2,1.0,2702.0,1,FULFILLED,ARS,74047.5,15549.97,0.0,89597.47,20250402
1000002935,1056,1,,3047.0,1774,REFUNDED,ARS,24300.0,5103.0,1200.0,30603.0,20241204
1000002936,953,1,,2248.0,3919,FULFILLED,ARS,31500.0,6615.0,1200.0,39315.0,20240515
1000002937,687,2,4.0,3181.0,4,FULFILLED,ARS,12348.0,2593.08,0.0,14941.08,20250220
1000002938,722,2,1.0,3075.0,1,FULFILLED,ARS,39690.0,8334.9,0.0,48024.9,20241116
1000002939,39,1,,2848.0,3241,FULFILLED,ARS,40500.0,8505.0,0.0,49005.0,20240902
1000002940,1035,1,,1721.0,2952,FULFILLED,ARS,21168.0,4445.28,1200.0,26813.28,20240926
1000002941,1245,1,,,2293,FULFILLED,ARS,11760.0,2469.6,0.0,14229.6,20250611
1000002942,892,1,,1540.0,2541,FULFILLED,ARS,24696.0,5186.16,1200.0,31082.16,20240224
1000002943,1246,1,,3934.0,1424,FULFILLED,ARS,28665.0,6019.65,1200.0,35884.65,20241004
1000002944,1271,2,4.0,2863.0,4,FULFILLED,ARS,13500.0,2835.0,0.0,16335.0,20240128
1000002945,1418,1,,3723.0,1573,CANCELLED,ARS,14250.0,2992.5,1200.0,18442.5,20240815
1000002946,1256,1,,3421.0,2544,FULFILLED,ARS,37620.0,7900.2,1200.0,46720.2,20240714
1000002947,1061,2,1.0,3215.0,1,FULFILLED,ARS,32340.0,6791.4,0.0,39131.4,20250629
1000002948,743,2,4.0,2184.0,4,FULFILLED,ARS,13500.0,2835.0,0.0,16335.0,20250121
1000002949,1050,1,,3155.0,2495,FULFILLED,ARS,70200.0,14742.0,0.0,84942.0,20250924
1000002950,1028,1,,4136.0,1697,FULFILLED,ARS,35910.0,7541.1,900.0,44351.1,20250624
1000002951,920,1,,2039.0,1094,PAID,ARS,40500.0,8505.0,0.0,49005.0,20240807
1000002952,1208,1,,,1570,FULFILLED,ARS,66750.0,14017.5,0.0,80767.5,20241030
1000002953,489,1,,1439.0,3554,PAID,ARS,29700.0,6237.0,900.0,36837.0,20250927
1000002954,1272,2,3.0,1305.0,3,FULFILLED,ARS,10800.0,2268.0,0.0,13068.0,20240901
1000002955,1079,1,,1567.0,3837,PAID,ARS,22800.0,4788.0,1200.0,28788.0,20240825
1000002956,346,2,3.0,4193.0,3,REFUNDED,ARS,28500.0,5985.0,0.0,34485.0,20250221
1000002957,253,1,,2673.0,2576,FULFILLED,ARS,15000.0,3150.0,1500.0,19650.0,20240307
1000002958,428,2,1.0,3248.0,1,FULFILLED,ARS,41160.0,8643.6,0.0,49803.6,20240909
1000002959,312,2,1.0,1174.0,1,FULFILLED,ARS,11400.0,2394.0,0.0,13794.0,20250613
1000002960,441,1,,,3707,FULFILLED,ARS,15000.0,3150.0,900.0,19050.0,20250830
1000002961,658,2,3.0,1985.0,3,FULFILLED,ARS,34200.0,7182.0,0.0,41382.0,20250914
1000002962,179,1,,3148.0,2155,FULFILLED,ARS,29400.0,6174.0,900.0,36474.0,20240204
1000002963,944,1,,1633.0,1737,FULFILLED,ARS,36960.0,7761.6,0.0,44721.6,20240208
1000002964,739,1,,1470.0,2087,FULFILLED,ARS,11970.0,2513.7,1200.0,15683.7,20250422
1000002965,1298,1,,,4163,FULFILLED,ARS,49875.0,10473.75,1500.0,61848.75,20250429
1000002966,18,2,3.0,1620.0,3,FULFILLED,ARS,45000.0,9450.0,0.0,54450.0,20240109
1000002967,615,2,1.0,1365.0,1,FULFILLED,ARS,14250.0,2992.5,0.0,17242.5,20240201
1000002968,421,2,3.0,3546.0,3,FULFILLED,ARS,39690.0,8334.9,0.0,48024.9,20250801
1000002969,584,1,,,1850,REFUNDED,ARS,54900.0,11529.0,1200.0,67629.0,20240908
1000002970,173,1,,2555.0,2540,FULFILLED,ARS,47250.0,9922.5,900.0,58072.5,20250922
1000002971,928,1,,1378.0,2066,FULFILLED,ARS,14250.0,2992.5,900.0,18142.5,20250510
1000002972,1351,2,2.0,,2,FULFILLED,ARS,10800.0,2268.0,0.0,13068.0,20250525
1000002973,555,1,,3939.0,1255,FULFILLED,ARS,15675.0,3291.75,1200.0,20166.75,20250612
1000002974,61,1,,2299.0,2180,FULFILLED,ARS,42750.0,8977.5,900.0,52627.5,20250205
1000002975,840,1,,1397.0,3588,FULFILLED,ARS,42750.0,8977.5,1500.0,53227.5,20241114
1000002976,928,1,,3094.0,3035,FULFILLED,ARS,14250.0,2992.5,900.0,18142.5,20250628
1000002977,511,2,3.0,3310.0,3,FULFILLED,ARS,22800.0,4788.0,0.0,27588.0,20250418
1000002978,1068,1,,2843.0,2595,REFUNDED,ARS,29160.0,6123.6,900.0,36183.6,20240209
1000002979,409,1,,4158.0,2372,FULFILLED,ARS,23760.0,4989.6,1200.0,29949.6,20240903
1000002980,487,1,,3192.0,1304,PAID,ARS,34200.0,7182.0,1200.0,42582.0,20240104
1000002981,1188,2,1.0,1339.0,1,PAID,ARS,24300.0,5103.0,0.0,29403.0,20250810
1000002982,157,1,,3143.0,2124,FULFILLED,ARS,10584.0,2222.64,900.0,13706.64,20240605
1000002983,747,2,1.0,2977.0,1,FULFILLED,ARS,44550.0,9355.5,0.0,53905.5,20250916
1000002984,914,2,4.0,1109.0,4,FULFILLED,ARS,34200.0,7182.0,0.0,41382.0,20240618
1000002985,197,1,,1262.0,3366,CANCELLED,ARS,64200.0,13482.0,0.0,77682.0,20240428
1000002986,294,1,,3366.0,1026,CREATED,ARS,12825.0,2693.25,900.0,16418.25,20240630
1000002987,1411,1,,2507.0,4157,CANCELLED,ARS,21600.0,4536.0,1200.0,27336.0,20241225
1000002988,639,1,,1841.0,2265,FULFILLED,ARS,27000.0,5670.0,1200.0,33870.0,20240214
1000002989,471,2,3.0,,3,CANCELLED,ARS,45000.0,9450.0,0.0,54450.0,20250205
1000002990,559,1,,,2370,PAID,ARS,35280.0,7408.8,0.0,42688.8,20240706
1000002991,690,1,,2055.0,2241,FULFILLED,ARS,64125.0,13466.25,0.0,77591.25,20241023
1000002992,469,1,,2986.0,2999,FULFILLED,ARS,47280.0,9928.8,1200.0,58408.8,20241221
1000002993,214,1,,2488.0,2369,FULFILLED,ARS,30000.0,6300.0,0.0,36300.0,20241006
1000002994,200,1,,3638.0,1779,FULFILLED,ARS,32400.0,6804.0,1500.0,40704.0,20240521
1000002995,1062,1,,4027.0,1847,REFUNDED,ARS,30000.0,6300.0,1200.0,37500.0,20240810
1000002996,224,2,2.0,4177.0,2,FULFILLED,ARS,37200.0,7812.0,0.0,45012.0,20240508
1000002997,672,1,,2077.0,2909,FULFILLED,ARS,30000.0,6300.0,1200.0,37500.0,20240331
1000002998,335,1,,3867.0,3865,PAID,ARS,67500.0,14175.0,1200.0,82875.0,20240306
1000002999,924,2,3.0,,3,FULFILLED,ARS,37035.0,7777.35,0.0,44812.35,20240127
1000003000,152,1,,,1080,FULFILLED,ARS,11400.0,2394.0,900.0,14694.0,20240914
1000003001,1281,2,3.0,4053.0,3,FULFILLED,ARS,55800.0,11718.0,0.0,67518.0,20240216
1000003002,611,2,3.0,1425.0,3,FULFILLED,ARS,54390.0,11421.9,0.0,65811.9,20240514
1000003003,1324,1,,2094.0,2036,FULFILLED,ARS,32400.0,6804.0,1200.0,40404.0,20240430
1000003004,771,1,,2022.0,4043,FULFILLED,ARS,33480.0,7030.8,1200.0,41710.8,20250807
1000003005,900,1,,1352.0,3946,FULFILLED,ARS,57000.0,11970.0,1200.0,70170.0,20250416
1000003006,270,1,,1982.0,1117,FULFILLED,ARS,32568.0,6839.28,1200.0,40607.28,20250629
1000003007,40,1,,2892.0,2536,PAID,ARS,24300.0,5103.0,1200.0,30603.0,20250121
1000003008,28,1,,2449.0,1259,PAID,ARS,61668.0,12950.28,900.0,75518.28,20240922
1000003009,1342,1,,1295.0,2670,FULFILLED,ARS,10800.0,2268.0,1200.0,14268.0,20250810
1000003010,1270,1,,3125.0,2334,FULFILLED,ARS,15435.0,3241.35,900.0,19576.35,20240313
1000003011,346,1,,3761.0,1856,FULFILLED,ARS,34200.0,7182.0,1200.0,42582.0,20250206
1000003012,104,2,4.0,3361.0,4,PAID,ARS,32400.0,6804.0,0.0,39204.0,20240102
1000003013,607,1,,3486.0,2234,FULFILLED,ARS,15000.0,3150.0,900.0,19050.0,20250226
1000003014,1375,2,4.0,3055.0,4,FULFILLED,ARS,11340.0,2381.4,0.0,13721.4,20240510
1000003015,1056,2,2.0,,2,FULFILLED,ARS,43200.0,9072.0,0.0,52272.0,20250425
1000003016,194,1,,2851.0,3605,FULFILLED,ARS,66630.0,13992.3,1200.0,81822.3,20241217
1000003017,1197,1,,3220.0,3488,FULFILLED,ARS,43050.0,9040.5,900.0,52990.5,20250314
1000003018,860,1,,,2114,FULFILLED,ARS,35910.0,7541.1,1200.0,44651.1,20240211
1000003019,267,1,,3199.0,3706,FULFILLED,ARS,60690.0,12744.9,1200.0,74634.9,20240214
1000003020,231,2,2.0,2671.0,2,CANCELLED,ARS,10800.0,2268.0,0.0,13068.0,20250719
1000003021,1025,1,,2625.0,3208,FULFILLED,ARS,38475.0,8079.75,1200.0,47754.75,20250621
1000003022,103,1,,2552.0,3956,CANCELLED,ARS,68868.0,14462.28,1200.0,84530.28,20240214
1000003023,704,2,1.0,2748.0,1,CANCELLED,ARS,69825.0,14663.25,0.0,84488.25,20250529
1000003024,785,1,,1276.0,1691,FULFILLED,ARS,12348.0,2593.08,1200.0,16141.08,20240101
1000003025,1054,1,,1642.0,3616,FULFILLED,ARS,22740.0,4775.4,1200.0,28715.4,20250416
1000003026,800,2,2.0,1493.0,2,FULFILLED,ARS,14250.0,2992.5,0.0,17242.5,20250126
1000003027,1266,1,,3663.0,1279,FULFILLED,ARS,33000.0,6930.0,0.0,39930.0,20240419
1000003028,1387,1,,3757.0,3962,REFUNDED,ARS,35910.0,7541.1,1200.0,44651.1,20240420
1000003029,1223,2,2.0,1853.0,2,PAID,ARS,28500.0,5985.0,0.0,34485.0,20250425
1000003030,663,1,,3207.0,2816,FULFILLED,ARS,61200.0,12852.0,900.0,74952.0,20250531
1000003031,161,1,,2070.0,3460,FULFILLED,ARS,40500.0,8505.0,1200.0,50205.0,20241211
1000003032,493,2,4.0,1775.0,4,FULFILLED,ARS,27000.0,5670.0,0.0,32670.0,20241026
1000003033,1099,1,,2251.0,3834,PAID,ARS,65700.0,13797.0,1200.0,80697.0,20240509
1000003034,1196,1,,3433.0,3162,FULFILLED,ARS,36300.0,7623.0,900.0,44823.0,20240801
1000003035,1497,2,4.0,,4,FULFILLED,ARS,35520.0,7459.2,0.0,42979.2,20241204
1000003036,408,1,,1292.0,4186,FULFILLED,ARS,52500.0,11025.0,900.0,64425.0,20250623
1000003037,61,2,1.0,4187.0,1,FULFILLED,ARS,24000.0,5040.0,0.0,29040.0,20250519
1000003038,1447,1,,3273.0,1860,FULFILLED,ARS,86962.5,18262.12,900.0,106124.62,20250322
1000003039,514,2,2.0,3587.0,2,PAID,ARS,29925.0,6284.25,0.0,36209.25,20250523
1000003040,93,1,,3608.0,3198,FULFILLED,ARS,57705.0,12118.05,1500.0,71323.05,20250629
1000003041,817,2,3.0,2456.0,3,FULFILLED,ARS,31752.0,6667.92,0.0,38419.92,20240626
1000003042,1085,2,4.0,4075.0,4,FULFILLED,ARS,34200.0,7182.0,0.0,41382.0,20240227
1000003043,176,2,2.0,1648.0,2,FULFILLED,ARS,53598.0,11255.58,0.0,64853.58,20250624
1000003044,1177,1,,3175.0,1523,PAID,ARS,84720.0,17791.2,1200.0,103711.2,20241210
1000003045,1253,1,,3062.0,4079,REFUNDED,ARS,28350.0,5953.5,900.0,35203.5,20241001
1000003046,209,2,4.0,,4,FULFILLED,ARS,48510.0,10187.1,0.0,58697.1,20240101
1000003047,817,2,3.0,2976.0,3,PAID,ARS,26400.0,5544.0,0.0,31944.0,20241024
1000003048,881,2,4.0,,4,PAID,ARS,45000.0,9450.0,0.0,54450.0,20241105
1000003049,177,2,1.0,1065.0,1,FULFILLED,ARS,49980.0,10495.8,0.0,60475.8,20240822
1000003050,226,1,,1700.0,1769,FULFILLED,ARS,24696.0,5186.16,1200.0,31082.16,20250824
1000003051,265,2,1.0,1646.0,1,FULFILLED,ARS,57450.0,12064.5,0.0,69514.5,20250828
1000003052,286,1,,2127.0,1734,PAID,ARS,14700.0,3087.0,0.0,17787.0,20250706
1000003053,652,1,,1265.0,1857,FULFILLED,ARS,12348.0,2593.08,1500.0,16441.08,20250915
1000003054,558,2,4.0,4179.0,4,FULFILLED,ARS,30780.0,6463.8,0.0,37243.8,20241209
1000003055,1009,1,,2685.0,3099,FULFILLED,ARS,76545.0,16074.45,1200.0,93819.45,20240914
1000003056,639,1,,3937.0,2152,FULFILLED,ARS,45000.0,9450.0,1500.0,55950.0,20250408
1000003057,209,1,,4126.0,2988,FULFILLED,ARS,28500.0,5985.0,0.0,34485.0,20250216
1000003058,55,1,,2736.0,1832,PAID,ARS,12000.0,2520.0,900.0,15420.0,20240213
1000003059,1428,2,3.0,3112.0,3,FULFILLED,ARS,35280.0,7408.8,0.0,42688.8,20240822
1000003060,726,2,1.0,2352.0,1,FULFILLED,ARS,23940.0,5027.4,0.0,28967.4,20250906
1000003061,586,2,3.0,2156.0,3,FULFILLED,ARS,41400.0,8694.0,0.0,50094.0,20240212
1000003062,1447,1,,2958.0,2074,FULFILLED,ARS,21600.0,4536.0,1200.0,27336.0,20250408
1000003063,447,1,,2243.0,2386,FULFILLED,ARS,28500.0,5985.0,1200.0,35685.0,20240124
1000003064,940,1,,1429.0,3735,FULFILLED,ARS,13200.0,2772.0,1200.0,17172.0,20250904
1000003065,26,2,2.0,1661.0,2,FULFILLED,ARS,44100.0,9261.0,0.0,53361.0,20240214
1000003066,973,2,1.0,3243.0,1,PAID,ARS,57000.0,11970.0,0.0,68970.0,20240402
1000003067,975,1,,2058.0,2113,FULFILLED,ARS,42750.0,8977.5,1200.0,52927.5,20250328
1000003068,203,2,1.0,1564.0,1,FULFILLED,ARS,60000.0,12600.0,0.0,72600.0,20240415
1000003069,481,1,,2351.0,2407,PAID,ARS,40500.0,8505.0,1200.0,50205.0,20250218
1000003070,1372,2,1.0,,1,FULFILLED,ARS,42120.0,8845.2,0.0,50965.2,20240830
1000003071,667,1,,4067.0,3966,FULFILLED,ARS,21600.0,4536.0,900.0,27036.0,20240819
1000003072,1312,2,3.0,3611.0,3,FULFILLED,ARS,24696.0,5186.16,0.0,29882.16,20240212
1000003073,1493,2,4.0,2720.0,4,FULFILLED,ARS,34800.0,7308.0,0.0,42108.0,20240803
1000003074,702,2,2.0,1626.0,2,CANCELLED,ARS,12000.0,2520.0,0.0,14520.0,20250620
1000003075,582,1,,4048.0,3087,FULFILLED,ARS,70020.0,14704.2,0.0,84724.2,20240605
1000003076,584,1,,1967.0,3134,FULFILLED,ARS,47520.0,9979.2,900.0,58399.2,20240704
1000003077,904,1,,1832.0,2427,FULFILLED,ARS,12000.0,2520.0,0.0,14520.0,20240915
1000003078,342,1,,4196.0,3615,FULFILLED,ARS,40500.0,8505.0,1200.0,50205.0,20250604
1000003079,680,2,4.0,1257.0,4,FULFILLED,ARS,21600.0,4536.0,0.0,26136.0,20240919
1000003080,709,1,,3794.0,1145,FULFILLED,ARS,12000.0,2520.0,1500.0,16020.0,20250222
1000003081,521,1,,1605.0,2776,FULFILLED,ARS,44887.5,9426.38,1500.0,55813.88,20250430
1000003082,289,2,2.0,2913.0,2,FULFILLED,ARS,87630.0,18402.3,0.0,106032.3,20241013
1000003083,293,1,,,3567,FULFILLED,ARS,12000.0,2520.0,0.0,14520.0,20241028
1000003084,288,2,2.0,1352.0,2,CREATED,ARS,54750.0,11497.5,0.0,66247.5,20250113
1000003085,1449,2,1.0,2213.0,1,FULFILLED,ARS,10800.0,2268.0,0.0,13068.0,20250815
1000003086,1177,1,,2846.0,2062,FULFILLED,ARS,36000.0,7560.0,900.0,44460.0,20250919
1000003087,423,1,,1471.0,1718,PAID,ARS,15435.0,3241.35,1200.0,19876.35,20250309
1000003088,1399,2,2.0,3290.0,2,FULFILLED,ARS,23520.0,4939.2,0.0,28459.2,20250901
1000003089,1151,1,,1787.0,2305,CANCELLED,ARS,25872.0,5433.12,1200.0,32505.12,20250709
1000003090,1139,1,,3292.0,2777,PAID,ARS,14700.0,3087.0,900.0,18687.0,20240315
1000003091,1261,1,,2369.0,1321,FULFILLED,ARS,10800.0,2268.0,1200.0,14268.0,20240715
1000003092,739,1,,3113.0,4153,FULFILLED,ARS,28350.0,5953.5,1200.0,35503.5,20240803
1000003093,98,1,,1249.0,3420,PAID,ARS,35280.0,7408.8,900.0,43588.8,20240315
1000003094,1228,1,,3951.0,1248,FULFILLED,ARS,49980.0,10495.8,1500.0,61975.8,20240826
1000003095,206,2,1.0,1372.0,1,FULFILLED,ARS,12600.0,2646.0,0.0,15246.0,20250725
1000003096,1235,1,,1118.0,2638,FULFILLED,ARS,40500.0,8505.0,900.0,49905.0,20250419
1000003097,1353,2,2.0,2052.0,2,FULFILLED,ARS,11760.0,2469.6,0.0,14229.6,20240905
1000003098,154,1,,3917.0,3384,FULFILLED,ARS,47250.0,9922.5,900.0,58072.5,20250301
1000003099,754,1,,1453.0,2605,PAID,ARS,45000.0,9450.0,1200.0,55650.0,20250124
1000003100,368,1,,1127.0,2692,FULFILLED,ARS,28500.0,5985.0,900.0,35385.0,20250322
1000003101,1133,2,2.0,2204.0,2,FULFILLED,ARS,40500.0,8505.0,0.0,49005.0,20240410
1000003102,1247,1,,1860.0,1716,FULFILLED,ARS,24300.0,5103.0,900.0,30303.0,20240609
1000003103,1358,2,3.0,4193.0,3,FULFILLED,ARS,71415.0,14997.15,0.0,86412.15,20250910
1000003104,1321,1,,2545.0,2600,FULFILLED,ARS,10800.0,2268.0,1200.0,14268.0,20240830
1000003105,201,2,4.0,3305.0,4,FULFILLED,ARS,15000.0,3150.0,0.0,18150.0,20250116
1000003106,603,2,2.0,2097.0,2,FULFILLED,ARS,12540.0,2633.4,0.0,15173.4,20240820
1000003107,813,2,4.0,3899.0,4,FULFILLED,ARS,74700.0,15687.0,0.0,90387.0,20250720
1000003108,574,2,1.0,2385.0,1,FULFILLED,ARS,11760.0,2469.6,0.0,14229.6,20240629
1000003109,1165,2,1.0,2178.0,1,FULFILLED,ARS,30000.0,6300.0,0.0,36300.0,20240812
1000003110,413,1,,3199.0,1816,FULFILLED,ARS,42750.0,8977.5,1500.0,53227.5,20240716
1000003111,212,1,,2694.0,1255,FULFILLED,ARS,21600.0,4536.0,900.0,27036.0,20240607
1000003112,822,1,,3837.0,2260,FULFILLED,ARS,25080.0,5266.8,1500.0,31846.8,20250202
1000003113,71,2,1.0,2037.0,1,FULFILLED,ARS,10800.0,2268.0,0.0,13068.0,20250324
1000003114,647,1,,4176.0,1790,PAID,ARS,25650.0,5386.5,900.0,31936.5,20240415
1000003115,233,1,,2939.0,2716,PAID,ARS,33600.0,7056.0,1200.0,41856.0,20240810
1000003116,199,1,,3003.0,3769,FULFILLED,ARS,45000.0,9450.0,0.0,54450.0,20240512
1000003117,353,2,1.0,,1,FULFILLED,ARS,66510.0,13967.1,0.0,80477.1,20240118
1000003118,1038,2,1.0,1550.0,1,FULFILLED,ARS,40500.0,8505.0,0.0,49005.0,20240830
1000003119,1192,1,,2710.0,2806,FULFILLED,ARS,21600.0,4536.0,0.0,26136.0,20240212
1000003120,807,1,,2996.0,2135,CANCELLED,ARS,37044.0,7779.24,900.0,45723.24,20250730
1000003121,713,2,2.0,1231.0,2,FULFILLED,ARS,12000.0,2520.0,0.0,14520.0,20241108
1000003122,442,1,,1131.0,1327,FULFILLED,ARS,24000.0,5040.0,1200.0,30240.0,20240401
1000003123,152,1,,3221.0,3383,FULFILLED,ARS,54900.0,11529.0,900.0,67329.0,20250419
1000003124,520,2,3.0,3531.0,3,FULFILLED,ARS,21168.0,4445.28,0.0,25613.28,20240607
1000003125,858,1,,3861.0,2576,FULFILLED,ARS,9720.0,2041.2,900.0,12661.2,20250319
1000003126,888,1,,1384.0,2765,PAID,ARS,90030.0,18906.3,1200.0,110136.3,20241111
1000003127,1367,2,4.0,2916.0,4,FULFILLED,ARS,26730.0,5613.3,0.0,32343.3,20250210
1000003128,1109,2,4.0,3721.0,4,FULFILLED,ARS,57960.0,12171.6,0.0,70131.6,20250912
1000003129,1068,1,,2620.0,3658,FULFILLED,ARS,21600.0,4536.0,900.0,27036.0,20250507
1000003130,994,2,3.0,1408.0,3,FULFILLED,ARS,15750.0,3307.5,0.0,19057.5,20240202
1000003131,347,1,,3061.0,2999,FULFILLED,ARS,37272.0,7827.12,900.0,45999.12,20241203
1000003132,1388,2,2.0,2740.0,2,FULFILLED,ARS,9720.0,2041.2,0.0,11761.2,20240827
1000003133,66,1,,2102.0,3844,CANCELLED,ARS,37713.0,7919.73,900.0,46532.73,20250917
1000003134,1124,1,,2207.0,1634,FULFILLED,ARS,10800.0,2268.0,900.0,13968.0,20240610
1000003135,950,2,2.0,1684.0,2,FULFILLED,ARS,50910.0,10691.1,0.0,61601.1,20240204
1000003136,588,1,,2588.0,3117,FULFILLED,ARS,31752.0,6667.92,1200.0,39619.92,20240824
1000003137,949,1,,3587.0,3332,FULFILLED,ARS,21600.0,4536.0,0.0,26136.0,20250624
1000003138,722,1,,1190.0,1679,FULFILLED,ARS,24696.0,5186.16,1200.0,31082.16,20250531
1000003139,271,2,3.0,3258.0,3,FULFILLED,ARS,26400.0,5544.0,0.0,31944.0,20240724
1000003140,738,1,,3628.0,1565,FULFILLED,ARS,15000.0,3150.0,1200.0,19350.0,20241218
1000003141,1167,2,2.0,3603.0,2,CANCELLED,ARS,30000.0,6300.0,0.0,36300.0,20250522
1000003142,974,1,,2803.0,3134,FULFILLED,ARS,11970.0,2513.7,1200.0,15683.7,20240915
1000003143,1473,2,3.0,2869.0,3,PAID,ARS,10800.0,2268.0,0.0,13068.0,20250914
1000003144,77,1,,3090.0,1122,FULFILLED,ARS,44400.0,9324.0,1200.0,54924.0,20240913
1000003145,469,1,,,1342,FULFILLED,ARS,40500.0,8505.0,900.0,49905.0,20240213
1000003146,508,1,,2543.0,2286,PAID,ARS,60564.0,12718.44,0.0,73282.44,20250602
1000003147,1293,2,2.0,3905.0,2,REFUNDED,ARS,44370.0,9317.7,0.0,53687.7,20240502
1000003148,717,1,,3548.0,2621,CANCELLED,ARS,78750.0,16537.5,0.0,95287.5,20241203
1000003149,1233,1,,3214.0,4190,FULFILLED,ARS,40500.0,8505.0,1200.0,50205.0,20240925
1000003150,954,2,1.0,2371.0,1,FULFILLED,ARS,16500.0,3465.0,0.0,19965.0,20250731
1000003151,174,2,1.0,3637.0,1,REFUNDED,ARS,12000.0,2520.0,0.0,14520.0,20250718
1000003152,732,1,,3861.0,2992,CANCELLED,ARS,32400.0,6804.0,1200.0,40404.0,20250501
1000003153,1281,1,,3533.0,3117,FULFILLED,ARS,22800.0,4788.0,1200.0,28788.0,20250423
1000003154,1430,2,4.0,1235.0,4,FULFILLED,ARS,25200.0,5292.0,0.0,30492.0,20240807
1000003155,238,2,1.0,3548.0,1,FULFILLED,ARS,12000.0,2520.0,0.0,14520.0,20250603
1000003156,221,1,,2357.0,2877,FULFILLED,ARS,11760.0,2469.6,900.0,15129.6,20250324
1000003157,685,2,3.0,2510.0,3,FULFILLED,ARS,24696.0,5186.16,0.0,29882.16,20240915
1000003158,592,1,,3746.0,1450,FULFILLED,ARS,35280.0,7408.8,1200.0,43888.8,20240222
1000003159,142,1,,2879.0,2713,CANCELLED,ARS,93510.0,19637.1,1200.0,114347.1,20240706
1000003160,970,1,,1233.0,4054,FULFILLED,ARS,22800.0,4788.0,1500.0,29088.0,20240717
1000003161,995,2,3.0,2392.0,3,FULFILLED,ARS,25650.0,5386.5,0.0,31036.5,20250616
1000003162,444,2,4.0,4077.0,4,REFUNDED,ARS,15000.0,3150.0,0.0,18150.0,20240614
1000003163,297,1,,,3449,FULFILLED,ARS,11760.0,2469.6,0.0,14229.6,20240530
1000003164,947,1,,1563.0,2232,FULFILLED,ARS,69588.0,14613.48,900.0,85101.48,20250304
1000003165,57,1,,3739.0,3533,CREATED,ARS,22680.0,4762.8,1200.0,28642.8,20240610
1000003166,38,1,,2701.0,2423,FULFILLED,ARS,52500.0,11025.0,900.0,64425.0,20250712
1000003167,376,2,3.0,1115.0,3,FULFILLED,ARS,44100.0,9261.0,0.0,53361.0,20250413
1000003168,503,1,,2335.0,2265,PAID,ARS,21600.0,4536.0,1200.0,27336.0,20240618
1000003169,1095,1,,3296.0,1931,FULFILLED,ARS,28500.0,5985.0,900.0,35385.0,20250520
1000003170,1338,1,,1511.0,1651,FULFILLED,ARS,22800.0,4788.0,0.0,27588.0,20240515
1000003171,909,1,,2710.0,3851,CANCELLED,ARS,10584.0,2222.64,900.0,13706.64,20250416
1000003172,932,2,1.0,,1,REFUNDED,ARS,14700.0,3087.0,0.0,17787.0,20240902
1000003173,912,1,,2485.0,3455,CREATED,ARS,50760.0,10659.6,900.0,62319.6,20240623
1000003174,1161,1,,2172.0,3054,REFUNDED,ARS,24000.0,5040.0,1200.0,30240.0,20241218
1000003175,189,1,,2613.0,3060,FULFILLED,ARS,36450.0,7654.5,1200.0,45304.5,20240914
1000003176,488,2,1.0,3958.0,1,FULFILLED,ARS,24000.0,5040.0,0.0,29040.0,20250804
1000003177,946,2,3.0,3954.0,3,FULFILLED,ARS,21600.0,4536.0,0.0,26136.0,20250822
1000003178,475,2,4.0,3905.0,4,PAID,ARS,29160.0,6123.6,0.0,35283.6,20241007
1000003179,692,1,,3391.0,2989,FULFILLED,ARS,34200.0,7182.0,1200.0,42582.0,20250213
1000003180,506,2,1.0,3057.0,1,FULFILLED,ARS,30000.0,6300.0,0.0,36300.0,20240803
1000003181,733,2,3.0,4084.0,3,FULFILLED,ARS,20520.0,4309.2,0.0,24829.2,20250706
1000003182,151,1,,1288.0,4077,PAID,ARS,62328.0,13088.88,1200.0,76616.88,20250622
1000003183,1276,1,,2980.0,3196,FULFILLED,ARS,31350.0,6583.5,1200.0,39133.5,20241109
1000003184,320,1,,,3153,CANCELLED,ARS,26430.0,5550.3,0.0,31980.3,20250112
1000003185,514,2,2.0,,2,FULFILLED,ARS,11400.0,2394.0,0.0,13794.0,20250714
1000003186,1447,1,,3230.0,1951,FULFILLED,ARS,35280.0,7408.8,1200.0,43888.8,20241016
1000003187,833,1,,3348.0,2537,REFUNDED,ARS,49980.0,10495.8,900.0,61375.8,20250826
1000003188,1096,1,,2796.0,2045,CANCELLED,ARS,35280.0,7408.8,900.0,43588.8,20250704
1000003189,521,2,2.0,3677.0,2,FULFILLED,ARS,56940.0,11957.4,0.0,68897.4,20250613
1000003190,960,2,2.0,2321.0,2,FULFILLED,ARS,44550.0,9355.5,0.0,53905.5,20250419
1000003191,1397,1,,,3112,FULFILLED,ARS,83250.0,17482.5,1200.0,101932.5,20240814
1000003192,254,2,3.0,,3,PAID,ARS,44100.0,9261.0,0.0,53361.0,20250313
1000003193,1447,1,,2320.0,1805,PAID,ARS,56196.0,11801.16,900.0,68897.16,20240819
1000003194,572,2,3.0,3867.0,3,FULFILLED,ARS,29400.0,6174.0,0.0,35574.0,20240719
1000003195,926,1,,1137.0,3788,FULFILLED,ARS,21600.0,4536.0,1200.0,27336.0,20240131
1000003196,818,2,1.0,2312.0,1,FULFILLED,ARS,67500.0,14175.0,0.0,81675.0,20241029
1000003197,157,1,,2514.0,2948,PAID,ARS,47940.0,10067.4,0.0,58007.4,20241002
1000003198,1005,1,,,1232,FULFILLED,ARS,12600.0,2646.0,900.0,16146.0,20250616
1000003199,1166,2,3.0,3839.0,3,FULFILLED,ARS,23520.0,4939.2,0.0,28459.2,20240525
1000003200,1306,1,,2518.0,2401,FULFILLED,ARS,54000.0,11340.0,900.0,66240.0,20240821
1000003201,1452,2,1.0,,1,CANCELLED,ARS,29400.0,6174.0,0.0,35574.0,20240315
1000003202,1206,1,,1677.0,4062,FULFILLED,ARS,25200.0,5292.0,1200.0,31692.0,20250220
1000003203,1463,1,,3557.0,1035,FULFILLED,ARS,35850.0,7528.5,900.0,44278.5,20250613
1000003204,231,1,,2869.0,2682,FULFILLED,ARS,13500.0,2835.0,0.0,16335.0,20240724
1000003205,122,2,1.0,3426.0,1,FULFILLED,ARS,32340.0,6791.4,0.0,39131.4,20240813
1000003206,1077,1,,1468.0,2703,FULFILLED,ARS,39690.0,8334.9,900.0,48924.9,20250601
1000003207,1056,1,,2766.0,4006,REFUNDED,ARS,29160.0,6123.6,1500.0,36783.6,20250215
1000003208,494,1,,2453.0,3404,FULFILLED,ARS,78750.0,16537.5,900.0,96187.5,20240313
1000003209,228,1,,3520.0,3617,FULFILLED,ARS,30780.0,6463.8,1200.0,38443.8,20250902
1000003210,209,2,1.0,1559.0,1,FULFILLED,ARS,40500.0,8505.0,0.0,49005.0,20250817
1000003211,65,1,,4074.0,3030,FULFILLED,ARS,68400.0,14364.0,1500.0,84264.0,20250914
1000003212,552,1,,1189.0,1740,FULFILLED,ARS,32400.0,6804.0,1200.0,40404.0,20240607
1000003213,342,1,,1878.0,2698,FULFILLED,ARS,27000.0,5670.0,1200.0,33870.0,20250213
1000003214,266,1,,1019.0,3267,PAID,ARS,11760.0,2469.6,1500.0,15729.6,20241212
1000003215,1116,1,,3298.0,1457,FULFILLED,ARS,40500.0,8505.0,0.0,49005.0,20240204
1000003216,92,1,,2855.0,1904,FULFILLED,ARS,11400.0,2394.0,1200.0,14994.0,20250716
1000003217,1204,1,,2542.0,1948,FULFILLED,ARS,36000.0,7560.0,1200.0,44760.0,20240102
1000003218,664,1,,1757.0,4097,CANCELLED,ARS,11760.0,2469.6,1200.0,15429.6,20241215
1000003219,1459,1,,3381.0,3940,FULFILLED,ARS,28500.0,5985.0,900.0,35385.0,20240711
1000003220,1166,1,,3094.0,3249,FULFILLED,ARS,70980.0,14905.8,900.0,86785.8,20250815
1000003221,253,1,,1836.0,1713,CANCELLED,ARS,57900.0,12159.0,1200.0,71259.0,20240824
1000003222,249,2,1.0,2903.0,1,REFUNDED,ARS,24000.0,5040.0,0.0,29040.0,20250806
1000003223,948,1,,,2703,FULFILLED,ARS,21600.0,4536.0,1500.0,27636.0,20240520
1000003224,754,2,2.0,2158.0,2,PAID,ARS,11760.0,2469.6,0.0,14229.6,20250626
1000003225,1427,2,3.0,2066.0,3,FULFILLED,ARS,21600.0,4536.0,0.0,26136.0,20250302
1000003226,1351,2,3.0,2039.0,3,PAID,ARS,36000.0,7560.0,0.0,43560.0,20240807
1000003227,401,1,,2391.0,4111,FULFILLED,ARS,28500.0,5985.0,1200.0,35685.0,20250207
1000003228,609,2,4.0,2951.0,4,FULFILLED,ARS,24000.0,5040.0,0.0,29040.0,20250223
1000003229,720,1,,2076.0,1926,FULFILLED,ARS,32400.0,6804.0,1200.0,40404.0,20240411
1000003230,1000,1,,3275.0,2457,CANCELLED,ARS,30000.0,6300.0,1200.0,37500.0,20250602
1000003231,1143,1,,4078.0,2241,CANCELLED,ARS,23940.0,5027.4,900.0,29867.4,20250623
1000003232,871,2,4.0,1389.0,4,FULFILLED,ARS,44550.0,9355.5,0.0,53905.5,20240417
1000003233,1336,2,3.0,2521.0,3,FULFILLED,ARS,69000.0,14490.0,0.0,83490.0,20250901
1000003234,357,2,2.0,3313.0,2,FULFILLED,ARS,22800.0,4788.0,0.0,27588.0,20250302
1000003235,1352,2,4.0,2386.0,4,FULFILLED,ARS,10260.0,2154.6,0.0,12414.6,20250128
1000003236,1312,2,2.0,1510.0,2,FULFILLED,ARS,14250.0,2992.5,0.0,17242.5,20240825
1000003237,272,1,,3777.0,1020,FULFILLED,ARS,12000.0,2520.0,0.0,14520.0,20240913
1000003238,1284,2,1.0,3909.0,1,FULFILLED,ARS,24000.0,5040.0,0.0,29040.0,20240429
1000003239,738,1,,,3192,FULFILLED,ARS,22680.0,4762.8,0.0,27442.8,20240225
1000003240,69,2,1.0,2567.0,1,FULFILLED,ARS,34200.0,7182.0,0.0,41382.0,20240706
1000003241,1237,1,,2175.0,1319,FULFILLED,ARS,40500.0,8505.0,1500.0,50505.0,20240926
1000003242,83,1,,4077.0,2467,FULFILLED,ARS,45000.0,9450.0,1200.0,55650.0,20240721
1000003243,1172,1,,2412.0,2052,CANCELLED,ARS,22800.0,4788.0,1500.0,29088.0,20240926
1000003244,489,2,2.0,1799.0,2,FULFILLED,ARS,37800.0,7938.0,0.0,45738.0,20250703
1000003245,451,1,,4103.0,3678,FULFILLED,ARS,11400.0,2394.0,900.0,14694.0,20250318
1000003246,918,2,3.0,3093.0,3,FULFILLED,ARS,37620.0,7900.2,0.0,45520.2,20240121
1000003247,491,1,,,1087,FULFILLED,ARS,22800.0,4788.0,0.0,27588.0,20240606
1000003248,1232,1,,,2907,PAID,ARS,29400.0,6174.0,900.0,36474.0,20250420
1000003249,477,1,,3545.0,3987,FULFILLED,ARS,29400.0,6174.0,1200.0,36774.0,20250522
1000003250,1466,2,3.0,2175.0,3,FULFILLED,ARS,12000.0,2520.0,0.0,14520.0,20241125
1000003251,1369,2,3.0,4005.0,3,CANCELLED,ARS,41940.0,8807.4,0.0,50747.4,20240801
1000003252,254,1,,,2515,FULFILLED,ARS,12000.0,2520.0,900.0,15420.0,20240506
1000003253,388,2,1.0,1122.0,1,FULFILLED,ARS,22800.0,4788.0,0.0,27588.0,20240125
1000003254,1415,1,,3449.0,3203,FULFILLED,ARS,47250.0,9922.5,0.0,57172.5,20250828
1000003255,1434,1,,2381.0,2612,CANCELLED,ARS,34200.0,7182.0,1200.0,42582.0,20240602
1000003256,204,2,1.0,1591.0,1,FULFILLED,ARS,59580.0,12511.8,0.0,72091.8,20240504
1000003257,902,1,,1206.0,1016,FULFILLED,ARS,38808.0,8149.68,1200.0,48157.68,20250521
1000003258,653,2,3.0,2094.0,3,REFUNDED,ARS,21600.0,4536.0,0.0,26136.0,20240201
1000003259,427,1,,4062.0,2179,FULFILLED,ARS,19440.0,4082.4,900.0,24422.4,20250218
1000003260,439,2,4.0,3422.0,4,FULFILLED,ARS,39960.0,8391.6,0.0,48351.6,20240227
1000003261,816,1,,2302.0,3462,FULFILLED,ARS,60750.0,12757.5,1200.0,74707.5,20250913
1000003262,19,1,,,2923,FULFILLED,ARS,15675.0,3291.75,1200.0,20166.75,20240404
1000003263,1480,2,4.0,2187.0,4,PAID,ARS,44550.0,9355.5,0.0,53905.5,20240608
1000003264,619,1,,1496.0,2038,PAID,ARS,12000.0,2520.0,1200.0,15720.0,20240418
1000003265,907,1,,1701.0,2733,FULFILLED,ARS,21600.0,4536.0,900.0,27036.0,20240514
1000003266,411,1,,1550.0,1449,FULFILLED,ARS,27555.0,5786.55,900.0,34241.55,20250807
1000003267,1472,2,1.0,1842.0,1,FULFILLED,ARS,59250.0,12442.5,0.0,71692.5,20250819
1000003268,1414,1,,,1423,FULFILLED,ARS,15675.0,3291.75,900.0,19866.75,20240423
1000003269,1437,2,3.0,3970.0,3,FULFILLED,ARS,87780.0,18433.8,0.0,106213.8,20250824
1000003270,993,2,1.0,2274.0,1,FULFILLED,ARS,23520.0,4939.2,0.0,28459.2,20250709
1000003271,882,2,3.0,3197.0,3,FULFILLED,ARS,29400.0,6174.0,0.0,35574.0,20241024
1000003272,1485,1,,,2989,FULFILLED,ARS,44887.5,9426.38,1500.0,55813.88,20241231
1000003273,1422,2,1.0,1227.0,1,FULFILLED,ARS,35280.0,7408.8,0.0,42688.8,20240417
1000003274,594,2,1.0,3238.0,1,FULFILLED,ARS,44100.0,9261.0,0.0,53361.0,20250708
1000003275,791,1,,4091.0,1828,FULFILLED,ARS,69187.5,14529.38,1200.0,84916.88,20250704
1000003276,417,2,4.0,2603.0,4,FULFILLED,ARS,10800.0,2268.0,0.0,13068.0,20250325
1000003277,760,1,,2681.0,4121,FULFILLED,ARS,34200.0,7182.0,900.0,42282.0,20250423
1000003278,527,1,,2150.0,3729,FULFILLED,ARS,31752.0,6667.92,1500.0,39919.92,20250601
1000003279,604,2,4.0,2522.0,4,FULFILLED,ARS,34680.0,7282.8,0.0,41962.8,20250929
1000003280,1132,1,,3808.0,3819,FULFILLED,ARS,54150.0,11371.5,1200.0,66721.5,20240429
1000003281,726,1,,1335.0,2979,FULFILLED,ARS,21600.0,4536.0,1500.0,27636.0,20250115
1000003282,133,1,,1115.0,1108,PAID,ARS,27000.0,5670.0,900.0,33570.0,20241023
1000003283,1292,1,,2030.0,3539,FULFILLED,ARS,41622.0,8740.62,0.0,50362.62,20241229
1000003284,466,1,,1935.0,2671,FULFILLED,ARS,59598.0,12515.58,1500.0,73613.58,20241108
1000003285,433,1,,3162.0,1932,FULFILLED,ARS,27000.0,5670.0,1200.0,33870.0,20240508
1000003286,358,1,,1901.0,3867,FULFILLED,ARS,22800.0,4788.0,1200.0,28788.0,20240619
1000003287,130,2,3.0,3322.0,3,FULFILLED,ARS,57960.0,12171.6,0.0,70131.6,20241221
1000003288,1153,2,3.0,1829.0,3,FULFILLED,ARS,45000.0,9450.0,0.0,54450.0,20250915
1000003289,1275,2,1.0,1170.0,1,FULFILLED,ARS,10800.0,2268.0,0.0,13068.0,20250811
1000003290,62,1,,,1464,FULFILLED,ARS,34200.0,7182.0,1500.0,42882.0,20240923
1000003291,682,1,,3047.0,2144,FULFILLED,ARS,26460.0,5556.6,1200.0,33216.6,20250623
1000003292,1370,1,,3985.0,3361,FULFILLED,ARS,10800.0,2268.0,900.0,13968.0,20240318
1000003293,858,1,,2809.0,2334,FULFILLED,ARS,83475.0,17529.75,1200.0,102204.75,20240605
1000003294,222,1,,2580.0,3032,FULFILLED,ARS,15000.0,3150.0,1200.0,19350.0,20250317
1000003295,671,1,,1934.0,1430,PAID,ARS,64020.0,13444.2,1200.0,78664.2,20241126
1000003296,415,1,,2780.0,3492,FULFILLED,ARS,14250.0,2992.5,0.0,17242.5,20240830
1000003297,1415,2,4.0,2403.0,4,PAID,ARS,49162.5,10324.12,0.0,59486.62,20240101
1000003298,533,2,4.0,1640.0,4,FULFILLED,ARS,60780.0,12763.8,0.0,73543.8,20240719
1000003299,978,2,1.0,1012.0,1,FULFILLED,ARS,16500.0,3465.0,0.0,19965.0,20250709
1000003300,1387,2,2.0,1605.0,2,FULFILLED,ARS,77100.0,16191.0,0.0,93291.0,20240331
1000003301,907,1,,2336.0,2226,FULFILLED,ARS,10800.0,2268.0,1500.0,14568.0,20240318
1000003302,820,1,,1462.0,4030,PAID,ARS,35280.0,7408.8,1200.0,43888.8,20241001
1000003303,1223,2,1.0,3442.0,1,FULFILLED,ARS,75090.0,15768.9,0.0,90858.9,20240109
1000003304,641,1,,3340.0,1935,FULFILLED,ARS,12000.0,2520.0,1200.0,15720.0,20250706
1000003305,1319,1,,1916.0,1535,FULFILLED,ARS,25284.0,5309.64,900.0,31493.64,20250708
1000003306,1421,1,,2006.0,2132,FULFILLED,ARS,42750.0,8977.5,0.0,51727.5,20240405
1000003307,63,2,2.0,,2,FULFILLED,ARS,25650.0,5386.5,0.0,31036.5,20250919
1000003308,1309,2,4.0,,4,CREATED,ARS,85494.0,17953.74,0.0,103447.74,20250730
1000003309,855,2,3.0,2271.0,3,PAID,ARS,36000.0,7560.0,0.0,43560.0,20250113
1000003310,1483,2,4.0,3062.0,4,FULFILLED,ARS,36450.0,7654.5,0.0,44104.5,20240701
1000003311,858,1,,3494.0,2718,PAID,ARS,11880.0,2494.8,900.0,15274.8,20250403
1000003312,1390,2,3.0,1858.0,3,FULFILLED,ARS,30000.0,6300.0,0.0,36300.0,20250215
1000003313,929,2,3.0,3418.0,3,REFUNDED,ARS,35280.0,7408.8,0.0,42688.8,20250322
1000003314,809,2,4.0,2401.0,4,FULFILLED,ARS,11760.0,2469.6,0.0,14229.6,20240721
1000003315,1236,2,2.0,2772.0,2,CREATED,ARS,82920.0,17413.2,0.0,100333.2,20240611
1000003316,816,1,,3097.0,1531,FULFILLED,ARS,47025.0,9875.25,0.0,56900.25,20250724
1000003317,143,1,,3012.0,3867,FULFILLED,ARS,32400.0,6804.0,0.0,39204.0,20250730
1000003318,984,2,3.0,2925.0,3,FULFILLED,ARS,40500.0,8505.0,0.0,49005.0,20241021
1000003319,529,2,2.0,1186.0,2,FULFILLED,ARS,24000.0,5040.0,0.0,29040.0,20250121
1000003320,4,2,3.0,2316.0,3,FULFILLED,ARS,15675.0,3291.75,0.0,18966.75,20241221
1000003321,506,1,,2717.0,4184,REFUNDED,ARS,14700.0,3087.0,1200.0,18987.0,20250328
1000003322,942,2,2.0,,2,FULFILLED,ARS,24000.0,5040.0,0.0,29040.0,20240325
1000003323,210,1,,1059.0,3106,FULFILLED,ARS,21600.0,4536.0,1200.0,27336.0,20250915
1000003324,1324,2,1.0,1240.0,1,FULFILLED,ARS,64500.0,13545.0,0.0,78045.0,20250930
1000003325,1102,1,,1462.0,1980,FULFILLED,ARS,27000.0,5670.0,1200.0,33870.0,20240705
1000003326,146,2,4.0,1823.0,4,FULFILLED,ARS,43800.0,9198.0,0.0,52998.0,20241117
1000003327,1120,2,2.0,1028.0,2,FULFILLED,ARS,14250.0,2992.5,0.0,17242.5,20240906
1000003328,1160,2,3.0,1929.0,3,FULFILLED,ARS,29700.0,6237.0,0.0,35937.0,20250614
1000003329,863,2,2.0,2414.0,2,FULFILLED,ARS,24975.0,5244.75,0.0,30219.75,20250225
1000003330,540,2,1.0,1283.0,1,FULFILLED,ARS,50715.0,10650.15,0.0,61365.15,20240329
1000003331,610,1,,1160.0,2826,REFUNDED,ARS,46080.0,9676.8,1500.0,57256.8,20250826
1000003332,31,1,,3192.0,1454,CANCELLED,ARS,62280.0,13078.8,900.0,76258.8,20240728
1000003333,449,2,3.0,1687.0,3,FULFILLED,ARS,32400.0,6804.0,0.0,39204.0,20250702
1000003334,769,2,1.0,2797.0,1,REFUNDED,ARS,44100.0,9261.0,0.0,53361.0,20240201
1000003335,1402,2,3.0,3834.0,3,FULFILLED,ARS,36000.0,7560.0,0.0,43560.0,20250602
1000003336,908,2,1.0,2814.0,1,FULFILLED,ARS,48168.0,10115.28,0.0,58283.28,20250331
1000003337,624,1,,,1120,FULFILLED,ARS,26400.0,5544.0,1500.0,33444.0,20241216
1000003338,608,1,,3881.0,2250,FULFILLED,ARS,44100.0,9261.0,1200.0,54561.0,20240628
1000003339,37,1,,2708.0,2938,FULFILLED,ARS,37620.0,7900.2,1200.0,46720.2,20240303
1000003340,1482,1,,3422.0,1536,PAID,ARS,89775.0,18852.75,1500.0,110127.75,20241204
1000003341,1058,2,4.0,2264.0,4,FULFILLED,ARS,14962.5,3142.12,0.0,18104.62,20240409
1000003342,286,1,,1330.0,1690,FULFILLED,ARS,24900.0,5229.0,900.0,31029.0,20250607
1000003343,1008,1,,1432.0,3127,PAID,ARS,40500.0,8505.0,900.0,49905.0,20250919
1000003344,668,1,,2896.0,4165,FULFILLED,ARS,11760.0,2469.6,1500.0,15729.6,20240214
1000003345,117,2,3.0,2184.0,3,FULFILLED,ARS,83250.0,17482.5,0.0,100732.5,20240216
1000003346,851,1,,1669.0,3495,CANCELLED,ARS,22680.0,4762.8,1200.0,28642.8,20240916
1000003347,51,2,1.0,1255.0,1,FULFILLED,ARS,70500.0,14805.0,0.0,85305.0,20250804
1000003348,1117,1,,,3757,FULFILLED,ARS,12600.0,2646.0,1200.0,16446.0,20241117
1000003349,1029,1,,2230.0,1007,FULFILLED,ARS,12000.0,2520.0,1200.0,15720.0,20240216
1000003350,1139,1,,3606.0,2563,PAID,ARS,42750.0,8977.5,900.0,52627.5,20240801
1000003351,1378,2,3.0,1238.0,3,FULFILLED,ARS,34200.0,7182.0,0.0,41382.0,20250821
1000003352,1271,2,2.0,1260.0,2,FULFILLED,ARS,40800.0,8568.0,0.0,49368.0,20240226
1000003353,1424,1,,1235.0,1307,PAID,ARS,13500.0,2835.0,1500.0,17835.0,20240821
1000003354,489,2,4.0,2934.0,4,FULFILLED,ARS,30600.0,6426.0,0.0,37026.0,20250718
1000003355,744,1,,,1728,FULFILLED,ARS,44100.0,9261.0,900.0,54261.0,20250416
1000003356,323,1,,2838.0,1974,FULFILLED,ARS,22560.0,4737.6,900.0,28197.6,20240710
1000003357,1471,1,,3193.0,1476,FULFILLED,ARS,14700.0,3087.0,1200.0,18987.0,20250329
1000003358,1469,1,,3517.0,3587,FULFILLED,ARS,37800.0,7938.0,1200.0,46938.0,20240716
1000003359,1191,2,4.0,2637.0,4,FULFILLED,ARS,61320.0,12877.2,0.0,74197.2,20250411
1000003360,335,1,,,3883,FULFILLED,ARS,14700.0,3087.0,1200.0,18987.0,20250509
1000003361,717,1,,3309.0,2741,FULFILLED,ARS,26010.0,5462.1,1200.0,32672.1,20240317
1000003362,911,1,,1461.0,2948,FULFILLED,ARS,41760.0,8769.6,0.0,50529.6,20250915
1000003363,184,2,1.0,2447.0,1,FULFILLED,ARS,29400.0,6174.0,0.0,35574.0,20250927
1000003364,957,1,,2638.0,2999,FULFILLED,ARS,22800.0,4788.0,900.0,28488.0,20240318
1000003365,797,2,1.0,1048.0,1,CREATED,ARS,35280.0,7408.8,0.0,42688.8,20250511
1000003366,22,2,4.0,1298.0,4,PAID,ARS,23520.0,4939.2,0.0,28459.2,20250517
1000003367,260,1,,2768.0,1548,FULFILLED,ARS,34200.0,7182.0,1500.0,42882.0,20240822
1000003368,835,1,,1178.0,2470,FULFILLED,ARS,87750.0,18427.5,900.0,107077.5,20250317
1000003369,1316,2,2.0,1708.0,2,PAID,ARS,9720.0,2041.2,0.0,11761.2,20240602
1000003370,240,1,,3968.0,3455,CANCELLED,ARS,20520.0,4309.2,1200.0,26029.2,20240913
1000003371,790,2,3.0,2665.0,3,FULFILLED,ARS,45000.0,9450.0,0.0,54450.0,20241024
1000003372,1380,1,,2887.0,1110,FULFILLED,ARS,15750.0,3307.5,0.0,19057.5,20250831
1000003373,936,2,4.0,3385.0,4,PAID,ARS,33000.0,6930.0,0.0,39930.0,20240109
1000003374,274,1,,2664.0,2481,FULFILLED,ARS,44100.0,9261.0,1500.0,54861.0,20250912
1000003375,1177,2,2.0,,2,FULFILLED,ARS,38430.0,8070.3,0.0,46500.3,20240207
1000003376,623,1,,2994.0,3520,FULFILLED,ARS,23340.0,4901.4,900.0,29141.4,20250718
1000003377,419,1,,2273.0,1790,CANCELLED,ARS,14175.0,2976.75,1200.0,18351.75,20250130
1000003378,1308,2,3.0,1724.0,3,REFUNDED,ARS,13500.0,2835.0,0.0,16335.0,20240713
1000003379,508,1,,3141.0,2727,FULFILLED,ARS,65700.0,13797.0,1500.0,80997.0,20240529
1000003380,1234,2,4.0,,4,FULFILLED,ARS,34200.0,7182.0,0.0,41382.0,20240116
1000003381,992,1,,1623.0,2819,FULFILLED,ARS,15000.0,3150.0,1200.0,19350.0,20240827
1000003382,143,2,2.0,1355.0,2,FULFILLED,ARS,44625.0,9371.25,0.0,53996.25,20240522
1000003383,763,1,,2101.0,3453,FULFILLED,ARS,27000.0,5670.0,1200.0,33870.0,20250728
1000003384,784,1,,2295.0,3715,REFUNDED,ARS,14700.0,3087.0,0.0,17787.0,20240321
1000003385,1473,2,3.0,3271.0,3,FULFILLED,ARS,45000.0,9450.0,0.0,54450.0,20241030
1000003386,1344,2,4.0,1980.0,4,FULFILLED,ARS,44100.0,9261.0,0.0,53361.0,20250516
1000003387,457,1,,1956.0,2753,FULFILLED,ARS,47280.0,9928.8,1500.0,58708.8,20240808
1000003388,228,1,,2428.0,3674,FULFILLED,ARS,46080.0,9676.8,1200.0,56956.8,20250829
1000003389,1500,1,,1631.0,1393,FULFILLED,ARS,13500.0,2835.0,1200.0,17535.0,20240308
1000003390,84,1,,2080.0,1514,FULFILLED,ARS,23940.0,5027.4,900.0,29867.4,20240223
1000003391,692,1,,2205.0,3865,FULFILLED,ARS,69300.0,14553.0,1200.0,85053.0,20241205
1000003392,302,2,4.0,2750.0,4,CANCELLED,ARS,44100.0,9261.0,0.0,53361.0,20250613
1000003393,297,1,,1092.0,2900,FULFILLED,ARS,23760.0,4989.6,900.0,29649.6,20240609
1000003394,159,2,3.0,1329.0,3,FULFILLED,ARS,26400.0,5544.0,0.0,31944.0,20250407
1000003395,1248,1,,3589.0,1613,FULFILLED,ARS,52680.0,11062.8,1200.0,64942.8,20250514
1000003396,319,1,,3879.0,2998,FULFILLED,ARS,35910.0,7541.1,900.0,44351.1,20250828
1000003397,1126,1,,2784.0,3655,PAID,ARS,28350.0,5953.5,900.0,35203.5,20250524
1000003398,1079,1,,1631.0,4146,CREATED,ARS,28500.0,5985.0,1200.0,35685.0,20241231
1000003399,553,1,,2316.0,3423,FULFILLED,ARS,61800.0,12978.0,900.0,75678.0,20250414
1000003400,835,1,,,2371,REFUNDED,ARS,45000.0,9450.0,900.0,55350.0,20250510
1000003401,1358,1,,2234.0,2050,PAID,ARS,59400.0,12474.0,1200.0,73074.0,20250411
1000003402,1243,2,1.0,,1,FULFILLED,ARS,23520.0,4939.2,0.0,28459.2,20250620
1000003403,1397,1,,2735.0,1590,FULFILLED,ARS,59085.0,12407.85,900.0,72392.85,20240325
1000003404,437,2,4.0,,4,FULFILLED,ARS,83250.0,17482.5,0.0,100732.5,20250416
1000003405,241,2,4.0,1949.0,4,FULFILLED,ARS,10800.0,2268.0,0.0,13068.0,20240106
1000003406,1246,1,,2520.0,2036,FULFILLED,ARS,55272.0,11607.12,1200.0,68079.12,20250726
1000003407,1076,1,,1537.0,3828,PAID,ARS,23520.0,4939.2,900.0,29359.2,20250125
1000003408,1217,2,4.0,1911.0,4,FULFILLED,ARS,31350.0,6583.5,0.0,37933.5,20241130
1000003409,884,1,,1830.0,3855,FULFILLED,ARS,30780.0,6463.8,1500.0,38743.8,20240131
1000003410,1370,2,2.0,2189.0,2,FULFILLED,ARS,40500.0,8505.0,0.0,49005.0,20240707
1000003411,1376,1,,3782.0,3177,FULFILLED,ARS,33000.0,6930.0,900.0,40830.0,20240407
1000003412,249,1,,3542.0,1376,FULFILLED,ARS,14700.0,3087.0,1500.0,19287.0,20240204
1000003413,917,1,,2928.0,1488,FULFILLED,ARS,11760.0,2469.6,1200.0,15429.6,20240531
1000003414,168,2,4.0,1299.0,4,CANCELLED,ARS,42525.0,8930.25,0.0,51455.25,20241125
1000003415,566,1,,4034.0,1859,PAID,ARS,26400.0,5544.0,900.0,32844.0,20240922
1000003416,43,2,1.0,4059.0,1,CANCELLED,ARS,32400.0,6804.0,0.0,39204.0,20250916
1000003417,813,1,,3735.0,2337,CANCELLED,ARS,30000.0,6300.0,0.0,36300.0,20240422
1000003418,323,1,,1825.0,1715,FULFILLED,ARS,10800.0,2268.0,1200.0,14268.0,20240313
1000003419,26,1,,2735.0,2192,FULFILLED,ARS,35880.0,7534.8,0.0,43414.8,20241222
1000003420,396,2,2.0,2372.0,2,PAID,ARS,34200.0,7182.0,0.0,41382.0,20240107
1000003421,487,2,3.0,2302.0,3,FULFILLED,ARS,48510.0,10187.1,0.0,58697.1,20250819
1000003422,551,2,4.0,2735.0,4,FULFILLED,ARS,62760.0,13179.6,0.0,75939.6,20240226
1000003423,1101,1,,1903.0,1555,REFUNDED,ARS,29400.0,6174.0,0.0,35574.0,20250422
1000003424,790,2,2.0,1783.0,2,FULFILLED,ARS,11760.0,2469.6,0.0,14229.6,20250412
1000003425,242,1,,3719.0,1926,CANCELLED,ARS,23520.0,4939.2,1200.0,29659.2,20250228
1000003426,1399,2,3.0,2656.0,3,FULFILLED,ARS,14700.0,3087.0,0.0,17787.0,20240401
1000003427,1389,1,,3936.0,2192,PAID,ARS,10800.0,2268.0,1200.0,14268.0,20250213
1000003428,1290,2,4.0,,4,PAID,ARS,25830.0,5424.3,0.0,31254.3,20240828
1000003429,221,2,4.0,2410.0,4,CANCELLED,ARS,98460.0,20676.6,0.0,119136.6,20250925
1000003430,1161,2,1.0,3160.0,1,FULFILLED,ARS,46305.0,9724.05,0.0,56029.05,20240419
1000003431,570,1,,3934.0,3926,PAID,ARS,28500.0,5985.0,1200.0,35685.0,20241107
1000003432,847,1,,,3888,FULFILLED,ARS,53925.0,11324.25,900.0,66149.25,20250213
1000003433,372,2,2.0,2527.0,2,CANCELLED,ARS,69000.0,14490.0,0.0,83490.0,20241126
1000003434,390,1,,1974.0,3556,PAID,ARS,25872.0,5433.12,900.0,32205.12,20240524
1000003435,434,2,2.0,3635.0,2,FULFILLED,ARS,65850.0,13828.5,0.0,79678.5,20240115
1000003436,1342,1,,1610.0,3800,FULFILLED,ARS,11400.0,2394.0,900.0,14694.0,20240519
1000003437,71,1,,1478.0,1256,FULFILLED,ARS,45000.0,9450.0,1200.0,55650.0,20250925
1000003438,868,2,4.0,1203.0,4,FULFILLED,ARS,24696.0,5186.16,0.0,29882.16,20250417
1000003439,1176,1,,2223.0,2794,FULFILLED,ARS,66960.0,14061.6,1200.0,82221.6,20240826
1000003440,1423,1,,1252.0,1710,FULFILLED,ARS,65268.0,13706.28,1500.0,80474.28,20250710
1000003441,668,2,2.0,3347.0,2,FULFILLED,ARS,49500.0,10395.0,0.0,59895.0,20241005
1000003442,655,1,,3950.0,1472,FULFILLED,ARS,11400.0,2394.0,900.0,14694.0,20250717
1000003443,292,1,,2174.0,3101,FULFILLED,ARS,37800.0,7938.0,1500.0,47238.0,20250514
1000003444,712,2,4.0,2453.0,4,FULFILLED,ARS,12000.0,2520.0,0.0,14520.0,20250507
1000003445,1421,1,,1082.0,3290,FULFILLED,ARS,59100.0,12411.0,1200.0,72711.0,20240320
1000003446,1290,1,,,1056,CANCELLED,ARS,23520.0,4939.2,900.0,29359.2,20240805
1000003447,576,2,4.0,1725.0,4,FULFILLED,ARS,23520.0,4939.2,0.0,28459.2,20240113
1000003448,612,2,1.0,2333.0,1,FULFILLED,ARS,27585.0,5792.85,0.0,33377.85,20250312
1000003449,227,2,4.0,3678.0,4,FULFILLED,ARS,12000.0,2520.0,0.0,14520.0,20250314
1000003450,590,1,,,2293,CANCELLED,ARS,49230.0,10338.3,900.0,60468.3,20240123
1000003451,1498,1,,1730.0,3240,FULFILLED,ARS,30000.0,6300.0,900.0,37200.0,20240223
1000003452,184,1,,1195.0,3884,FULFILLED,ARS,11760.0,2469.6,0.0,14229.6,20250809
1000003453,88,1,,4055.0,3136,FULFILLED,ARS,22800.0,4788.0,0.0,27588.0,20240810
1000003454,1321,1,,1578.0,1886,FULFILLED,ARS,63180.0,13267.8,1500.0,77947.8,20250315
1000003455,528,1,,2772.0,1124,FULFILLED,ARS,31350.0,6583.5,1500.0,39433.5,20250607
1000003456,1259,1,,3059.0,1218,FULFILLED,ARS,10584.0,2222.64,900.0,13706.64,20250809
1000003457,817,2,2.0,1069.0,2,FULFILLED,ARS,73122.0,15355.62,0.0,88477.62,20250507
1000003458,85,2,4.0,1046.0,4,FULFILLED,ARS,89070.0,18704.7,0.0,107774.7,20250924
1000003459,771,2,3.0,2073.0,3,CANCELLED,ARS,30000.0,6300.0,0.0,36300.0,20240923
1000003460,1386,1,,4115.0,4168,FULFILLED,ARS,24696.0,5186.16,1200.0,31082.16,20240713
1000003461,514,1,,3342.0,1114,FULFILLED,ARS,19440.0,4082.4,0.0,23522.4,20240601
1000003462,1252,2,3.0,3010.0,3,FULFILLED,ARS,26235.0,5509.35,0.0,31744.35,20241202
1000003463,1427,1,,3988.0,3514,FULFILLED,ARS,63600.0,13356.0,1500.0,78456.0,20241122
1000003464,965,1,,1044.0,1653,FULFILLED,ARS,21600.0,4536.0,900.0,27036.0,20250828
1000003465,1139,1,,3002.0,1566,FULFILLED,ARS,27000.0,5670.0,1200.0,33870.0,20250902
1000003466,1197,2,3.0,2350.0,3,FULFILLED,ARS,34800.0,7308.0,0.0,42108.0,20240711
1000003467,1252,1,,2351.0,2354,PAID,ARS,43500.0,9135.0,900.0,53535.0,20250114
1000003468,976,2,4.0,3881.0,4,PAID,ARS,48510.0,10187.1,0.0,58697.1,20240710
1000003469,549,2,4.0,1728.0,4,CANCELLED,ARS,12348.0,2593.08,0.0,14941.08,20250311
1000003470,1301,1,,1851.0,4015,PAID,ARS,21168.0,4445.28,0.0,25613.28,20240918
1000003471,331,1,,1752.0,2233,FULFILLED,ARS,21600.0,4536.0,1200.0,27336.0,20240801
1000003472,219,1,,1258.0,1505,FULFILLED,ARS,47250.0,9922.5,1200.0,58372.5,20240425
1000003473,422,2,1.0,1576.0,1,FULFILLED,ARS,44550.0,9355.5,0.0,53905.5,20240428
1000003474,181,1,,3253.0,1985,FULFILLED,ARS,27930.0,5865.3,0.0,33795.3,20240926
1000003475,1073,1,,1657.0,2376,FULFILLED,ARS,14850.0,3118.5,1200.0,19168.5,20241021
1000003476,1362,1,,2707.0,3025,FULFILLED,ARS,28350.0,5953.5,1500.0,35803.5,20241019
1000003477,1436,2,3.0,2417.0,3,FULFILLED,ARS,26400.0,5544.0,0.0,31944.0,20240831
1000003478,364,1,,2806.0,1158,FULFILLED,ARS,25650.0,5386.5,1200.0,32236.5,20240405
1000003479,343,1,,2917.0,1180,PAID,ARS,32400.0,6804.0,1200.0,40404.0,20240122
1000003480,1044,1,,3393.0,1137,FULFILLED,ARS,12150.0,2551.5,0.0,14701.5,20240308
1000003481,805,2,4.0,1973.0,4,FULFILLED,ARS,59310.0,12455.1,0.0,71765.1,20240514
1000003482,1121,2,1.0,,1,CANCELLED,ARS,54900.0,11529.0,0.0,66429.0,20241231
1000003483,1395,2,3.0,1092.0,3,CANCELLED,ARS,21600.0,4536.0,0.0,26136.0,20250212
1000003484,728,1,,1519.0,4018,FULFILLED,ARS,31500.0,6615.0,1500.0,39615.0,20241012
1000003485,688,2,1.0,3613.0,1,FULFILLED,ARS,21600.0,4536.0,0.0,26136.0,20250601
1000003486,831,1,,,2248,FULFILLED,ARS,42750.0,8977.5,900.0,52627.5,20240617
1000003487,744,1,,1088.0,1432,PAID,ARS,29925.0,6284.25,1500.0,37709.25,20250813
1000003488,1371,2,2.0,1897.0,2,PAID,ARS,60603.0,12726.63,0.0,73329.63,20240930
1000003489,167,1,,,4081,FULFILLED,ARS,12348.0,2593.08,900.0,15841.08,20240304
1000003490,111,1,,1805.0,1604,CREATED,ARS,35760.0,7509.6,900.0,44169.6,20240517
1000003491,580,1,,4189.0,3012,PAID,ARS,12000.0,2520.0,900.0,15420.0,20241129
1000003492,117,2,1.0,3784.0,1,FULFILLED,ARS,9720.0,2041.2,0.0,11761.2,20240105
1000003493,1264,1,,3487.0,3116,FULFILLED,ARS,40500.0,8505.0,900.0,49905.0,20250928
1000003494,233,1,,1564.0,3729,CANCELLED,ARS,36000.0,7560.0,900.0,44460.0,20250526
1000003495,671,1,,1745.0,2938,FULFILLED,ARS,22020.0,4624.2,900.0,27544.2,20240508
1000003496,94,1,,1222.0,1644,FULFILLED,ARS,47400.0,9954.0,0.0,57354.0,20240403
1000003497,390,2,4.0,2119.0,4,FULFILLED,ARS,27000.0,5670.0,0.0,32670.0,20240620
1000003498,305,1,,2682.0,1059,FULFILLED,ARS,26250.0,5512.5,1200.0,32962.5,20250102
1000003499,400,1,,3600.0,1964,FULFILLED,ARS,35760.0,7509.6,1200.0,44469.6,20241124
1000003500,396,1,,1785.0,1992,FULFILLED,ARS,42750.0,8977.5,1200.0,52927.5,20240312
1000003501,1168,1,,1794.0,2625,FULFILLED,ARS,29250.0,6142.5,900.0,36292.5,20241225
1000003502,655,2,3.0,1311.0,3,FULFILLED,ARS,68400.0,14364.0,0.0,82764.0,20250211
1000003503,343,1,,2373.0,3689,FULFILLED,ARS,26970.0,5663.7,900.0,33533.7,20250702
1000003504,684,1,,1579.0,2402,CREATED,ARS,21600.0,4536.0,1200.0,27336.0,20250321
1000003505,1150,1,,1527.0,3543,REFUNDED,ARS,37800.0,7938.0,0.0,45738.0,20240616
1000003506,1028,2,3.0,1989.0,3,FULFILLED,ARS,26460.0,5556.6,0.0,32016.6,20240217
1000003507,585,2,1.0,3435.0,1,FULFILLED,ARS,21600.0,4536.0,0.0,26136.0,20240508
1000003508,1294,1,,3564.0,2554,FULFILLED,ARS,15000.0,3150.0,900.0,19050.0,20250524
1000003509,455,2,4.0,,4,FULFILLED,ARS,14175.0,2976.75,0.0,17151.75,20241011
1000003510,1141,2,1.0,2548.0,1,FULFILLED,ARS,38475.0,8079.75,0.0,46554.75,20250919
1000003511,376,2,2.0,4171.0,2,FULFILLED,ARS,13500.0,2835.0,0.0,16335.0,20250810
1000003512,1154,1,,2478.0,3996,FULFILLED,ARS,34104.0,7161.84,1200.0,42465.84,20240518
1000003513,1498,1,,2994.0,3273,REFUNDED,ARS,10800.0,2268.0,1200.0,14268.0,20241015
1000003514,603,2,3.0,1478.0,3,CANCELLED,ARS,12000.0,2520.0,0.0,14520.0,20250924
1000003515,1002,2,3.0,3283.0,3,FULFILLED,ARS,80887.5,16986.38,0.0,97873.88,20240301
1000003516,924,1,,2829.0,3234,FULFILLED,ARS,22800.0,4788.0,0.0,27588.0,20240830
1000003517,1309,2,1.0,1163.0,1,FULFILLED,ARS,14250.0,2992.5,0.0,17242.5,20250619
1000003518,1212,2,4.0,3469.0,4,FULFILLED,ARS,13500.0,2835.0,0.0,16335.0,20250602
1000003519,974,2,2.0,3490.0,2,FULFILLED,ARS,35280.0,7408.8,0.0,42688.8,20250706
1000003520,1154,2,1.0,3780.0,1,FULFILLED,ARS,45540.0,9563.4,0.0,55103.4,20240507
1000003521,105,1,,3677.0,3215,CANCELLED,ARS,31350.0,6583.5,1200.0,39133.5,20250902
1000003522,335,1,,1914.0,3930,CANCELLED,ARS,35280.0,7408.8,900.0,43588.8,20241031
1000003523,421,2,1.0,,1,CANCELLED,ARS,30780.0,6463.8,0.0,37243.8,20240218
1000003524,77,1,,2563.0,3087,FULFILLED,ARS,49162.5,10324.12,1200.0,60686.62,20250726
1000003525,1399,2,1.0,1076.0,1,FULFILLED,ARS,15000.0,3150.0,0.0,18150.0,20240224
1000003526,761,1,,1571.0,3436,CANCELLED,ARS,23520.0,4939.2,1200.0,29659.2,20240424
1000003527,160,2,2.0,3169.0,2,FULFILLED,ARS,20520.0,4309.2,0.0,24829.2,20250819
1000003528,555,1,,4109.0,1932,PAID,ARS,53190.0,11169.9,900.0,65259.9,20240818
1000003529,634,1,,1847.0,3838,REFUNDED,ARS,36000.0,7560.0,1200.0,44760.0,20240729
1000003530,1187,2,4.0,3057.0,4,FULFILLED,ARS,16170.0,3395.7,0.0,19565.7,20240306
1000003531,1329,1,,,3514,FULFILLED,ARS,12000.0,2520.0,900.0,15420.0,20250903
1000003532,1231,1,,1264.0,3381,FULFILLED,ARS,100560.0,21117.6,0.0,121677.6,20250813
1000003533,571,2,1.0,4160.0,1,CANCELLED,ARS,20520.0,4309.2,0.0,24829.2,20250403
1000003534,1336,2,1.0,3221.0,1,FULFILLED,ARS,49500.0,10395.0,0.0,59895.0,20250222
1000003535,243,2,1.0,2975.0,1,FULFILLED,ARS,31860.0,6690.6,0.0,38550.6,20240227
1000003536,678,2,3.0,2435.0,3,CANCELLED,ARS,14250.0,2992.5,0.0,17242.5,20241127
1000003537,791,1,,3667.0,1492,FULFILLED,ARS,57712.5,12119.62,900.0,70732.12,20240218
1000003538,580,1,,1024.0,4052,FULFILLED,ARS,14700.0,3087.0,1200.0,18987.0,20250506
1000003539,121,2,3.0,1191.0,3,PAID,ARS,42525.0,8930.25,0.0,51455.25,20241208
1000003540,1130,2,4.0,2095.0,4,FULFILLED,ARS,30000.0,6300.0,0.0,36300.0,20250715
1000003541,1275,2,4.0,3023.0,4,FULFILLED,ARS,66900.0,14049.0,0.0,80949.0,20240525
1000003542,1039,1,,1408.0,2977,CANCELLED,ARS,37620.0,7900.2,900.0,46420.2,20240422
1000003543,171,2,3.0,3074.0,3,FULFILLED,ARS,21168.0,4445.28,0.0,25613.28,20241013
1000003544,132,2,1.0,2204.0,1,FULFILLED,ARS,44550.0,9355.5,0.0,53905.5,20250525
1000003545,889,2,3.0,2213.0,3,FULFILLED,ARS,36690.0,7704.9,0.0,44394.9,20250117
1000003546,640,1,,2960.0,2810,FULFILLED,ARS,30780.0,6463.8,900.0,38143.8,20240216
1000003547,841,1,,3485.0,1018,FULFILLED,ARS,40500.0,8505.0,1200.0,50205.0,20250524
1000003548,1188,2,4.0,2596.0,4,CANCELLED,ARS,22800.0,4788.0,0.0,27588.0,20250115
1000003549,1319,1,,,3841,FULFILLED,ARS,21600.0,4536.0,1200.0,27336.0,20241103
1000003550,580,1,,1913.0,3311,FULFILLED,ARS,14700.0,3087.0,900.0,18687.0,20250107
1000003551,589,1,,1873.0,4064,FULFILLED,ARS,12600.0,2646.0,1200.0,16446.0,20241015
1000003552,204,1,,,4103,CANCELLED,ARS,32400.0,6804.0,1200.0,40404.0,20250216
1000003553,867,1,,2532.0,1524,FULFILLED,ARS,38475.0,8079.75,900.0,47454.75,20240409
1000003554,250,1,,1097.0,4158,FULFILLED,ARS,12825.0,2693.25,1500.0,17018.25,20240923
1000003555,1215,1,,1500.0,2707,FULFILLED,ARS,14700.0,3087.0,0.0,17787.0,20250501
1000003556,1363,2,4.0,2391.0,4,PAID,ARS,11880.0,2494.8,0.0,14374.8,20240417
1000003557,589,1,,1501.0,2924,PAID,ARS,55620.0,11680.2,900.0,68200.2,20250629
1000003558,1462,1,,1485.0,3373,PAID,ARS,29160.0,6123.6,900.0,36183.6,20240519
1000003559,837,2,4.0,3394.0,4,PAID,ARS,40500.0,8505.0,0.0,49005.0,20250622
1000003560,1210,2,1.0,1262.0,1,FULFILLED,ARS,34200.0,7182.0,0.0,41382.0,20241208
1000003561,370,2,3.0,2566.0,3,FULFILLED,ARS,19440.0,4082.4,0.0,23522.4,20241126
1000003562,1474,2,4.0,2007.0,4,FULFILLED,ARS,62952.0,13219.92,0.0,76171.92,20250803
1000003563,294,2,1.0,3270.0,1,FULFILLED,ARS,28350.0,5953.5,0.0,34303.5,20241122
1000003564,1427,1,,2979.0,3095,FULFILLED,ARS,28500.0,5985.0,900.0,35385.0,20250515
1000003565,119,1,,1656.0,3488,FULFILLED,ARS,54675.0,11481.75,1500.0,67656.75,20240611
1000003566,485,1,,,3870,PAID,ARS,40500.0,8505.0,0.0,49005.0,20240103
1000003567,583,2,4.0,2188.0,4,FULFILLED,ARS,54096.0,11360.16,0.0,65456.16,20240130
1000003568,1463,1,,1156.0,2618,FULFILLED,ARS,11400.0,2394.0,900.0,14694.0,20250421
1000003569,160,1,,3690.0,1904,FULFILLED,ARS,28500.0,5985.0,0.0,34485.0,20250402
1000003570,629,1,,1069.0,1506,CANCELLED,ARS,53475.0,11229.75,1200.0,65904.75,20250817
1000003571,727,2,1.0,2243.0,1,FULFILLED,ARS,31752.0,6667.92,0.0,38419.92,20240806
1000003572,590,1,,1575.0,4154,FULFILLED,ARS,45000.0,9450.0,1200.0,55650.0,20240503
1000003573,443,1,,3546.0,3020,PAID,ARS,29400.0,6174.0,900.0,36474.0,20241021
1000003574,705,1,,2790.0,2874,FULFILLED,ARS,15435.0,3241.35,900.0,19576.35,20240317
1000003575,188,1,,,3058,FULFILLED,ARS,14250.0,2992.5,1200.0,18442.5,20250511
1000003576,1097,2,4.0,2407.0,4,FULFILLED,ARS,34200.0,7182.0,0.0,41382.0,20240413
1000003577,1328,2,4.0,3559.0,4,PAID,ARS,14700.0,3087.0,0.0,17787.0,20250219
1000003578,304,2,3.0,3407.0,3,FULFILLED,ARS,25200.0,5292.0,0.0,30492.0,20240103
1000003579,876,1,,3207.0,2808,REFUNDED,ARS,65325.0,13718.25,1500.0,80543.25,20250715
1000003580,1116,1,,3544.0,2865,FULFILLED,ARS,11760.0,2469.6,1200.0,15429.6,20240502
1000003581,1219,1,,1564.0,1863,FULFILLED,ARS,48510.0,10187.1,1500.0,60197.1,20250315
1000003582,1134,1,,2941.0,1903,FULFILLED,ARS,14700.0,3087.0,1500.0,19287.0,20250120
1000003583,1074,2,4.0,1209.0,4,FULFILLED,ARS,49200.0,10332.0,0.0,59532.0,20240301
1000003584,350,1,,1506.0,3057,FULFILLED,ARS,25872.0,5433.12,900.0,32205.12,20250522
1000003585,1406,1,,3804.0,3450,CANCELLED,ARS,22800.0,4788.0,900.0,28488.0,20241220
1000003586,1176,2,4.0,3823.0,4,FULFILLED,ARS,54630.0,11472.3,0.0,66102.3,20250217
1000003587,1367,1,,1769.0,1403,PAID,ARS,45000.0,9450.0,900.0,55350.0,20240227
1000003588,232,1,,3962.0,2330,REFUNDED,ARS,44887.5,9426.38,1200.0,55513.88,20240711
1000003589,844,1,,1677.0,2093,FULFILLED,ARS,44100.0,9261.0,900.0,54261.0,20250625
1000003590,671,1,,1976.0,3771,FULFILLED,ARS,35280.0,7408.8,900.0,43588.8,20250607
1000003591,407,1,,3374.0,3306,FULFILLED,ARS,19440.0,4082.4,900.0,24422.4,20240813
1000003592,944,1,,2318.0,3185,CANCELLED,ARS,12825.0,2693.25,900.0,16418.25,20250226
1000003593,327,2,2.0,1810.0,2,PAID,ARS,15435.0,3241.35,0.0,18676.35,20241018
1000003594,199,1,,1073.0,3752,FULFILLED,ARS,55272.0,11607.12,900.0,67779.12,20240628
1000003595,1409,1,,2990.0,2072,FULFILLED,ARS,60270.0,12656.7,900.0,73826.7,20241224
1000003596,949,2,2.0,1341.0,2,PAID,ARS,49980.0,10495.8,0.0,60475.8,20240229
1000003597,900,1,,2658.0,2111,PAID,ARS,42750.0,8977.5,900.0,52627.5,20241106
1000003598,932,2,1.0,3171.0,1,PAID,ARS,30000.0,6300.0,0.0,36300.0,20240307
1000003599,683,2,1.0,3721.0,1,FULFILLED,ARS,47025.0,9875.25,0.0,56900.25,20240115
1000003600,1360,2,4.0,3870.0,4,CANCELLED,ARS,31350.0,6583.5,0.0,37933.5,20240216
1000003601,505,1,,,1152,FULFILLED,ARS,42750.0,8977.5,900.0,52627.5,20240907
1000003602,371,1,,2096.0,1510,REFUNDED,ARS,12150.0,2551.5,900.0,15601.5,20250621
1000003603,535,1,,1734.0,2931,FULFILLED,ARS,14250.0,2992.5,900.0,18142.5,20240106
1000003604,446,1,,1298.0,1546,FULFILLED,ARS,57600.0,12096.0,1200.0,70896.0,20241019
1000003605,610,2,4.0,3270.0,4,CREATED,ARS,43500.0,9135.0,0.0,52635.0,20250601
1000003606,243,1,,1615.0,2728,CANCELLED,ARS,13500.0,2835.0,1200.0,17535.0,20240619
1000003607,1469,2,2.0,3620.0,2,PAID,ARS,22800.0,4788.0,0.0,27588.0,20241107
1000003608,86,1,,1022.0,1938,FULFILLED,ARS,39600.0,8316.0,900.0,48816.0,20250228
1000003609,437,1,,1420.0,1680,REFUNDED,ARS,27348.0,5743.08,1200.0,34291.08,20250717
1000003610,199,1,,3597.0,1896,FULFILLED,ARS,65205.0,13693.05,900.0,79798.05,20240813
1000003611,350,1,,1056.0,1305,CANCELLED,ARS,64500.0,13545.0,900.0,78945.0,20240427
1000003612,105,2,1.0,2140.0,1,FULFILLED,ARS,41250.0,8662.5,0.0,49912.5,20240215
1000003613,698,1,,1207.0,3470,FULFILLED,ARS,23520.0,4939.2,0.0,28459.2,20240426
1000003614,1236,1,,3777.0,3868,FULFILLED,ARS,23520.0,4939.2,1200.0,29659.2,20240228
1000003615,1305,1,,1677.0,2102,FULFILLED,ARS,23940.0,5027.4,900.0,29867.4,20241228
1000003616,1262,1,,2412.0,1250,FULFILLED,ARS,52500.0,11025.0,900.0,64425.0,20250605
1000003617,1325,2,4.0,2848.0,4,FULFILLED,ARS,44887.5,9426.38,0.0,54313.88,20241228
1000003618,117,1,,,4149,CANCELLED,ARS,48204.0,10122.84,900.0,59226.84,20240111
1000003619,1322,1,,1505.0,1080,FULFILLED,ARS,28350.0,5953.5,1200.0,35503.5,20250922
1000003620,694,2,3.0,3996.0,3,CREATED,ARS,44100.0,9261.0,0.0,53361.0,20240204
1000003621,1092,2,2.0,4170.0,2,FULFILLED,ARS,27000.0,5670.0,0.0,32670.0,20240719
1000003622,279,1,,2477.0,4064,PAID,ARS,29700.0,6237.0,1200.0,37137.0,20240329
1000003623,1277,2,1.0,1457.0,1,FULFILLED,ARS,21600.0,4536.0,0.0,26136.0,20240107
1000003624,983,2,3.0,2214.0,3,FULFILLED,ARS,11760.0,2469.6,0.0,14229.6,20250706
1000003625,1300,1,,2029.0,3076,FULFILLED,ARS,29925.0,6284.25,0.0,36209.25,20240319
1000003626,727,2,4.0,3185.0,4,REFUNDED,ARS,32400.0,6804.0,0.0,39204.0,20241030
1000003627,496,1,,3923.0,2959,FULFILLED,ARS,22800.0,4788.0,1500.0,29088.0,20240624
1000003628,657,1,,3678.0,1521,FULFILLED,ARS,35910.0,7541.1,0.0,43451.1,20240808
1000003629,277,1,,,2479,FULFILLED,ARS,10800.0,2268.0,0.0,13068.0,20250114
1000003630,523,1,,1239.0,1740,FULFILLED,ARS,36000.0,7560.0,1200.0,44760.0,20240925
1000003631,126,1,,2781.0,1279,FULFILLED,ARS,29400.0,6174.0,900.0,36474.0,20241111
1000003632,1034,2,1.0,1741.0,1,CANCELLED,ARS,14850.0,3118.5,0.0,17968.5,20240420
1000003633,358,2,4.0,3424.0,4,FULFILLED,ARS,12000.0,2520.0,0.0,14520.0,20250111
1000003634,637,1,,1964.0,2688,FULFILLED,ARS,32400.0,6804.0,1200.0,40404.0,20240327
1000003635,691,2,2.0,1020.0,2,FULFILLED,ARS,34020.0,7144.2,0.0,41164.2,20240831
1000003636,380,2,4.0,1208.0,4,FULFILLED,ARS,78030.0,16386.3,0.0,94416.3,20241110
1000003637,1253,1,,,1364,FULFILLED,ARS,22560.0,4737.6,900.0,28197.6,20240827
1000003638,1068,2,4.0,3636.0,4,CANCELLED,ARS,35280.0,7408.8,0.0,42688.8,20240722
1000003639,1188,1,,1888.0,1230,FULFILLED,ARS,42750.0,8977.5,1500.0,53227.5,20250225
1000003640,1354,1,,2174.0,2319,FULFILLED,ARS,15000.0,3150.0,900.0,19050.0,20250815
1000003641,1109,2,2.0,1424.0,2,FULFILLED,ARS,38808.0,8149.68,0.0,46957.68,20240928
1000003642,1399,2,1.0,3359.0,1,FULFILLED,ARS,36750.0,7717.5,0.0,44467.5,20240911
1000003643,672,2,1.0,1241.0,1,FULFILLED,ARS,41460.0,8706.6,0.0,50166.6,20240512
1000003644,1351,2,1.0,4055.0,1,FULFILLED,ARS,76350.0,16033.5,0.0,92383.5,20240419
1000003645,725,1,,3009.0,2772,CANCELLED,ARS,51000.0,10710.0,1500.0,63210.0,20240727
1000003646,1288,2,3.0,1809.0,3,FULFILLED,ARS,28350.0,5953.5,0.0,34303.5,20240618
1000003647,542,1,,4116.0,3239,FULFILLED,ARS,46305.0,9724.05,1200.0,57229.05,20240711
1000003648,205,1,,,3416,FULFILLED,ARS,49020.0,10294.2,1200.0,60514.2,20250919
1000003649,421,1,,3144.0,2178,FULFILLED,ARS,12600.0,2646.0,1200.0,16446.0,20240423
1000003650,433,1,,,3921,PAID,ARS,66870.0,14042.7,1200.0,82112.7,20240825
1000003651,313,1,,2272.0,2491,CANCELLED,ARS,15750.0,3307.5,900.0,19957.5,20240623
1000003652,556,2,4.0,,4,FULFILLED,ARS,34200.0,7182.0,0.0,41382.0,20240208
1000003653,1225,1,,2795.0,1705,FULFILLED,ARS,24000.0,5040.0,1500.0,30540.0,20250412
1000003654,1326,1,,1225.0,3755,PAID,ARS,56400.0,11844.0,1200.0,69444.0,20240812
1000003655,513,1,,2198.0,1540,CANCELLED,ARS,10800.0,2268.0,900.0,13968.0,20250618
1000003656,196,1,,1348.0,2746,CREATED,ARS,62100.0,13041.0,1500.0,76641.0,20240505
1000003657,377,1,,,3517,CANCELLED,ARS,21600.0,4536.0,900.0,27036.0,20240929
1000003658,400,2,2.0,3693.0,2,FULFILLED,ARS,24000.0,5040.0,0.0,29040.0,20240608
1000003659,1177,1,,1902.0,3465,CREATED,ARS,49950.0,10489.5,1500.0,61939.5,20250322
1000003660,833,1,,1168.0,2800,FULFILLED,ARS,61500.0,12915.0,1500.0,75915.0,20240311
1000003661,308,1,,2068.0,2456,CREATED,ARS,11970.0,2513.7,1500.0,15983.7,20240922
1000003662,291,2,4.0,1045.0,4,FULFILLED,ARS,36000.0,7560.0,0.0,43560.0,20240917
1000003663,727,1,,1474.0,3202,FULFILLED,ARS,14250.0,2992.5,900.0,18142.5,20250701
1000003664,587,2,3.0,,3,FULFILLED,ARS,42750.0,8977.5,0.0,51727.5,20241226
1000003665,448,2,2.0,,2,FULFILLED,ARS,13500.0,2835.0,0.0,16335.0,20241202
1000003666,1144,2,1.0,1407.0,1,FULFILLED,ARS,48300.0,10143.0,0.0,58443.0,20240604
1000003667,516,1,,1347.0,3333,CANCELLED,ARS,25200.0,5292.0,1500.0,31992.0,20250419
1000003668,1123,1,,3728.0,1764,REFUNDED,ARS,21600.0,4536.0,1500.0,27636.0,20241019
1000003669,1203,1,,3287.0,3598,PAID,ARS,32400.0,6804.0,1200.0,40404.0,20240522
1000003670,377,2,1.0,4110.0,1,FULFILLED,ARS,41400.0,8694.0,0.0,50094.0,20240319
1000003671,991,1,,1153.0,3861,FULFILLED,ARS,37800.0,7938.0,900.0,46638.0,20240331
1000003672,240,1,,3133.0,2064,CREATED,ARS,22800.0,4788.0,1200.0,28788.0,20250506
1000003673,1155,2,4.0,,4,FULFILLED,ARS,11760.0,2469.6,0.0,14229.6,20250328
1000003674,46,2,3.0,2572.0,3,PAID,ARS,37044.0,7779.24,0.0,44823.24,20240325
1000003675,1102,1,,2200.0,2608,FULFILLED,ARS,11340.0,2381.4,1200.0,14921.4,20241011
1000003676,1402,1,,1233.0,1119,CREATED,ARS,26220.0,5506.2,900.0,32626.2,20241124
1000003677,429,1,,2679.0,1826,PAID,ARS,55200.0,11592.0,1200.0,67992.0,20241224
1000003678,1106,2,2.0,2811.0,2,FULFILLED,ARS,32400.0,6804.0,0.0,39204.0,20240724
1000003679,1067,1,,,3633,FULFILLED,ARS,10260.0,2154.6,1200.0,13614.6,20240909
1000003680,125,1,,,1378,FULFILLED,ARS,14700.0,3087.0,900.0,18687.0,20240119
1000003681,352,1,,3911.0,3828,FULFILLED,ARS,13230.0,2778.3,1200.0,17208.3,20250830
1000003682,592,2,2.0,4130.0,2,FULFILLED,ARS,12540.0,2633.4,0.0,15173.4,20240305
1000003683,231,2,1.0,1283.0,1,FULFILLED,ARS,35910.0,7541.1,0.0,43451.1,20240216
1000003684,23,1,,3925.0,1459,REFUNDED,ARS,37620.0,7900.2,900.0,46420.2,20240329
1000003685,622,1,,2099.0,1278,FULFILLED,ARS,23520.0,4939.2,1200.0,29659.2,20250205
1000003686,971,2,2.0,1252.0,2,FULFILLED,ARS,78750.0,16537.5,0.0,95287.5,20250201
1000003687,724,2,4.0,3195.0,4,FULFILLED,ARS,31752.0,6667.92,0.0,38419.92,20241017
1000003688,150,1,,1768.0,3638,FULFILLED,ARS,21168.0,4445.28,1200.0,26813.28,20250221
1000003689,683,1,,,3736,FULFILLED,ARS,25200.0,5292.0,900.0,31392.0,20240602
1000003690,1219,1,,3903.0,1489,PAID,ARS,63390.0,13311.9,1200.0,77901.9,20240930
1000003691,71,1,,2433.0,1491,FULFILLED,ARS,15675.0,3291.75,1200.0,20166.75,20240125
1000003692,120,2,1.0,2839.0,1,REFUNDED,ARS,40500.0,8505.0,0.0,49005.0,20240531
1000003693,937,2,3.0,4015.0,3,FULFILLED,ARS,29700.0,6237.0,0.0,35937.0,20250104
1000003694,1122,1,,,1222,PAID,ARS,26460.0,5556.6,900.0,32916.6,20240617
1000003695,1380,1,,3005.0,1917,FULFILLED,ARS,108000.0,22680.0,1200.0,131880.0,20250707
1000003696,910,2,3.0,1890.0,3,FULFILLED,ARS,34020.0,7144.2,0.0,41164.2,20241127
1000003697,787,1,,,1018,FULFILLED,ARS,37044.0,7779.24,1200.0,46023.24,20250103
1000003698,1155,1,,3786.0,1511,CANCELLED,ARS,23940.0,5027.4,900.0,29867.4,20240909
1000003699,86,1,,3579.0,2472,FULFILLED,ARS,26400.0,5544.0,900.0,32844.0,20250529
1000003700,938,2,4.0,,4,FULFILLED,ARS,14250.0,2992.5,0.0,17242.5,20250126
1000003701,1058,2,4.0,2707.0,4,PAID,ARS,12000.0,2520.0,0.0,14520.0,20240419
1000003702,414,2,2.0,3185.0,2,FULFILLED,ARS,41700.0,8757.0,0.0,50457.0,20240310
1000003703,166,1,,1201.0,1399,FULFILLED,ARS,22800.0,4788.0,900.0,28488.0,20240909
1000003704,1427,2,3.0,4126.0,3,FULFILLED,ARS,37620.0,7900.2,0.0,45520.2,20241230
1000003705,362,2,4.0,1763.0,4,FULFILLED,ARS,14250.0,2992.5,0.0,17242.5,20240509
1000003706,1491,1,,2617.0,3345,FULFILLED,ARS,72637.5,15253.88,1200.0,89091.38,20240801
1000003707,465,1,,1409.0,2386,PAID,ARS,21600.0,4536.0,900.0,27036.0,20250202
1000003708,724,2,3.0,1612.0,3,FULFILLED,ARS,33000.0,6930.0,0.0,39930.0,20250131
1000003709,1342,1,,2476.0,1047,FULFILLED,ARS,28500.0,5985.0,1500.0,35985.0,20240911
1000003710,244,2,2.0,3618.0,2,PAID,ARS,35280.0,7408.8,0.0,42688.8,20250830
1000003711,747,1,,1797.0,3062,FULFILLED,ARS,84600.0,17766.0,1200.0,103566.0,20240430
1000003712,1225,1,,,1322,FULFILLED,ARS,31860.0,6690.6,900.0,39450.6,20250113
1000003713,115,2,1.0,2233.0,1,REFUNDED,ARS,48510.0,10187.1,0.0,58697.1,20241027
1000003714,831,1,,3146.0,1107,FULFILLED,ARS,65700.0,13797.0,1200.0,80697.0,20250216
1000003715,102,1,,3305.0,2996,CANCELLED,ARS,15000.0,3150.0,1200.0,19350.0,20241224
1000003716,666,1,,3911.0,2336,FULFILLED,ARS,13200.0,2772.0,1500.0,17472.0,20250220
1000003717,1121,2,2.0,2108.0,2,REFUNDED,ARS,36000.0,7560.0,0.0,43560.0,20250401
1000003718,841,1,,1207.0,3452,FULFILLED,ARS,24000.0,5040.0,1200.0,30240.0,20250817
1000003719,1412,1,,1322.0,1764,FULFILLED,ARS,11760.0,2469.6,1500.0,15729.6,20250224
1000003720,1210,1,,3400.0,3383,CANCELLED,ARS,30000.0,6300.0,1200.0,37500.0,20240103
1000003721,362,1,,,2355,FULFILLED,ARS,47100.0,9891.0,0.0,56991.0,20241114
1000003722,1009,1,,3350.0,3428,FULFILLED,ARS,44880.0,9424.8,900.0,55204.8,20241128
1000003723,830,1,,3335.0,2646,PAID,ARS,34020.0,7144.2,0.0,41164.2,20250402
1000003724,995,2,3.0,4005.0,3,CREATED,ARS,12000.0,2520.0,0.0,14520.0,20250909
1000003725,504,1,,3879.0,3709,FULFILLED,ARS,21168.0,4445.28,1500.0,27113.28,20250430
1000003726,1093,2,4.0,3434.0,4,FULFILLED,ARS,35640.0,7484.4,0.0,43124.4,20250629
1000003727,805,1,,3080.0,2627,CANCELLED,ARS,11400.0,2394.0,1200.0,14994.0,20250616
1000003728,657,1,,3947.0,1877,FULFILLED,ARS,11760.0,2469.6,0.0,14229.6,20241108
1000003729,965,1,,1539.0,4178,FULFILLED,ARS,61230.0,12858.3,1200.0,75288.3,20250330
1000003730,439,2,3.0,1472.0,3,CANCELLED,ARS,22800.0,4788.0,0.0,27588.0,20250831
1000003731,457,1,,1300.0,1399,FULFILLED,ARS,53520.0,11239.2,900.0,65659.2,20240513
1000003732,958,1,,3976.0,1564,FULFILLED,ARS,52380.0,10999.8,900.0,64279.8,20241029
1000003733,725,1,,3073.0,2727,FULFILLED,ARS,66120.0,13885.2,1200.0,81205.2,20240526
1000003734,256,2,2.0,1783.0,2,FULFILLED,ARS,42750.0,8977.5,0.0,51727.5,20240131
1000003735,919,2,2.0,4035.0,2,PAID,ARS,13230.0,2778.3,0.0,16008.3,20240426
1000003736,292,2,3.0,1319.0,3,FULFILLED,ARS,21600.0,4536.0,0.0,26136.0,20240922
1000003737,1377,1,,1292.0,1781,PAID,ARS,13230.0,2778.3,900.0,16908.3,20241204
1000003738,290,1,,3103.0,1685,FULFILLED,ARS,12000.0,2520.0,1200.0,15720.0,20250202
1000003739,1273,1,,3671.0,3254,FULFILLED,ARS,45000.0,9450.0,1200.0,55650.0,20250622
1000003740,1056,2,2.0,,2,PAID,ARS,14250.0,2992.5,0.0,17242.5,20250703
1000003741,601,1,,1799.0,1234,FULFILLED,ARS,56160.0,11793.6,900.0,68853.6,20241028
1000003742,1500,1,,,3495,FULFILLED,ARS,40500.0,8505.0,1500.0,50505.0,20240806
1000003743,1241,1,,2647.0,1889,FULFILLED,ARS,39690.0,8334.9,1200.0,49224.9,20240516
1000003744,874,2,3.0,3867.0,3,FULFILLED,ARS,21168.0,4445.28,0.0,25613.28,20241204
1000003745,911,1,,3597.0,2807,FULFILLED,ARS,44100.0,9261.0,1200.0,54561.0,20241124
1000003746,910,1,,1286.0,2300,FULFILLED,ARS,21168.0,4445.28,900.0,26513.28,20250223
1000003747,1089,2,2.0,2473.0,2,FULFILLED,ARS,61800.0,12978.0,0.0,74778.0,20250326
1000003748,855,1,,1566.0,1262,FULFILLED,ARS,42525.0,8930.25,1200.0,52655.25,20240323
1000003749,543,1,,1273.0,2172,CANCELLED,ARS,30000.0,6300.0,1200.0,37500.0,20240815
1000003750,738,2,1.0,3118.0,1,PAID,ARS,27000.0,5670.0,0.0,32670.0,20241009
1000003751,1043,1,,1503.0,1968,FULFILLED,ARS,27000.0,5670.0,900.0,33570.0,20241203
1000003752,733,1,,1867.0,2342,REFUNDED,ARS,14250.0,2992.5,1200.0,18442.5,20250708
1000003753,77,1,,,2254,PAID,ARS,78000.0,16380.0,900.0,95280.0,20240625
1000003754,1067,1,,2991.0,1282,FULFILLED,ARS,29400.0,6174.0,0.0,35574.0,20250531
1000003755,387,1,,3578.0,1217,FULFILLED,ARS,32670.0,6860.7,900.0,40430.7,20240107
1000003756,942,2,1.0,,1,FULFILLED,ARS,14175.0,2976.75,0.0,17151.75,20241222
1000003757,863,2,1.0,1152.0,1,FULFILLED,ARS,40500.0,8505.0,0.0,49005.0,20250313
1000003758,1368,2,2.0,3673.0,2,FULFILLED,ARS,80280.0,16858.8,0.0,97138.8,20250716
1000003759,722,1,,3984.0,2781,FULFILLED,ARS,40500.0,8505.0,1500.0,50505.0,20250328
1000003760,168,1,,2613.0,3405,PAID,ARS,22800.0,4788.0,1200.0,28788.0,20250504
1000003761,625,1,,1123.0,2409,FULFILLED,ARS,12540.0,2633.4,0.0,15173.4,20240830
1000003762,1021,1,,,3614,FULFILLED,ARS,42750.0,8977.5,0.0,51727.5,20240425
1000003763,739,1,,3616.0,2825,PAID,ARS,55950.0,11749.5,1500.0,69199.5,20240626
1000003764,1362,1,,3092.0,3568,FULFILLED,ARS,40500.0,8505.0,900.0,49905.0,20250504
1000003765,921,1,,3877.0,2265,FULFILLED,ARS,30780.0,6463.8,1200.0,38443.8,20250206
1000003766,1071,2,2.0,1501.0,2,FULFILLED,ARS,36000.0,7560.0,0.0,43560.0,20250406
1000003767,759,1,,1424.0,1976,FULFILLED,ARS,56400.0,11844.0,900.0,69144.0,20240501
1000003768,285,1,,3802.0,2643,PAID,ARS,26460.0,5556.6,900.0,32916.6,20250513
1000003769,200,2,3.0,1730.0,3,CANCELLED,ARS,29400.0,6174.0,0.0,35574.0,20241029
1000003770,1377,1,,2848.0,3169,FULFILLED,ARS,44400.0,9324.0,1500.0,55224.0,20250617
1000003771,278,2,2.0,2557.0,2,PAID,ARS,11400.0,2394.0,0.0,13794.0,20240504
1000003772,519,2,2.0,2984.0,2,FULFILLED,ARS,13500.0,2835.0,0.0,16335.0,20250817
1000003773,1476,1,,,3914,FULFILLED,ARS,14700.0,3087.0,1200.0,18987.0,20240904
1000003774,1026,1,,3203.0,2284,CANCELLED,ARS,72897.0,15308.37,0.0,88205.37,20240405
1000003775,820,1,,,2068,FULFILLED,ARS,14250.0,2992.5,900.0,18142.5,20240119
1000003776,1140,1,,4044.0,2542,PAID,ARS,11760.0,2469.6,1200.0,15429.6,20240819
1000003777,382,2,1.0,1001.0,1,FULFILLED,ARS,27000.0,5670.0,0.0,32670.0,20240907
1000003778,246,1,,1062.0,1814,FULFILLED,ARS,34200.0,7182.0,1500.0,42882.0,20240402
1000003779,798,1,,,2751,FULFILLED,ARS,34200.0,7182.0,1200.0,42582.0,20250623
1000003780,1167,1,,1865.0,1784,CANCELLED,ARS,25872.0,5433.12,900.0,32205.12,20240210
1000003781,1454,1,,1501.0,3611,FULFILLED,ARS,37800.0,7938.0,900.0,46638.0,20250220
1000003782,488,2,3.0,1973.0,3,FULFILLED,ARS,11400.0,2394.0,0.0,13794.0,20240822
1000003783,1116,1,,1539.0,1823,FULFILLED,ARS,56925.0,11954.25,1500.0,70379.25,20250121
1000003784,15,1,,1594.0,1508,FULFILLED,ARS,40080.0,8416.8,900.0,49396.8,20241016
1000003785,332,2,1.0,,1,FULFILLED,ARS,43800.0,9198.0,0.0,52998.0,20250817
1000003786,707,2,1.0,1112.0,1,CANCELLED,ARS,22800.0,4788.0,0.0,27588.0,20240401
1000003787,238,1,,2350.0,3781,FULFILLED,ARS,73500.0,15435.0,1200.0,90135.0,20250716
1000003788,66,2,2.0,2565.0,2,FULFILLED,ARS,35280.0,7408.8,0.0,42688.8,20240328
1000003789,407,1,,1631.0,2382,FULFILLED,ARS,40500.0,8505.0,1200.0,50205.0,20250712
1000003790,1095,1,,2791.0,3118,REFUNDED,ARS,31752.0,6667.92,0.0,38419.92,20240916
1000003791,553,2,1.0,2906.0,1,FULFILLED,ARS,45000.0,9450.0,0.0,54450.0,20240828
1000003792,533,1,,3179.0,1386,FULFILLED,ARS,41400.0,8694.0,900.0,50994.0,20240421
1000003793,332,1,,3770.0,1903,PAID,ARS,14700.0,3087.0,1200.0,18987.0,20241211
1000003794,730,1,,1755.0,1704,FULFILLED,ARS,57510.0,12077.1,1200.0,70787.1,20250410
1000003795,615,2,3.0,1446.0,3,FULFILLED,ARS,44100.0,9261.0,0.0,53361.0,20240821
1000003796,1274,1,,,2879,FULFILLED,ARS,28500.0,5985.0,900.0,35385.0,20240430
1000003797,1275,2,2.0,,2,FULFILLED,ARS,15750.0,3307.5,0.0,19057.5,20250226
1000003798,595,2,3.0,1068.0,3,FULFILLED,ARS,42750.0,8977.5,0.0,51727.5,20240426
1000003799,1086,1,,2141.0,3669,PAID,ARS,14700.0,3087.0,900.0,18687.0,20250925
1000003800,945,1,,1478.0,3438,FULFILLED,ARS,31968.0,6713.28,900.0,39581.28,20250527
1000003801,1296,2,4.0,2231.0,4,FULFILLED,ARS,36840.0,7736.4,0.0,44576.4,20240507
1000003802,1467,1,,3215.0,3754,FULFILLED,ARS,12936.0,2716.56,1200.0,16852.56,20250928
1000003803,468,1,,1784.0,2722,FULFILLED,ARS,77175.0,16206.75,900.0,94281.75,20250523
1000003804,23,2,1.0,2954.0,1,FULFILLED,ARS,14250.0,2992.5,0.0,17242.5,20240217
1000003805,175,2,1.0,2748.0,1,FULFILLED,ARS,44700.0,9387.0,0.0,54087.0,20241219
1000003806,1157,1,,2891.0,4064,FULFILLED,ARS,78300.0,16443.0,900.0,95643.0,20241128
1000003807,481,1,,2183.0,2558,FULFILLED,ARS,37620.0,7900.2,900.0,46420.2,20250524
1000003808,975,1,,3296.0,1644,FULFILLED,ARS,100560.0,21117.6,900.0,122577.6,20241223
1000003809,760,2,4.0,3344.0,4,REFUNDED,ARS,15675.0,3291.75,0.0,18966.75,20250202
1000003810,586,1,,3678.0,1357,FULFILLED,ARS,35280.0,7408.8,1200.0,43888.8,20241003
1000003811,1407,1,,1049.0,2298,FULFILLED,ARS,35280.0,7408.8,0.0,42688.8,20250422
1000003812,974,1,,3185.0,3407,CANCELLED,ARS,44280.0,9298.8,1200.0,54778.8,20241212
1000003813,1446,1,,1219.0,3448,FULFILLED,ARS,55800.0,11718.0,900.0,68418.0,20241018
1000003814,1298,1,,2571.0,2169,FULFILLED,ARS,30000.0,6300.0,1200.0,37500.0,20250504
1000003815,588,2,2.0,3253.0,2,CANCELLED,ARS,39600.0,8316.0,0.0,47916.0,20241228
1000003816,668,1,,1891.0,1304,PAID,ARS,45000.0,9450.0,1200.0,55650.0,20250910
1000003817,1294,1,,2559.0,1437,FULFILLED,ARS,35280.0,7408.8,1500.0,44188.8,20240709
1000003818,266,1,,3632.0,2262,FULFILLED,ARS,36000.0,7560.0,1500.0,45060.0,20250125
1000003819,1323,2,2.0,3831.0,2,PAID,ARS,40500.0,8505.0,0.0,49005.0,20240102
1000003820,1117,1,,2682.0,2969,CANCELLED,ARS,29400.0,6174.0,900.0,36474.0,20250403
1000003821,306,1,,2549.0,1219,FULFILLED,ARS,37620.0,7900.2,1500.0,47020.2,20240215
1000003822,850,1,,3167.0,1253,FULFILLED,ARS,36750.0,7717.5,1200.0,45667.5,20240822
1000003823,732,2,3.0,,3,FULFILLED,ARS,10800.0,2268.0,0.0,13068.0,20240511
1000003824,961,1,,3170.0,2361,PAID,ARS,26460.0,5556.6,900.0,32916.6,20240921
1000003825,193,2,3.0,3632.0,3,PAID,ARS,111150.0,23341.5,0.0,134491.5,20240413
1000003826,345,1,,3654.0,1573,FULFILLED,ARS,32400.0,6804.0,900.0,40104.0,20240731
1000003827,92,1,,3652.0,2271,FULFILLED,ARS,36000.0,7560.0,0.0,43560.0,20240821
1000003828,313,2,4.0,2111.0,4,FULFILLED,ARS,15000.0,3150.0,0.0,18150.0,20240427
1000003829,99,2,3.0,3098.0,3,PAID,ARS,73800.0,15498.0,0.0,89298.0,20240725
1000003830,1270,1,,3236.0,2541,FULFILLED,ARS,34200.0,7182.0,900.0,42282.0,20240705
1000003831,919,2,4.0,1977.0,4,FULFILLED,ARS,15000.0,3150.0,0.0,18150.0,20250713
1000003832,1343,1,,,2609,FULFILLED,ARS,23760.0,4989.6,900.0,29649.6,20250915
1000003833,424,1,,3675.0,2505,PAID,ARS,66450.0,13954.5,0.0,80404.5,20250331
1000003834,884,1,,3961.0,1635,FULFILLED,ARS,34200.0,7182.0,1500.0,42882.0,20240302
1000003835,1398,1,,1457.0,1707,FULFILLED,ARS,34020.0,7144.2,1500.0,42664.2,20241130
1000003836,747,2,2.0,,2,REFUNDED,ARS,11760.0,2469.6,0.0,14229.6,20250402
1000003837,1285,1,,3855.0,4123,FULFILLED,ARS,34200.0,7182.0,1200.0,42582.0,20250106
1000003838,120,1,,2554.0,2665,FULFILLED,ARS,11880.0,2494.8,1200.0,15574.8,20240507
1000003839,1449,2,1.0,2524.0,1,PAID,ARS,21600.0,4536.0,0.0,26136.0,20250830
1000003840,814,1,,2197.0,1490,FULFILLED,ARS,24900.0,5229.0,900.0,31029.0,20240330
1000003841,462,2,2.0,1457.0,2,FULFILLED,ARS,56880.0,11944.8,0.0,68824.8,20240313
1000003842,127,1,,2097.0,2978,FULFILLED,ARS,23940.0,5027.4,900.0,29867.4,20241217
1000003843,509,2,2.0,3690.0,2,FULFILLED,ARS,47400.0,9954.0,0.0,57354.0,20240323
1000003844,308,1,,4072.0,2880,REFUNDED,ARS,35280.0,7408.8,1500.0,44188.8,20240919
1000003845,199,1,,3049.0,3461,PAID,ARS,80550.0,16915.5,1500.0,98965.5,20241117
1000003846,320,1,,1175.0,2683,FULFILLED,ARS,64020.0,13444.2,900.0,78364.2,20250212
1000003847,471,2,2.0,4154.0,2,FULFILLED,ARS,48510.0,10187.1,0.0,58697.1,20241123
1000003848,927,1,,1691.0,3119,PAID,ARS,12000.0,2520.0,1200.0,15720.0,20250914
1000003849,1353,2,4.0,2640.0,4,PAID,ARS,49635.0,10423.35,0.0,60058.35,20241228
1000003850,1307,1,,1162.0,1022,PAID,ARS,52920.0,11113.2,900.0,64933.2,20240421
1000003851,506,2,2.0,,2,PAID,ARS,39510.0,8297.1,0.0,47807.1,20240923
1000003852,575,2,1.0,3424.0,1,FULFILLED,ARS,32400.0,6804.0,0.0,39204.0,20240330
1000003853,79,2,1.0,2555.0,1,FULFILLED,ARS,31752.0,6667.92,0.0,38419.92,20250410
1000003854,1118,1,,2318.0,1214,FULFILLED,ARS,22800.0,4788.0,1200.0,28788.0,20250131
1000003855,735,1,,1724.0,3415,FULFILLED,ARS,34200.0,7182.0,0.0,41382.0,20240118
1000003856,1246,2,3.0,1510.0,3,CANCELLED,ARS,41160.0,8643.6,0.0,49803.6,20240104
1000003857,1078,1,,,1859,FULFILLED,ARS,11400.0,2394.0,0.0,13794.0,20250427
1000003858,1142,1,,,2327,FULFILLED,ARS,15000.0,3150.0,900.0,19050.0,20240518
1000003859,474,2,1.0,2031.0,1,FULFILLED,ARS,15000.0,3150.0,0.0,18150.0,20240505
1000003860,1015,2,4.0,2167.0,4,CANCELLED,ARS,23940.0,5027.4,0.0,28967.4,20250716
1000003861,970,2,1.0,,1,FULFILLED,ARS,36000.0,7560.0,0.0,43560.0,20241020
1000003862,962,2,1.0,,1,FULFILLED,ARS,39690.0,8334.9,0.0,48024.9,20240317
1000003863,1224,2,1.0,1946.0,1,FULFILLED,ARS,10800.0,2268.0,0.0,13068.0,20241201
1000003864,1330,1,,2548.0,2347,FULFILLED,ARS,45600.0,9576.0,1200.0,56376.0,20250121
1000003865,1121,2,2.0,4007.0,2,FULFILLED,ARS,30000.0,6300.0,0.0,36300.0,20250811
1000003866,1,2,2.0,,2,CANCELLED,ARS,32400.0,6804.0,0.0,39204.0,20250802
1000003867,530,1,,1539.0,2929,PAID,ARS,22800.0,4788.0,1200.0,28788.0,20240827
1000003868,793,2,2.0,1070.0,2,FULFILLED,ARS,37044.0,7779.24,0.0,44823.24,20241222
1000003869,348,2,2.0,1816.0,2,FULFILLED,ARS,26460.0,5556.6,0.0,32016.6,20240409
1000003870,621,1,,4164.0,2090,FULFILLED,ARS,56850.0,11938.5,1500.0,70288.5,20241007
1000003871,279,2,1.0,2983.0,1,REFUNDED,ARS,15000.0,3150.0,0.0,18150.0,20240411
1000003872,462,1,,1609.0,2438,CANCELLED,ARS,40500.0,8505.0,0.0,49005.0,20250522
1000003873,78,2,1.0,,1,REFUNDED,ARS,11970.0,2513.7,0.0,14483.7,20240710
1000003874,613,1,,1769.0,1389,FULFILLED,ARS,28500.0,5985.0,1200.0,35685.0,20240620
1000003875,1101,2,1.0,2155.0,1,FULFILLED,ARS,14700.0,3087.0,0.0,17787.0,20250331
1000003876,154,1,,1159.0,2240,FULFILLED,ARS,39396.0,8273.16,1200.0,48869.16,20240605
1000003877,558,1,,2472.0,1690,FULFILLED,ARS,12150.0,2551.5,900.0,15601.5,20240616
1000003878,373,1,,1554.0,3252,FULFILLED,ARS,56400.0,11844.0,900.0,69144.0,20241009
1000003879,1385,1,,3045.0,3181,FULFILLED,ARS,13500.0,2835.0,1200.0,17535.0,20250124
1000003880,1235,2,2.0,1486.0,2,FULFILLED,ARS,46650.0,9796.5,0.0,56446.5,20240826
1000003881,346,1,,2215.0,1838,FULFILLED,ARS,34200.0,7182.0,1200.0,42582.0,20240822
1000003882,1413,2,3.0,2485.0,3,CANCELLED,ARS,13500.0,2835.0,0.0,16335.0,20250410
1000003883,1072,2,1.0,3828.0,1,FULFILLED,ARS,45000.0,9450.0,0.0,54450.0,20240324
1000003884,59,1,,1035.0,2696,PAID,ARS,44100.0,9261.0,1200.0,54561.0,20240426
1000003885,748,1,,1157.0,2466,FULFILLED,ARS,36000.0,7560.0,1200.0,44760.0,20250415
1000003886,1433,2,2.0,,2,FULFILLED,ARS,44100.0,9261.0,0.0,53361.0,20240111
1000003887,172,2,2.0,1037.0,2,FULFILLED,ARS,77220.0,16216.2,0.0,93436.2,20240422
1000003888,380,1,,1835.0,1081,PAID,ARS,47880.0,10054.8,900.0,58834.8,20241113
1000003889,1245,1,,1526.0,1892,FULFILLED,ARS,29400.0,6174.0,900.0,36474.0,20250515
1000003890,345,1,,3781.0,1464,PAID,ARS,34200.0,7182.0,0.0,41382.0,20241206
1000003891,1237,1,,1099.0,1358,PAID,ARS,14250.0,2992.5,1200.0,18442.5,20250607
1000003892,190,2,4.0,3221.0,4,PAID,ARS,15000.0,3150.0,0.0,18150.0,20250207
1000003893,731,2,1.0,1338.0,1,REFUNDED,ARS,9720.0,2041.2,0.0,11761.2,20240313
1000003894,1423,1,,,3910,FULFILLED,ARS,28500.0,5985.0,900.0,35385.0,20250719
1000003895,1262,1,,2355.0,4137,REFUNDED,ARS,13500.0,2835.0,0.0,16335.0,20250430
1000003896,615,1,,1128.0,3561,FULFILLED,ARS,46800.0,9828.0,1200.0,57828.0,20250902
1000003897,1481,2,3.0,3693.0,3,FULFILLED,ARS,21600.0,4536.0,0.0,26136.0,20240316
1000003898,657,2,4.0,3735.0,4,FULFILLED,ARS,21168.0,4445.28,0.0,25613.28,20240914
1000003899,1304,2,4.0,2068.0,4,FULFILLED,ARS,42750.0,8977.5,0.0,51727.5,20250313
1000003900,1438,2,2.0,2991.0,2,PAID,ARS,66168.0,13895.28,0.0,80063.28,20250906
1000003901,1275,2,1.0,,1,FULFILLED,ARS,31350.0,6583.5,0.0,37933.5,20240705
1000003902,1251,2,4.0,1990.0,4,FULFILLED,ARS,29400.0,6174.0,0.0,35574.0,20250201
1000003903,439,1,,1310.0,3049,FULFILLED,ARS,39660.0,8328.6,900.0,48888.6,20250724
1000003904,1110,1,,2834.0,1779,CANCELLED,ARS,37584.0,7892.64,1500.0,46976.64,20241228
1000003905,385,2,1.0,2774.0,1,FULFILLED,ARS,14250.0,2992.5,0.0,17242.5,20241206
1000003906,1163,2,1.0,,1,FULFILLED,ARS,20520.0,4309.2,0.0,24829.2,20250104
1000003907,91,1,,4143.0,3734,PAID,ARS,75180.0,15787.8,1200.0,92167.8,20240915
1000003908,79,1,,2743.0,3338,FULFILLED,ARS,10800.0,2268.0,900.0,13968.0,20250120
1000003909,724,1,,3538.0,4089,FULFILLED,ARS,45000.0,9450.0,900.0,55350.0,20240206
1000003910,602,1,,1868.0,1425,FULFILLED,ARS,25650.0,5386.5,1200.0,32236.5,20250512
1000003911,299,2,3.0,1571.0,3,FULFILLED,ARS,29400.0,6174.0,0.0,35574.0,20250417
1000003912,879,1,,3131.0,2534,PAID,ARS,12000.0,2520.0,1200.0,15720.0,20250710
1000003913,872,2,4.0,3474.0,4,REFUNDED,ARS,35850.0,7528.5,0.0,43378.5,20240922
1000003914,1194,1,,1132.0,3077,CANCELLED,ARS,35280.0,7408.8,0.0,42688.8,20240327
1000003915,620,1,,3265.0,3488,FULFILLED,ARS,12825.0,2693.25,900.0,16418.25,20240912
1000003916,521,1,,3942.0,3809,FULFILLED,ARS,40500.0,8505.0,900.0,49905.0,20250816
1000003917,257,2,4.0,3888.0,4,PAID,ARS,40500.0,8505.0,0.0,49005.0,20241028
1000003918,309,2,4.0,3696.0,4,PAID,ARS,31752.0,6667.92,0.0,38419.92,20250505
1000003919,974,2,4.0,3504.0,4,FULFILLED,ARS,43575.0,9150.75,0.0,52725.75,20250405
1000003920,308,2,1.0,3179.0,1,FULFILLED,ARS,21600.0,4536.0,0.0,26136.0,20250605
1000003921,1418,1,,3026.0,1307,PAID,ARS,42750.0,8977.5,1500.0,53227.5,20241030
1000003922,106,2,2.0,,2,REFUNDED,ARS,36000.0,7560.0,0.0,43560.0,20241214
1000003923,858,1,,4067.0,1485,FULFILLED,ARS,23520.0,4939.2,900.0,29359.2,20241120
1000003924,41,2,2.0,1537.0,2,FULFILLED,ARS,30780.0,6463.8,0.0,37243.8,20240622
1000003925,115,2,1.0,4110.0,1,FULFILLED,ARS,45000.0,9450.0,0.0,54450.0,20240302
1000003926,546,1,,3818.0,1462,FULFILLED,ARS,54096.0,11360.16,1200.0,66656.16,20250610
1000003927,686,2,1.0,3297.0,1,CANCELLED,ARS,44887.5,9426.38,0.0,54313.88,20250924
1000003928,831,1,,3474.0,3935,CANCELLED,ARS,21600.0,4536.0,1500.0,27636.0,20240710
1000003929,806,1,,3134.0,2002,CANCELLED,ARS,31350.0,6583.5,1200.0,39133.5,20240704
1000003930,640,2,3.0,1866.0,3,REFUNDED,ARS,24000.0,5040.0,0.0,29040.0,20250407
1000003931,305,1,,4150.0,3588,REFUNDED,ARS,25080.0,5266.8,1200.0,31546.8,20250825
1000003932,803,1,,1310.0,3593,CANCELLED,ARS,21600.0,4536.0,0.0,26136.0,20240121
1000003933,1221,2,3.0,,3,FULFILLED,ARS,47250.0,9922.5,0.0,57172.5,20240110
1000003934,868,2,1.0,1464.0,1,FULFILLED,ARS,22800.0,4788.0,0.0,27588.0,20240103
1000003935,817,1,,1126.0,1501,FULFILLED,ARS,30000.0,6300.0,1200.0,37500.0,20241030
1000003936,640,1,,3138.0,3473,PAID,ARS,28500.0,5985.0,0.0,34485.0,20250609
1000003937,991,1,,2445.0,3483,FULFILLED,ARS,29400.0,6174.0,900.0,36474.0,20250526
1000003938,1353,1,,2824.0,1520,REFUNDED,ARS,9720.0,2041.2,1200.0,12961.2,20241002
1000003939,228,1,,3854.0,1307,FULFILLED,ARS,26175.0,5496.75,900.0,32571.75,20240812
1000003940,1021,2,2.0,1072.0,2,FULFILLED,ARS,20520.0,4309.2,0.0,24829.2,20250708
1000003941,50,1,,3748.0,1406,PAID,ARS,36000.0,7560.0,1200.0,44760.0,20240814
1000003942,949,2,2.0,1383.0,2,FULFILLED,ARS,45120.0,9475.2,0.0,54595.2,20240203
1000003943,671,2,4.0,3407.0,4,FULFILLED,ARS,55050.0,11560.5,0.0,66610.5,20241212
1000003944,449,1,,1638.0,3020,FULFILLED,ARS,25200.0,5292.0,900.0,31392.0,20250426
1000003945,202,1,,3574.0,3867,FULFILLED,ARS,63750.0,13387.5,1200.0,78337.5,20241122
1000003946,479,2,3.0,2273.0,3,FULFILLED,ARS,28500.0,5985.0,0.0,34485.0,20241225
1000003947,204,1,,1238.0,4011,FULFILLED,ARS,11340.0,2381.4,1200.0,14921.4,20250418
1000003948,539,2,2.0,1621.0,2,PAID,ARS,32400.0,6804.0,0.0,39204.0,20250621
1000003949,500,2,2.0,3896.0,2,FULFILLED,ARS,38475.0,8079.75,0.0,46554.75,20240406
1000003950,1202,1,,2151.0,2214,FULFILLED,ARS,37620.0,7900.2,0.0,45520.2,20241223
1000003951,1259,2,3.0,3806.0,3,FULFILLED,ARS,46080.0,9676.8,0.0,55756.8,20250607
1000003952,397,2,4.0,2016.0,4,FULFILLED,ARS,44887.5,9426.38,0.0,54313.88,20250419
1000003953,787,1,,2579.0,4002,FULFILLED,ARS,13500.0,2835.0,1200.0,17535.0,20241013
1000003954,463,2,4.0,2854.0,4,FULFILLED,ARS,15000.0,3150.0,0.0,18150.0,20240915
1000003955,1044,2,3.0,1635.0,3,PAID,ARS,101484.0,21311.64,0.0,122795.64,20240607
1000003956,1154,1,,1340.0,2698,REFUNDED,ARS,13500.0,2835.0,0.0,16335.0,20241002
1000003957,485,1,,1319.0,3497,FULFILLED,ARS,51300.0,10773.0,1200.0,63273.0,20241211
1000003958,1070,1,,1374.0,2328,FULFILLED,ARS,74235.0,15589.35,1200.0,91024.35,20240920
1000003959,415,2,4.0,1594.0,4,FULFILLED,ARS,44550.0,9355.5,0.0,53905.5,20241021
1000003960,280,1,,2678.0,1706,CANCELLED,ARS,40500.0,8505.0,900.0,49905.0,20240118
1000003961,1422,2,3.0,4072.0,3,PAID,ARS,57960.0,12171.6,0.0,70131.6,20250226
1000003962,1245,1,,,1435,CANCELLED,ARS,15000.0,3150.0,0.0,18150.0,20240207
1000003963,742,1,,3030.0,3437,PAID,ARS,25650.0,5386.5,1500.0,32536.5,20250928
1000003964,72,1,,2087.0,2365,CANCELLED,ARS,67500.0,14175.0,1200.0,82875.0,20240803
1000003965,15,1,,3440.0,3353,FULFILLED,ARS,29400.0,6174.0,1200.0,36774.0,20250403
1000003966,76,1,,2576.0,3458,PAID,ARS,32400.0,6804.0,1200.0,40404.0,20240113
1000003967,935,1,,2996.0,1780,FULFILLED,ARS,24000.0,5040.0,1200.0,30240.0,20241217
1000003968,897,1,,3760.0,3314,FULFILLED,ARS,44100.0,9261.0,1200.0,54561.0,20250310
1000003969,1265,2,2.0,3553.0,2,FULFILLED,ARS,25650.0,5386.5,0.0,31036.5,20240903
1000003970,835,1,,3491.0,2922,CANCELLED,ARS,24000.0,5040.0,1500.0,30540.0,20241009
1000003971,1149,1,,3800.0,4058,FULFILLED,ARS,15000.0,3150.0,900.0,19050.0,20240702
1000003972,1285,1,,,3116,FULFILLED,ARS,34200.0,7182.0,1500.0,42882.0,20240509
1000003973,1120,2,4.0,,4,FULFILLED,ARS,30870.0,6482.7,0.0,37352.7,20240111
1000003974,42,1,,,3941,FULFILLED,ARS,44250.0,9292.5,900.0,54442.5,20240908
1000003975,1127,1,,3093.0,4152,FULFILLED,ARS,42525.0,8930.25,900.0,52355.25,20240917
1000003976,578,2,4.0,4019.0,4,FULFILLED,ARS,22800.0,4788.0,0.0,27588.0,20250309
1000003977,28,1,,,1817,FULFILLED,ARS,49500.0,10395.0,900.0,60795.0,20240816
1000003978,1201,2,2.0,1363.0,2,PAID,ARS,35640.0,7484.4,0.0,43124.4,20250112
1000003979,1041,2,3.0,2998.0,3,PAID,ARS,11760.0,2469.6,0.0,14229.6,20250923
1000003980,210,1,,3474.0,3377,FULFILLED,ARS,54900.0,11529.0,1200.0,67629.0,20240225
1000003981,649,2,4.0,3948.0,4,FULFILLED,ARS,94350.0,19813.5,0.0,114163.5,20240203
1000003982,59,2,3.0,1219.0,3,FULFILLED,ARS,34200.0,7182.0,0.0,41382.0,20250802
1000003983,167,2,4.0,2535.0,4,FULFILLED,ARS,31500.0,6615.0,0.0,38115.0,20241007
1000003984,1107,1,,,1258,REFUNDED,ARS,30000.0,6300.0,1200.0,37500.0,20240426
1000003985,181,1,,4168.0,3189,REFUNDED,ARS,37500.0,7875.0,1200.0,46575.0,20241020
1000003986,1382,2,4.0,1093.0,4,FULFILLED,ARS,23520.0,4939.2,0.0,28459.2,20241028
1000003987,352,1,,3017.0,1536,PAID,ARS,25872.0,5433.12,0.0,31305.12,20250817
1000003988,606,1,,3789.0,3418,FULFILLED,ARS,29400.0,6174.0,1200.0,36774.0,20240202
1000003989,756,2,1.0,1156.0,1,FULFILLED,ARS,33720.0,7081.2,0.0,40801.2,20240319
1000003990,1295,1,,3941.0,1614,FULFILLED,ARS,62520.0,13129.2,900.0,76549.2,20241012
1000003991,47,1,,1556.0,2713,FULFILLED,ARS,28500.0,5985.0,0.0,34485.0,20240721
1000003992,901,2,4.0,2392.0,4,FULFILLED,ARS,37800.0,7938.0,0.0,45738.0,20240824
1000003993,447,2,2.0,4100.0,2,CANCELLED,ARS,12000.0,2520.0,0.0,14520.0,20240430
1000003994,914,1,,3789.0,3676,PAID,ARS,27000.0,5670.0,900.0,33570.0,20250411
1000003995,1462,2,2.0,3692.0,2,FULFILLED,ARS,26460.0,5556.6,0.0,32016.6,20250101
1000003996,164,2,2.0,2373.0,2,FULFILLED,ARS,48510.0,10187.1,0.0,58697.1,20241005
1000003997,960,1,,2882.0,2509,FULFILLED,ARS,11760.0,2469.6,900.0,15129.6,20241013
1000003998,1001,1,,2130.0,3047,FULFILLED,ARS,10260.0,2154.6,1500.0,13914.6,20250219
1000003999,390,2,2.0,,2,FULFILLED,ARS,11400.0,2394.0,0.0,13794.0,20250703
1000004000,1011,1,,2744.0,1731,FULFILLED,ARS,40800.0,8568.0,900.0,50268.0,20250812
1000004001,1369,1,,2723.0,3737,FULFILLED,ARS,35910.0,7541.1,900.0,44351.1,20240722
1000004002,235,1,,3267.0,2500,FULFILLED,ARS,36000.0,7560.0,1500.0,45060.0,20250328
1000004003,458,2,4.0,3395.0,4,FULFILLED,ARS,69000.0,14490.0,0.0,83490.0,20250617
1000004004,1475,2,1.0,,1,FULFILLED,ARS,31752.0,6667.92,0.0,38419.92,20250515
1000004005,609,1,,,3726,FULFILLED,ARS,11400.0,2394.0,900.0,14694.0,20240104
1000004006,668,1,,,1222,FULFILLED,ARS,36450.0,7654.5,0.0,44104.5,20250725
1000004007,789,2,1.0,3102.0,1,FULFILLED,ARS,24000.0,5040.0,0.0,29040.0,20240430
1000004008,279,2,1.0,3219.0,1,FULFILLED,ARS,11340.0,2381.4,0.0,13721.4,20250727
1000004009,489,2,2.0,1570.0,2,CANCELLED,ARS,50910.0,10691.1,0.0,61601.1,20250204
1000004010,1388,1,,3366.0,3776,FULFILLED,ARS,50220.0,10546.2,1200.0,61966.2,20250418
1000004011,752,1,,3255.0,2019,FULFILLED,ARS,49500.0,10395.0,0.0,59895.0,20250218
1000004012,1217,1,,1780.0,2914,CANCELLED,ARS,36000.0,7560.0,900.0,44460.0,20241014
1000004013,1064,1,,2036.0,1713,PAID,ARS,41100.0,8631.0,900.0,50631.0,20250611
1000004014,735,1,,1370.0,2044,FULFILLED,ARS,40500.0,8505.0,1500.0,50505.0,20250521
1000004015,133,2,4.0,3687.0,4,PAID,ARS,55440.0,11642.4,0.0,67082.4,20250227
1000004016,358,1,,3433.0,3082,CANCELLED,ARS,10800.0,2268.0,1500.0,14568.0,20250916
1000004017,1440,1,,,1342,FULFILLED,ARS,40260.0,8454.6,0.0,48714.6,20250412
1000004018,1067,1,,1573.0,1746,PAID,ARS,71850.0,15088.5,1200.0,88138.5,20250927
1000004019,512,1,,2404.0,3801,REFUNDED,ARS,44100.0,9261.0,900.0,54261.0,20250225
1000004020,434,1,,3584.0,1499,FULFILLED,ARS,35280.0,7408.8,900.0,43588.8,20240821
1000004021,64,1,,2393.0,3800,FULFILLED,ARS,10260.0,2154.6,1200.0,13614.6,20241124
1000004022,485,1,,3089.0,4053,PAID,ARS,14250.0,2992.5,1200.0,18442.5,20250429
1000004023,1014,2,3.0,3093.0,3,FULFILLED,ARS,49500.0,10395.0,0.0,59895.0,20250716
1000004024,204,1,,1619.0,1902,FULFILLED,ARS,27000.0,5670.0,1200.0,33870.0,20250426
1000004025,1491,1,,3076.0,2670,FULFILLED,ARS,14962.5,3142.12,0.0,18104.62,20240206
1000004026,1356,1,,,1191,FULFILLED,ARS,23520.0,4939.2,1200.0,29659.2,20250804
1000004027,501,1,,1667.0,2198,CREATED,ARS,23550.0,4945.5,1500.0,29995.5,20240704
1000004028,214,1,,1170.0,1190,FULFILLED,ARS,38475.0,8079.75,0.0,46554.75,20240211
1000004029,340,2,4.0,1250.0,4,FULFILLED,ARS,26400.0,5544.0,0.0,31944.0,20250529
1000004030,775,2,1.0,2103.0,1,FULFILLED,ARS,68625.0,14411.25,0.0,83036.25,20250417
1000004031,1073,1,,1444.0,3881,PAID,ARS,30000.0,6300.0,900.0,37200.0,20240818
1000004032,343,2,3.0,2990.0,3,FULFILLED,ARS,73800.0,15498.0,0.0,89298.0,20250920
1000004033,1119,1,,2308.0,1063,CANCELLED,ARS,69900.0,14679.0,1200.0,85779.0,20250530
1000004034,1449,2,2.0,1319.0,2,FULFILLED,ARS,24000.0,5040.0,0.0,29040.0,20250928
1000004035,51,1,,4200.0,1681,FULFILLED,ARS,27000.0,5670.0,900.0,33570.0,20250521
1000004036,1292,1,,3100.0,1357,FULFILLED,ARS,33360.0,7005.6,1200.0,41565.6,20250518
1000004037,419,1,,,3417,PAID,ARS,27000.0,5670.0,900.0,33570.0,20240527
1000004038,985,2,3.0,1193.0,3,FULFILLED,ARS,57936.0,12166.56,0.0,70102.56,20241221
1000004039,1327,1,,1508.0,3954,REFUNDED,ARS,34920.0,7333.2,900.0,43153.2,20240116
1000004040,904,1,,1643.0,4148,FULFILLED,ARS,35520.0,7459.2,900.0,43879.2,20240905
1000004041,232,2,4.0,,4,FULFILLED,ARS,37620.0,7900.2,0.0,45520.2,20240517
1000004042,759,1,,2693.0,1377,FULFILLED,ARS,10260.0,2154.6,1500.0,13914.6,20240911
1000004043,1340,1,,1606.0,2828,FULFILLED,ARS,45000.0,9450.0,1500.0,55950.0,20240103
1000004044,554,1,,3500.0,2053,FULFILLED,ARS,32400.0,6804.0,1200.0,40404.0,20241203
1000004045,1158,1,,2551.0,3215,REFUNDED,ARS,24000.0,5040.0,900.0,29940.0,20240810
1000004046,1163,2,2.0,3278.0,2,FULFILLED,ARS,34200.0,7182.0,0.0,41382.0,20240310
1000004047,1379,1,,1912.0,1470,FULFILLED,ARS,12348.0,2593.08,900.0,15841.08,20240523
1000004048,296,1,,2338.0,2193,CANCELLED,ARS,49200.0,10332.0,1200.0,60732.0,20250330
1000004049,236,1,,2752.0,1264,FULFILLED,ARS,66150.0,13891.5,1500.0,81541.5,20241021
1000004050,1394,1,,4164.0,3086,FULFILLED,ARS,90000.0,18900.0,1500.0,110400.0,20250909
1000004051,269,2,3.0,,3,FULFILLED,ARS,44100.0,9261.0,0.0,53361.0,20241015
1000004052,448,1,,3284.0,1857,REFUNDED,ARS,28350.0,5953.5,1200.0,35503.5,20250602
1000004053,1074,1,,3109.0,1258,FULFILLED,ARS,34020.0,7144.2,1500.0,42664.2,20250609
1000004054,1313,1,,1420.0,3159,PAID,ARS,32400.0,6804.0,1500.0,40704.0,20240509
1000004055,363,1,,,3340,PAID,ARS,40500.0,8505.0,1200.0,50205.0,20250110
1000004056,801,1,,3381.0,3148,FULFILLED,ARS,44550.0,9355.5,1500.0,55405.5,20250915
1000004057,1068,1,,2535.0,2953,PAID,ARS,56400.0,11844.0,900.0,69144.0,20241226
1000004058,333,1,,3257.0,1023,FULFILLED,ARS,23940.0,5027.4,1500.0,30467.4,20250210
1000004059,276,1,,2135.0,1077,FULFILLED,ARS,56820.0,11932.2,900.0,69652.2,20240924
1000004060,481,1,,2036.0,4191,FULFILLED,ARS,26400.0,5544.0,900.0,32844.0,20250215
1000004061,784,1,,2897.0,1147,FULFILLED,ARS,53550.0,11245.5,1500.0,66295.5,20240811
1000004062,1451,2,4.0,,4,FULFILLED,ARS,28098.0,5900.58,0.0,33998.58,20250705
1000004063,849,2,2.0,3933.0,2,FULFILLED,ARS,63120.0,13255.2,0.0,76375.2,20250310
1000004064,94,1,,,1426,FULFILLED,ARS,30000.0,6300.0,0.0,36300.0,20240228
1000004065,752,1,,2293.0,2895,REFUNDED,ARS,21600.0,4536.0,0.0,26136.0,20250129
1000004066,624,2,1.0,3268.0,1,FULFILLED,ARS,80595.0,16924.95,0.0,97519.95,20241205
1000004067,1051,2,1.0,3609.0,1,REFUNDED,ARS,46080.0,9676.8,0.0,55756.8,20250516
1000004068,505,2,2.0,1328.0,2,FULFILLED,ARS,14250.0,2992.5,0.0,17242.5,20240728
1000004069,127,2,2.0,1728.0,2,FULFILLED,ARS,30000.0,6300.0,0.0,36300.0,20240502
1000004070,1111,1,,3376.0,2118,PAID,ARS,36000.0,7560.0,900.0,44460.0,20240418
1000004071,652,2,1.0,1977.0,1,FULFILLED,ARS,25200.0,5292.0,0.0,30492.0,20250513
1000004072,246,1,,2058.0,3524,FULFILLED,ARS,54150.0,11371.5,1500.0,67021.5,20250327
1000004073,839,1,,1214.0,2817,CREATED,ARS,31500.0,6615.0,900.0,39015.0,20250311
1000004074,689,2,1.0,2104.0,1,FULFILLED,ARS,29250.0,6142.5,0.0,35392.5,20250608
1000004075,758,1,,1103.0,2901,FULFILLED,ARS,34200.0,7182.0,1200.0,42582.0,20240324
1000004076,500,2,3.0,1988.0,3,FULFILLED,ARS,23520.0,4939.2,0.0,28459.2,20250401
1000004077,1262,1,,3201.0,3847,FULFILLED,ARS,21600.0,4536.0,1200.0,27336.0,20240523
1000004078,415,2,4.0,3635.0,4,FULFILLED,ARS,21600.0,4536.0,0.0,26136.0,20241121
1000004079,51,1,,1299.0,4173,FULFILLED,ARS,13500.0,2835.0,900.0,17235.0,20240114
1000004080,352,2,1.0,4053.0,1,FULFILLED,ARS,21600.0,4536.0,0.0,26136.0,20250114
1000004081,653,2,1.0,2279.0,1,FULFILLED,ARS,47970.0,10073.7,0.0,58043.7,20240303
1000004082,223,1,,1029.0,3813,FULFILLED,ARS,34200.0,7182.0,900.0,42282.0,20240524
1000004083,1275,2,1.0,1539.0,1,PAID,ARS,23520.0,4939.2,0.0,28459.2,20250710
1000004084,522,2,1.0,4128.0,1,FULFILLED,ARS,38400.0,8064.0,0.0,46464.0,20240924
1000004085,1496,1,,,2156,FULFILLED,ARS,40500.0,8505.0,1500.0,50505.0,20250510
1000004086,879,2,1.0,1346.0,1,FULFILLED,ARS,36000.0,7560.0,0.0,43560.0,20240709
1000004087,1230,2,1.0,3636.0,1,PAID,ARS,72300.0,15183.0,0.0,87483.0,20250127
1000004088,577,1,,2032.0,3138,CANCELLED,ARS,34020.0,7144.2,900.0,42064.2,20241023
1000004089,822,1,,3970.0,3870,PAID,ARS,40650.0,8536.5,0.0,49186.5,20250717
1000004090,1431,1,,2425.0,3548,PAID,ARS,13500.0,2835.0,1200.0,17535.0,20240901
1000004091,248,1,,1238.0,3439,CANCELLED,ARS,59925.0,12584.25,900.0,73409.25,20250109
1000004092,1278,1,,3004.0,1938,PAID,ARS,10800.0,2268.0,900.0,13968.0,20240318
1000004093,392,2,4.0,2033.0,4,CANCELLED,ARS,23520.0,4939.2,0.0,28459.2,20240521
1000004094,460,2,3.0,2003.0,3,FULFILLED,ARS,42525.0,8930.25,0.0,51455.25,20250403
1000004095,1347,2,1.0,1776.0,1,FULFILLED,ARS,31845.0,6687.45,0.0,38532.45,20250516
1000004096,534,2,4.0,2854.0,4,FULFILLED,ARS,52650.0,11056.5,0.0,63706.5,20240902
1000004097,1166,1,,2709.0,2437,FULFILLED,ARS,23520.0,4939.2,900.0,29359.2,20240804
1000004098,1246,2,4.0,1032.0,4,FULFILLED,ARS,19440.0,4082.4,0.0,23522.4,20240506
1000004099,412,2,3.0,2.0,3,CANCELLED,ARS,10800.0,2268.0,0.0,13068.0,20240403
1000004100,1026,1,,,3547,FULFILLED,ARS,59700.0,12537.0,1200.0,73437.0,20250803
1000004101,1249,2,2.0,2348.0,2,FULFILLED,ARS,32400.0,6804.0,0.0,39204.0,20240627
1000004102,47,2,1.0,3264.0,1,FULFILLED,ARS,104137.5,21868.88,0.0,126006.38,20250106
1000004103,488,1,,3811.0,3367,PAID,ARS,22800.0,4788.0,0.0,27588.0,20240715
1000004104,771,2,1.0,3390.0,1,PAID,ARS,32400.0,6804.0,0.0,39204.0,20241101
1000004105,872,1,,4141.0,3738,PAID,ARS,25200.0,5292.0,0.0,30492.0,20250929
1000004106,339,1,,1159.0,2498,FULFILLED,ARS,58200.0,12222.0,1200.0,71622.0,20240723
1000004107,344,2,1.0,3771.0,1,FULFILLED,ARS,34200.0,7182.0,0.0,41382.0,20240112
1000004108,533,2,4.0,2198.0,4,FULFILLED,ARS,41310.0,8675.1,0.0,49985.1,20250327
1000004109,893,2,1.0,2679.0,1,FULFILLED,ARS,21168.0,4445.28,0.0,25613.28,20250825
1000004110,489,2,4.0,1982.0,4,FULFILLED,ARS,59994.0,12598.74,0.0,72592.74,20240714
1000004111,1410,2,4.0,2177.0,4,FULFILLED,ARS,45000.0,9450.0,0.0,54450.0,20250815
1000004112,106,2,2.0,3436.0,2,FULFILLED,ARS,34425.0,7229.25,0.0,41654.25,20240410
1000004113,243,2,3.0,2245.0,3,FULFILLED,ARS,44250.0,9292.5,0.0,53542.5,20250202
1000004114,1114,2,4.0,3985.0,4,FULFILLED,ARS,26460.0,5556.6,0.0,32016.6,20240421
1000004115,1406,2,3.0,1504.0,3,FULFILLED,ARS,89887.5,18876.38,0.0,108763.88,20240422
1000004116,575,1,,1816.0,3767,CANCELLED,ARS,23520.0,4939.2,0.0,28459.2,20250312
1000004117,473,2,4.0,2441.0,4,CREATED,ARS,13500.0,2835.0,0.0,16335.0,20241130
1000004118,1031,2,1.0,2763.0,1,FULFILLED,ARS,22800.0,4788.0,0.0,27588.0,20250708
1000004119,1385,1,,3721.0,2941,FULFILLED,ARS,67620.0,14200.2,1200.0,83020.2,20240613
1000004120,1190,1,,3071.0,4112,PAID,ARS,11400.0,2394.0,1500.0,15294.0,20240308
1000004121,1470,2,2.0,1597.0,2,FULFILLED,ARS,29400.0,6174.0,0.0,35574.0,20240220
1000004122,387,1,,1358.0,1454,FULFILLED,ARS,31752.0,6667.92,900.0,39319.92,20241218
1000004123,162,2,2.0,1887.0,2,FULFILLED,ARS,40500.0,8505.0,0.0,49005.0,20241018
1000004124,294,1,,3905.0,1018,PAID,ARS,76650.0,16096.5,900.0,93646.5,20241008
1000004125,947,2,1.0,2764.0,1,FULFILLED,ARS,28500.0,5985.0,0.0,34485.0,20240422
1000004126,930,1,,2813.0,3818,FULFILLED,ARS,44100.0,9261.0,0.0,53361.0,20240802
1000004127,1016,2,4.0,3712.0,4,PAID,ARS,45000.0,9450.0,0.0,54450.0,20250610
1000004128,627,2,1.0,3183.0,1,FULFILLED,ARS,24000.0,5040.0,0.0,29040.0,20250223
1000004129,691,1,,3768.0,3545,PAID,ARS,29400.0,6174.0,900.0,36474.0,20240314
1000004130,1185,1,,1792.0,4027,FULFILLED,ARS,61200.0,12852.0,1200.0,75252.0,20250314
1000004131,409,1,,2953.0,2786,PAID,ARS,34200.0,7182.0,1200.0,42582.0,20241224
1000004132,611,1,,3966.0,3777,FULFILLED,ARS,20520.0,4309.2,900.0,25729.2,20240818
1000004133,876,1,,1387.0,3376,FULFILLED,ARS,40500.0,8505.0,1500.0,50505.0,20250906
1000004134,11,1,,2478.0,2391,FULFILLED,ARS,28500.0,5985.0,1200.0,35685.0,20240723
1000004135,1103,1,,1828.0,1234,FULFILLED,ARS,44550.0,9355.5,1500.0,55405.5,20250509
1000004136,931,1,,2896.0,2030,FULFILLED,ARS,12000.0,2520.0,900.0,15420.0,20240409
1000004137,1132,1,,2048.0,2717,FULFILLED,ARS,32400.0,6804.0,1200.0,40404.0,20250408
1000004138,1487,1,,,2449,PAID,ARS,23409.0,4915.89,0.0,28324.89,20240705
1000004139,171,1,,1786.0,3417,FULFILLED,ARS,11340.0,2381.4,1500.0,15221.4,20241104
1000004140,529,1,,1612.0,3560,FULFILLED,ARS,11400.0,2394.0,1200.0,14994.0,20250530
1000004141,433,1,,1784.0,1631,FULFILLED,ARS,13500.0,2835.0,1200.0,17535.0,20250819
1000004142,461,1,,2427.0,4143,PAID,ARS,22800.0,4788.0,900.0,28488.0,20240129
1000004143,1172,2,2.0,2181.0,2,FULFILLED,ARS,29700.0,6237.0,0.0,35937.0,20250914
1000004144,816,1,,1238.0,1639,FULFILLED,ARS,41400.0,8694.0,0.0,50094.0,20250907
1000004145,1032,1,,1299.0,3010,CANCELLED,ARS,25872.0,5433.12,1200.0,32505.12,20250621
1000004146,1261,1,,3195.0,2019,FULFILLED,ARS,78435.0,16471.35,0.0,94906.35,20250515
1000004147,348,1,,3927.0,4150,FULFILLED,ARS,38808.0,8149.68,900.0,47857.68,20240328
1000004148,436,2,4.0,3755.0,4,FULFILLED,ARS,13500.0,2835.0,0.0,16335.0,20241127
1000004149,604,1,,2677.0,2678,PAID,ARS,44887.5,9426.38,900.0,55213.88,20250629
1000004150,615,1,,2603.0,1043,FULFILLED,ARS,40500.0,8505.0,0.0,49005.0,20240910
1000004151,361,1,,1787.0,1265,FULFILLED,ARS,37044.0,7779.24,900.0,45723.24,20240224
1000004152,855,1,,2076.0,1734,PAID,ARS,71460.0,15006.6,0.0,86466.6,20240216
1000004153,1018,1,,1554.0,1868,FULFILLED,ARS,13230.0,2778.3,1500.0,17508.3,20250804
1000004154,212,2,2.0,2233.0,2,FULFILLED,ARS,58920.0,12373.2,0.0,71293.2,20250405
1000004155,359,1,,2026.0,4107,FULFILLED,ARS,11760.0,2469.6,0.0,14229.6,20240801
1000004156,1322,1,,2160.0,1635,FULFILLED,ARS,71025.0,14915.25,0.0,85940.25,20240411
1000004157,271,1,,2652.0,1646,FULFILLED,ARS,70230.0,14748.3,1200.0,86178.3,20250420
1000004158,369,1,,1164.0,3779,CANCELLED,ARS,13500.0,2835.0,1200.0,17535.0,20250210
1000004159,670,1,,2692.0,3516,FULFILLED,ARS,36600.0,7686.0,900.0,45186.0,20250902
1000004160,510,1,,,3664,REFUNDED,ARS,11400.0,2394.0,900.0,14694.0,20241114
1000004161,274,2,4.0,2680.0,4,FULFILLED,ARS,12000.0,2520.0,0.0,14520.0,20250328
1000004162,1490,2,2.0,2468.0,2,FULFILLED,ARS,44100.0,9261.0,0.0,53361.0,20250512
1000004163,469,2,1.0,3200.0,1,FULFILLED,ARS,14250.0,2992.5,0.0,17242.5,20240115
1000004164,1012,1,,3324.0,3252,PAID,ARS,87600.0,18396.0,900.0,106896.0,20240424
1000004165,1318,1,,3766.0,1980,PAID,ARS,35280.0,7408.8,1500.0,44188.8,20240128
1000004166,1081,1,,3400.0,3813,FULFILLED,ARS,13500.0,2835.0,900.0,17235.0,20240520
1000004167,495,2,1.0,1927.0,1,PAID,ARS,11760.0,2469.6,0.0,14229.6,20241008
1000004168,480,2,4.0,3813.0,4,FULFILLED,ARS,57510.0,12077.1,0.0,69587.1,20240214
1000004169,1236,2,2.0,2420.0,2,CANCELLED,ARS,15435.0,3241.35,0.0,18676.35,20240731
1000004170,1237,1,,3678.0,2910,FULFILLED,ARS,47100.0,9891.0,1500.0,58491.0,20241120
1000004171,147,2,1.0,2924.0,1,FULFILLED,ARS,36300.0,7623.0,0.0,43923.0,20240409
1000004172,1126,2,4.0,2386.0,4,FULFILLED,ARS,15000.0,3150.0,0.0,18150.0,20240922
1000004173,201,2,2.0,3694.0,2,FULFILLED,ARS,32400.0,6804.0,0.0,39204.0,20250810
1000004174,569,1,,3250.0,1973,FULFILLED,ARS,42750.0,8977.5,1200.0,52927.5,20250529
1000004175,1255,1,,2201.0,1431,FULFILLED,ARS,11400.0,2394.0,1200.0,14994.0,20240115
1000004176,392,1,,2641.0,2294,FULFILLED,ARS,37800.0,7938.0,1200.0,46938.0,20240922
1000004177,649,2,4.0,3335.0,4,CANCELLED,ARS,12000.0,2520.0,0.0,14520.0,20240330
1000004178,1270,1,,3067.0,3018,FULFILLED,ARS,39690.0,8334.9,0.0,48024.9,20250708
1000004179,1230,1,,3648.0,2100,FULFILLED,ARS,29400.0,6174.0,1200.0,36774.0,20241117
1000004180,433,1,,2355.0,3161,FULFILLED,ARS,21600.0,4536.0,900.0,27036.0,20241230
1000004181,403,1,,3833.0,3517,CREATED,ARS,27000.0,5670.0,900.0,33570.0,20250131
1000004182,967,1,,3745.0,3290,FULFILLED,ARS,22800.0,4788.0,900.0,28488.0,20240116
1000004183,1048,2,1.0,,1,FULFILLED,ARS,30000.0,6300.0,0.0,36300.0,20250607
1000004184,651,2,1.0,1553.0,1,FULFILLED,ARS,45336.0,9520.56,0.0,54856.56,20250716
1000004185,552,2,1.0,1461.0,1,FULFILLED,ARS,50208.0,10543.68,0.0,60751.68,20250508
1000004186,724,1,,,3165,FULFILLED,ARS,42750.0,8977.5,0.0,51727.5,20250212
1000004187,308,1,,2181.0,3986,FULFILLED,ARS,40500.0,8505.0,1500.0,50505.0,20241107
1000004188,298,2,4.0,3906.0,4,FULFILLED,ARS,21168.0,4445.28,0.0,25613.28,20250418
1000004189,324,1,,,2672,FULFILLED,ARS,35280.0,7408.8,1200.0,43888.8,20240606
1000004190,1340,2,3.0,2427.0,3,FULFILLED,ARS,70110.0,14723.1,0.0,84833.1,20240720
1000004191,981,1,,1307.0,3882,FULFILLED,ARS,28500.0,5985.0,1200.0,35685.0,20240416
1000004192,1432,2,4.0,1256.0,4,FULFILLED,ARS,11400.0,2394.0,0.0,13794.0,20240816
1000004193,950,1,,,1166,FULFILLED,ARS,45000.0,9450.0,900.0,55350.0,20241215
1000004194,487,1,,3632.0,2092,FULFILLED,ARS,40500.0,8505.0,900.0,49905.0,20250917
1000004195,1311,1,,1019.0,3959,FULFILLED,ARS,12600.0,2646.0,1500.0,16746.0,20240102
1000004196,768,1,,1516.0,3376,FULFILLED,ARS,40800.0,8568.0,0.0,49368.0,20250505
1000004197,189,2,2.0,1885.0,2,CANCELLED,ARS,36450.0,7654.5,0.0,44104.5,20241023
1000004198,1111,1,,1313.0,1845,FULFILLED,ARS,30870.0,6482.7,1500.0,38852.7,20240107
1000004199,1272,1,,3427.0,2542,FULFILLED,ARS,92820.0,19492.2,1200.0,113512.2,20250711
1000004200,1034,2,1.0,3310.0,1,REFUNDED,ARS,52800.0,11088.0,0.0,63888.0,20240826
1000004201,996,2,4.0,1682.0,4,PAID,ARS,62100.0,13041.0,0.0,75141.0,20241024
1000004202,1368,2,3.0,2758.0,3,FULFILLED,ARS,36000.0,7560.0,0.0,43560.0,20250529
1000004203,285,1,,1438.0,1775,FULFILLED,ARS,20520.0,4309.2,900.0,25729.2,20250501
1000004204,1000,2,3.0,,3,FULFILLED,ARS,27000.0,5670.0,0.0,32670.0,20241101
1000004205,978,2,1.0,,1,REFUNDED,ARS,29400.0,6174.0,0.0,35574.0,20240614
1000004206,1255,2,3.0,1404.0,3,FULFILLED,ARS,34200.0,7182.0,0.0,41382.0,20240418
1000004207,155,1,,1154.0,1890,FULFILLED,ARS,51450.0,10804.5,1200.0,63454.5,20250729
1000004208,64,1,,3720.0,1873,FULFILLED,ARS,24300.0,5103.0,900.0,30303.0,20250430
1000004209,906,1,,3020.0,1090,CANCELLED,ARS,64500.0,13545.0,0.0,78045.0,20240325
1000004210,257,1,,1399.0,3934,PAID,ARS,36000.0,7560.0,1200.0,44760.0,20240915
1000004211,850,1,,,3658,FULFILLED,ARS,22800.0,4788.0,900.0,28488.0,20250803
1000004212,1287,2,2.0,1428.0,2,FULFILLED,ARS,29160.0,6123.6,0.0,35283.6,20240428
1000004213,14,1,,1771.0,3896,FULFILLED,ARS,57000.0,11970.0,900.0,69870.0,20250305
1000004214,142,1,,3745.0,2987,FULFILLED,ARS,72618.0,15249.78,900.0,88767.78,20241222
1000004215,190,1,,3851.0,2125,FULFILLED,ARS,32400.0,6804.0,1500.0,40704.0,20241114
1000004216,747,1,,2649.0,2090,FULFILLED,ARS,10584.0,2222.64,1200.0,14006.64,20240205
1000004217,401,1,,3397.0,1520,FULFILLED,ARS,15000.0,3150.0,1500.0,19650.0,20250204
1000004218,1306,2,2.0,,2,PAID,ARS,66960.0,14061.6,0.0,81021.6,20250523
1000004219,677,1,,1623.0,1153,FULFILLED,ARS,11760.0,2469.6,0.0,14229.6,20240108
1000004220,236,1,,1951.0,2518,CANCELLED,ARS,42750.0,8977.5,900.0,52627.5,20250731
1000004221,1420,1,,2366.0,1037,FULFILLED,ARS,47025.0,9875.25,1200.0,58100.25,20240927
1000004222,197,1,,3382.0,1713,REFUNDED,ARS,14962.5,3142.12,900.0,19004.62,20250911
1000004223,428,1,,3645.0,3004,FULFILLED,ARS,31350.0,6583.5,0.0,37933.5,20241105
1000004224,1304,2,2.0,1707.0,2,PAID,ARS,45000.0,9450.0,0.0,54450.0,20250128
1000004225,1398,2,2.0,1672.0,2,FULFILLED,ARS,57000.0,11970.0,0.0,68970.0,20240822
1000004226,1159,1,,2712.0,1427,REFUNDED,ARS,28500.0,5985.0,0.0,34485.0,20250725
1000004227,996,1,,1131.0,1946,FULFILLED,ARS,29400.0,6174.0,900.0,36474.0,20241104
1000004228,988,1,,3645.0,1651,FULFILLED,ARS,14700.0,3087.0,1200.0,18987.0,20240212
1000004229,824,1,,3445.0,1456,FULFILLED,ARS,42750.0,8977.5,900.0,52627.5,20240901
1000004230,900,1,,3275.0,2253,FULFILLED,ARS,44100.0,9261.0,1200.0,54561.0,20240726
1000004231,800,2,1.0,2140.0,1,FULFILLED,ARS,10800.0,2268.0,0.0,13068.0,20250409
1000004232,869,2,3.0,2252.0,3,FULFILLED,ARS,28500.0,5985.0,0.0,34485.0,20240816
1000004233,1262,2,2.0,1437.0,2,FULFILLED,ARS,111487.5,23412.38,0.0,134899.88,20241203
1000004234,915,2,2.0,1759.0,2,FULFILLED,ARS,37050.0,7780.5,0.0,44830.5,20240823
1000004235,255,1,,1485.0,2657,FULFILLED,ARS,47025.0,9875.25,900.0,57800.25,20250824
1000004236,254,1,,2824.0,1170,PAID,ARS,54684.0,11483.64,900.0,67067.64,20250122
1000004237,563,2,2.0,3494.0,2,FULFILLED,ARS,29925.0,6284.25,0.0,36209.25,20240722
1000004238,1151,2,2.0,2061.0,2,FULFILLED,ARS,42525.0,8930.25,0.0,51455.25,20250817
1000004239,542,1,,3234.0,2017,FULFILLED,ARS,45600.0,9576.0,900.0,56076.0,20250510
1000004240,80,2,3.0,2306.0,3,PAID,ARS,63675.0,13371.75,0.0,77046.75,20240730
1000004241,429,1,,3866.0,3444,FULFILLED,ARS,24000.0,5040.0,1200.0,30240.0,20250615
1000004242,1455,2,3.0,2002.0,3,FULFILLED,ARS,21600.0,4536.0,0.0,26136.0,20250329
1000004243,805,1,,1880.0,1956,FULFILLED,ARS,58248.0,12232.08,0.0,70480.08,20240424
1000004244,711,1,,3177.0,2129,FULFILLED,ARS,42435.0,8911.35,0.0,51346.35,20240206
1000004245,123,1,,2150.0,4094,FULFILLED,ARS,11340.0,2381.4,900.0,14621.4,20250114
1000004246,969,2,1.0,1397.0,1,FULFILLED,ARS,23520.0,4939.2,0.0,28459.2,20250329
1000004247,612,2,1.0,,1,REFUNDED,ARS,67680.0,14212.8,0.0,81892.8,20241201
1000004248,850,1,,3183.0,1094,FULFILLED,ARS,10800.0,2268.0,900.0,13968.0,20240224
1000004249,58,2,2.0,3518.0,2,CANCELLED,ARS,28500.0,5985.0,0.0,34485.0,20241017
1000004250,440,1,,2976.0,2993,FULFILLED,ARS,45000.0,9450.0,1200.0,55650.0,20250910
1000004251,477,1,,1582.0,1993,FULFILLED,ARS,14250.0,2992.5,1500.0,18742.5,20241229
1000004252,328,1,,1099.0,3125,FULFILLED,ARS,24000.0,5040.0,1200.0,30240.0,20240917
1000004253,64,2,4.0,1110.0,4,REFUNDED,ARS,11970.0,2513.7,0.0,14483.7,20240523
1000004254,9,1,,3244.0,2766,FULFILLED,ARS,28500.0,5985.0,1200.0,35685.0,20240829
1000004255,1018,1,,1661.0,2688,PAID,ARS,19440.0,4082.4,1200.0,24722.4,20240224
1000004256,887,1,,4098.0,3594,FULFILLED,ARS,16170.0,3395.7,900.0,20465.7,20250209
1000004257,809,1,,3290.0,4025,FULFILLED,ARS,22680.0,4762.8,1200.0,28642.8,20250718
1000004258,187,1,,1154.0,3710,REFUNDED,ARS,31500.0,6615.0,1500.0,39615.0,20240925
1000004259,594,2,3.0,,3,PAID,ARS,36450.0,7654.5,0.0,44104.5,20240304
1000004260,1416,1,,1993.0,1750,FULFILLED,ARS,51000.0,10710.0,900.0,62610.0,20250725
1000004261,698,2,2.0,2685.0,2,FULFILLED,ARS,28500.0,5985.0,0.0,34485.0,20250303
1000004262,869,1,,1263.0,1163,FULFILLED,ARS,11760.0,2469.6,1500.0,15729.6,20240126
1000004263,823,1,,2606.0,3914,FULFILLED,ARS,30780.0,6463.8,1200.0,38443.8,20250517
1000004264,170,1,,3037.0,1583,FULFILLED,ARS,48696.0,10226.16,0.0,58922.16,20250105
1000004265,1022,2,2.0,3627.0,2,FULFILLED,ARS,14700.0,3087.0,0.0,17787.0,20250630
1000004266,946,1,,1922.0,3596,FULFILLED,ARS,56670.0,11900.7,1500.0,70070.7,20240616
1000004267,1273,2,1.0,2541.0,1,FULFILLED,ARS,24000.0,5040.0,0.0,29040.0,20241201
1000004268,752,2,4.0,3517.0,4,CANCELLED,ARS,14250.0,2992.5,0.0,17242.5,20250806
1000004269,338,1,,3327.0,1679,FULFILLED,ARS,44100.0,9261.0,1500.0,54861.0,20250715
1000004270,1223,1,,3983.0,3550,FULFILLED,ARS,12348.0,2593.08,900.0,15841.08,20240620
1000004271,1014,2,4.0,2976.0,4,FULFILLED,ARS,57000.0,11970.0,0.0,68970.0,20241017
1000004272,1204,2,1.0,2832.0,1,FULFILLED,ARS,42750.0,8977.5,0.0,51727.5,20240710
1000004273,227,1,,2808.0,2078,REFUNDED,ARS,28500.0,5985.0,1500.0,35985.0,20240319
1000004274,54,1,,4027.0,2226,PAID,ARS,36000.0,7560.0,900.0,44460.0,20250520
1000004275,1095,2,2.0,1274.0,2,PAID,ARS,14250.0,2992.5,0.0,17242.5,20240428
1000004276,955,1,,2168.0,2892,FULFILLED,ARS,22800.0,4788.0,900.0,28488.0,20240512
1000004277,756,1,,,1024,REFUNDED,ARS,25650.0,5386.5,1200.0,32236.5,20240718
1000004278,999,1,,2959.0,2072,CANCELLED,ARS,27000.0,5670.0,1500.0,34170.0,20240527
1000004279,628,2,3.0,1064.0,3,FULFILLED,ARS,36450.0,7654.5,0.0,44104.5,20250803
1000004280,29,1,,1759.0,3177,FULFILLED,ARS,12600.0,2646.0,1200.0,16446.0,20250302
1000004281,892,2,3.0,1866.0,3,PAID,ARS,52044.0,10929.24,0.0,62973.24,20250215
1000004282,1280,2,4.0,3822.0,4,FULFILLED,ARS,14962.5,3142.12,0.0,18104.62,20240501
1000004283,1129,1,,2774.0,2619,FULFILLED,ARS,44550.0,9355.5,1500.0,55405.5,20240222
1000004284,782,1,,,2665,FULFILLED,ARS,103305.0,21694.05,900.0,125899.05,20250719
1000004285,1038,1,,3141.0,2212,FULFILLED,ARS,27435.0,5761.35,1500.0,34696.35,20241206
1000004286,790,2,1.0,3646.0,1,FULFILLED,ARS,73755.0,15488.55,0.0,89243.55,20250117
1000004287,1430,2,4.0,2136.0,4,FULFILLED,ARS,46305.0,9724.05,0.0,56029.05,20240211
1000004288,85,1,,3278.0,2867,FULFILLED,ARS,23160.0,4863.6,900.0,28923.6,20240406
1000004289,15,1,,1542.0,4181,FULFILLED,ARS,57487.5,12072.38,1500.0,71059.88,20241205
1000004290,72,1,,2303.0,3576,FULFILLED,ARS,47250.0,9922.5,1200.0,58372.5,20241123
1000004291,636,2,4.0,3042.0,4,FULFILLED,ARS,37800.0,7938.0,0.0,45738.0,20240209
1000004292,1089,1,,1052.0,1571,FULFILLED,ARS,64500.0,13545.0,1200.0,79245.0,20250601
1000004293,791,1,,3759.0,1029,REFUNDED,ARS,10800.0,2268.0,900.0,13968.0,20250218
1000004294,144,2,1.0,2946.0,1,FULFILLED,ARS,33000.0,6930.0,0.0,39930.0,20241224
1000004295,1195,1,,1275.0,1323,FULFILLED,ARS,24300.0,5103.0,1200.0,30603.0,20240426
1000004296,901,1,,1976.0,3990,FULFILLED,ARS,21168.0,4445.28,1200.0,26813.28,20250201
1000004297,1320,2,2.0,2043.0,2,CREATED,ARS,11880.0,2494.8,0.0,14374.8,20240109
1000004298,306,1,,1880.0,2379,PAID,ARS,11970.0,2513.7,1200.0,15683.7,20240919
1000004299,28,2,1.0,2797.0,1,REFUNDED,ARS,23940.0,5027.4,0.0,28967.4,20240511
1000004300,884,2,4.0,1787.0,4,CANCELLED,ARS,44100.0,9261.0,0.0,53361.0,20241120
1000004301,382,2,3.0,1351.0,3,REFUNDED,ARS,68340.0,14351.4,0.0,82691.4,20240416
1000004302,1286,2,1.0,3641.0,1,PAID,ARS,16170.0,3395.7,0.0,19565.7,20240906
1000004303,156,2,1.0,1536.0,1,PAID,ARS,36180.0,7597.8,0.0,43777.8,20241212
1000004304,1119,1,,1152.0,3126,FULFILLED,ARS,32400.0,6804.0,1200.0,40404.0,20240819
1000004305,1395,2,2.0,2282.0,2,FULFILLED,ARS,25650.0,5386.5,0.0,31036.5,20240706
1000004306,402,1,,2082.0,3220,FULFILLED,ARS,11970.0,2513.7,1200.0,15683.7,20250721
1000004307,981,1,,1536.0,2488,FULFILLED,ARS,12936.0,2716.56,1500.0,17152.56,20241203
1000004308,1247,1,,1949.0,2600,PAID,ARS,49044.0,10299.24,1500.0,60843.24,20240213
1000004309,770,1,,3811.0,2929,FULFILLED,ARS,42750.0,8977.5,1200.0,52927.5,20250120
1000004310,1304,2,1.0,4175.0,1,FULFILLED,ARS,21600.0,4536.0,0.0,26136.0,20250227
1000004311,1486,1,,3969.0,2607,PAID,ARS,16500.0,3465.0,1500.0,21465.0,20241120
1000004312,475,2,2.0,2404.0,2,FULFILLED,ARS,10260.0,2154.6,0.0,12414.6,20250107
1000004313,305,2,2.0,1625.0,2,PAID,ARS,27300.0,5733.0,0.0,33033.0,20250612
1000004314,1484,2,1.0,2660.0,1,FULFILLED,ARS,24300.0,5103.0,0.0,29403.0,20241019
1000004315,829,1,,1235.0,1138,FULFILLED,ARS,31350.0,6583.5,1200.0,39133.5,20240619
1000004316,1373,1,,3540.0,1757,PAID,ARS,29400.0,6174.0,900.0,36474.0,20250305
1000004317,539,1,,,1736,FULFILLED,ARS,10800.0,2268.0,1200.0,14268.0,20250921
1000004318,1388,1,,2803.0,2706,PAID,ARS,14700.0,3087.0,900.0,18687.0,20240430
1000004319,475,1,,3590.0,3951,FULFILLED,ARS,25200.0,5292.0,0.0,30492.0,20240905
1000004320,1441,1,,1542.0,1267,FULFILLED,ARS,11400.0,2394.0,1500.0,15294.0,20240710
1000004321,1252,2,2.0,3948.0,2,FULFILLED,ARS,36936.0,7756.56,0.0,44692.56,20240407
1000004322,384,1,,2806.0,1565,FULFILLED,ARS,34200.0,7182.0,900.0,42282.0,20240814
1000004323,329,2,3.0,2559.0,3,PAID,ARS,24000.0,5040.0,0.0,29040.0,20250113
1000004324,542,1,,2324.0,2594,FULFILLED,ARS,31350.0,6583.5,1500.0,39433.5,20240218
1000004325,139,1,,1062.0,2468,FULFILLED,ARS,60000.0,12600.0,1200.0,73800.0,20240905
1000004326,936,2,4.0,3198.0,4,PAID,ARS,50280.0,10558.8,0.0,60838.8,20240927
1000004327,547,2,3.0,1873.0,3,REFUNDED,ARS,29400.0,6174.0,0.0,35574.0,20250118
1000004328,378,1,,1958.0,3161,FULFILLED,ARS,16170.0,3395.7,1200.0,20765.7,20250805
1000004329,37,1,,3534.0,3455,FULFILLED,ARS,15000.0,3150.0,900.0,19050.0,20240131
1000004330,1467,1,,3526.0,3824,REFUNDED,ARS,56025.0,11765.25,900.0,68690.25,20241105
1000004331,1113,2,2.0,1631.0,2,FULFILLED,ARS,76128.0,15986.88,0.0,92114.88,20241105
1000004332,450,1,,1223.0,3001,FULFILLED,ARS,13500.0,2835.0,1200.0,17535.0,20240111
1000004333,822,1,,3196.0,2104,FULFILLED,ARS,24000.0,5040.0,900.0,29940.0,20241004
1000004334,155,1,,,4096,FULFILLED,ARS,48450.0,10174.5,1500.0,60124.5,20240322
1000004335,1307,1,,3051.0,2337,CANCELLED,ARS,42840.0,8996.4,900.0,52736.4,20240225
1000004336,112,1,,,1686,FULFILLED,ARS,24000.0,5040.0,1200.0,30240.0,20250712
1000004337,1089,1,,2235.0,3033,FULFILLED,ARS,27000.0,5670.0,900.0,33570.0,20240419
1000004338,1321,2,4.0,1936.0,4,FULFILLED,ARS,16170.0,3395.7,0.0,19565.7,20240318
1000004339,611,1,,1846.0,3712,FULFILLED,ARS,74700.0,15687.0,900.0,91287.0,20240618
1000004340,168,1,,2890.0,2239,FULFILLED,ARS,13500.0,2835.0,1200.0,17535.0,20240215
1000004341,851,1,,,2995,PAID,ARS,43968.0,9233.28,1200.0,54401.28,20250524
1000004342,626,1,,2922.0,2531,FULFILLED,ARS,73920.0,15523.2,900.0,90343.2,20240903
1000004343,1459,1,,1115.0,2586,CANCELLED,ARS,34200.0,7182.0,1200.0,42582.0,20240729
1000004344,1290,1,,1187.0,2501,PAID,ARS,30000.0,6300.0,0.0,36300.0,20241109
1000004345,1340,2,1.0,,1,FULFILLED,ARS,34200.0,7182.0,0.0,41382.0,20241014
1000004346,943,1,,1398.0,3237,REFUNDED,ARS,94980.0,19945.8,1200.0,116125.8,20250120
1000004347,99,1,,3008.0,1135,FULFILLED,ARS,35280.0,7408.8,900.0,43588.8,20250903
1000004348,704,1,,3031.0,1984,FULFILLED,ARS,9720.0,2041.2,900.0,12661.2,20250201
1000004349,1248,1,,,3442,FULFILLED,ARS,24696.0,5186.16,1200.0,31082.16,20250511
1000004350,507,2,2.0,4123.0,2,FULFILLED,ARS,14700.0,3087.0,0.0,17787.0,20250411
1000004351,37,1,,1562.0,1656,REFUNDED,ARS,34200.0,7182.0,900.0,42282.0,20240712
1000004352,1090,2,1.0,1221.0,1,FULFILLED,ARS,62010.0,13022.1,0.0,75032.1,20250420
1000004353,23,1,,4071.0,3504,PAID,ARS,48195.0,10120.95,900.0,59215.95,20241215
1000004354,959,1,,1199.0,2169,REFUNDED,ARS,35910.0,7541.1,0.0,43451.1,20241125
1000004355,819,2,1.0,,1,CANCELLED,ARS,14700.0,3087.0,0.0,17787.0,20250408
1000004356,927,2,1.0,2327.0,1,FULFILLED,ARS,65400.0,13734.0,0.0,79134.0,20250718
1000004357,860,2,3.0,4139.0,3,FULFILLED,ARS,30000.0,6300.0,0.0,36300.0,20240515
1000004358,1189,2,1.0,3634.0,1,FULFILLED,ARS,26598.0,5585.58,0.0,32183.58,20250422
1000004359,916,1,,2985.0,3481,FULFILLED,ARS,14700.0,3087.0,900.0,18687.0,20240527
1000004360,292,1,,3594.0,1844,CANCELLED,ARS,30000.0,6300.0,1200.0,37500.0,20250930
1000004361,488,2,1.0,,1,FULFILLED,ARS,29700.0,6237.0,0.0,35937.0,20250215
1000004362,536,1,,4164.0,3209,FULFILLED,ARS,15675.0,3291.75,1500.0,20466.75,20241229
1000004363,1237,1,,2009.0,3444,FULFILLED,ARS,38475.0,8079.75,1200.0,47754.75,20241004
1000004364,1023,2,3.0,1398.0,3,FULFILLED,ARS,69900.0,14679.0,0.0,84579.0,20250120
1000004365,1234,1,,1478.0,2333,PAID,ARS,35280.0,7408.8,1200.0,43888.8,20240713
1000004366,245,1,,4043.0,3842,FULFILLED,ARS,30780.0,6463.8,0.0,37243.8,20250719
1000004367,298,2,1.0,1681.0,1,PAID,ARS,24000.0,5040.0,0.0,29040.0,20240910
1000004368,36,1,,3361.0,3942,FULFILLED,ARS,24696.0,5186.16,1200.0,31082.16,20240227
1000004369,1262,1,,3603.0,2264,CANCELLED,ARS,25260.0,5304.6,1500.0,32064.6,20250208
1000004370,518,1,,1163.0,1955,FULFILLED,ARS,24000.0,5040.0,900.0,29940.0,20240918
1000004371,882,2,1.0,,1,FULFILLED,ARS,12150.0,2551.5,0.0,14701.5,20250715
1000004372,301,1,,2367.0,2380,REFUNDED,ARS,21600.0,4536.0,1200.0,27336.0,20250712
1000004373,1159,2,2.0,3949.0,2,FULFILLED,ARS,29400.0,6174.0,0.0,35574.0,20250614
1000004374,605,1,,2966.0,3437,CANCELLED,ARS,23625.0,4961.25,900.0,29486.25,20250228
1000004375,55,1,,2522.0,1453,CANCELLED,ARS,36000.0,7560.0,900.0,44460.0,20240221
1000004376,1126,1,,1699.0,2252,PAID,ARS,22800.0,4788.0,0.0,27588.0,20250212
1000004377,449,1,,2029.0,2171,FULFILLED,ARS,32400.0,6804.0,900.0,40104.0,20240322
1000004378,1424,1,,4031.0,1666,FULFILLED,ARS,28350.0,5953.5,1200.0,35503.5,20250706
1000004379,68,2,3.0,1456.0,3,FULFILLED,ARS,36000.0,7560.0,0.0,43560.0,20240502
1000004380,303,1,,1341.0,2865,FULFILLED,ARS,29925.0,6284.25,1200.0,37409.25,20250401
1000004381,1338,2,2.0,1839.0,2,FULFILLED,ARS,29700.0,6237.0,0.0,35937.0,20240714
1000004382,1256,2,3.0,,3,FULFILLED,ARS,9720.0,2041.2,0.0,11761.2,20250103
1000004383,1111,1,,1258.0,1363,FULFILLED,ARS,44250.0,9292.5,900.0,54442.5,20240911
1000004384,1487,1,,2682.0,3891,FULFILLED,ARS,44100.0,9261.0,1200.0,54561.0,20250803
1000004385,715,1,,1224.0,2757,FULFILLED,ARS,29400.0,6174.0,1200.0,36774.0,20250406
1000004386,818,1,,3896.0,3156,CANCELLED,ARS,29400.0,6174.0,1200.0,36774.0,20250125
1000004387,1365,1,,3907.0,2362,REFUNDED,ARS,66600.0,13986.0,900.0,81486.0,20240709
1000004388,1465,1,,3127.0,3219,CANCELLED,ARS,24696.0,5186.16,1200.0,31082.16,20240529
1000004389,1215,1,,2443.0,3256,FULFILLED,ARS,30780.0,6463.8,900.0,38143.8,20250507
1000004390,522,1,,2530.0,2389,FULFILLED,ARS,15750.0,3307.5,900.0,19957.5,20250717
1000004391,943,1,,3975.0,1994,FULFILLED,ARS,58620.0,12310.2,900.0,71830.2,20240524
1000004392,358,1,,4083.0,1130,FULFILLED,ARS,15000.0,3150.0,900.0,19050.0,20250914
1000004393,253,2,1.0,1929.0,1,FULFILLED,ARS,31500.0,6615.0,0.0,38115.0,20240218
1000004394,96,1,,,1889,PAID,ARS,33000.0,6930.0,1500.0,41430.0,20241102
1000004395,335,2,3.0,,3,PAID,ARS,27000.0,5670.0,0.0,32670.0,20240701
1000004396,166,2,1.0,1830.0,1,PAID,ARS,12000.0,2520.0,0.0,14520.0,20240923
1000004397,606,1,,2916.0,3670,FULFILLED,ARS,12348.0,2593.08,900.0,15841.08,20250104
1000004398,1198,1,,3929.0,1132,FULFILLED,ARS,32400.0,6804.0,0.0,39204.0,20250805
1000004399,981,2,1.0,2046.0,1,FULFILLED,ARS,45120.0,9475.2,0.0,54595.2,20250718
1000004400,85,1,,2674.0,2498,FULFILLED,ARS,12600.0,2646.0,1500.0,16746.0,20250401
1000004401,644,2,3.0,1633.0,3,CANCELLED,ARS,50520.0,10609.2,0.0,61129.2,20240606
1000004402,227,1,,3119.0,3422,FULFILLED,ARS,23520.0,4939.2,1200.0,29659.2,20250409
1000004403,491,1,,2577.0,3067,FULFILLED,ARS,39690.0,8334.9,1200.0,49224.9,20241130
1000004404,96,1,,2061.0,2133,FULFILLED,ARS,74400.0,15624.0,1200.0,91224.0,20240127
1000004405,1233,2,1.0,2053.0,1,FULFILLED,ARS,10584.0,2222.64,0.0,12806.64,20250412
1000004406,581,1,,,3444,PAID,ARS,29160.0,6123.6,900.0,36183.6,20250811
1000004407,1044,1,,2966.0,3031,FULFILLED,ARS,11340.0,2381.4,0.0,13721.4,20250302
1000004408,501,1,,3486.0,1199,FULFILLED,ARS,13500.0,2835.0,900.0,17235.0,20240611
1000004409,733,1,,1353.0,3434,FULFILLED,ARS,27000.0,5670.0,0.0,32670.0,20250516
1000004410,298,1,,3726.0,2008,FULFILLED,ARS,24510.0,5147.1,1200.0,30857.1,20240128
1000004411,858,1,,2068.0,2093,CANCELLED,ARS,45000.0,9450.0,900.0,55350.0,20250621
1000004412,689,2,2.0,4185.0,2,FULFILLED,ARS,46305.0,9724.05,0.0,56029.05,20240315
1000004413,331,1,,3148.0,3943,CANCELLED,ARS,56647.5,11895.98,900.0,69443.48,20240130
1000004414,1134,1,,3046.0,1891,FULFILLED,ARS,40500.0,8505.0,1500.0,50505.0,20250728
1000004415,638,1,,2331.0,1383,FULFILLED,ARS,42630.0,8952.3,1200.0,52782.3,20240217
1000004416,499,2,1.0,1936.0,1,FULFILLED,ARS,45000.0,9450.0,0.0,54450.0,20250404
1000004417,588,1,,3174.0,3437,FULFILLED,ARS,36000.0,7560.0,900.0,44460.0,20240924
1000004418,716,2,1.0,1710.0,1,FULFILLED,ARS,67620.0,14200.2,0.0,81820.2,20250511
1000004419,495,2,4.0,1094.0,4,FULFILLED,ARS,79800.0,16758.0,0.0,96558.0,20240910
1000004420,1370,1,,1124.0,3653,FULFILLED,ARS,45000.0,9450.0,1200.0,55650.0,20250430
1000004421,617,1,,2042.0,4007,FULFILLED,ARS,68400.0,14364.0,900.0,83664.0,20250424
1000004422,246,1,,1706.0,2185,FULFILLED,ARS,12825.0,2693.25,900.0,16418.25,20250317
1000004423,208,1,,,2186,FULFILLED,ARS,44100.0,9261.0,1500.0,54861.0,20250614
1000004424,732,1,,1291.0,3596,PAID,ARS,35640.0,7484.4,1200.0,44324.4,20240506
1000004425,61,1,,3918.0,2031,FULFILLED,ARS,85200.0,17892.0,900.0,103992.0,20250809
1000004426,546,1,,,3492,FULFILLED,ARS,10260.0,2154.6,1500.0,13914.6,20250215
1000004427,973,1,,1458.0,1551,PAID,ARS,42750.0,8977.5,1200.0,52927.5,20250912
1000004428,1058,2,2.0,3432.0,2,FULFILLED,ARS,56430.0,11850.3,0.0,68280.3,20240203
1000004429,665,1,,2019.0,1119,PAID,ARS,15435.0,3241.35,900.0,19576.35,20250225
1000004430,1168,1,,3451.0,4001,FULFILLED,ARS,34200.0,7182.0,1200.0,42582.0,20250328
1000004431,41,2,4.0,3920.0,4,FULFILLED,ARS,15435.0,3241.35,0.0,18676.35,20240628
1000004432,677,1,,1234.0,3004,FULFILLED,ARS,11340.0,2381.4,900.0,14621.4,20240420
1000004433,404,1,,3862.0,1165,FULFILLED,ARS,29160.0,6123.6,900.0,36183.6,20250402
1000004434,642,2,4.0,3692.0,4,FULFILLED,ARS,24000.0,5040.0,0.0,29040.0,20240812
1000004435,896,1,,,1789,FULFILLED,ARS,42348.0,8893.08,900.0,52141.08,20240318
1000004436,555,2,2.0,3866.0,2,FULFILLED,ARS,58350.0,12253.5,0.0,70603.5,20250529
1000004437,423,1,,4042.0,1897,FULFILLED,ARS,26400.0,5544.0,1500.0,33444.0,20240705
1000004438,694,1,,1015.0,3487,FULFILLED,ARS,48444.0,10173.24,1200.0,59817.24,20240908
1000004439,1299,2,3.0,3686.0,3,PAID,ARS,14250.0,2992.5,0.0,17242.5,20250613
1000004440,1373,2,3.0,3938.0,3,FULFILLED,ARS,24300.0,5103.0,0.0,29403.0,20240404
1000004441,1037,1,,2714.0,3499,CANCELLED,ARS,65175.0,13686.75,900.0,79761.75,20250731
1000004442,302,1,,3901.0,2944,FULFILLED,ARS,30000.0,6300.0,900.0,37200.0,20250907
1000004443,940,1,,4062.0,2988,FULFILLED,ARS,58500.0,12285.0,900.0,71685.0,20240722
1000004444,714,1,,2263.0,2790,CANCELLED,ARS,14250.0,2992.5,1200.0,18442.5,20250920
1000004445,1026,2,1.0,1322.0,1,REFUNDED,ARS,13500.0,2835.0,0.0,16335.0,20241215
1000004446,259,2,3.0,,3,FULFILLED,ARS,21600.0,4536.0,0.0,26136.0,20241226
1000004447,430,2,1.0,1855.0,1,FULFILLED,ARS,23520.0,4939.2,0.0,28459.2,20240607
1000004448,1017,2,4.0,4102.0,4,FULFILLED,ARS,14250.0,2992.5,0.0,17242.5,20240717
1000004449,26,1,,3711.0,3216,FULFILLED,ARS,14850.0,3118.5,1500.0,19468.5,20250110
1000004450,736,2,4.0,3977.0,4,FULFILLED,ARS,87750.0,18427.5,0.0,106177.5,20240228
1000004451,1481,1,,,2406,FULFILLED,ARS,24696.0,5186.16,1200.0,31082.16,20250209
1000004452,1483,1,,2750.0,2853,FULFILLED,ARS,78300.0,16443.0,900.0,95643.0,20250428
1000004453,522,2,3.0,3887.0,3,FULFILLED,ARS,82305.0,17284.05,0.0,99589.05,20240810
1000004454,1450,2,4.0,,4,FULFILLED,ARS,12000.0,2520.0,0.0,14520.0,20240625
1000004455,1033,1,,2552.0,3178,FULFILLED,ARS,26460.0,5556.6,1500.0,33516.6,20240221
1000004456,957,1,,3905.0,4153,FULFILLED,ARS,22800.0,4788.0,1200.0,28788.0,20240720
1000004457,1363,1,,1172.0,1120,FULFILLED,ARS,13200.0,2772.0,900.0,16872.0,20250210
1000004458,1300,1,,1241.0,2873,FULFILLED,ARS,34020.0,7144.2,1200.0,42364.2,20250315
1000004459,620,2,1.0,3307.0,1,CANCELLED,ARS,23760.0,4989.6,0.0,28749.6,20250610
1000004460,1024,2,4.0,1865.0,4,PAID,ARS,14250.0,2992.5,0.0,17242.5,20240703
1000004461,995,1,,1108.0,1113,PAID,ARS,12348.0,2593.08,1200.0,16141.08,20250316
1000004462,119,1,,2897.0,2200,FULFILLED,ARS,42750.0,8977.5,900.0,52627.5,20250414
1000004463,124,2,4.0,4196.0,4,FULFILLED,ARS,15000.0,3150.0,0.0,18150.0,20250507
1000004464,603,1,,3950.0,2302,FULFILLED,ARS,34200.0,7182.0,1200.0,42582.0,20250417
1000004465,500,2,2.0,1413.0,2,FULFILLED,ARS,13500.0,2835.0,0.0,16335.0,20250623
1000004466,1464,2,4.0,3792.0,4,REFUNDED,ARS,112338.0,23590.98,0.0,135928.98,20240202
1000004467,515,1,,1118.0,1909,FULFILLED,ARS,54750.0,11497.5,1500.0,67747.5,20250815
1000004468,359,1,,2390.0,3285,FULFILLED,ARS,42750.0,8977.5,900.0,52627.5,20240822
1000004469,207,1,,,1458,CANCELLED,ARS,49500.0,10395.0,900.0,60795.0,20250209
1000004470,362,1,,2089.0,3853,FULFILLED,ARS,14962.5,3142.12,1500.0,19604.62,20240523
1000004471,254,1,,3323.0,1647,PAID,ARS,42750.0,8977.5,1200.0,52927.5,20241004
1000004472,809,1,,3349.0,1256,REFUNDED,ARS,23520.0,4939.2,900.0,29359.2,20241114
1000004473,494,1,,3003.0,3636,CANCELLED,ARS,88440.0,18572.4,1200.0,108212.4,20250820
1000004474,879,2,1.0,2137.0,1,REFUNDED,ARS,35280.0,7408.8,0.0,42688.8,20250113
1000004475,159,1,,,1583,REFUNDED,ARS,82800.0,17388.0,1200.0,101388.0,20250706
1000004476,1074,2,4.0,1210.0,4,FULFILLED,ARS,22800.0,4788.0,0.0,27588.0,20240501
1000004477,29,2,4.0,1755.0,4,FULFILLED,ARS,29160.0,6123.6,0.0,35283.6,20240328
1000004478,338,1,,,3057,FULFILLED,ARS,45000.0,9450.0,1200.0,55650.0,20250924
1000004479,751,1,,2388.0,3,FULFILLED,ARS,54600.0,11466.0,900.0,66966.0,20240117
1000004480,1461,1,,3710.0,1425,FULFILLED,ARS,15000.0,3150.0,900.0,19050.0,20250125
1000004481,772,1,,3255.0,1039,PAID,ARS,27000.0,5670.0,1200.0,33870.0,20240508
1000004482,878,1,,1037.0,1969,PAID,ARS,34200.0,7182.0,900.0,42282.0,20250703
1000004483,332,1,,2663.0,2152,FULFILLED,ARS,102045.0,21429.45,1500.0,124974.45,20240730
1000004484,464,2,2.0,1086.0,2,FULFILLED,ARS,40200.0,8442.0,0.0,48642.0,20240204
1000004485,1146,1,,2591.0,2150,PAID,ARS,10800.0,2268.0,1200.0,14268.0,20240928
1000004486,1212,2,4.0,1726.0,4,FULFILLED,ARS,12000.0,2520.0,0.0,14520.0,20250621
1000004487,1050,2,4.0,3129.0,4,FULFILLED,ARS,11400.0,2394.0,0.0,13794.0,20240509
1000004488,938,1,,1169.0,3855,FULFILLED,ARS,38722.5,8131.72,1200.0,48054.22,20250912
1000004489,300,1,,1488.0,4184,FULFILLED,ARS,13500.0,2835.0,0.0,16335.0,20250308
1000004490,992,1,,3800.0,4021,PAID,ARS,34200.0,7182.0,1200.0,42582.0,20241224
1000004491,447,2,1.0,2974.0,1,FULFILLED,ARS,28500.0,5985.0,0.0,34485.0,20241003
1000004492,957,2,1.0,3265.0,1,FULFILLED,ARS,116010.0,24362.1,0.0,140372.1,20250803
1000004493,472,2,4.0,3191.0,4,FULFILLED,ARS,12600.0,2646.0,0.0,15246.0,20241018
1000004494,1304,2,4.0,2540.0,4,FULFILLED,ARS,13500.0,2835.0,0.0,16335.0,20250711
1000004495,254,1,,3545.0,3379,FULFILLED,ARS,71280.0,14968.8,1500.0,87748.8,20250901
1000004496,1125,2,1.0,2433.0,1,FULFILLED,ARS,31752.0,6667.92,0.0,38419.92,20250130
1000004497,107,1,,1676.0,2559,FULFILLED,ARS,44100.0,9261.0,900.0,54261.0,20250921
1000004498,1237,1,,,3194,FULFILLED,ARS,56400.0,11844.0,900.0,69144.0,20250517
1000004499,293,2,4.0,1282.0,4,FULFILLED,ARS,35910.0,7541.1,0.0,43451.1,20241226
1000004500,879,2,1.0,4045.0,1,FULFILLED,ARS,12600.0,2646.0,0.0,15246.0,20240824
1000004501,246,1,,3016.0,2945,PAID,ARS,11400.0,2394.0,1200.0,14994.0,20240723
1000004502,1032,2,1.0,1550.0,1,FULFILLED,ARS,31350.0,6583.5,0.0,37933.5,20250514
1000004503,1021,2,2.0,1309.0,2,CANCELLED,ARS,56175.0,11796.75,0.0,67971.75,20240711
1000004504,1024,1,,,1266,PAID,ARS,63300.0,13293.0,1500.0,78093.0,20240407
1000004505,525,2,2.0,3569.0,2,PAID,ARS,32400.0,6804.0,0.0,39204.0,20250406
1000004506,1080,1,,3548.0,4004,FULFILLED,ARS,81000.0,17010.0,0.0,98010.0,20240909
1000004507,610,2,4.0,1020.0,4,FULFILLED,ARS,52272.0,10977.12,0.0,63249.12,20240605
1000004508,485,1,,1509.0,2814,PAID,ARS,45000.0,9450.0,1200.0,55650.0,20240918
1000004509,1034,1,,,1822,FULFILLED,ARS,14250.0,2992.5,900.0,18142.5,20240401
1000004510,61,2,1.0,1965.0,1,PAID,ARS,49530.0,10401.3,0.0,59931.3,20240615
1000004511,801,2,1.0,3416.0,1,FULFILLED,ARS,43968.0,9233.28,0.0,53201.28,20241008
1000004512,382,1,,3.0,4151,FULFILLED,ARS,65280.0,13708.8,900.0,79888.8,20240606
1000004513,774,1,,4018.0,1128,FULFILLED,ARS,24000.0,5040.0,1200.0,30240.0,20250827
1000004514,634,2,1.0,1004.0,1,CANCELLED,ARS,25872.0,5433.12,0.0,31305.12,20240331
1000004515,1029,1,,3697.0,2921,REFUNDED,ARS,42750.0,8977.5,900.0,52627.5,20250102
1000004516,1363,1,,2580.0,3175,CANCELLED,ARS,27000.0,5670.0,900.0,33570.0,20240106
1000004517,690,2,2.0,3527.0,2,FULFILLED,ARS,30780.0,6463.8,0.0,37243.8,20240308
1000004518,178,1,,1011.0,3496,PAID,ARS,25650.0,5386.5,1200.0,32236.5,20240524
1000004519,811,2,1.0,2082.0,1,REFUNDED,ARS,48600.0,10206.0,0.0,58806.0,20250827
1000004520,251,1,,1004.0,3613,FULFILLED,ARS,93555.0,19646.55,900.0,114101.55,20241218
1000004521,70,1,,1335.0,1633,PAID,ARS,12600.0,2646.0,0.0,15246.0,20240914
1000004522,1281,2,1.0,3592.0,1,PAID,ARS,40500.0,8505.0,0.0,49005.0,20250627
1000004523,435,1,,3691.0,3775,FULFILLED,ARS,29160.0,6123.6,900.0,36183.6,20241217
1000004524,383,1,,1389.0,2826,FULFILLED,ARS,37620.0,7900.2,900.0,46420.2,20250523
1000004525,34,1,,3236.0,3772,FULFILLED,ARS,34800.0,7308.0,1200.0,43308.0,20250123
1000004526,217,2,2.0,2196.0,2,CANCELLED,ARS,24000.0,5040.0,0.0,29040.0,20240229
1000004527,851,2,1.0,1514.0,1,FULFILLED,ARS,23760.0,4989.6,0.0,28749.6,20240511
1000004528,1428,2,3.0,2588.0,3,FULFILLED,ARS,11760.0,2469.6,0.0,14229.6,20240904
1000004529,1448,1,,,1854,FULFILLED,ARS,22734.0,4774.14,900.0,28408.14,20241029
1000004530,1383,2,1.0,,1,FULFILLED,ARS,74808.0,15709.68,0.0,90517.68,20240409
1000004531,1497,2,1.0,3730.0,1,FULFILLED,ARS,11760.0,2469.6,0.0,14229.6,20241020
1000004532,661,2,2.0,1717.0,2,PAID,ARS,26400.0,5544.0,0.0,31944.0,20250209
1000004533,1165,1,,1191.0,3018,FULFILLED,ARS,15000.0,3150.0,1200.0,19350.0,20240501
1000004534,145,2,4.0,,4,REFUNDED,ARS,32400.0,6804.0,0.0,39204.0,20241105
1000004535,961,1,,1780.0,2920,FULFILLED,ARS,32340.0,6791.4,900.0,40031.4,20240222
1000004536,960,1,,1225.0,2859,FULFILLED,ARS,29160.0,6123.6,1500.0,36783.6,20250221
1000004537,1270,2,4.0,1712.0,4,FULFILLED,ARS,73755.0,15488.55,0.0,89243.55,20250305
1000004538,508,1,,3202.0,3860,FULFILLED,ARS,57780.0,12133.8,1500.0,71413.8,20250627
1000004539,1232,2,4.0,3872.0,4,FULFILLED,ARS,43200.0,9072.0,0.0,52272.0,20250219
1000004540,1494,2,3.0,,3,FULFILLED,ARS,37800.0,7938.0,0.0,45738.0,20240405
1000004541,422,2,1.0,1887.0,1,PAID,ARS,30000.0,6300.0,0.0,36300.0,20250107
1000004542,1157,1,,2864.0,2241,CANCELLED,ARS,22800.0,4788.0,1500.0,29088.0,20240527
1000004543,154,1,,1158.0,2103,REFUNDED,ARS,32400.0,6804.0,1200.0,40404.0,20240125
1000004544,394,2,1.0,1705.0,1,REFUNDED,ARS,10584.0,2222.64,0.0,12806.64,20250521
1000004545,394,2,1.0,,1,FULFILLED,ARS,61200.0,12852.0,0.0,74052.0,20250215
1000004546,153,2,4.0,,4,CANCELLED,ARS,44100.0,9261.0,0.0,53361.0,20250730
1000004547,1465,2,4.0,3270.0,4,REFUNDED,ARS,11760.0,2469.6,0.0,14229.6,20250622
1000004548,461,2,4.0,3755.0,4,FULFILLED,ARS,34200.0,7182.0,0.0,41382.0,20250912
1000004549,900,2,4.0,2067.0,4,FULFILLED,ARS,10260.0,2154.6,0.0,12414.6,20241119
1000004550,852,1,,2603.0,1337,FULFILLED,ARS,12000.0,2520.0,900.0,15420.0,20250518
1000004551,1015,2,2.0,2773.0,2,FULFILLED,ARS,63300.0,13293.0,0.0,76593.0,20240701
1000004552,1385,2,2.0,,2,FULFILLED,ARS,58590.0,12303.9,0.0,70893.9,20250825
1000004553,1311,1,,3338.0,3646,PAID,ARS,76500.0,16065.0,1200.0,93765.0,20240319
1000004554,1034,1,,1693.0,4112,FULFILLED,ARS,27000.0,5670.0,900.0,33570.0,20241231
1000004555,384,1,,1166.0,2186,FULFILLED,ARS,57720.0,12121.2,0.0,69841.2,20250317
1000004556,744,1,,1534.0,1126,FULFILLED,ARS,55200.0,11592.0,900.0,67692.0,20250724
1000004557,932,2,4.0,2102.0,4,FULFILLED,ARS,48720.0,10231.2,0.0,58951.2,20241010
1000004558,640,1,,1531.0,3973,FULFILLED,ARS,12000.0,2520.0,1200.0,15720.0,20241204
1000004559,930,2,2.0,2930.0,2,FULFILLED,ARS,21600.0,4536.0,0.0,26136.0,20250727
1000004560,1164,1,,1454.0,1536,CANCELLED,ARS,81030.0,17016.3,1500.0,99546.3,20250324
1000004561,700,1,,1308.0,2466,FULFILLED,ARS,73950.0,15529.5,900.0,90379.5,20240523
1000004562,608,1,,2471.0,3537,FULFILLED,ARS,32400.0,6804.0,0.0,39204.0,20240326
1000004563,1076,1,,1395.0,1702,FULFILLED,ARS,14700.0,3087.0,1500.0,19287.0,20250220
1000004564,113,2,1.0,2697.0,1,FULFILLED,ARS,30000.0,6300.0,0.0,36300.0,20250715
1000004565,883,1,,1266.0,1039,PAID,ARS,44100.0,9261.0,0.0,53361.0,20240917
1000004566,177,1,,2237.0,2126,FULFILLED,ARS,50085.0,10517.85,900.0,61502.85,20250219
1000004567,609,1,,1203.0,3741,PAID,ARS,25650.0,5386.5,1200.0,32236.5,20240909
1000004568,688,2,2.0,2397.0,2,FULFILLED,ARS,74550.0,15655.5,0.0,90205.5,20240814
1000004569,438,1,,1119.0,1300,REFUNDED,ARS,27000.0,5670.0,1200.0,33870.0,20250526
1000004570,315,1,,3017.0,2331,PAID,ARS,32400.0,6804.0,0.0,39204.0,20240624
1000004571,67,2,2.0,1713.0,2,CANCELLED,ARS,40920.0,8593.2,0.0,49513.2,20240208
1000004572,868,2,1.0,3113.0,1,FULFILLED,ARS,68400.0,14364.0,0.0,82764.0,20250608
1000004573,110,1,,1695.0,2772,FULFILLED,ARS,36600.0,7686.0,900.0,45186.0,20241221
1000004574,482,2,3.0,4045.0,3,FULFILLED,ARS,32400.0,6804.0,0.0,39204.0,20250407
1000004575,684,2,1.0,1971.0,1,PAID,ARS,12150.0,2551.5,0.0,14701.5,20240511
1000004576,1116,1,,3430.0,4102,FULFILLED,ARS,69480.0,14590.8,1200.0,85270.8,20240927
1000004577,371,1,,3949.0,1495,FULFILLED,ARS,45120.0,9475.2,900.0,55495.2,20250919
1000004578,20,1,,2113.0,1004,FULFILLED,ARS,47250.0,9922.5,900.0,58072.5,20250713
1000004579,488,1,,1495.0,3014,FULFILLED,ARS,46500.0,9765.0,1200.0,57465.0,20240821
1000004580,539,1,,3681.0,3734,FULFILLED,ARS,42600.0,8946.0,1500.0,53046.0,20240117
1000004581,1183,2,3.0,3107.0,3,FULFILLED,ARS,47496.0,9974.16,0.0,57470.16,20240731
1000004582,145,2,4.0,3745.0,4,CANCELLED,ARS,24000.0,5040.0,0.0,29040.0,20240925
1000004583,1296,1,,3159.0,3545,FULFILLED,ARS,40500.0,8505.0,0.0,49005.0,20240928
1000004584,713,1,,3920.0,3598,FULFILLED,ARS,12000.0,2520.0,900.0,15420.0,20240426
1000004585,541,1,,2517.0,4040,FULFILLED,ARS,12936.0,2716.56,1200.0,16852.56,20241213
1000004586,157,2,1.0,2708.0,1,FULFILLED,ARS,65700.0,13797.0,0.0,79497.0,20250328
1000004587,1370,1,,4149.0,3106,FULFILLED,ARS,14250.0,2992.5,1200.0,18442.5,20240930
1000004588,1455,2,3.0,2237.0,3,PAID,ARS,11970.0,2513.7,0.0,14483.7,20250712
1000004589,657,2,1.0,1856.0,1,FULFILLED,ARS,30000.0,6300.0,0.0,36300.0,20250220
1000004590,955,2,4.0,2363.0,4,FULFILLED,ARS,76650.0,16096.5,0.0,92746.5,20250806
1000004591,84,2,4.0,3120.0,4,FULFILLED,ARS,34200.0,7182.0,0.0,41382.0,20240419
1000004592,900,2,1.0,,1,FULFILLED,ARS,10800.0,2268.0,0.0,13068.0,20240903
1000004593,479,1,,1538.0,3745,FULFILLED,ARS,47700.0,10017.0,900.0,58617.0,20250702
1000004594,164,1,,3393.0,1598,PAID,ARS,35640.0,7484.4,900.0,44024.4,20250104
1000004595,255,2,2.0,4003.0,2,FULFILLED,ARS,24000.0,5040.0,0.0,29040.0,20250517
1000004596,733,1,,1573.0,1743,FULFILLED,ARS,28350.0,5953.5,1200.0,35503.5,20250916
1000004597,192,2,1.0,3709.0,1,FULFILLED,ARS,31752.0,6667.92,0.0,38419.92,20250813
1000004598,1083,2,2.0,1184.0,2,FULFILLED,ARS,24510.0,5147.1,0.0,29657.1,20250114
1000004599,780,2,4.0,1785.0,4,FULFILLED,ARS,27000.0,5670.0,0.0,32670.0,20250330
1000004600,242,1,,2517.0,3085,FULFILLED,ARS,20520.0,4309.2,1200.0,26029.2,20240826
1000004601,555,1,,1143.0,1162,PAID,ARS,42750.0,8977.5,900.0,52627.5,20240702
1000004602,256,1,,1838.0,1788,FULFILLED,ARS,16500.0,3465.0,1200.0,21165.0,20250203
1000004603,635,1,,,3275,PAID,ARS,39690.0,8334.9,1200.0,49224.9,20240301
1000004604,349,2,3.0,1934.0,3,FULFILLED,ARS,44784.0,9404.64,0.0,54188.64,20240715
1000004605,306,1,,3030.0,2524,FULFILLED,ARS,14700.0,3087.0,1200.0,18987.0,20250221
1000004606,969,2,3.0,2562.0,3,FULFILLED,ARS,61200.0,12852.0,0.0,74052.0,20240113
1000004607,1180,2,3.0,3021.0,3,CANCELLED,ARS,22800.0,4788.0,0.0,27588.0,20240905
1000004608,37,1,,1097.0,1387,FULFILLED,ARS,98505.0,20686.05,1500.0,120691.05,20240407
1000004609,846,1,,1942.0,1365,FULFILLED,ARS,11760.0,2469.6,1200.0,15429.6,20250825
1000004610,329,1,,3371.0,3774,FULFILLED,ARS,37044.0,7779.24,1200.0,46023.24,20240720
1000004611,140,2,3.0,3718.0,3,FULFILLED,ARS,25872.0,5433.12,0.0,31305.12,20240801
1000004612,163,2,2.0,3134.0,2,FULFILLED,ARS,24000.0,5040.0,0.0,29040.0,20250509
1000004613,86,1,,3427.0,1788,PAID,ARS,24000.0,5040.0,1500.0,30540.0,20250206
1000004614,521,2,2.0,3841.0,2,FULFILLED,ARS,13500.0,2835.0,0.0,16335.0,20240915
1000004615,487,1,,1955.0,3733,REFUNDED,ARS,27000.0,5670.0,1200.0,33870.0,20250730
1000004616,639,2,2.0,3838.0,2,FULFILLED,ARS,42750.0,8977.5,0.0,51727.5,20250902
1000004617,1191,1,,,3062,FULFILLED,ARS,15000.0,3150.0,900.0,19050.0,20240729
1000004618,1377,2,4.0,3141.0,4,PAID,ARS,12000.0,2520.0,0.0,14520.0,20250113
1000004619,286,2,4.0,3982.0,4,FULFILLED,ARS,14700.0,3087.0,0.0,17787.0,20240411
1000004620,1324,2,3.0,2886.0,3,CREATED,ARS,47250.0,9922.5,0.0,57172.5,20250524
1000004621,702,2,1.0,1987.0,1,FULFILLED,ARS,31500.0,6615.0,0.0,38115.0,20240906
1000004622,694,1,,1637.0,2289,FULFILLED,ARS,24300.0,5103.0,900.0,30303.0,20240118
1000004623,665,2,1.0,2814.0,1,FULFILLED,ARS,38475.0,8079.75,0.0,46554.75,20250919
1000004624,244,2,1.0,2237.0,1,FULFILLED,ARS,66000.0,13860.0,0.0,79860.0,20240216
1000004625,585,1,,1549.0,1719,FULFILLED,ARS,24000.0,5040.0,900.0,29940.0,20250425
1000004626,651,1,,1468.0,1557,FULFILLED,ARS,13230.0,2778.3,1200.0,17208.3,20250717
1000004627,1408,1,,2874.0,3995,FULFILLED,ARS,22680.0,4762.8,900.0,28342.8,20250202
1000004628,339,2,2.0,3889.0,2,FULFILLED,ARS,35280.0,7408.8,0.0,42688.8,20250517
1000004629,1110,2,3.0,2137.0,3,FULFILLED,ARS,15000.0,3150.0,0.0,18150.0,20240127
1000004630,1311,2,4.0,2137.0,4,FULFILLED,ARS,32400.0,6804.0,0.0,39204.0,20250422
1000004631,827,1,,2805.0,2464,CANCELLED,ARS,11760.0,2469.6,900.0,15129.6,20240224
1000004632,1382,1,,2787.0,1394,FULFILLED,ARS,86512.5,18167.62,900.0,105580.12,20250901
1000004633,554,1,,3211.0,3421,FULFILLED,ARS,61560.0,12927.6,0.0,74487.6,20241220
1000004634,710,1,,3592.0,2831,FULFILLED,ARS,21600.0,4536.0,1200.0,27336.0,20240531
1000004635,1085,1,,3584.0,2378,FULFILLED,ARS,14250.0,2992.5,1200.0,18442.5,20250120
1000004636,449,1,,2772.0,2313,FULFILLED,ARS,21600.0,4536.0,1200.0,27336.0,20240601
1000004637,1359,1,,2565.0,2836,FULFILLED,ARS,39600.0,8316.0,0.0,47916.0,20240108
1000004638,956,1,,3102.0,4113,FULFILLED,ARS,14175.0,2976.75,0.0,17151.75,20250224
1000004639,143,2,4.0,2506.0,4,FULFILLED,ARS,25872.0,5433.12,0.0,31305.12,20240903
1000004640,12,1,,2735.0,3611,PAID,ARS,21600.0,4536.0,900.0,27036.0,20240319
1000004641,29,1,,,2349,FULFILLED,ARS,23760.0,4989.6,1500.0,30249.6,20240115
1000004642,688,1,,3040.0,3349,FULFILLED,ARS,11400.0,2394.0,1200.0,14994.0,20250927
1000004643,991,2,4.0,,4,PAID,ARS,25080.0,5266.8,0.0,30346.8,20240409
1000004644,468,2,4.0,1576.0,4,CANCELLED,ARS,21600.0,4536.0,0.0,26136.0,20250314
1000004645,650,1,,2735.0,3139,FULFILLED,ARS,36000.0,7560.0,0.0,43560.0,20240724
1000004646,1002,1,,3886.0,2395,FULFILLED,ARS,22800.0,4788.0,900.0,28488.0,20240713
1000004647,539,1,,1490.0,4083,FULFILLED,ARS,31500.0,6615.0,1500.0,39615.0,20241126
1000004648,397,2,3.0,3816.0,3,FULFILLED,ARS,38475.0,8079.75,0.0,46554.75,20240201
1000004649,1059,2,1.0,4089.0,1,REFUNDED,ARS,30000.0,6300.0,0.0,36300.0,20240918
1000004650,363,1,,,2392,FULFILLED,ARS,12000.0,2520.0,900.0,15420.0,20240526
1000004651,806,2,4.0,2556.0,4,PAID,ARS,29160.0,6123.6,0.0,35283.6,20240821
1000004652,949,2,4.0,1116.0,4,FULFILLED,ARS,72000.0,15120.0,0.0,87120.0,20240509
1000004653,837,1,,3082.0,1776,FULFILLED,ARS,37044.0,7779.24,900.0,45723.24,20240621
1000004654,1035,2,3.0,,3,CANCELLED,ARS,12540.0,2633.4,0.0,15173.4,20250322
1000004655,485,1,,1786.0,1890,FULFILLED,ARS,11760.0,2469.6,1200.0,15429.6,20241207
1000004656,778,1,,2649.0,2291,PAID,ARS,39690.0,8334.9,1500.0,49524.9,20250410
1000004657,1076,1,,3091.0,3922,PAID,ARS,34200.0,7182.0,900.0,42282.0,20240725
1000004658,658,1,,1486.0,1899,FULFILLED,ARS,26362.5,5536.12,1200.0,33098.62,20240927
1000004659,1402,1,,3808.0,3034,CREATED,ARS,55462.5,11647.12,1500.0,68609.62,20240322
1000004660,303,1,,3612.0,2660,CREATED,ARS,10800.0,2268.0,900.0,13968.0,20250408
1000004661,1078,1,,4097.0,3775,CANCELLED,ARS,35910.0,7541.1,900.0,44351.1,20250612
1000004662,1388,2,3.0,3578.0,3,FULFILLED,ARS,61320.0,12877.2,0.0,74197.2,20250503
1000004663,1286,2,2.0,1321.0,2,FULFILLED,ARS,32400.0,6804.0,0.0,39204.0,20241017
1000004664,703,2,3.0,,3,FULFILLED,ARS,12348.0,2593.08,0.0,14941.08,20240709
1000004665,250,2,4.0,3894.0,4,FULFILLED,ARS,22800.0,4788.0,0.0,27588.0,20250913
1000004666,781,1,,,1089,FULFILLED,ARS,36036.0,7567.56,0.0,43603.56,20240130
1000004667,1033,2,1.0,2417.0,1,FULFILLED,ARS,24696.0,5186.16,0.0,29882.16,20250209
1000004668,1255,1,,1302.0,2099,FULFILLED,ARS,14700.0,3087.0,900.0,18687.0,20240518
1000004669,703,1,,2871.0,1076,FULFILLED,ARS,20520.0,4309.2,1200.0,26029.2,20250923
1000004670,824,1,,2854.0,1622,PAID,ARS,34020.0,7144.2,1500.0,42664.2,20240714
1000004671,863,1,,1860.0,3149,FULFILLED,ARS,42750.0,8977.5,1200.0,52927.5,20241130
1000004672,348,1,,2564.0,3431,FULFILLED,ARS,40500.0,8505.0,1500.0,50505.0,20250630
1000004673,1186,2,4.0,2438.0,4,FULFILLED,ARS,32400.0,6804.0,0.0,39204.0,20240827
1000004674,618,2,4.0,2835.0,4,FULFILLED,ARS,12825.0,2693.25,0.0,15518.25,20250805
1000004675,244,2,4.0,3158.0,4,PAID,ARS,15000.0,3150.0,0.0,18150.0,20240312
1000004676,1082,1,,1923.0,2440,PAID,ARS,37800.0,7938.0,1500.0,47238.0,20250920
1000004677,97,1,,1403.0,2508,CREATED,ARS,35640.0,7484.4,900.0,44024.4,20241008
1000004678,502,2,1.0,,1,FULFILLED,ARS,14250.0,2992.5,0.0,17242.5,20250308
1000004679,284,1,,4137.0,1885,REFUNDED,ARS,23520.0,4939.2,1200.0,29659.2,20240527
1000004680,1112,1,,2039.0,1005,FULFILLED,ARS,42750.0,8977.5,1500.0,53227.5,20250111
1000004681,864,2,3.0,3849.0,3,FULFILLED,ARS,24000.0,5040.0,0.0,29040.0,20250924
1000004682,1288,2,1.0,1365.0,1,FULFILLED,ARS,56160.0,11793.6,0.0,67953.6,20250801
1000004683,1169,1,,2154.0,1933,FULFILLED,ARS,11400.0,2394.0,900.0,14694.0,20240225
1000004684,1271,1,,2851.0,3029,FULFILLED,ARS,29400.0,6174.0,900.0,36474.0,20240514
1000004685,996,2,1.0,1571.0,1,FULFILLED,ARS,46305.0,9724.05,0.0,56029.05,20240923
1000004686,737,2,1.0,2010.0,1,PAID,ARS,25872.0,5433.12,0.0,31305.12,20240609
1000004687,467,1,,3304.0,3472,FULFILLED,ARS,35775.0,7512.75,900.0,44187.75,20250224
1000004688,232,1,,3831.0,3849,FULFILLED,ARS,38760.0,8139.6,1200.0,48099.6,20250421
1000004689,808,1,,3847.0,2216,FULFILLED,ARS,76575.0,16080.75,900.0,93555.75,20240920
1000004690,1141,1,,2384.0,1676,FULFILLED,ARS,12000.0,2520.0,900.0,15420.0,20240413
1000004691,363,2,3.0,1983.0,3,FULFILLED,ARS,14700.0,3087.0,0.0,17787.0,20240604
1000004692,720,1,,2746.0,2399,PAID,ARS,72600.0,15246.0,0.0,87846.0,20250518
1000004693,507,1,,2233.0,3899,FULFILLED,ARS,52500.0,11025.0,1200.0,64725.0,20250502
1000004694,1040,1,,3004.0,3134,PAID,ARS,63858.0,13410.18,900.0,78168.18,20240620
1000004695,180,1,,3006.0,1284,REFUNDED,ARS,26400.0,5544.0,900.0,32844.0,20250821
1000004696,1385,2,3.0,1075.0,3,FULFILLED,ARS,10800.0,2268.0,0.0,13068.0,20240323
1000004697,185,2,4.0,1578.0,4,FULFILLED,ARS,11400.0,2394.0,0.0,13794.0,20250815
1000004698,238,1,,1277.0,4146,REFUNDED,ARS,25080.0,5266.8,0.0,30346.8,20240304
1000004699,536,1,,2855.0,4185,FULFILLED,ARS,34200.0,7182.0,1200.0,42582.0,20240313
1000004700,1229,1,,3091.0,1602,FULFILLED,ARS,35910.0,7541.1,900.0,44351.1,20250920
1000004701,814,1,,4031.0,2959,FULFILLED,ARS,24696.0,5186.16,1500.0,31382.16,20250611
1000004702,1055,1,,2572.0,2162,FULFILLED,ARS,42525.0,8930.25,900.0,52355.25,20250512
1000004703,1196,1,,1083.0,1030,CANCELLED,ARS,11400.0,2394.0,1200.0,14994.0,20240411
1000004704,1068,2,3.0,3824.0,3,PAID,ARS,49365.0,10366.65,0.0,59731.65,20241125
1000004705,865,2,2.0,1620.0,2,FULFILLED,ARS,29400.0,6174.0,0.0,35574.0,20241026
1000004706,1331,1,,1583.0,3661,FULFILLED,ARS,50100.0,10521.0,1200.0,61821.0,20250516
1000004707,299,1,,1832.0,1906,FULFILLED,ARS,23520.0,4939.2,1200.0,29659.2,20240127
1000004708,1394,2,4.0,1728.0,4,FULFILLED,ARS,29250.0,6142.5,0.0,35392.5,20240719
1000004709,912,2,1.0,3564.0,1,FULFILLED,ARS,36000.0,7560.0,0.0,43560.0,20250401
1000004710,858,1,,3907.0,1556,FULFILLED,ARS,34200.0,7182.0,1500.0,42882.0,20250206
1000004711,899,2,4.0,4185.0,4,REFUNDED,ARS,60768.0,12761.28,0.0,73529.28,20240309
1000004712,229,2,2.0,1791.0,2,FULFILLED,ARS,27000.0,5670.0,0.0,32670.0,20250209
1000004713,134,2,1.0,2368.0,1,CREATED,ARS,24000.0,5040.0,0.0,29040.0,20250819
1000004714,657,1,,1644.0,3060,FULFILLED,ARS,92844.0,19497.24,900.0,113241.24,20240722
1000004715,210,1,,1823.0,1412,FULFILLED,ARS,39984.0,8396.64,0.0,48380.64,20250303
1000004716,1400,1,,1946.0,1941,PAID,ARS,11340.0,2381.4,1200.0,14921.4,20240924
1000004717,23,2,1.0,2840.0,1,FULFILLED,ARS,91152.0,19141.92,0.0,110293.92,20240628
1000004718,339,2,1.0,2573.0,1,FULFILLED,ARS,25200.0,5292.0,0.0,30492.0,20250804
1000004719,1043,2,2.0,2044.0,2,FULFILLED,ARS,12150.0,2551.5,0.0,14701.5,20240716
1000004720,829,1,,2668.0,2132,FULFILLED,ARS,45000.0,9450.0,1200.0,55650.0,20240809
1000004721,932,2,1.0,3101.0,1,CANCELLED,ARS,40650.0,8536.5,0.0,49186.5,20250307
1000004722,433,2,1.0,1215.0,1,FULFILLED,ARS,12540.0,2633.4,0.0,15173.4,20240415
1000004723,1280,2,2.0,1984.0,2,REFUNDED,ARS,42525.0,8930.25,0.0,51455.25,20250605
1000004724,1463,2,1.0,3660.0,1,FULFILLED,ARS,30870.0,6482.7,0.0,37352.7,20240608
1000004725,1314,2,2.0,4131.0,2,FULFILLED,ARS,13500.0,2835.0,0.0,16335.0,20240611
1000004726,812,1,,1096.0,3149,FULFILLED,ARS,44100.0,9261.0,900.0,54261.0,20240503
1000004727,1159,2,4.0,2881.0,4,FULFILLED,ARS,14700.0,3087.0,0.0,17787.0,20250805
1000004728,1424,1,,,3114,FULFILLED,ARS,29400.0,6174.0,1200.0,36774.0,20250123
1000004729,276,1,,,1697,CANCELLED,ARS,44400.0,9324.0,900.0,54624.0,20250313
1000004730,132,2,2.0,1080.0,2,PAID,ARS,40500.0,8505.0,0.0,49005.0,20250402
1000004731,270,2,3.0,1528.0,3,REFUNDED,ARS,10800.0,2268.0,0.0,13068.0,20250831
1000004732,779,2,1.0,3897.0,1,PAID,ARS,38700.0,8127.0,0.0,46827.0,20250311
1000004733,1015,2,4.0,3327.0,4,PAID,ARS,44550.0,9355.5,0.0,53905.5,20240511
1000004734,314,2,3.0,3326.0,3,FULFILLED,ARS,10260.0,2154.6,0.0,12414.6,20250203
1000004735,1489,1,,3411.0,2985,PAID,ARS,33000.0,6930.0,0.0,39930.0,20240514
1000004736,425,1,,3371.0,2130,FULFILLED,ARS,37044.0,7779.24,1500.0,46323.24,20240716
1000004737,157,2,1.0,2997.0,1,REFUNDED,ARS,35100.0,7371.0,0.0,42471.0,20240729
1000004738,1421,2,2.0,1320.0,2,FULFILLED,ARS,73305.0,15394.05,0.0,88699.05,20250814
1000004739,384,1,,,2689,FULFILLED,ARS,21600.0,4536.0,0.0,26136.0,20250105
1000004740,1336,2,2.0,1829.0,2,FULFILLED,ARS,35280.0,7408.8,0.0,42688.8,20240227
1000004741,1330,1,,,3797,FULFILLED,ARS,60900.0,12789.0,0.0,73689.0,20240719
1000004742,943,1,,3366.0,3157,FULFILLED,ARS,76500.0,16065.0,0.0,92565.0,20241103
1000004743,225,1,,4152.0,4132,PAID,ARS,35280.0,7408.8,900.0,43588.8,20250308
1000004744,784,2,4.0,1957.0,4,CANCELLED,ARS,58500.0,12285.0,0.0,70785.0,20250307
1000004745,1209,2,4.0,1704.0,4,FULFILLED,ARS,32400.0,6804.0,0.0,39204.0,20250704
1000004746,339,1,,3964.0,2546,PAID,ARS,37620.0,7900.2,900.0,46420.2,20250922
1000004747,920,2,2.0,3829.0,2,REFUNDED,ARS,51948.0,10909.08,0.0,62857.08,20240812
1000004748,627,1,,1837.0,3810,FULFILLED,ARS,27000.0,5670.0,900.0,33570.0,20250203
1000004749,261,2,2.0,2017.0,2,PAID,ARS,59025.0,12395.25,0.0,71420.25,20240609
1000004750,672,1,,,2569,FULFILLED,ARS,70200.0,14742.0,0.0,84942.0,20240609
1000004751,1350,1,,1385.0,1331,CANCELLED,ARS,57720.0,12121.2,1500.0,71341.2,20241018
1000004752,259,2,3.0,2409.0,3,FULFILLED,ARS,44370.0,9317.7,0.0,53687.7,20250428
1000004753,1354,2,4.0,3433.0,4,FULFILLED,ARS,35400.0,7434.0,0.0,42834.0,20241127
1000004754,1310,1,,1165.0,2377,FULFILLED,ARS,78300.0,16443.0,1200.0,95943.0,20250518
1000004755,1224,2,2.0,1368.0,2,FULFILLED,ARS,21600.0,4536.0,0.0,26136.0,20250603
1000004756,850,1,,,1977,PAID,ARS,22800.0,4788.0,1200.0,28788.0,20240701
1000004757,1284,2,1.0,,1,FULFILLED,ARS,12825.0,2693.25,0.0,15518.25,20240420
1000004758,1127,2,1.0,1911.0,1,FULFILLED,ARS,15675.0,3291.75,0.0,18966.75,20250426
1000004759,133,2,2.0,1721.0,2,FULFILLED,ARS,32400.0,6804.0,0.0,39204.0,20250105
1000004760,1154,1,,1347.0,2399,CREATED,ARS,14700.0,3087.0,900.0,18687.0,20250106
1000004761,73,2,4.0,2860.0,4,CANCELLED,ARS,24000.0,5040.0,0.0,29040.0,20250428
1000004762,1222,1,,4042.0,4146,FULFILLED,ARS,15750.0,3307.5,1500.0,20557.5,20240904
1000004763,119,1,,2970.0,2312,FULFILLED,ARS,12000.0,2520.0,1200.0,15720.0,20240203
1000004764,1190,2,2.0,,2,FULFILLED,ARS,23940.0,5027.4,0.0,28967.4,20250621
1000004765,1500,1,,2745.0,2732,FULFILLED,ARS,28500.0,5985.0,1200.0,35685.0,20240414
1000004766,148,2,3.0,1780.0,3,FULFILLED,ARS,37800.0,7938.0,0.0,45738.0,20240325
1000004767,233,1,,2408.0,3565,FULFILLED,ARS,25080.0,5266.8,1200.0,31546.8,20240826
1000004768,685,1,,3720.0,1521,FULFILLED,ARS,12000.0,2520.0,1200.0,15720.0,20240112
1000004769,1183,2,1.0,3639.0,1,FULFILLED,ARS,25080.0,5266.8,0.0,30346.8,20250831
1000004770,427,2,1.0,,1,FULFILLED,ARS,25200.0,5292.0,0.0,30492.0,20240111
1000004771,996,1,,3532.0,2660,FULFILLED,ARS,42750.0,8977.5,0.0,51727.5,20240328
1000004772,74,2,1.0,1980.0,1,FULFILLED,ARS,44100.0,9261.0,0.0,53361.0,20240216
1000004773,407,1,,3810.0,1288,CREATED,ARS,39975.0,8394.75,900.0,49269.75,20250516
1000004774,1121,1,,3378.0,3436,FULFILLED,ARS,28500.0,5985.0,900.0,35385.0,20240709
1000004775,1209,1,,3917.0,1559,FULFILLED,ARS,21600.0,4536.0,900.0,27036.0,20250222
1000004776,494,1,,3609.0,4049,FULFILLED,ARS,91608.0,19237.68,0.0,110845.68,20240501
1000004777,1026,1,,3469.0,1975,PAID,ARS,37044.0,7779.24,0.0,44823.24,20241111
1000004778,773,1,,1144.0,4089,FULFILLED,ARS,11400.0,2394.0,0.0,13794.0,20250806
1000004779,91,1,,1252.0,1921,PAID,ARS,9720.0,2041.2,900.0,12661.2,20250411
1000004780,301,1,,3345.0,2560,FULFILLED,ARS,22800.0,4788.0,1500.0,29088.0,20240803
1000004781,33,2,1.0,1409.0,1,FULFILLED,ARS,53040.0,11138.4,0.0,64178.4,20241012
1000004782,1480,1,,3082.0,4143,PAID,ARS,37500.0,7875.0,900.0,46275.0,20250611
1000004783,635,2,1.0,4079.0,1,FULFILLED,ARS,44100.0,9261.0,0.0,53361.0,20240627
1000004784,823,1,,1378.0,2414,FULFILLED,ARS,11760.0,2469.6,900.0,15129.6,20240716
1000004785,49,2,1.0,1153.0,1,FULFILLED,ARS,45000.0,9450.0,0.0,54450.0,20240723
1000004786,422,1,,3720.0,1381,FULFILLED,ARS,32400.0,6804.0,1200.0,40404.0,20240829
1000004787,649,2,2.0,,2,FULFILLED,ARS,32400.0,6804.0,0.0,39204.0,20250423
1000004788,351,2,4.0,,4,FULFILLED,ARS,31500.0,6615.0,0.0,38115.0,20241114
1000004789,1335,1,,3564.0,3814,CREATED,ARS,30000.0,6300.0,1200.0,37500.0,20241102
1000004790,382,2,2.0,2469.0,2,FULFILLED,ARS,19440.0,4082.4,0.0,23522.4,20250510
1000004791,1466,1,,3862.0,1468,FULFILLED,ARS,47250.0,9922.5,0.0,57172.5,20250411
1000004792,546,1,,2575.0,2894,FULFILLED,ARS,23760.0,4989.6,0.0,28749.6,20250613
1000004793,160,2,3.0,4079.0,3,REFUNDED,ARS,15000.0,3150.0,0.0,18150.0,20240630
1000004794,1075,2,4.0,3183.0,4,FULFILLED,ARS,35940.0,7547.4,0.0,43487.4,20240327
1000004795,455,2,1.0,1173.0,1,FULFILLED,ARS,30000.0,6300.0,0.0,36300.0,20241130
1000004796,241,1,,3927.0,1099,PAID,ARS,65790.0,13815.9,0.0,79605.9,20250101
1000004797,710,2,2.0,1224.0,2,REFUNDED,ARS,12000.0,2520.0,0.0,14520.0,20250329
1000004798,645,1,,2083.0,3677,FULFILLED,ARS,70200.0,14742.0,1200.0,86142.0,20250315
1000004799,367,2,2.0,1147.0,2,FULFILLED,ARS,43650.0,9166.5,0.0,52816.5,20240612
1000004800,890,2,4.0,2014.0,4,FULFILLED,ARS,72600.0,15246.0,0.0,87846.0,20241115
1000004801,927,1,,2344.0,1959,CANCELLED,ARS,23520.0,4939.2,900.0,29359.2,20250526
1000004802,133,1,,3648.0,3800,FULFILLED,ARS,34200.0,7182.0,0.0,41382.0,20250503
1000004803,524,2,2.0,2972.0,2,CANCELLED,ARS,59280.0,12448.8,0.0,71728.8,20250119
1000004804,635,1,,1196.0,3557,PAID,ARS,23520.0,4939.2,900.0,29359.2,20241104
1000004805,1206,1,,3662.0,2125,FULFILLED,ARS,26400.0,5544.0,1200.0,33144.0,20240626
1000004806,1461,1,,2520.0,2362,FULFILLED,ARS,37800.0,7938.0,0.0,45738.0,20240224
1000004807,601,1,,3359.0,1218,PAID,ARS,32400.0,6804.0,900.0,40104.0,20250403
1000004808,1057,1,,2116.0,2706,FULFILLED,ARS,34020.0,7144.2,1200.0,42364.2,20241220
1000004809,357,2,4.0,1536.0,4,FULFILLED,ARS,10800.0,2268.0,0.0,13068.0,20240807
1000004810,1261,1,,,1588,FULFILLED,ARS,32400.0,6804.0,900.0,40104.0,20240319
1000004811,26,1,,1487.0,1297,FULFILLED,ARS,24696.0,5186.16,900.0,30782.16,20250206
1000004812,588,2,3.0,2153.0,3,CANCELLED,ARS,32400.0,6804.0,0.0,39204.0,20250423
1000004813,17,1,,3009.0,2087,FULFILLED,ARS,22800.0,4788.0,900.0,28488.0,20240209
1000004814,730,1,,2921.0,1859,FULFILLED,ARS,30750.0,6457.5,1500.0,38707.5,20240507
1000004815,874,2,4.0,4105.0,4,REFUNDED,ARS,29400.0,6174.0,0.0,35574.0,20250713
1000004816,961,1,,3584.0,3449,CANCELLED,ARS,30870.0,6482.7,1200.0,38552.7,20250303
1000004817,1127,1,,3859.0,3087,FULFILLED,ARS,42750.0,8977.5,1500.0,53227.5,20240216
1000004818,1324,1,,1292.0,4000,PAID,ARS,42750.0,8977.5,1500.0,53227.5,20250215
1000004819,8,1,,2398.0,3121,REFUNDED,ARS,10800.0,2268.0,1200.0,14268.0,20241209
1000004820,906,2,3.0,2083.0,3,FULFILLED,ARS,24000.0,5040.0,0.0,29040.0,20240426
1000004821,807,1,,1331.0,2107,FULFILLED,ARS,35640.0,7484.4,900.0,44024.4,20250415
1000004822,1111,2,3.0,1121.0,3,FULFILLED,ARS,51900.0,10899.0,0.0,62799.0,20240814
1000004823,1279,1,,3953.0,3939,FULFILLED,ARS,40500.0,8505.0,900.0,49905.0,20240802
1000004824,728,1,,3378.0,1021,FULFILLED,ARS,58080.0,12196.8,1200.0,71476.8,20240609
1000004825,337,1,,3074.0,3508,FULFILLED,ARS,19440.0,4082.4,900.0,24422.4,20250225
1000004826,1302,1,,3103.0,1543,CANCELLED,ARS,39600.0,8316.0,1200.0,49116.0,20250930
1000004827,832,2,4.0,,4,FULFILLED,ARS,21600.0,4536.0,0.0,26136.0,20241009
1000004828,226,2,4.0,3046.0,4,PAID,ARS,14175.0,2976.75,0.0,17151.75,20250827
1000004829,810,2,2.0,3002.0,2,PAID,ARS,102300.0,21483.0,0.0,123783.0,20240520
1000004830,923,2,1.0,2886.0,1,FULFILLED,ARS,15675.0,3291.75,0.0,18966.75,20250205
1000004831,816,1,,,3967,FULFILLED,ARS,64440.0,13532.4,900.0,78872.4,20250530
1000004832,1205,1,,1380.0,3271,FULFILLED,ARS,91920.0,19303.2,1200.0,112423.2,20240318
1000004833,240,1,,3095.0,1841,FULFILLED,ARS,28500.0,5985.0,0.0,34485.0,20250116
1000004834,867,1,,3731.0,2246,FULFILLED,ARS,32928.0,6914.88,1200.0,41042.88,20240825
1000004835,60,2,3.0,4096.0,3,FULFILLED,ARS,44100.0,9261.0,0.0,53361.0,20250723
1000004836,676,1,,3223.0,2831,PAID,ARS,56448.0,11854.08,1200.0,69502.08,20241009
1000004837,1029,2,1.0,2717.0,1,FULFILLED,ARS,32400.0,6804.0,0.0,39204.0,20250702
1000004838,453,2,3.0,,3,PAID,ARS,30780.0,6463.8,0.0,37243.8,20240130
1000004839,1480,2,1.0,3146.0,1,CANCELLED,ARS,71880.0,15094.8,0.0,86974.8,20241130
1000004840,865,1,,,3189,FULFILLED,ARS,57540.0,12083.4,1200.0,70823.4,20241205
1000004841,922,1,,1600.0,1515,PAID,ARS,43170.0,9065.7,900.0,53135.7,20240120
1000004842,883,2,4.0,1440.0,4,FULFILLED,ARS,58800.0,12348.0,0.0,71148.0,20240331
1000004843,204,1,,1977.0,3158,FULFILLED,ARS,44550.0,9355.5,0.0,53905.5,20250330
1000004844,983,2,3.0,2331.0,3,CANCELLED,ARS,42900.0,9009.0,0.0,51909.0,20240327
1000004845,34,2,2.0,4144.0,2,FULFILLED,ARS,23520.0,4939.2,0.0,28459.2,20240725
1000004846,517,2,2.0,1191.0,2,FULFILLED,ARS,94500.0,19845.0,0.0,114345.0,20240914
1000004847,181,2,1.0,1601.0,1,PAID,ARS,28500.0,5985.0,0.0,34485.0,20240527
1000004848,477,2,2.0,2921.0,2,FULFILLED,ARS,27000.0,5670.0,0.0,32670.0,20250919
1000004849,344,1,,3937.0,1313,FULFILLED,ARS,21600.0,4536.0,1200.0,27336.0,20250812
1000004850,206,2,2.0,1021.0,2,FULFILLED,ARS,13500.0,2835.0,0.0,16335.0,20240229
1000004851,861,1,,1036.0,1299,FULFILLED,ARS,25080.0,5266.8,0.0,30346.8,20250221
1000004852,301,1,,4131.0,1158,PAID,ARS,16500.0,3465.0,1500.0,21465.0,20241014
1000004853,1130,2,3.0,1291.0,3,FULFILLED,ARS,66000.0,13860.0,0.0,79860.0,20250307
1000004854,1116,2,4.0,3177.0,4,FULFILLED,ARS,27000.0,5670.0,0.0,32670.0,20240528
1000004855,81,1,,2167.0,1137,FULFILLED,ARS,33000.0,6930.0,1200.0,41130.0,20250212
1000004856,954,2,4.0,4072.0,4,FULFILLED,ARS,80280.0,16858.8,0.0,97138.8,20241216
1000004857,77,2,2.0,,2,FULFILLED,ARS,15000.0,3150.0,0.0,18150.0,20250215
1000004858,549,2,3.0,2009.0,3,FULFILLED,ARS,40500.0,8505.0,0.0,49005.0,20241111
1000004859,547,2,3.0,1493.0,3,FULFILLED,ARS,21600.0,4536.0,0.0,26136.0,20240814
1000004860,991,2,3.0,2310.0,3,CANCELLED,ARS,43200.0,9072.0,0.0,52272.0,20241106
1000004861,605,1,,3703.0,3388,FULFILLED,ARS,46200.0,9702.0,900.0,56802.0,20240827
1000004862,249,2,3.0,,3,FULFILLED,ARS,26400.0,5544.0,0.0,31944.0,20240322
1000004863,547,2,3.0,1951.0,3,FULFILLED,ARS,35280.0,7408.8,0.0,42688.8,20240418
1000004864,1343,2,3.0,,3,FULFILLED,ARS,78525.0,16490.25,0.0,95015.25,20250828
1000004865,1498,1,,3847.0,1856,FULFILLED,ARS,67500.0,14175.0,0.0,81675.0,20241229
1000004866,1337,2,4.0,1545.0,4,FULFILLED,ARS,38475.0,8079.75,0.0,46554.75,20241216
1000004867,142,2,4.0,1641.0,4,CANCELLED,ARS,21600.0,4536.0,0.0,26136.0,20240726
1000004868,1390,2,4.0,1419.0,4,FULFILLED,ARS,23760.0,4989.6,0.0,28749.6,20240507
1000004869,1211,1,,3294.0,2358,REFUNDED,ARS,31350.0,6583.5,1200.0,39133.5,20240801
1000004870,1299,2,4.0,,4,FULFILLED,ARS,24000.0,5040.0,0.0,29040.0,20250605
1000004871,1351,2,1.0,1681.0,1,REFUNDED,ARS,14700.0,3087.0,0.0,17787.0,20250223
1000004872,638,1,,2901.0,3359,FULFILLED,ARS,62490.0,13122.9,1200.0,76812.9,20250907
1000004873,50,2,2.0,1283.0,2,FULFILLED,ARS,27750.0,5827.5,0.0,33577.5,20250611
1000004874,314,1,,3029.0,2098,FULFILLED,ARS,39658.5,8328.28,1200.0,49186.78,20241231
1000004875,1398,2,4.0,2087.0,4,FULFILLED,ARS,11340.0,2381.4,0.0,13721.4,20240129
1000004876,340,1,,,4015,FULFILLED,ARS,47250.0,9922.5,1200.0,58372.5,20240920
1000004877,1162,2,3.0,,3,FULFILLED,ARS,11400.0,2394.0,0.0,13794.0,20240510
1000004878,1500,2,4.0,1806.0,4,FULFILLED,ARS,15750.0,3307.5,0.0,19057.5,20240120
1000004879,1240,2,2.0,3854.0,2,FULFILLED,ARS,38475.0,8079.75,0.0,46554.75,20240821
1000004880,1251,2,3.0,2344.0,3,FULFILLED,ARS,40500.0,8505.0,0.0,49005.0,20250908
1000004881,1484,1,,3338.0,2843,FULFILLED,ARS,61608.0,12937.68,1200.0,75745.68,20240421
1000004882,395,1,,,2969,FULFILLED,ARS,27300.0,5733.0,900.0,33933.0,20250831
1000004883,839,2,4.0,1201.0,4,REFUNDED,ARS,68904.0,14469.84,0.0,83373.84,20241230
1000004884,643,1,,3550.0,3302,FULFILLED,ARS,58860.0,12360.6,1200.0,72420.6,20250812
1000004885,231,1,,2795.0,4022,FULFILLED,ARS,20520.0,4309.2,1200.0,26029.2,20240716
1000004886,69,1,,2967.0,3402,REFUNDED,ARS,23520.0,4939.2,1500.0,29959.2,20241020
1000004887,348,1,,,2657,FULFILLED,ARS,34200.0,7182.0,1200.0,42582.0,20241029
1000004888,621,1,,3572.0,3585,FULFILLED,ARS,35280.0,7408.8,1200.0,43888.8,20241005
1000004889,1138,2,1.0,2656.0,1,FULFILLED,ARS,42750.0,8977.5,0.0,51727.5,20240726
1000004890,1104,1,,3581.0,2365,FULFILLED,ARS,23520.0,4939.2,1500.0,29959.2,20240802
1000004891,302,1,,,3797,FULFILLED,ARS,22800.0,4788.0,1200.0,28788.0,20240806
1000004892,334,1,,,3217,FULFILLED,ARS,28500.0,5985.0,1200.0,35685.0,20250406
1000004893,660,2,2.0,4035.0,2,PAID,ARS,49500.0,10395.0,0.0,59895.0,20241204
1000004894,704,2,3.0,3005.0,3,PAID,ARS,27300.0,5733.0,0.0,33033.0,20250507
1000004895,201,1,,3748.0,2645,FULFILLED,ARS,29400.0,6174.0,1500.0,37074.0,20250123
1000004896,256,2,2.0,1628.0,2,FULFILLED,ARS,12600.0,2646.0,0.0,15246.0,20241206
1000004897,1136,1,,2959.0,1164,FULFILLED,ARS,14250.0,2992.5,1500.0,18742.5,20240125
1000004898,1059,1,,,1098,PAID,ARS,28500.0,5985.0,0.0,34485.0,20250827
1000004899,152,1,,1057.0,3740,FULFILLED,ARS,10800.0,2268.0,900.0,13968.0,20250818
1000004900,582,1,,1973.0,3888,FULFILLED,ARS,29160.0,6123.6,900.0,36183.6,20250413
1000004901,1138,1,,,1712,PAID,ARS,10800.0,2268.0,0.0,13068.0,20250130
1000004902,1154,1,,1834.0,1058,FULFILLED,ARS,44100.0,9261.0,1500.0,54861.0,20241022
1000004903,898,1,,1432.0,3140,FULFILLED,ARS,25200.0,5292.0,0.0,30492.0,20240811
1000004904,819,2,2.0,1707.0,2,PAID,ARS,11880.0,2494.8,0.0,14374.8,20240818
1000004905,497,1,,2941.0,2500,FULFILLED,ARS,26400.0,5544.0,1200.0,33144.0,20240121
1000004906,95,1,,2306.0,4187,CREATED,ARS,59700.0,12537.0,1200.0,73437.0,20250824
1000004907,423,2,3.0,3766.0,3,FULFILLED,ARS,44887.5,9426.38,0.0,54313.88,20250428
1000004908,548,2,1.0,2826.0,1,CANCELLED,ARS,34200.0,7182.0,0.0,41382.0,20240311
1000004909,234,2,1.0,1227.0,1,CREATED,ARS,47850.0,10048.5,0.0,57898.5,20250723
1000004910,63,1,,2378.0,2137,FULFILLED,ARS,34560.0,7257.6,900.0,42717.6,20241004
1000004911,1226,1,,2884.0,2519,CANCELLED,ARS,15000.0,3150.0,900.0,19050.0,20240710
1000004912,33,2,2.0,1689.0,2,FULFILLED,ARS,24696.0,5186.16,0.0,29882.16,20250512
1000004913,475,1,,2439.0,2780,FULFILLED,ARS,35880.0,7534.8,1200.0,44614.8,20240508
1000004914,1359,2,2.0,3102.0,2,FULFILLED,ARS,24696.0,5186.16,0.0,29882.16,20250914
1000004915,401,2,2.0,3025.0,2,REFUNDED,ARS,23520.0,4939.2,0.0,28459.2,20250208
1000004916,1189,1,,,2038,FULFILLED,ARS,32400.0,6804.0,900.0,40104.0,20250713
1000004917,824,2,4.0,3413.0,4,FULFILLED,ARS,12000.0,2520.0,0.0,14520.0,20250502
1000004918,648,1,,2495.0,1885,CANCELLED,ARS,28500.0,5985.0,1200.0,35685.0,20241125
1000004919,894,2,4.0,2099.0,4,FULFILLED,ARS,24000.0,5040.0,0.0,29040.0,20250722
1000004920,1227,1,,4053.0,1825,PAID,ARS,32400.0,6804.0,1200.0,40404.0,20240902
1000004921,817,2,2.0,3532.0,2,PAID,ARS,71887.5,15096.38,0.0,86983.88,20241013
1000004922,1335,2,2.0,3666.0,2,CANCELLED,ARS,64248.0,13492.08,0.0,77740.08,20241129
1000004923,1224,2,3.0,1963.0,3,CREATED,ARS,30000.0,6300.0,0.0,36300.0,20250619
1000004924,994,1,,3979.0,3283,FULFILLED,ARS,55500.0,11655.0,1200.0,68355.0,20240213
1000004925,1304,2,3.0,1487.0,3,PAID,ARS,15750.0,3307.5,0.0,19057.5,20240823
1000004926,329,2,4.0,1790.0,4,PAID,ARS,14250.0,2992.5,0.0,17242.5,20240227
1000004927,548,1,,2306.0,1389,FULFILLED,ARS,12150.0,2551.5,1200.0,15901.5,20240126
1000004928,942,1,,3461.0,2826,FULFILLED,ARS,35280.0,7408.8,1200.0,43888.8,20240408
1000004929,1276,2,2.0,1464.0,2,FULFILLED,ARS,23520.0,4939.2,0.0,28459.2,20250504
1000004930,112,2,3.0,3768.0,3,FULFILLED,ARS,14700.0,3087.0,0.0,17787.0,20250905
1000004931,1224,1,,2801.0,3624,REFUNDED,ARS,15000.0,3150.0,1200.0,19350.0,20250511
1000004932,1132,1,,1094.0,2815,FULFILLED,ARS,36000.0,7560.0,900.0,44460.0,20240309
1000004933,256,2,4.0,2570.0,4,FULFILLED,ARS,34020.0,7144.2,0.0,41164.2,20250509
1000004934,424,1,,1352.0,3972,PAID,ARS,32400.0,6804.0,1200.0,40404.0,20240827
1000004935,554,2,1.0,3941.0,1,PAID,ARS,54750.0,11497.5,0.0,66247.5,20240501
1000004936,724,2,2.0,1484.0,2,FULFILLED,ARS,21600.0,4536.0,0.0,26136.0,20240116
1000004937,821,1,,1796.0,3593,FULFILLED,ARS,32400.0,6804.0,900.0,40104.0,20241009
1000004938,1022,2,2.0,3160.0,2,REFUNDED,ARS,11760.0,2469.6,0.0,14229.6,20240423
1000004939,200,1,,3693.0,2746,FULFILLED,ARS,78750.0,16537.5,1200.0,96487.5,20250315
1000004940,191,1,,1433.0,3392,REFUNDED,ARS,21600.0,4536.0,1500.0,27636.0,20250816
1000004941,1079,2,3.0,3477.0,3,CANCELLED,ARS,35100.0,7371.0,0.0,42471.0,20250711
1000004942,656,2,1.0,3965.0,1,PAID,ARS,38475.0,8079.75,0.0,46554.75,20240912
1000004943,400,1,,2836.0,3369,FULFILLED,ARS,13500.0,2835.0,1200.0,17535.0,20240620
1000004944,578,1,,2150.0,2527,FULFILLED,ARS,25500.0,5355.0,1500.0,32355.0,20250219
1000004945,812,2,3.0,2763.0,3,FULFILLED,ARS,63420.0,13318.2,0.0,76738.2,20240310
1000004946,296,1,,2068.0,2137,FULFILLED,ARS,23940.0,5027.4,0.0,28967.4,20250317
1000004947,762,1,,3094.0,2947,CANCELLED,ARS,28350.0,5953.5,900.0,35203.5,20240530
1000004948,712,2,4.0,3913.0,4,FULFILLED,ARS,10800.0,2268.0,0.0,13068.0,20250623
1000004949,80,2,1.0,3931.0,1,FULFILLED,ARS,80475.0,16899.75,0.0,97374.75,20240506
1000004950,362,2,2.0,2708.0,2,FULFILLED,ARS,11400.0,2394.0,0.0,13794.0,20240621
1000004951,194,2,4.0,3304.0,4,FULFILLED,ARS,40500.0,8505.0,0.0,49005.0,20250705
1000004952,1028,1,,1728.0,1442,FULFILLED,ARS,27000.0,5670.0,900.0,33570.0,20250413
1000004953,20,1,,1466.0,1306,FULFILLED,ARS,69750.0,14647.5,900.0,85297.5,20240625
1000004954,16,1,,2003.0,4072,REFUNDED,ARS,25872.0,5433.12,1500.0,32805.12,20241025
1000004955,1453,1,,3097.0,3018,FULFILLED,ARS,27000.0,5670.0,1200.0,33870.0,20250517
1000004956,1465,1,,3315.0,2824,CANCELLED,ARS,56722.5,11911.72,900.0,69534.22,20240425
1000004957,147,1,,,1501,FULFILLED,ARS,28500.0,5985.0,900.0,35385.0,20240216
1000004958,144,2,2.0,3975.0,2,FULFILLED,ARS,67446.0,14163.66,0.0,81609.66,20250323
1000004959,1425,1,,2849.0,3176,CREATED,ARS,45030.0,9456.3,900.0,55386.3,20241203
1000004960,665,2,4.0,2396.0,4,FULFILLED,ARS,22800.0,4788.0,0.0,27588.0,20240823
1000004961,130,1,,1171.0,2893,PAID,ARS,37044.0,7779.24,1200.0,46023.24,20240114
1000004962,371,1,,2993.0,4181,FULFILLED,ARS,12348.0,2593.08,900.0,15841.08,20240908
1000004963,343,2,2.0,3568.0,2,FULFILLED,ARS,27000.0,5670.0,0.0,32670.0,20250514
1000004964,1281,2,4.0,2736.0,4,FULFILLED,ARS,10800.0,2268.0,0.0,13068.0,20250509
1000004965,1304,1,,1557.0,2802,CANCELLED,ARS,23520.0,4939.2,900.0,29359.2,20240725
1000004966,766,1,,2041.0,3099,FULFILLED,ARS,40200.0,8442.0,900.0,49542.0,20250124
1000004967,845,1,,1249.0,2249,FULFILLED,ARS,60435.0,12691.35,900.0,74026.35,20241107
1000004968,35,2,3.0,3318.0,3,CREATED,ARS,23520.0,4939.2,0.0,28459.2,20240430
1000004969,47,2,3.0,1346.0,3,FULFILLED,ARS,10260.0,2154.6,0.0,12414.6,20250330
1000004970,590,1,,3082.0,3698,CREATED,ARS,10800.0,2268.0,1200.0,14268.0,20250728
1000004971,28,1,,2477.0,4137,FULFILLED,ARS,13500.0,2835.0,1200.0,17535.0,20241022
1000004972,695,2,1.0,2597.0,1,FULFILLED,ARS,47400.0,9954.0,0.0,57354.0,20250507
1000004973,1013,1,,2799.0,1824,FULFILLED,ARS,61320.0,12877.2,1500.0,75697.2,20250228
1000004974,159,2,2.0,,2,FULFILLED,ARS,80280.0,16858.8,0.0,97138.8,20250728
1000004975,589,1,,3332.0,3991,FULFILLED,ARS,26970.0,5663.7,1200.0,33833.7,20250403
1000004976,833,1,,3058.0,1192,PAID,ARS,68400.0,14364.0,1500.0,84264.0,20250922
1000004977,211,1,,3549.0,1328,FULFILLED,ARS,29250.0,6142.5,1500.0,36892.5,20240919
1000004978,208,2,3.0,,3,FULFILLED,ARS,31500.0,6615.0,0.0,38115.0,20241021
1000004979,1025,2,4.0,1806.0,4,PAID,ARS,12150.0,2551.5,0.0,14701.5,20250523
1000004980,928,1,,,4016,FULFILLED,ARS,30000.0,6300.0,1200.0,37500.0,20240214
1000004981,852,1,,1622.0,3048,FULFILLED,ARS,39150.0,8221.5,1200.0,48571.5,20250322
1000004982,687,2,1.0,1151.0,1,FULFILLED,ARS,97980.0,20575.8,0.0,118555.8,20240215
1000004983,638,2,4.0,1874.0,4,CREATED,ARS,15750.0,3307.5,0.0,19057.5,20250730
1000004984,1094,1,,3770.0,3799,PAID,ARS,21600.0,4536.0,0.0,26136.0,20241201
1000004985,68,1,,1508.0,2402,FULFILLED,ARS,90780.0,19063.8,1200.0,111043.8,20240526
1000004986,1269,1,,2556.0,1797,FULFILLED,ARS,79740.0,16745.4,0.0,96485.4,20240716
1000004987,142,1,,1498.0,1892,FULFILLED,ARS,26460.0,5556.6,900.0,32916.6,20240214
1000004988,1205,1,,2008.0,3430,FULFILLED,ARS,38520.0,8089.2,0.0,46609.2,20241107
1000004989,460,1,,1448.0,3165,CANCELLED,ARS,80250.0,16852.5,900.0,98002.5,20240203
1000004990,859,2,3.0,3722.0,3,FULFILLED,ARS,10800.0,2268.0,0.0,13068.0,20250418
1000004991,1144,2,2.0,,2,FULFILLED,ARS,21168.0,4445.28,0.0,25613.28,20240601
1000004992,145,2,1.0,3558.0,1,CREATED,ARS,32400.0,6804.0,0.0,39204.0,20240730
1000004993,1204,2,4.0,,4,FULFILLED,ARS,14250.0,2992.5,0.0,17242.5,20240423
1000004994,896,1,,2458.0,1614,FULFILLED,ARS,49230.0,10338.3,0.0,59568.3,20250517
1000004995,1144,1,,,1189,FULFILLED,ARS,10800.0,2268.0,1200.0,14268.0,20241017
1000004996,1007,2,4.0,2993.0,4,FULFILLED,ARS,34200.0,7182.0,0.0,41382.0,20250704
1000004997,964,1,,,1570,FULFILLED,ARS,24000.0,5040.0,1200.0,30240.0,20250609
1000004998,496,1,,1054.0,1023,FULFILLED,ARS,29400.0,6174.0,0.0,35574.0,20240511
1000004999,483,2,4.0,2836.0,4,FULFILLED,ARS,44700.0,9387.0,0.0,54087.0,20241023
1000005000,418,1,,2600.0,3343,FULFILLED,ARS,45000.0,9450.0,900.0,55350.0,20240727
1000005001,18,1,,2243.0,3617,FULFILLED,ARS,42000.0,8820.0,900.0,51720.0,20250717
1000005002,1104,1,,2162.0,1267,CREATED,ARS,64440.0,13532.4,900.0,78872.4,20240304
1000005003,706,1,,1949.0,2448,FULFILLED,ARS,10584.0,2222.64,1500.0,14306.64,20250204
1000005004,460,1,,3103.0,1688,FULFILLED,ARS,91860.0,19290.6,900.0,112050.6,20250721
1000005005,1424,1,,1176.0,3505,FULFILLED,ARS,14700.0,3087.0,1200.0,18987.0,20240111
1000005006,519,1,,4100.0,1309,FULFILLED,ARS,23400.0,4914.0,1500.0,29814.0,20240313
1000005007,57,2,3.0,1356.0,3,FULFILLED,ARS,77400.0,16254.0,0.0,93654.0,20250117
1000005008,1013,1,,,2953,FULFILLED,ARS,31752.0,6667.92,900.0,39319.92,20240724
1000005009,497,1,,3314.0,1337,FULFILLED,ARS,44100.0,9261.0,900.0,54261.0,20250207
1000005010,724,1,,1506.0,1750,FULFILLED,ARS,15000.0,3150.0,1500.0,19650.0,20241229
1000005011,1211,2,4.0,1535.0,4,PAID,ARS,27000.0,5670.0,0.0,32670.0,20240505
1000005012,978,1,,2496.0,4167,FULFILLED,ARS,36000.0,7560.0,1200.0,44760.0,20240925
1000005013,67,2,4.0,3858.0,4,FULFILLED,ARS,30000.0,6300.0,0.0,36300.0,20240916
1000005014,694,2,4.0,2517.0,4,REFUNDED,ARS,35520.0,7459.2,0.0,42979.2,20250209
1000005015,4,1,,3616.0,3111,FULFILLED,ARS,34200.0,7182.0,900.0,42282.0,20241221
1000005016,434,1,,2177.0,3105,PAID,ARS,24000.0,5040.0,900.0,29940.0,20250210
1000005017,385,1,,1134.0,3005,FULFILLED,ARS,11760.0,2469.6,0.0,14229.6,20250204
1000005018,539,2,1.0,2168.0,1,FULFILLED,ARS,19440.0,4082.4,0.0,23522.4,20240926
1000005019,306,1,,1288.0,2230,CANCELLED,ARS,74520.0,15649.2,1200.0,91369.2,20240526
1000005020,441,1,,1560.0,3234,PAID,ARS,31920.0,6703.2,900.0,39523.2,20241221
1000005021,1090,1,,2554.0,1802,FULFILLED,ARS,68190.0,14319.9,1200.0,83709.9,20241224
1000005022,1405,1,,,1163,REFUNDED,ARS,14700.0,3087.0,1500.0,19287.0,20250406
1000005023,712,1,,3089.0,1393,FULFILLED,ARS,28140.0,5909.4,1200.0,35249.4,20240201
1000005024,66,1,,2266.0,4178,CANCELLED,ARS,12600.0,2646.0,900.0,16146.0,20240520
1000005025,788,2,2.0,3204.0,2,FULFILLED,ARS,24000.0,5040.0,0.0,29040.0,20241019
1000005026,355,2,3.0,3086.0,3,REFUNDED,ARS,37620.0,7900.2,0.0,45520.2,20240611
1000005027,913,1,,2679.0,1060,REFUNDED,ARS,15435.0,3241.35,1200.0,19876.35,20250909
1000005028,902,1,,1637.0,1236,FULFILLED,ARS,11760.0,2469.6,1500.0,15729.6,20250314
1000005029,1123,2,2.0,3843.0,2,FULFILLED,ARS,10260.0,2154.6,0.0,12414.6,20240725
1000005030,776,2,1.0,,1,CANCELLED,ARS,102900.0,21609.0,0.0,124509.0,20240617
1000005031,811,1,,3624.0,2320,FULFILLED,ARS,23400.0,4914.0,900.0,29214.0,20240623
1000005032,1342,1,,1964.0,3598,FULFILLED,ARS,37800.0,7938.0,900.0,46638.0,20250830
1000005033,544,1,,1248.0,1464,FULFILLED,ARS,31350.0,6583.5,1200.0,39133.5,20240812
1000005034,277,1,,2911.0,1961,FULFILLED,ARS,10800.0,2268.0,1200.0,14268.0,20250611
1000005035,922,2,3.0,3462.0,3,FULFILLED,ARS,21600.0,4536.0,0.0,26136.0,20241123
1000005036,1327,1,,2834.0,4093,FULFILLED,ARS,21600.0,4536.0,1500.0,27636.0,20250123
1000005037,147,2,4.0,3525.0,4,FULFILLED,ARS,11760.0,2469.6,0.0,14229.6,20240109
1000005038,761,2,2.0,2589.0,2,FULFILLED,ARS,31752.0,6667.92,0.0,38419.92,20241018
1000005039,1368,1,,3888.0,3878,FULFILLED,ARS,44625.0,9371.25,1200.0,55196.25,20250416
1000005040,661,1,,3363.0,2668,FULFILLED,ARS,32400.0,6804.0,0.0,39204.0,20240819
1000005041,1348,2,3.0,3321.0,3,FULFILLED,ARS,70875.0,14883.75,0.0,85758.75,20250808
1000005042,241,1,,4183.0,2889,FULFILLED,ARS,15000.0,3150.0,900.0,19050.0,20240422
1000005043,273,1,,3634.0,2358,FULFILLED,ARS,45225.0,9497.25,0.0,54722.25,20240305
1000005044,156,2,2.0,1102.0,2,FULFILLED,ARS,11760.0,2469.6,0.0,14229.6,20240906
1000005045,1492,1,,1154.0,2605,PAID,ARS,61500.0,12915.0,1200.0,75615.0,20240612
1000005046,1123,2,1.0,1332.0,1,FULFILLED,ARS,15000.0,3150.0,0.0,18150.0,20240716
1000005047,773,2,3.0,,3,FULFILLED,ARS,44100.0,9261.0,0.0,53361.0,20241223
1000005048,79,2,3.0,2591.0,3,CANCELLED,ARS,52020.0,10924.2,0.0,62944.2,20240205
1000005049,262,1,,1185.0,2941,FULFILLED,ARS,22800.0,4788.0,1200.0,28788.0,20240628
1000005050,1040,2,2.0,,2,REFUNDED,ARS,88500.0,18585.0,0.0,107085.0,20241211
1000005051,1250,2,3.0,4134.0,3,FULFILLED,ARS,27000.0,5670.0,0.0,32670.0,20250920
1000005052,717,1,,3531.0,4153,PAID,ARS,50490.0,10602.9,1200.0,62292.9,20250616
1000005053,173,1,,3339.0,3961,PAID,ARS,23520.0,4939.2,900.0,29359.2,20240921
1000005054,1011,1,,1152.0,2770,FULFILLED,ARS,34800.0,7308.0,900.0,43008.0,20250125
1000005055,276,1,,2325.0,1987,REFUNDED,ARS,44887.5,9426.38,1200.0,55513.88,20250413
1000005056,803,1,,4165.0,2434,FULFILLED,ARS,67500.0,14175.0,1200.0,82875.0,20240305
1000005057,177,2,4.0,3079.0,4,PAID,ARS,10800.0,2268.0,0.0,13068.0,20241011
1000005058,1042,1,,1888.0,3260,FULFILLED,ARS,32400.0,6804.0,0.0,39204.0,20240427
1000005059,809,1,,,2663,PAID,ARS,12150.0,2551.5,1200.0,15901.5,20250801
1000005060,257,2,3.0,1983.0,3,CANCELLED,ARS,47844.0,10047.24,0.0,57891.24,20240512
1000005061,649,2,2.0,1033.0,2,FULFILLED,ARS,11760.0,2469.6,0.0,14229.6,20240218
1000005062,964,2,3.0,3720.0,3,PAID,ARS,30870.0,6482.7,0.0,37352.7,20250410
1000005063,1349,2,2.0,1230.0,2,FULFILLED,ARS,44100.0,9261.0,0.0,53361.0,20240616
1000005064,1418,1,,2419.0,1305,FULFILLED,ARS,12540.0,2633.4,1200.0,16373.4,20250430
1000005065,1396,2,3.0,2226.0,3,REFUNDED,ARS,34020.0,7144.2,0.0,41164.2,20250304
1000005066,152,2,3.0,4067.0,3,FULFILLED,ARS,12540.0,2633.4,0.0,15173.4,20250703
1000005067,577,2,1.0,2517.0,1,CANCELLED,ARS,62400.0,13104.0,0.0,75504.0,20250703
1000005068,112,1,,3028.0,2930,FULFILLED,ARS,30000.0,6300.0,1200.0,37500.0,20250308
1000005069,1216,1,,,1239,FULFILLED,ARS,34200.0,7182.0,900.0,42282.0,20250606
1000005070,473,2,2.0,1064.0,2,CANCELLED,ARS,45000.0,9450.0,0.0,54450.0,20250602
1000005071,343,1,,,3023,FULFILLED,ARS,85050.0,17860.5,900.0,103810.5,20250510
1000005072,821,1,,2485.0,3258,PAID,ARS,12936.0,2716.56,1200.0,16852.56,20250818
1000005073,108,1,,1040.0,2688,FULFILLED,ARS,26250.0,5512.5,1500.0,33262.5,20240609
1000005074,687,1,,3879.0,1763,CANCELLED,ARS,57600.0,12096.0,900.0,70596.0,20250821
1000005075,520,1,,2048.0,1118,PAID,ARS,11760.0,2469.6,1500.0,15729.6,20250826
1000005076,1426,2,2.0,2408.0,2,FULFILLED,ARS,11760.0,2469.6,0.0,14229.6,20241126
1000005077,1008,1,,4099.0,1858,FULFILLED,ARS,39540.0,8303.4,1200.0,49043.4,20240317
1000005078,1449,2,1.0,3787.0,1,FULFILLED,ARS,35400.0,7434.0,0.0,42834.0,20240615
1000005079,109,1,,1758.0,1911,FULFILLED,ARS,25080.0,5266.8,900.0,31246.8,20250420
1000005080,23,1,,3292.0,1200,CANCELLED,ARS,44100.0,9261.0,0.0,53361.0,20250706
1000005081,820,1,,3385.0,3860,FULFILLED,ARS,48846.0,10257.66,900.0,60003.66,20240721
1000005082,824,1,,1321.0,3161,PAID,ARS,40500.0,8505.0,900.0,49905.0,20240828
1000005083,641,2,1.0,2712.0,1,FULFILLED,ARS,27435.0,5761.35,0.0,33196.35,20240527
1000005084,1206,1,,1815.0,2353,FULFILLED,ARS,21600.0,4536.0,1200.0,27336.0,20250520
1000005085,446,2,2.0,1947.0,2,PAID,ARS,23520.0,4939.2,0.0,28459.2,20240206
1000005086,497,2,2.0,1621.0,2,FULFILLED,ARS,44100.0,9261.0,0.0,53361.0,20240512
1000005087,882,2,3.0,2334.0,3,FULFILLED,ARS,78240.0,16430.4,0.0,94670.4,20240125
1000005088,1477,1,,3875.0,2886,FULFILLED,ARS,30000.0,6300.0,1500.0,37800.0,20240213
1000005089,1129,2,1.0,3422.0,1,PAID,ARS,34200.0,7182.0,0.0,41382.0,20250217
1000005090,144,2,1.0,2448.0,1,PAID,ARS,28500.0,5985.0,0.0,34485.0,20240218
1000005091,6,2,2.0,2689.0,2,FULFILLED,ARS,33000.0,6930.0,0.0,39930.0,20250220
1000005092,107,2,1.0,3032.0,1,PAID,ARS,22800.0,4788.0,0.0,27588.0,20250203
1000005093,1033,1,,3842.0,1040,FULFILLED,ARS,35280.0,7408.8,900.0,43588.8,20250922
1000005094,297,1,,2794.0,3108,REFUNDED,ARS,10584.0,2222.64,0.0,12806.64,20250816
1000005095,529,1,,2826.0,1333,FULFILLED,ARS,26460.0,5556.6,900.0,32916.6,20250629
1000005096,1371,2,3.0,3843.0,3,FULFILLED,ARS,11400.0,2394.0,0.0,13794.0,20241127
1000005097,219,2,2.0,1821.0,2,FULFILLED,ARS,12000.0,2520.0,0.0,14520.0,20240207
1000005098,405,1,,2900.0,3244,FULFILLED,ARS,11760.0,2469.6,1500.0,15729.6,20250710
1000005099,954,1,,,2113,FULFILLED,ARS,31752.0,6667.92,1200.0,39619.92,20250119
1000005100,963,1,,3804.0,3847,FULFILLED,ARS,76170.0,15995.7,900.0,93065.7,20241107
1000005101,1171,1,,3849.0,2953,REFUNDED,ARS,43740.0,9185.4,900.0,53825.4,20250514
1000005102,413,2,3.0,,3,FULFILLED,ARS,15000.0,3150.0,0.0,18150.0,20240501
1000005103,1137,2,1.0,3923.0,1,PAID,ARS,10800.0,2268.0,0.0,13068.0,20250111
1000005104,884,2,4.0,3338.0,4,FULFILLED,ARS,24000.0,5040.0,0.0,29040.0,20250825
1000005105,1285,2,1.0,4101.0,1,FULFILLED,ARS,85500.0,17955.0,0.0,103455.0,20240928
1000005106,983,2,2.0,3692.0,2,PAID,ARS,21600.0,4536.0,0.0,26136.0,20250704
1000005107,247,2,4.0,,4,FULFILLED,ARS,32400.0,6804.0,0.0,39204.0,20240109
1000005108,1081,2,4.0,1745.0,4,FULFILLED,ARS,23520.0,4939.2,0.0,28459.2,20250420
1000005109,253,1,,2571.0,2916,PAID,ARS,32400.0,6804.0,900.0,40104.0,20241015
1000005110,1473,1,,2087.0,2958,FULFILLED,ARS,77430.0,16260.3,900.0,94590.3,20241106
1000005111,329,1,,,3746,FULFILLED,ARS,12540.0,2633.4,1200.0,16373.4,20240420
1000005112,671,1,,2425.0,3545,PAID,ARS,61740.0,12965.4,900.0,75605.4,20250216
1000005113,282,1,,1851.0,2358,FULFILLED,ARS,40500.0,8505.0,1200.0,50205.0,20240904
1000005114,583,2,3.0,4111.0,3,FULFILLED,ARS,35280.0,7408.8,0.0,42688.8,20241003
1000005115,1052,2,3.0,3030.0,3,REFUNDED,ARS,27000.0,5670.0,0.0,32670.0,20240415
1000005116,552,1,,3741.0,3362,REFUNDED,ARS,35910.0,7541.1,900.0,44351.1,20250312
1000005117,503,2,4.0,2293.0,4,FULFILLED,ARS,40500.0,8505.0,0.0,49005.0,20241217
1000005118,46,2,4.0,3309.0,4,PAID,ARS,38946.0,8178.66,0.0,47124.66,20250105
1000005119,594,1,,4033.0,1789,FULFILLED,ARS,57900.0,12159.0,900.0,70959.0,20240102
1000005120,719,1,,2298.0,3379,FULFILLED,ARS,32340.0,6791.4,1200.0,40331.4,20240104
1000005121,1084,1,,3691.0,3809,CANCELLED,ARS,13500.0,2835.0,1500.0,17835.0,20241114
1000005122,12,2,4.0,2836.0,4,FULFILLED,ARS,37275.0,7827.75,0.0,45102.75,20250203
1000005123,1479,2,4.0,1621.0,4,FULFILLED,ARS,34200.0,7182.0,0.0,41382.0,20250622
1000005124,122,1,,1686.0,4122,FULFILLED,ARS,25650.0,5386.5,900.0,31936.5,20250512
1000005125,598,1,,2808.0,1560,FULFILLED,ARS,21600.0,4536.0,1500.0,27636.0,20250808
1000005126,1156,1,,4010.0,1802,FULFILLED,ARS,70200.0,14742.0,1200.0,86142.0,20250213
1000005127,1035,2,2.0,,2,PAID,ARS,44100.0,9261.0,0.0,53361.0,20240320
1000005128,811,2,3.0,1748.0,3,FULFILLED,ARS,14250.0,2992.5,0.0,17242.5,20241011
1000005129,69,1,,1593.0,3027,FULFILLED,ARS,69060.0,14502.6,900.0,84462.6,20241206
1000005130,1496,2,1.0,1942.0,1,REFUNDED,ARS,36000.0,7560.0,0.0,43560.0,20240724
1000005131,605,1,,3255.0,3948,FULFILLED,ARS,28350.0,5953.5,1200.0,35503.5,20240210
1000005132,1378,2,4.0,3345.0,4,FULFILLED,ARS,23520.0,4939.2,0.0,28459.2,20241026
1000005133,606,1,,1630.0,3704,FULFILLED,ARS,39690.0,8334.9,900.0,48924.9,20250212
1000005134,59,1,,2612.0,1722,PAID,ARS,15000.0,3150.0,1200.0,19350.0,20240301
1000005135,421,1,,1701.0,4185,PAID,ARS,42750.0,8977.5,1200.0,52927.5,20250616
1000005136,1334,2,1.0,1491.0,1,FULFILLED,ARS,10800.0,2268.0,0.0,13068.0,20240815
1000005137,983,1,,3984.0,3902,FULFILLED,ARS,35280.0,7408.8,1200.0,43888.8,20241112
1000005138,676,1,,1346.0,1206,CANCELLED,ARS,28500.0,5985.0,1500.0,35985.0,20240228
1000005139,1394,2,3.0,4086.0,3,FULFILLED,ARS,34200.0,7182.0,0.0,41382.0,20250328
1000005140,953,1,,,2014,REFUNDED,ARS,42525.0,8930.25,0.0,51455.25,20241121
1000005141,401,2,2.0,,2,FULFILLED,ARS,45000.0,9450.0,0.0,54450.0,20250101
1000005142,1367,1,,3518.0,1601,FULFILLED,ARS,36000.0,7560.0,900.0,44460.0,20240109
1000005143,662,1,,1671.0,1329,FULFILLED,ARS,70110.0,14723.1,900.0,85733.1,20250127
1000005144,684,2,3.0,1086.0,3,FULFILLED,ARS,38010.0,7982.1,0.0,45992.1,20241009
1000005145,914,2,4.0,2520.0,4,REFUNDED,ARS,14700.0,3087.0,0.0,17787.0,20240826
1000005146,235,2,3.0,,3,FULFILLED,ARS,12600.0,2646.0,0.0,15246.0,20250301
1000005147,223,2,2.0,2105.0,2,CANCELLED,ARS,70500.0,14805.0,0.0,85305.0,20250528
1000005148,38,1,,,1382,FULFILLED,ARS,24300.0,5103.0,0.0,29403.0,20250529
1000005149,482,1,,,1006,PAID,ARS,21168.0,4445.28,900.0,26513.28,20240411
1000005150,1352,1,,1912.0,4148,FULFILLED,ARS,43752.0,9187.92,1200.0,54139.92,20250609
1000005151,385,2,1.0,1151.0,1,FULFILLED,ARS,25080.0,5266.8,0.0,30346.8,20240209
1000005152,126,1,,3523.0,2578,PAID,ARS,13500.0,2835.0,0.0,16335.0,20240317
1000005153,635,1,,3046.0,3594,REFUNDED,ARS,30000.0,6300.0,900.0,37200.0,20240322
1000005154,709,1,,3490.0,2726,PAID,ARS,40500.0,8505.0,1200.0,50205.0,20240318
1000005155,1469,2,4.0,1097.0,4,FULFILLED,ARS,22800.0,4788.0,0.0,27588.0,20240328
1000005156,752,1,,1525.0,3594,PAID,ARS,10800.0,2268.0,900.0,13968.0,20250312
1000005157,1366,2,2.0,2353.0,2,FULFILLED,ARS,54558.0,11457.18,0.0,66015.18,20250426
1000005158,474,2,1.0,1121.0,1,PAID,ARS,11400.0,2394.0,0.0,13794.0,20241202
1000005159,136,1,,2244.0,3535,FULFILLED,ARS,38475.0,8079.75,900.0,47454.75,20250801
1000005160,930,1,,1596.0,3373,FULFILLED,ARS,48540.0,10193.4,1200.0,59933.4,20240726
1000005161,150,1,,2726.0,3769,FULFILLED,ARS,21600.0,4536.0,900.0,27036.0,20241014
1000005162,836,1,,3931.0,2042,FULFILLED,ARS,57900.0,12159.0,900.0,70959.0,20250502
1000005163,779,1,,2398.0,1927,FULFILLED,ARS,42750.0,8977.5,900.0,52627.5,20250709
1000005164,127,1,,4073.0,3991,FULFILLED,ARS,49500.0,10395.0,900.0,60795.0,20240615
1000005165,1409,1,,3800.0,1806,PAID,ARS,14700.0,3087.0,1500.0,19287.0,20241201
1000005166,1475,2,1.0,,1,FULFILLED,ARS,90000.0,18900.0,0.0,108900.0,20240825
1000005167,222,2,3.0,3034.0,3,FULFILLED,ARS,35280.0,7408.8,0.0,42688.8,20241217
1000005168,1396,1,,2461.0,1577,PAID,ARS,11760.0,2469.6,0.0,14229.6,20250103
1000005169,1132,2,3.0,3861.0,3,PAID,ARS,44688.0,9384.48,0.0,54072.48,20241109
1000005170,1301,2,2.0,,2,FULFILLED,ARS,37770.0,7931.7,0.0,45701.7,20250627
1000005171,42,2,4.0,2329.0,4,FULFILLED,ARS,32400.0,6804.0,0.0,39204.0,20241031
1000005172,900,1,,1923.0,1314,PAID,ARS,42750.0,8977.5,0.0,51727.5,20250505
1000005173,890,1,,1485.0,1651,FULFILLED,ARS,23520.0,4939.2,1500.0,29959.2,20240212
1000005174,303,2,4.0,3887.0,4,PAID,ARS,12000.0,2520.0,0.0,14520.0,20240312
1000005175,754,2,2.0,1720.0,2,PAID,ARS,44100.0,9261.0,0.0,53361.0,20240524
1000005176,1023,2,4.0,2889.0,4,FULFILLED,ARS,25650.0,5386.5,0.0,31036.5,20250413
1000005177,163,2,2.0,3125.0,2,FULFILLED,ARS,38808.0,8149.68,0.0,46957.68,20250406
1000005178,682,2,3.0,3750.0,3,FULFILLED,ARS,39690.0,8334.9,0.0,48024.9,20240206
1000005179,680,1,,2227.0,1188,FULFILLED,ARS,21600.0,4536.0,1500.0,27636.0,20250422
1000005180,1340,1,,2980.0,3878,FULFILLED,ARS,47250.0,9922.5,0.0,57172.5,20240403
1000005181,412,1,,2352.0,2449,FULFILLED,ARS,44100.0,9261.0,900.0,54261.0,20240722
1000005182,384,1,,1563.0,1648,FULFILLED,ARS,49500.0,10395.0,900.0,60795.0,20240723
1000005183,949,1,,,3918,CANCELLED,ARS,40500.0,8505.0,900.0,49905.0,20250215
1000005184,630,2,3.0,2206.0,3,FULFILLED,ARS,37800.0,7938.0,0.0,45738.0,20240417
1000005185,1480,2,3.0,3853.0,3,FULFILLED,ARS,40500.0,8505.0,0.0,49005.0,20240815
1000005186,493,1,,3302.0,1428,FULFILLED,ARS,9720.0,2041.2,900.0,12661.2,20240216
1000005187,337,2,1.0,1032.0,1,FULFILLED,ARS,28500.0,5985.0,0.0,34485.0,20241028
1000005188,1364,1,,1736.0,1135,CANCELLED,ARS,24000.0,5040.0,1200.0,30240.0,20240601
1000005189,357,1,,1452.0,3927,FULFILLED,ARS,32400.0,6804.0,900.0,40104.0,20250119
1000005190,532,2,2.0,1198.0,2,FULFILLED,ARS,12348.0,2593.08,0.0,14941.08,20250525
1000005191,781,2,3.0,1007.0,3,FULFILLED,ARS,38220.0,8026.2,0.0,46246.2,20250830
1000005192,659,1,,2611.0,1377,FULFILLED,ARS,23520.0,4939.2,1200.0,29659.2,20250109
1000005193,382,2,2.0,3006.0,2,PAID,ARS,45000.0,9450.0,0.0,54450.0,20240306
1000005194,1048,2,4.0,,4,FULFILLED,ARS,27000.0,5670.0,0.0,32670.0,20240828
1000005195,855,1,,,1001,FULFILLED,ARS,45000.0,9450.0,1500.0,55950.0,20241030
1000005196,1413,2,1.0,2010.0,1,FULFILLED,ARS,12000.0,2520.0,0.0,14520.0,20250703
1000005197,1304,2,3.0,1802.0,3,FULFILLED,ARS,42750.0,8977.5,0.0,51727.5,20250310
1000005198,1015,2,4.0,3359.0,4,PAID,ARS,21600.0,4536.0,0.0,26136.0,20250616
1000005199,796,2,1.0,2462.0,1,FULFILLED,ARS,21600.0,4536.0,0.0,26136.0,20250128
1000005200,877,2,2.0,1237.0,2,REFUNDED,ARS,24000.0,5040.0,0.0,29040.0,20240208
1000005201,658,1,,4187.0,3706,CANCELLED,ARS,29400.0,6174.0,1200.0,36774.0,20241214
1000005202,451,2,2.0,1178.0,2,PAID,ARS,39300.0,8253.0,0.0,47553.0,20240826
1000005203,1007,1,,3205.0,2979,FULFILLED,ARS,37800.0,7938.0,1200.0,46938.0,20250927
1000005204,1071,2,2.0,2096.0,2,FULFILLED,ARS,25200.0,5292.0,0.0,30492.0,20240314
1000005205,326,2,3.0,1805.0,3,PAID,ARS,35280.0,7408.8,0.0,42688.8,20240920
1000005206,1329,1,,1098.0,3014,FULFILLED,ARS,11760.0,2469.6,1200.0,15429.6,20250811
1000005207,403,1,,3206.0,2566,FULFILLED,ARS,13200.0,2772.0,1200.0,17172.0,20240927
1000005208,138,2,1.0,1793.0,1,FULFILLED,ARS,26400.0,5544.0,0.0,31944.0,20241021
1000005209,821,1,,1926.0,4074,FULFILLED,ARS,13500.0,2835.0,900.0,17235.0,20240519
1000005210,607,1,,1084.0,1378,FULFILLED,ARS,44100.0,9261.0,900.0,54261.0,20250614
1000005211,1210,2,2.0,2833.0,2,FULFILLED,ARS,32400.0,6804.0,0.0,39204.0,20250523
1000005212,211,2,4.0,1105.0,4,FULFILLED,ARS,34020.0,7144.2,0.0,41164.2,20240915
1000005213,1217,2,1.0,,1,FULFILLED,ARS,35280.0,7408.8,0.0,42688.8,20240603
1000005214,630,2,1.0,4029.0,1,FULFILLED,ARS,23520.0,4939.2,0.0,28459.2,20240831
1000005215,1127,1,,1065.0,4142,FULFILLED,ARS,52380.0,10999.8,1200.0,64579.8,20240228
1000005216,1339,1,,2395.0,3201,FULFILLED,ARS,15000.0,3150.0,900.0,19050.0,20240624
1000005217,1296,1,,4188.0,2821,FULFILLED,ARS,28500.0,5985.0,0.0,34485.0,20250802
1000005218,408,2,3.0,,3,PAID,ARS,39690.0,8334.9,0.0,48024.9,20240706
1000005219,1056,1,,2580.0,2961,PAID,ARS,15435.0,3241.35,0.0,18676.35,20250821
1000005220,349,1,,3281.0,2401,FULFILLED,ARS,29700.0,6237.0,0.0,35937.0,20240321
1000005221,151,2,2.0,3591.0,2,PAID,ARS,12000.0,2520.0,0.0,14520.0,20240618
1000005222,1261,1,,4140.0,4077,FULFILLED,ARS,21168.0,4445.28,900.0,26513.28,20241008
1000005223,676,1,,,3807,PAID,ARS,29400.0,6174.0,900.0,36474.0,20240914
1000005224,77,1,,3122.0,2284,FULFILLED,ARS,32400.0,6804.0,1500.0,40704.0,20240703
1000005225,1171,1,,,4036,CANCELLED,ARS,54630.0,11472.3,1200.0,67302.3,20250904
1000005226,1339,1,,3041.0,3444,FULFILLED,ARS,29400.0,6174.0,1200.0,36774.0,20250815
1000005227,711,2,2.0,3604.0,2,CANCELLED,ARS,14850.0,3118.5,0.0,17968.5,20240809
1000005228,1140,2,2.0,1665.0,2,FULFILLED,ARS,29400.0,6174.0,0.0,35574.0,20250617
1000005229,1176,1,,2301.0,2403,FULFILLED,ARS,29400.0,6174.0,900.0,36474.0,20240502
1000005230,265,1,,1635.0,2099,FULFILLED,ARS,32400.0,6804.0,1200.0,40404.0,20250907
1000005231,711,2,3.0,3252.0,3,FULFILLED,ARS,25872.0,5433.12,0.0,31305.12,20250224
1000005232,490,1,,2801.0,3158,FULFILLED,ARS,23220.0,4876.2,900.0,28996.2,20250407
1000005233,837,1,,,3145,PAID,ARS,35640.0,7484.4,1500.0,44624.4,20250510
1000005234,180,1,,3410.0,2915,FULFILLED,ARS,44835.0,9415.35,1200.0,55450.35,20250822
1000005235,452,2,2.0,2611.0,2,PAID,ARS,21600.0,4536.0,0.0,26136.0,20250916
1000005236,644,1,,1797.0,2991,PAID,ARS,27000.0,5670.0,0.0,32670.0,20250418
1000005237,1276,2,4.0,2681.0,4,FULFILLED,ARS,35280.0,7408.8,0.0,42688.8,20250520
1000005238,370,1,,3651.0,1568,FULFILLED,ARS,11760.0,2469.6,1200.0,15429.6,20250526
1000005239,455,1,,2096.0,4181,FULFILLED,ARS,40500.0,8505.0,0.0,49005.0,20241031
1000005240,275,1,,1833.0,1988,FULFILLED,ARS,11970.0,2513.7,1500.0,15983.7,20240217
1000005241,1420,2,1.0,2286.0,1,FULFILLED,ARS,59910.0,12581.1,0.0,72491.1,20250815
1000005242,808,1,,3063.0,1080,REFUNDED,ARS,28200.0,5922.0,1500.0,35622.0,20240311
1000005243,535,1,,2359.0,3981,FULFILLED,ARS,51000.0,10710.0,1500.0,63210.0,20250117
1000005244,179,1,,3512.0,3487,CANCELLED,ARS,44100.0,9261.0,0.0,53361.0,20240622
1000005245,267,2,2.0,1070.0,2,FULFILLED,ARS,32400.0,6804.0,0.0,39204.0,20250825
1000005246,1382,1,,3796.0,2537,PAID,ARS,89437.5,18781.88,1200.0,109419.38,20240302
1000005247,934,2,4.0,3353.0,4,PAID,ARS,49608.0,10417.68,0.0,60025.68,20250809
1000005248,1217,1,,1582.0,3415,FULFILLED,ARS,29400.0,6174.0,1200.0,36774.0,20250507
1000005249,209,1,,1072.0,1727,CANCELLED,ARS,40500.0,8505.0,1500.0,50505.0,20250923
1000005250,1317,2,3.0,1051.0,3,FULFILLED,ARS,14700.0,3087.0,0.0,17787.0,20250613
1000005251,873,2,1.0,1116.0,1,CANCELLED,ARS,93600.0,19656.0,0.0,113256.0,20250912
1000005252,133,2,4.0,1997.0,4,FULFILLED,ARS,28500.0,5985.0,0.0,34485.0,20250819
1000005253,220,2,3.0,,3,FULFILLED,ARS,25200.0,5292.0,0.0,30492.0,20241112
1000005254,848,1,,,1887,FULFILLED,ARS,11760.0,2469.6,1200.0,15429.6,20240929
1000005255,1090,1,,,2148,FULFILLED,ARS,23520.0,4939.2,900.0,29359.2,20250331
1000005256,494,1,,1863.0,3374,FULFILLED,ARS,23520.0,4939.2,0.0,28459.2,20250323
1000005257,991,2,3.0,3828.0,3,FULFILLED,ARS,12600.0,2646.0,0.0,15246.0,20240824
1000005258,32,2,2.0,2078.0,2,FULFILLED,ARS,40500.0,8505.0,0.0,49005.0,20250806
1000005259,840,2,3.0,4094.0,3,FULFILLED,ARS,23520.0,4939.2,0.0,28459.2,20240425
1000005260,829,2,3.0,3272.0,3,FULFILLED,ARS,28500.0,5985.0,0.0,34485.0,20240509
1000005261,685,1,,1705.0,1578,REFUNDED,ARS,39690.0,8334.9,900.0,48924.9,20250908
1000005262,1303,1,,1634.0,4068,CANCELLED,ARS,45000.0,9450.0,1200.0,55650.0,20240601
1000005263,514,1,,,3754,CREATED,ARS,51000.0,10710.0,1200.0,62910.0,20240611
1000005264,131,2,2.0,2612.0,2,FULFILLED,ARS,12936.0,2716.56,0.0,15652.56,20250929
1000005265,680,1,,3003.0,3484,FULFILLED,ARS,31752.0,6667.92,1200.0,39619.92,20250806
1000005266,165,1,,2581.0,3839,FULFILLED,ARS,30870.0,6482.7,1200.0,38552.7,20240511
1000005267,1409,2,2.0,1765.0,2,PAID,ARS,45000.0,9450.0,0.0,54450.0,20240705
1000005268,548,2,2.0,,2,PAID,ARS,15000.0,3150.0,0.0,18150.0,20250305
1000005269,941,1,,1121.0,2064,FULFILLED,ARS,70425.0,14789.25,900.0,86114.25,20240715
1000005270,456,2,3.0,2702.0,3,PAID,ARS,10800.0,2268.0,0.0,13068.0,20240123
1000005271,675,1,,1026.0,2666,REFUNDED,ARS,30000.0,6300.0,900.0,37200.0,20240310
1000005272,303,1,,2477.0,3002,FULFILLED,ARS,42750.0,8977.5,900.0,52627.5,20250208
1000005273,1371,2,4.0,1434.0,4,FULFILLED,ARS,34200.0,7182.0,0.0,41382.0,20241207
1000005274,225,2,3.0,1336.0,3,FULFILLED,ARS,29925.0,6284.25,0.0,36209.25,20241004
1000005275,741,1,,2001.0,2075,PAID,ARS,14700.0,3087.0,1200.0,18987.0,20240627
1000005276,507,2,4.0,4045.0,4,REFUNDED,ARS,42750.0,8977.5,0.0,51727.5,20240807
1000005277,381,1,,,3986,CANCELLED,ARS,21600.0,4536.0,900.0,27036.0,20241219
1000005278,166,2,4.0,3351.0,4,FULFILLED,ARS,35850.0,7528.5,0.0,43378.5,20250114
1000005279,1440,2,3.0,3024.0,3,PAID,ARS,29400.0,6174.0,0.0,35574.0,20240704
1000005280,1400,1,,4171.0,1456,CANCELLED,ARS,25650.0,5386.5,1200.0,32236.5,20240319
1000005281,627,1,,3022.0,3867,FULFILLED,ARS,44100.0,9261.0,900.0,54261.0,20250815
1000005282,638,1,,1346.0,3719,PAID,ARS,36000.0,7560.0,900.0,44460.0,20240428
1000005283,703,2,1.0,2650.0,1,FULFILLED,ARS,13200.0,2772.0,0.0,15972.0,20240121
1000005284,1315,2,1.0,,1,REFUNDED,ARS,64800.0,13608.0,0.0,78408.0,20250221
1000005285,540,1,,4154.0,1607,FULFILLED,ARS,34800.0,7308.0,900.0,43008.0,20250410
1000005286,352,1,,2510.0,2271,PAID,ARS,30000.0,6300.0,1200.0,37500.0,20250428
1000005287,565,1,,3759.0,1536,FULFILLED,ARS,45000.0,9450.0,1200.0,55650.0,20240915
1000005288,549,1,,1844.0,3004,FULFILLED,ARS,14175.0,2976.75,0.0,17151.75,20241221
1000005289,1273,1,,3752.0,2786,FULFILLED,ARS,79080.0,16606.8,1200.0,96886.8,20240716
1000005290,713,1,,3662.0,1038,FULFILLED,ARS,21600.0,4536.0,1500.0,27636.0,20240628
1000005291,1439,1,,1541.0,1869,FULFILLED,ARS,53325.0,11198.25,1200.0,65723.25,20250812
1000005292,1070,1,,4190.0,3771,FULFILLED,ARS,22800.0,4788.0,900.0,28488.0,20240825
1000005293,281,2,1.0,2025.0,1,PAID,ARS,65700.0,13797.0,0.0,79497.0,20240515
1000005294,250,1,,3718.0,2893,FULFILLED,ARS,35280.0,7408.8,1500.0,44188.8,20240510
1000005295,728,1,,3117.0,3885,REFUNDED,ARS,24000.0,5040.0,0.0,29040.0,20250107
1000005296,758,1,,3448.0,2189,FULFILLED,ARS,12000.0,2520.0,900.0,15420.0,20240418
1000005297,486,1,,2300.0,1012,FULFILLED,ARS,23940.0,5027.4,1200.0,30167.4,20240605
1000005298,284,2,2.0,1787.0,2,PAID,ARS,61800.0,12978.0,0.0,74778.0,20240207
1000005299,391,1,,1955.0,1342,FULFILLED,ARS,21600.0,4536.0,1200.0,27336.0,20250503
1000005300,326,1,,3275.0,2185,FULFILLED,ARS,24300.0,5103.0,1200.0,30603.0,20250925
1000005301,511,1,,1931.0,1434,FULFILLED,ARS,19440.0,4082.4,900.0,24422.4,20240319
1000005302,866,1,,2209.0,3595,FULFILLED,ARS,22800.0,4788.0,1500.0,29088.0,20250320
1000005303,494,2,1.0,2409.0,1,FULFILLED,ARS,59100.0,12411.0,0.0,71511.0,20240401
1000005304,761,1,,3998.0,4152,FULFILLED,ARS,10584.0,2222.64,1200.0,14006.64,20250405
1000005305,1105,1,,1693.0,2464,FULFILLED,ARS,90672.0,19041.12,1500.0,111213.12,20240711
1000005306,809,1,,,2798,CANCELLED,ARS,10800.0,2268.0,900.0,13968.0,20240922
1000005307,1259,2,1.0,1932.0,1,FULFILLED,ARS,41700.0,8757.0,0.0,50457.0,20240709
1000005308,72,1,,2097.0,3094,CREATED,ARS,12000.0,2520.0,900.0,15420.0,20250128
1000005309,962,1,,1920.0,1014,FULFILLED,ARS,73950.0,15529.5,1200.0,90679.5,20250613
1000005310,365,1,,1037.0,2848,FULFILLED,ARS,11760.0,2469.6,900.0,15129.6,20241117
1000005311,1440,1,,2560.0,3239,FULFILLED,ARS,64440.0,13532.4,1200.0,79172.4,20241209
1000005312,535,2,1.0,3744.0,1,PAID,ARS,31752.0,6667.92,0.0,38419.92,20240726
1000005313,638,2,1.0,1348.0,1,FULFILLED,ARS,36000.0,7560.0,0.0,43560.0,20250202
1000005314,1322,1,,3992.0,3170,PAID,ARS,14700.0,3087.0,900.0,18687.0,20240325
1000005315,846,1,,1087.0,3448,CANCELLED,ARS,10800.0,2268.0,0.0,13068.0,20250207
1000005316,212,1,,2989.0,4180,FULFILLED,ARS,46800.0,9828.0,900.0,57528.0,20240702
1000005317,155,2,3.0,,3,FULFILLED,ARS,12150.0,2551.5,0.0,14701.5,20250822
1000005318,1463,2,4.0,3621.0,4,PAID,ARS,28500.0,5985.0,0.0,34485.0,20240928
1000005319,328,2,1.0,1882.0,1,FULFILLED,ARS,47250.0,9922.5,0.0,57172.5,20240720
1000005320,618,1,,1750.0,3388,FULFILLED,ARS,32400.0,6804.0,0.0,39204.0,20240803
1000005321,440,2,3.0,2469.0,3,CANCELLED,ARS,26850.0,5638.5,0.0,32488.5,20250404
1000005322,670,2,4.0,2708.0,4,FULFILLED,ARS,46620.0,9790.2,0.0,56410.2,20240808
1000005323,578,1,,1180.0,2428,PAID,ARS,14250.0,2992.5,1200.0,18442.5,20250801
1000005324,246,2,3.0,2368.0,3,FULFILLED,ARS,12000.0,2520.0,0.0,14520.0,20241201
1000005325,1308,1,,1889.0,2629,FULFILLED,ARS,78030.0,16386.3,900.0,95316.3,20240612
1000005326,614,2,3.0,,3,FULFILLED,ARS,31752.0,6667.92,0.0,38419.92,20240323
1000005327,260,1,,1009.0,2735,FULFILLED,ARS,11400.0,2394.0,1200.0,14994.0,20240730
1000005328,828,1,,1557.0,1837,FULFILLED,ARS,42750.0,8977.5,0.0,51727.5,20250824
1000005329,853,1,,3556.0,2669,PAID,ARS,40500.0,8505.0,900.0,49905.0,20250202
1000005330,891,1,,,3487,FULFILLED,ARS,83700.0,17577.0,1200.0,102477.0,20240501
1000005331,951,2,2.0,1450.0,2,PAID,ARS,45000.0,9450.0,0.0,54450.0,20250930
1000005332,1005,2,3.0,2488.0,3,FULFILLED,ARS,30000.0,6300.0,0.0,36300.0,20250819
1000005333,201,2,4.0,3771.0,4,FULFILLED,ARS,25200.0,5292.0,0.0,30492.0,20240414
1000005334,100,2,1.0,2746.0,1,PAID,ARS,29400.0,6174.0,0.0,35574.0,20250107
1000005335,164,1,,3557.0,3840,CANCELLED,ARS,47025.0,9875.25,1200.0,58100.25,20240107
1000005336,1194,2,3.0,1855.0,3,FULFILLED,ARS,22800.0,4788.0,0.0,27588.0,20241202
1000005337,290,1,,3367.0,1301,FULFILLED,ARS,62280.0,13078.8,1200.0,76558.8,20250801
1000005338,101,1,,2003.0,1866,FULFILLED,ARS,29400.0,6174.0,900.0,36474.0,20240706
1000005339,1082,1,,1700.0,3302,FULFILLED,ARS,13500.0,2835.0,1200.0,17535.0,20250221
1000005340,1076,2,1.0,3912.0,1,FULFILLED,ARS,29400.0,6174.0,0.0,35574.0,20240622
1000005341,330,2,3.0,1313.0,3,CANCELLED,ARS,46200.0,9702.0,0.0,55902.0,20250109
1000005342,212,1,,1114.0,3124,CANCELLED,ARS,11760.0,2469.6,1200.0,15429.6,20250315
1000005343,504,1,,2571.0,1250,FULFILLED,ARS,44520.0,9349.2,1200.0,55069.2,20250921
1000005344,637,1,,2898.0,1629,PAID,ARS,61650.0,12946.5,1200.0,75796.5,20250204
1000005345,485,1,,,2973,FULFILLED,ARS,11400.0,2394.0,1200.0,14994.0,20241206
1000005346,1322,1,,3221.0,1623,FULFILLED,ARS,42750.0,8977.5,0.0,51727.5,20250207
1000005347,303,2,4.0,3037.0,4,REFUNDED,ARS,40500.0,8505.0,0.0,49005.0,20250601
1000005348,724,2,1.0,3566.0,1,FULFILLED,ARS,36000.0,7560.0,0.0,43560.0,20250913
1000005349,1086,2,1.0,4101.0,1,PAID,ARS,58200.0,12222.0,0.0,70422.0,20240411
1000005350,514,2,1.0,1605.0,1,FULFILLED,ARS,42750.0,8977.5,0.0,51727.5,20250315
1000005351,1475,1,,1458.0,2153,CREATED,ARS,49500.0,10395.0,900.0,60795.0,20240120
1000005352,963,1,,,4138,CANCELLED,ARS,35280.0,7408.8,1200.0,43888.8,20250515
1000005353,330,2,3.0,,3,FULFILLED,ARS,30000.0,6300.0,0.0,36300.0,20240511
1000005354,435,2,2.0,2708.0,2,FULFILLED,ARS,43200.0,9072.0,0.0,52272.0,20250905
1000005355,1292,1,,1774.0,3166,FULFILLED,ARS,27000.0,5670.0,1200.0,33870.0,20240504
1000005356,983,1,,3931.0,3065,CANCELLED,ARS,49200.0,10332.0,900.0,60432.0,20250402
1000005357,1235,1,,4134.0,1543,FULFILLED,ARS,42000.0,8820.0,900.0,51720.0,20240612
1000005358,788,2,4.0,1938.0,4,FULFILLED,ARS,37620.0,7900.2,0.0,45520.2,20240925
1000005359,786,2,4.0,1736.0,4,FULFILLED,ARS,14700.0,3087.0,0.0,17787.0,20240427
1000005360,1323,1,,4115.0,2125,REFUNDED,ARS,13500.0,2835.0,1200.0,17535.0,20240518
1000005361,902,2,3.0,3735.0,3,FULFILLED,ARS,24720.0,5191.2,0.0,29911.2,20250526
1000005362,1220,2,3.0,3088.0,3,FULFILLED,ARS,35640.0,7484.4,0.0,43124.4,20240117
1000005363,1315,2,2.0,1553.0,2,REFUNDED,ARS,35100.0,7371.0,0.0,42471.0,20250411
1000005364,774,1,,1790.0,2470,FULFILLED,ARS,19440.0,4082.4,900.0,24422.4,20240303
1000005365,454,1,,3881.0,3051,FULFILLED,ARS,40500.0,8505.0,1500.0,50505.0,20250708
1000005366,1309,1,,2976.0,4161,FULFILLED,ARS,12348.0,2593.08,0.0,14941.08,20240827
1000005367,1108,1,,2405.0,1886,PAID,ARS,78750.0,16537.5,0.0,95287.5,20250128
1000005368,596,2,3.0,4039.0,3,CREATED,ARS,57870.0,12152.7,0.0,70022.7,20250914
1000005369,283,2,4.0,2495.0,4,FULFILLED,ARS,52479.0,11020.59,0.0,63499.59,20250520
1000005370,1406,1,,2630.0,2568,CANCELLED,ARS,21600.0,4536.0,0.0,26136.0,20241207
1000005371,382,1,,2958.0,2798,FULFILLED,ARS,45000.0,9450.0,900.0,55350.0,20240221
1000005372,651,2,4.0,2664.0,4,FULFILLED,ARS,10800.0,2268.0,0.0,13068.0,20240615
1000005373,1160,1,,1758.0,3173,FULFILLED,ARS,10800.0,2268.0,0.0,13068.0,20240706
1000005374,414,2,2.0,,2,FULFILLED,ARS,14250.0,2992.5,0.0,17242.5,20250708
1000005375,323,2,3.0,1179.0,3,FULFILLED,ARS,12348.0,2593.08,0.0,14941.08,20250524
1000005376,824,1,,3133.0,3539,FULFILLED,ARS,13500.0,2835.0,900.0,17235.0,20241024
1000005377,1340,1,,2120.0,3934,FULFILLED,ARS,64140.0,13469.4,900.0,78509.4,20241118
1000005378,40,2,3.0,1553.0,3,CANCELLED,ARS,35520.0,7459.2,0.0,42979.2,20250327
1000005379,1456,1,,3070.0,3888,REFUNDED,ARS,38808.0,8149.68,900.0,47857.68,20250929
1000005380,680,1,,3649.0,2548,FULFILLED,ARS,14250.0,2992.5,1200.0,18442.5,20250130
1000005381,995,1,,2975.0,2302,FULFILLED,ARS,34200.0,7182.0,0.0,41382.0,20240730
1000005382,27,2,4.0,4045.0,4,FULFILLED,ARS,27000.0,5670.0,0.0,32670.0,20240106
1000005383,54,1,,2431.0,1487,FULFILLED,ARS,13500.0,2835.0,1200.0,17535.0,20241121
1000005384,623,1,,,3908,CREATED,ARS,34800.0,7308.0,1200.0,43308.0,20250303
1000005385,758,2,1.0,3528.0,1,PAID,ARS,21600.0,4536.0,0.0,26136.0,20250209
1000005386,997,1,,2318.0,3549,CREATED,ARS,35280.0,7408.8,0.0,42688.8,20250126
1000005387,1433,1,,1605.0,2763,FULFILLED,ARS,41400.0,8694.0,0.0,50094.0,20250114
1000005388,61,1,,1192.0,1456,FULFILLED,ARS,40608.0,8527.68,1200.0,50335.68,20250830
1000005389,1092,1,,1980.0,1647,FULFILLED,ARS,42525.0,8930.25,1500.0,52955.25,20241124
1000005390,250,1,,3312.0,2838,FULFILLED,ARS,30000.0,6300.0,0.0,36300.0,20241202
1000005391,1043,2,1.0,1108.0,1,FULFILLED,ARS,9720.0,2041.2,0.0,11761.2,20250801
1000005392,101,1,,,4019,FULFILLED,ARS,29160.0,6123.6,1200.0,36483.6,20240513
1000005393,719,1,,2208.0,2551,FULFILLED,ARS,14700.0,3087.0,900.0,18687.0,20240205
1000005394,544,1,,2971.0,3484,FULFILLED,ARS,12825.0,2693.25,900.0,16418.25,20240822
1000005395,1082,1,,1627.0,2332,FULFILLED,ARS,67200.0,14112.0,1500.0,82812.0,20240421
1000005396,415,1,,2631.0,2643,PAID,ARS,32400.0,6804.0,1200.0,40404.0,20250228
1000005397,1428,1,,1010.0,1282,FULFILLED,ARS,44040.0,9248.4,1200.0,54488.4,20240820
1000005398,322,2,2.0,,2,FULFILLED,ARS,35280.0,7408.8,0.0,42688.8,20250505
1000005399,124,2,3.0,3774.0,3,FULFILLED,ARS,44100.0,9261.0,0.0,53361.0,20250617
1000005400,272,1,,4009.0,1031,FULFILLED,ARS,75510.0,15857.1,1500.0,92867.1,20250301
1000005401,589,1,,2263.0,1614,CANCELLED,ARS,66780.0,14023.8,0.0,80803.8,20250702
1000005402,505,2,2.0,2586.0,2,FULFILLED,ARS,75150.0,15781.5,0.0,90931.5,20240130
1000005403,1124,1,,1608.0,3262,FULFILLED,ARS,22800.0,4788.0,1200.0,28788.0,20250404
1000005404,965,1,,2093.0,1895,FULFILLED,ARS,65205.0,13693.05,0.0,78898.05,20250528
1000005405,320,1,,1222.0,3892,FULFILLED,ARS,23520.0,4939.2,900.0,29359.2,20240411
1000005406,897,1,,1596.0,3665,FULFILLED,ARS,15000.0,3150.0,900.0,19050.0,20250705
1000005407,1218,2,4.0,2882.0,4,REFUNDED,ARS,12000.0,2520.0,0.0,14520.0,20240202
1000005408,1483,2,1.0,3848.0,1,FULFILLED,ARS,14250.0,2992.5,0.0,17242.5,20250716
1000005409,694,1,,2420.0,2022,CANCELLED,ARS,46305.0,9724.05,1200.0,57229.05,20240624
1000005410,728,2,4.0,4147.0,4,FULFILLED,ARS,55098.0,11570.58,0.0,66668.58,20250530
1000005411,327,2,1.0,1609.0,1,FULFILLED,ARS,12000.0,2520.0,0.0,14520.0,20241128
1000005412,43,1,,1847.0,2735,FULFILLED,ARS,29700.0,6237.0,900.0,36837.0,20240303
1000005413,962,2,4.0,,4,FULFILLED,ARS,16170.0,3395.7,0.0,19565.7,20240320
1000005414,1417,2,3.0,4039.0,3,FULFILLED,ARS,29400.0,6174.0,0.0,35574.0,20240530
1000005415,634,1,,3053.0,2058,PAID,ARS,12348.0,2593.08,1500.0,16441.08,20250505
1000005416,1123,2,2.0,1255.0,2,FULFILLED,ARS,14700.0,3087.0,0.0,17787.0,20241116
1000005417,260,2,4.0,1108.0,4,REFUNDED,ARS,67620.0,14200.2,0.0,81820.2,20240206
1000005418,1158,1,,,2430,FULFILLED,ARS,32400.0,6804.0,0.0,39204.0,20240127
1000005419,616,1,,1085.0,1001,PAID,ARS,28500.0,5985.0,1200.0,35685.0,20250802
1000005420,838,2,3.0,2702.0,3,FULFILLED,ARS,53550.0,11245.5,0.0,64795.5,20250927
1000005421,1094,2,1.0,3729.0,1,FULFILLED,ARS,37800.0,7938.0,0.0,45738.0,20240314
1000005422,594,1,,3205.0,2807,FULFILLED,ARS,45000.0,9450.0,900.0,55350.0,20240205
1000005423,756,1,,3549.0,1325,FULFILLED,ARS,44100.0,9261.0,1200.0,54561.0,20250907
1000005424,1019,2,4.0,3450.0,4,FULFILLED,ARS,40872.0,8583.12,0.0,49455.12,20250816
1000005425,618,2,1.0,3743.0,1,FULFILLED,ARS,64500.0,13545.0,0.0,78045.0,20250114
1000005426,75,2,3.0,1698.0,3,FULFILLED,ARS,42750.0,8977.5,0.0,51727.5,20240623
1000005427,217,2,4.0,1229.0,4,FULFILLED,ARS,29700.0,6237.0,0.0,35937.0,20241202
1000005428,1365,2,3.0,2657.0,3,FULFILLED,ARS,16170.0,3395.7,0.0,19565.7,20240506
1000005429,625,2,2.0,4045.0,2,CANCELLED,ARS,11970.0,2513.7,0.0,14483.7,20240921
1000005430,319,1,,1450.0,3153,FULFILLED,ARS,11970.0,2513.7,1500.0,15983.7,20240823
1000005431,569,1,,2768.0,3129,FULFILLED,ARS,26040.0,5468.4,1500.0,33008.4,20240201
1000005432,1469,2,4.0,3511.0,4,FULFILLED,ARS,34200.0,7182.0,0.0,41382.0,20250224
1000005433,1265,2,3.0,3989.0,3,FULFILLED,ARS,44887.5,9426.38,0.0,54313.88,20240510
1000005434,128,2,3.0,1973.0,3,PAID,ARS,28500.0,5985.0,0.0,34485.0,20240805
1000005435,377,2,3.0,1343.0,3,FULFILLED,ARS,57222.0,12016.62,0.0,69238.62,20240928
1000005436,1452,1,,2055.0,3874,PAID,ARS,21600.0,4536.0,900.0,27036.0,20250918
1000005437,150,1,,1963.0,2703,FULFILLED,ARS,15435.0,3241.35,1500.0,20176.35,20240522
1000005438,236,1,,2641.0,2263,FULFILLED,ARS,46305.0,9724.05,900.0,56929.05,20240706
1000005439,317,1,,3947.0,2110,FULFILLED,ARS,22800.0,4788.0,1500.0,29088.0,20240127
1000005440,879,1,,3119.0,2653,CANCELLED,ARS,29400.0,6174.0,1200.0,36774.0,20240801
1000005441,445,2,4.0,4151.0,4,PAID,ARS,25200.0,5292.0,0.0,30492.0,20241215
1000005442,924,2,3.0,,3,FULFILLED,ARS,46305.0,9724.05,0.0,56029.05,20240813
1000005443,859,1,,3195.0,2888,FULFILLED,ARS,32400.0,6804.0,1200.0,40404.0,20250501
1000005444,218,2,3.0,1031.0,3,PAID,ARS,10800.0,2268.0,0.0,13068.0,20240413
1000005445,1191,2,3.0,3552.0,3,FULFILLED,ARS,21168.0,4445.28,0.0,25613.28,20240211
1000005446,522,2,2.0,3576.0,2,FULFILLED,ARS,44962.5,9442.12,0.0,54404.62,20240321
1000005447,600,1,,1435.0,3090,FULFILLED,ARS,40500.0,8505.0,0.0,49005.0,20240611
1000005448,577,2,3.0,1895.0,3,FULFILLED,ARS,45600.0,9576.0,0.0,55176.0,20241021
1000005449,41,2,2.0,3276.0,2,FULFILLED,ARS,28500.0,5985.0,0.0,34485.0,20240407
1000005450,1251,1,,,2379,FULFILLED,ARS,22800.0,4788.0,1200.0,28788.0,20250814
1000005451,887,2,3.0,3900.0,3,FULFILLED,ARS,36132.0,7587.72,0.0,43719.72,20250311
1000005452,922,1,,3278.0,1684,FULFILLED,ARS,25080.0,5266.8,1200.0,31546.8,20250503
1000005453,645,2,4.0,2865.0,4,FULFILLED,ARS,36000.0,7560.0,0.0,43560.0,20241024
1000005454,1090,1,,3667.0,2592,FULFILLED,ARS,66750.0,14017.5,0.0,80767.5,20240630
1000005455,1323,2,1.0,,1,PAID,ARS,9720.0,2041.2,0.0,11761.2,20240419
1000005456,591,1,,1545.0,1091,FULFILLED,ARS,52500.0,11025.0,1500.0,65025.0,20240326
1000005457,67,1,,1966.0,3971,FULFILLED,ARS,12000.0,2520.0,1500.0,16020.0,20250927
1000005458,305,1,,2180.0,3446,FULFILLED,ARS,34800.0,7308.0,1500.0,43608.0,20240511
1000005459,67,2,1.0,1847.0,1,FULFILLED,ARS,35910.0,7541.1,0.0,43451.1,20250901
1000005460,1146,1,,2174.0,3570,REFUNDED,ARS,24000.0,5040.0,1200.0,30240.0,20250408
1000005461,264,2,3.0,1889.0,3,FULFILLED,ARS,23520.0,4939.2,0.0,28459.2,20250101
1000005462,731,1,,2362.0,3060,FULFILLED,ARS,61200.0,12852.0,900.0,74952.0,20241031
1000005463,1236,1,,2584.0,1802,FULFILLED,ARS,10260.0,2154.6,900.0,13314.6,20250619
1000005464,104,1,,1834.0,2080,FULFILLED,ARS,15000.0,3150.0,1200.0,19350.0,20240219
1000005465,1164,2,1.0,2123.0,1,FULFILLED,ARS,36750.0,7717.5,0.0,44467.5,20240822
1000005466,436,1,,1116.0,2463,FULFILLED,ARS,39690.0,8334.9,0.0,48024.9,20250929
1000005467,399,1,,2214.0,3961,FULFILLED,ARS,28500.0,5985.0,0.0,34485.0,20250920
1000005468,931,1,,2100.0,4035,CANCELLED,ARS,47280.0,9928.8,900.0,58108.8,20250820
1000005469,1191,1,,1068.0,2761,REFUNDED,ARS,11760.0,2469.6,1200.0,15429.6,20240730
1000005470,1235,1,,1177.0,1759,FULFILLED,ARS,32400.0,6804.0,900.0,40104.0,20240717
1000005471,642,1,,,4041,FULFILLED,ARS,37860.0,7950.6,900.0,46710.6,20250220
1000005472,38,1,,1570.0,1025,FULFILLED,ARS,49530.0,10401.3,900.0,60831.3,20250217
1000005473,858,1,,1087.0,3932,FULFILLED,ARS,65952.0,13849.92,0.0,79801.92,20240501
1000005474,766,1,,4045.0,2003,FULFILLED,ARS,13500.0,2835.0,0.0,16335.0,20250524
1000005475,88,2,4.0,3298.0,4,FULFILLED,ARS,10260.0,2154.6,0.0,12414.6,20240410
1000005476,358,1,,3904.0,2937,FULFILLED,ARS,40500.0,8505.0,1200.0,50205.0,20250512
1000005477,879,1,,2730.0,1341,FULFILLED,ARS,11400.0,2394.0,900.0,14694.0,20250825
1000005478,516,2,2.0,,2,REFUNDED,ARS,14175.0,2976.75,0.0,17151.75,20250525
1000005479,22,1,,,3790,PAID,ARS,13500.0,2835.0,1200.0,17535.0,20241027
1000005480,376,2,1.0,1340.0,1,FULFILLED,ARS,25872.0,5433.12,0.0,31305.12,20240309
1000005481,591,2,4.0,3286.0,4,FULFILLED,ARS,32340.0,6791.4,0.0,39131.4,20250810
1000005482,549,1,,3590.0,3047,FULFILLED,ARS,10800.0,2268.0,1200.0,14268.0,20250428
1000005483,783,1,,3070.0,1126,PAID,ARS,73044.0,15339.24,1200.0,89583.24,20240416
1000005484,1155,1,,1747.0,1449,FULFILLED,ARS,13500.0,2835.0,1500.0,17835.0,20241209
1000005485,1472,1,,1126.0,2742,PAID,ARS,30000.0,6300.0,900.0,37200.0,20250206
1000005486,637,1,,,2721,FULFILLED,ARS,11760.0,2469.6,900.0,15129.6,20240401
1000005487,372,2,2.0,3420.0,2,FULFILLED,ARS,24000.0,5040.0,0.0,29040.0,20240717
1000005488,664,1,,3362.0,2887,FULFILLED,ARS,63180.0,13267.8,1200.0,77647.8,20250606
1000005489,164,1,,1176.0,3652,FULFILLED,ARS,12000.0,2520.0,1200.0,15720.0,20240816
1000005490,1062,2,1.0,3079.0,1,FULFILLED,ARS,52050.0,10930.5,0.0,62980.5,20250621
1000005491,990,1,,3340.0,1922,FULFILLED,ARS,40500.0,8505.0,1200.0,50205.0,20240625
1000005492,708,2,2.0,2841.0,2,FULFILLED,ARS,40500.0,8505.0,0.0,49005.0,20250206
1000005493,1117,1,,3082.0,3604,PAID,ARS,36000.0,7560.0,900.0,44460.0,20250428
1000005494,1484,1,,4068.0,1841,FULFILLED,ARS,21600.0,4536.0,900.0,27036.0,20241102
1000005495,732,2,1.0,,1,CANCELLED,ARS,35910.0,7541.1,0.0,43451.1,20250528
1000005496,393,1,,2950.0,2463,FULFILLED,ARS,32400.0,6804.0,1200.0,40404.0,20250602
1000005497,1403,1,,3429.0,3120,FULFILLED,ARS,12000.0,2520.0,1200.0,15720.0,20241216
1000005498,826,2,4.0,1549.0,4,CANCELLED,ARS,27825.0,5843.25,0.0,33668.25,20250902
1000005499,1034,1,,3323.0,2393,CANCELLED,ARS,44550.0,9355.5,1500.0,55405.5,20240117
1000005500,1132,2,1.0,1278.0,1,FULFILLED,ARS,23520.0,4939.2,0.0,28459.2,20240828
1000005501,985,2,1.0,,1,FULFILLED,ARS,14250.0,2992.5,0.0,17242.5,20241215
1000005502,665,2,1.0,3539.0,1,CANCELLED,ARS,15435.0,3241.35,0.0,18676.35,20240630
1000005503,1123,1,,3153.0,3409,FULFILLED,ARS,12000.0,2520.0,0.0,14520.0,20250913
1000005504,784,1,,3117.0,4073,FULFILLED,ARS,30000.0,6300.0,1200.0,37500.0,20240603
1000005505,602,2,4.0,1298.0,4,FULFILLED,ARS,13500.0,2835.0,0.0,16335.0,20250516
1000005506,1059,2,4.0,2919.0,4,FULFILLED,ARS,91350.0,19183.5,0.0,110533.5,20240408
1000005507,1215,1,,2997.0,4182,FULFILLED,ARS,35910.0,7541.1,900.0,44351.1,20240819
1000005508,429,2,2.0,3649.0,2,FULFILLED,ARS,27000.0,5670.0,0.0,32670.0,20240421
1000005509,631,2,2.0,,2,FULFILLED,ARS,44887.5,9426.38,0.0,54313.88,20241210
1000005510,372,1,,1053.0,3575,FULFILLED,ARS,24000.0,5040.0,1200.0,30240.0,20250625
1000005511,32,2,4.0,3156.0,4,FULFILLED,ARS,14250.0,2992.5,0.0,17242.5,20250320
1000005512,277,1,,2095.0,2937,FULFILLED,ARS,10800.0,2268.0,1200.0,14268.0,20240820
1000005513,243,2,3.0,3047.0,3,FULFILLED,ARS,14250.0,2992.5,0.0,17242.5,20250924
1000005514,693,2,2.0,,2,FULFILLED,ARS,40500.0,8505.0,0.0,49005.0,20240707
1000005515,1241,2,1.0,3648.0,1,FULFILLED,ARS,98775.0,20742.75,0.0,119517.75,20241123
1000005516,536,1,,2204.0,3837,FULFILLED,ARS,14700.0,3087.0,1500.0,19287.0,20250930
1000005517,1302,1,,1930.0,4112,FULFILLED,ARS,65085.0,13667.85,0.0,78752.85,20240722
1000005518,1179,2,4.0,3357.0,4,REFUNDED,ARS,25650.0,5386.5,0.0,31036.5,20250610
1000005519,444,2,2.0,1634.0,2,PAID,ARS,23520.0,4939.2,0.0,28459.2,20250410
1000005520,993,1,,3376.0,2854,FULFILLED,ARS,71280.0,14968.8,1500.0,87748.8,20240420
1000005521,939,1,,2270.0,2899,PAID,ARS,38475.0,8079.75,1200.0,47754.75,20250920
1000005522,502,1,,1807.0,1815,FULFILLED,ARS,64620.0,13570.2,1200.0,79390.2,20240519
1000005523,22,1,,2980.0,3296,FULFILLED,ARS,12825.0,2693.25,0.0,15518.25,20240729
1000005524,856,1,,2619.0,3921,FULFILLED,ARS,16500.0,3465.0,900.0,20865.0,20250826
1000005525,1436,2,2.0,1810.0,2,PAID,ARS,24348.0,5113.08,0.0,29461.08,20250514
1000005526,1335,1,,1869.0,3317,FULFILLED,ARS,10800.0,2268.0,1200.0,14268.0,20240102
1000005527,856,2,1.0,3986.0,1,FULFILLED,ARS,44100.0,9261.0,0.0,53361.0,20250315
1000005528,325,1,,2814.0,2950,FULFILLED,ARS,11970.0,2513.7,1200.0,15683.7,20240127
1000005529,229,1,,1306.0,1395,CANCELLED,ARS,61020.0,12814.2,0.0,73834.2,20240706
1000005530,357,2,2.0,,2,FULFILLED,ARS,28500.0,5985.0,0.0,34485.0,20250108
1000005531,29,2,4.0,,4,PAID,ARS,37800.0,7938.0,0.0,45738.0,20240129
1000005532,306,2,1.0,3135.0,1,FULFILLED,ARS,45000.0,9450.0,0.0,54450.0,20250228
1000005533,710,1,,2225.0,3116,FULFILLED,ARS,27000.0,5670.0,0.0,32670.0,20250225
1000005534,11,2,3.0,3549.0,3,FULFILLED,ARS,37044.0,7779.24,0.0,44823.24,20250828
1000005535,785,1,,3893.0,1514,PAID,ARS,68685.0,14423.85,0.0,83108.85,20250521
1000005536,691,1,,2585.0,2436,FULFILLED,ARS,57450.0,12064.5,900.0,70414.5,20250819
1000005537,640,2,1.0,2542.0,1,FULFILLED,ARS,37080.0,7786.8,0.0,44866.8,20241120
1000005538,937,1,,1262.0,2741,FULFILLED,ARS,44100.0,9261.0,1500.0,54861.0,20240920
1000005539,1479,2,2.0,2364.0,2,CREATED,ARS,41700.0,8757.0,0.0,50457.0,20250315
1000005540,365,1,,1462.0,2471,FULFILLED,ARS,15750.0,3307.5,1200.0,20257.5,20240702
1000005541,719,1,,2884.0,3666,PAID,ARS,62100.0,13041.0,1500.0,76641.0,20241123
1000005542,455,1,,3753.0,1748,FULFILLED,ARS,46455.0,9755.55,1200.0,57410.55,20250506
1000005543,1347,2,3.0,1361.0,3,FULFILLED,ARS,22800.0,4788.0,0.0,27588.0,20250412
1000005544,244,1,,4123.0,3470,FULFILLED,ARS,10800.0,2268.0,900.0,13968.0,20250424
1000005545,1456,2,4.0,2803.0,4,CANCELLED,ARS,10584.0,2222.64,0.0,12806.64,20240107
1000005546,44,1,,2190.0,1660,FULFILLED,ARS,19440.0,4082.4,1500.0,25022.4,20240430
1000005547,993,1,,2728.0,2221,FULFILLED,ARS,30870.0,6482.7,1500.0,38852.7,20241130
1000005548,1358,2,1.0,3708.0,1,FULFILLED,ARS,28500.0,5985.0,0.0,34485.0,20250418
1000005549,1103,2,4.0,2223.0,4,FULFILLED,ARS,12825.0,2693.25,0.0,15518.25,20240901
1000005550,1147,1,,4017.0,4146,CANCELLED,ARS,45000.0,9450.0,900.0,55350.0,20240303
1000005551,882,1,,2332.0,1020,PAID,ARS,64500.0,13545.0,1200.0,79245.0,20250913
1000005552,1324,2,4.0,2152.0,4,FULFILLED,ARS,44625.0,9371.25,0.0,53996.25,20240702
1000005553,1102,1,,2086.0,1777,FULFILLED,ARS,24000.0,5040.0,0.0,29040.0,20250806
1000005554,547,2,3.0,2140.0,3,FULFILLED,ARS,23520.0,4939.2,0.0,28459.2,20250224
1000005555,833,2,1.0,1054.0,1,PAID,ARS,23520.0,4939.2,0.0,28459.2,20240314
1000005556,1481,1,,1940.0,3436,CANCELLED,ARS,9720.0,2041.2,1200.0,12961.2,20240219
1000005557,51,1,,3567.0,2811,FULFILLED,ARS,29400.0,6174.0,900.0,36474.0,20240401
1000005558,1234,1,,3612.0,1860,PAID,ARS,12348.0,2593.08,900.0,15841.08,20240712
1000005559,378,2,4.0,1036.0,4,CANCELLED,ARS,10800.0,2268.0,0.0,13068.0,20241005
1000005560,1210,2,1.0,2620.0,1,REFUNDED,ARS,29700.0,6237.0,0.0,35937.0,20250109
1000005561,861,1,,2420.0,2333,PAID,ARS,10800.0,2268.0,900.0,13968.0,20240612
1000005562,861,1,,1301.0,2446,FULFILLED,ARS,13230.0,2778.3,1500.0,17508.3,20250503
1000005563,389,2,4.0,1883.0,4,CANCELLED,ARS,24000.0,5040.0,0.0,29040.0,20250826
1000005564,882,2,2.0,2567.0,2,FULFILLED,ARS,21600.0,4536.0,0.0,26136.0,20240218
1000005565,576,1,,1501.0,2292,REFUNDED,ARS,39348.0,8263.08,1200.0,48811.08,20240610
1000005566,1333,1,,2756.0,1627,FULFILLED,ARS,10800.0,2268.0,900.0,13968.0,20240528
1000005567,537,2,2.0,1608.0,2,FULFILLED,ARS,15000.0,3150.0,0.0,18150.0,20250806
1000005568,825,1,,1425.0,2852,FULFILLED,ARS,11400.0,2394.0,0.0,13794.0,20240106
1000005569,243,2,3.0,2207.0,3,FULFILLED,ARS,11760.0,2469.6,0.0,14229.6,20241114
1000005570,233,2,4.0,2358.0,4,FULFILLED,ARS,89100.0,18711.0,0.0,107811.0,20240715
1000005571,384,1,,3552.0,2896,FULFILLED,ARS,42750.0,8977.5,0.0,51727.5,20250419
1000005572,204,2,4.0,2782.0,4,FULFILLED,ARS,34020.0,7144.2,0.0,41164.2,20250927
1000005573,1272,1,,2438.0,2949,PAID,ARS,45000.0,9450.0,1200.0,55650.0,20250331
1000005574,1468,2,1.0,1729.0,1,FULFILLED,ARS,32400.0,6804.0,0.0,39204.0,20240418
1000005575,1326,2,3.0,4119.0,3,FULFILLED,ARS,23520.0,4939.2,0.0,28459.2,20240312
1000005576,141,1,,3113.0,2121,FULFILLED,ARS,24696.0,5186.16,0.0,29882.16,20250329
1000005577,746,1,,3039.0,4109,FULFILLED,ARS,44887.5,9426.38,900.0,55213.88,20240731
1000005578,1479,2,2.0,1015.0,2,FULFILLED,ARS,39690.0,8334.9,0.0,48024.9,20240707
1000005579,328,2,3.0,1454.0,3,CANCELLED,ARS,49200.0,10332.0,0.0,59532.0,20250805
1000005580,276,1,,,2783,FULFILLED,ARS,27000.0,5670.0,1200.0,33870.0,20250428
1000005581,974,2,4.0,,4,FULFILLED,ARS,51450.0,10804.5,0.0,62254.5,20241222
1000005582,653,2,2.0,,2,PAID,ARS,10800.0,2268.0,0.0,13068.0,20241220
1000005583,993,1,,1579.0,3619,FULFILLED,ARS,47520.0,9979.2,900.0,58399.2,20240211
1000005584,159,1,,1709.0,2860,REFUNDED,ARS,26400.0,5544.0,1500.0,33444.0,20250304
1000005585,1451,1,,2613.0,1956,PAID,ARS,23160.0,4863.6,900.0,28923.6,20240217
1000005586,866,2,4.0,2823.0,4,FULFILLED,ARS,14700.0,3087.0,0.0,17787.0,20241225
1000005587,88,1,,2885.0,3718,FULFILLED,ARS,25200.0,5292.0,0.0,30492.0,20240723
1000005588,994,2,3.0,4057.0,3,FULFILLED,ARS,15435.0,3241.35,0.0,18676.35,20240818
1000005589,1015,1,,1828.0,1728,FULFILLED,ARS,49056.0,10301.76,900.0,60257.76,20241003
1000005590,1351,1,,2454.0,2234,CANCELLED,ARS,22800.0,4788.0,900.0,28488.0,20240727
1000005591,304,1,,1988.0,1533,FULFILLED,ARS,35910.0,7541.1,1200.0,44651.1,20240513
1000005592,925,2,3.0,2900.0,3,PAID,ARS,29700.0,6237.0,0.0,35937.0,20240406
1000005593,283,2,4.0,3179.0,4,FULFILLED,ARS,47670.0,10010.7,0.0,57680.7,20250610
1000005594,1061,1,,2225.0,3596,FULFILLED,ARS,46305.0,9724.05,900.0,56929.05,20240402
1000005595,429,1,,1649.0,1314,FULFILLED,ARS,14700.0,3087.0,900.0,18687.0,20250217
1000005596,705,1,,1621.0,1111,PAID,ARS,10800.0,2268.0,900.0,13968.0,20250303
1000005597,516,1,,3793.0,3965,FULFILLED,ARS,14700.0,3087.0,0.0,17787.0,20241019
1000005598,978,1,,,1912,PAID,ARS,46305.0,9724.05,0.0,56029.05,20241205
1000005599,332,1,,3008.0,1427,PAID,ARS,15675.0,3291.75,900.0,19866.75,20241121
1000005600,43,2,3.0,3587.0,3,FULFILLED,ARS,61200.0,12852.0,0.0,74052.0,20241203
1000005601,853,1,,1726.0,2385,FULFILLED,ARS,10260.0,2154.6,1500.0,13914.6,20250422
1000005602,209,2,4.0,4023.0,4,PAID,ARS,15435.0,3241.35,0.0,18676.35,20250422
1000005603,1476,1,,2291.0,2996,FULFILLED,ARS,15000.0,3150.0,1200.0,19350.0,20240415
1000005604,1331,1,,1808.0,2526,FULFILLED,ARS,42840.0,8996.4,1500.0,53336.4,20240304
1000005605,1400,2,3.0,4100.0,3,FULFILLED,ARS,35280.0,7408.8,0.0,42688.8,20250304
1000005606,248,1,,3441.0,1959,PAID,ARS,11400.0,2394.0,0.0,13794.0,20240410
1000005607,1105,1,,3089.0,2739,CANCELLED,ARS,45000.0,9450.0,1500.0,55950.0,20240917
1000005608,543,2,1.0,3996.0,1,FULFILLED,ARS,12000.0,2520.0,0.0,14520.0,20240414
1000005609,1452,2,2.0,2406.0,2,FULFILLED,ARS,70575.0,14820.75,0.0,85395.75,20250126
1000005610,483,1,,4.0,2191,CANCELLED,ARS,14250.0,2992.5,1200.0,18442.5,20250928
1000005611,135,2,2.0,2108.0,2,PAID,ARS,78300.0,16443.0,0.0,94743.0,20241029
1000005612,1462,1,,2842.0,1205,FULFILLED,ARS,28350.0,5953.5,1500.0,35803.5,20250708
1000005613,1149,1,,,2233,FULFILLED,ARS,25500.0,5355.0,900.0,31755.0,20250526
1000005614,1485,2,2.0,1844.0,2,FULFILLED,ARS,11970.0,2513.7,0.0,14483.7,20240824
1000005615,905,1,,2057.0,1597,FULFILLED,ARS,65700.0,13797.0,1200.0,80697.0,20240705
1000005616,1236,2,1.0,,1,FULFILLED,ARS,45135.0,9478.35,0.0,54613.35,20250416
1000005617,176,1,,2452.0,3006,FULFILLED,ARS,11400.0,2394.0,1200.0,14994.0,20250712
1000005618,1319,2,3.0,1397.0,3,CANCELLED,ARS,81450.0,17104.5,0.0,98554.5,20250404
1000005619,1386,1,,1683.0,1039,FULFILLED,ARS,49020.0,10294.2,1500.0,60814.2,20240727
1000005620,121,1,,3369.0,3166,FULFILLED,ARS,41040.0,8618.4,1500.0,51158.4,20240309
1000005621,954,1,,3202.0,3220,FULFILLED,ARS,32400.0,6804.0,1500.0,40704.0,20250819
1000005622,90,1,,1965.0,1067,FULFILLED,ARS,75435.0,15841.35,1500.0,92776.35,20250813
1000005623,347,1,,2100.0,3835,FULFILLED,ARS,19440.0,4082.4,900.0,24422.4,20250904
1000005624,1486,1,,3725.0,2199,FULFILLED,ARS,20520.0,4309.2,900.0,25729.2,20241005
1000005625,223,1,,1705.0,2740,PAID,ARS,15000.0,3150.0,900.0,19050.0,20240422
1000005626,749,2,2.0,3214.0,2,REFUNDED,ARS,40500.0,8505.0,0.0,49005.0,20250713
1000005627,1199,2,2.0,3004.0,2,FULFILLED,ARS,70200.0,14742.0,0.0,84942.0,20240403
1000005628,58,1,,3749.0,2291,FULFILLED,ARS,49500.0,10395.0,1500.0,61395.0,20250919
1000005629,78,2,2.0,2444.0,2,FULFILLED,ARS,61044.0,12819.24,0.0,73863.24,20241231
1000005630,888,1,,,3104,FULFILLED,ARS,12540.0,2633.4,1200.0,16373.4,20250307
1000005631,1472,2,4.0,1229.0,4,FULFILLED,ARS,36450.0,7654.5,0.0,44104.5,20241229
1000005632,1477,1,,2201.0,4140,FULFILLED,ARS,66270.0,13916.7,1200.0,81386.7,20250826
1000005633,1104,1,,,2221,FULFILLED,ARS,26100.0,5481.0,1200.0,32781.0,20241016
1000005634,1241,2,4.0,3398.0,4,CANCELLED,ARS,35280.0,7408.8,0.0,42688.8,20241121
1000005635,715,1,,1857.0,4127,FULFILLED,ARS,46800.0,9828.0,900.0,57528.0,20250609
1000005636,1295,1,,,3027,FULFILLED,ARS,36000.0,7560.0,900.0,44460.0,20241206
1000005637,1237,2,3.0,3036.0,3,FULFILLED,ARS,97740.0,20525.4,0.0,118265.4,20250629
1000005638,1202,1,,2314.0,1524,FULFILLED,ARS,44280.0,9298.8,1200.0,54778.8,20250521
1000005639,1014,2,1.0,3346.0,1,FULFILLED,ARS,30000.0,6300.0,0.0,36300.0,20241122
1000005640,701,2,3.0,1061.0,3,PAID,ARS,69510.0,14597.1,0.0,84107.1,20240128
1000005641,232,1,,2798.0,2777,PAID,ARS,10800.0,2268.0,0.0,13068.0,20240719
1000005642,812,2,1.0,3473.0,1,FULFILLED,ARS,12540.0,2633.4,0.0,15173.4,20240911
1000005643,1322,1,,4055.0,1100,FULFILLED,ARS,35280.0,7408.8,1200.0,43888.8,20250814
1000005644,1443,1,,4117.0,3483,FULFILLED,ARS,31350.0,6583.5,900.0,38833.5,20240310
1000005645,1047,1,,1561.0,2762,FULFILLED,ARS,49260.0,10344.6,900.0,60504.6,20240516
1000005646,669,1,,1647.0,3781,PAID,ARS,27510.0,5777.1,1200.0,34487.1,20240325
1000005647,23,1,,2471.0,1303,FULFILLED,ARS,21600.0,4536.0,900.0,27036.0,20250502
1000005648,1163,1,,3481.0,1447,FULFILLED,ARS,42750.0,8977.5,900.0,52627.5,20240725
1000005649,97,2,3.0,1831.0,3,FULFILLED,ARS,11400.0,2394.0,0.0,13794.0,20240420
1000005650,366,1,,3701.0,3879,FULFILLED,ARS,68100.0,14301.0,1200.0,83601.0,20250805
1000005651,429,1,,2752.0,2015,PAID,ARS,11400.0,2394.0,900.0,14694.0,20250810
1000005652,524,2,1.0,2915.0,1,CANCELLED,ARS,47280.0,9928.8,0.0,57208.8,20240719
1000005653,1313,2,2.0,2690.0,2,FULFILLED,ARS,24300.0,5103.0,0.0,29403.0,20250605
1000005654,456,1,,2509.0,3438,CANCELLED,ARS,31752.0,6667.92,0.0,38419.92,20240118
1000005655,291,1,,4078.0,3023,FULFILLED,ARS,23400.0,4914.0,900.0,29214.0,20240330
1000005656,1359,1,,3928.0,2878,FULFILLED,ARS,10800.0,2268.0,1200.0,14268.0,20241115
1000005657,685,2,2.0,1169.0,2,FULFILLED,ARS,28500.0,5985.0,0.0,34485.0,20241008
1000005658,1370,2,4.0,1011.0,4,FULFILLED,ARS,72900.0,15309.0,0.0,88209.0,20250315
1000005659,350,2,2.0,,2,FULFILLED,ARS,26460.0,5556.6,0.0,32016.6,20241024
1000005660,1135,1,,,4177,FULFILLED,ARS,64350.0,13513.5,900.0,78763.5,20240223
1000005661,17,1,,1488.0,1589,REFUNDED,ARS,42150.0,8851.5,1200.0,52201.5,20250709
1000005662,208,2,3.0,3237.0,3,FULFILLED,ARS,28500.0,5985.0,0.0,34485.0,20250304
1000005663,511,2,4.0,2819.0,4,FULFILLED,ARS,71460.0,15006.6,0.0,86466.6,20250521
1000005664,951,1,,3552.0,2372,FULFILLED,ARS,12150.0,2551.5,0.0,14701.5,20240405
1000005665,43,1,,1804.0,3559,CREATED,ARS,34560.0,7257.6,1500.0,43317.6,20240130
1000005666,1435,1,,3774.0,3189,FULFILLED,ARS,29700.0,6237.0,1500.0,37437.0,20240720
1000005667,748,2,2.0,2291.0,2,FULFILLED,ARS,24300.0,5103.0,0.0,29403.0,20250405
1000005668,542,1,,2929.0,3191,FULFILLED,ARS,30000.0,6300.0,0.0,36300.0,20250905
1000005669,430,1,,1483.0,1797,PAID,ARS,71250.0,14962.5,1500.0,87712.5,20250322
1000005670,7,2,4.0,3460.0,4,CANCELLED,ARS,43800.0,9198.0,0.0,52998.0,20250124
1000005671,1447,1,,3740.0,3842,CREATED,ARS,25872.0,5433.12,900.0,32205.12,20250124
1000005672,426,2,2.0,1660.0,2,FULFILLED,ARS,21600.0,4536.0,0.0,26136.0,20250322
1000005673,1248,2,3.0,1545.0,3,PAID,ARS,23520.0,4939.2,0.0,28459.2,20240322
1000005674,246,1,,2043.0,1412,REFUNDED,ARS,42750.0,8977.5,0.0,51727.5,20250206
1000005675,665,1,,1362.0,1394,FULFILLED,ARS,11400.0,2394.0,900.0,14694.0,20240331
1000005676,337,2,1.0,2090.0,1,PAID,ARS,40500.0,8505.0,0.0,49005.0,20250617
1000005677,602,1,,3315.0,2850,PAID,ARS,66870.0,14042.7,0.0,80912.7,20240603
1000005678,118,1,,4037.0,1676,FULFILLED,ARS,56100.0,11781.0,0.0,67881.0,20250606
1000005679,119,2,3.0,1796.0,3,FULFILLED,ARS,57750.0,12127.5,0.0,69877.5,20250524
1000005680,996,1,,2587.0,3843,FULFILLED,ARS,22680.0,4762.8,1500.0,28942.8,20250319
1000005681,143,2,4.0,1798.0,4,FULFILLED,ARS,34200.0,7182.0,0.0,41382.0,20250816
1000005682,191,1,,4048.0,2446,FULFILLED,ARS,45000.0,9450.0,0.0,54450.0,20241123
1000005683,616,1,,3205.0,3734,FULFILLED,ARS,10800.0,2268.0,1500.0,14568.0,20241102
1000005684,758,2,1.0,1459.0,1,FULFILLED,ARS,39900.0,8379.0,0.0,48279.0,20240531
1000005685,605,1,,,1596,FULFILLED,ARS,45000.0,9450.0,900.0,55350.0,20241126
1000005686,1038,1,,3713.0,2327,FULFILLED,ARS,32400.0,6804.0,0.0,39204.0,20240108
1000005687,754,1,,1508.0,3601,FULFILLED,ARS,23520.0,4939.2,900.0,29359.2,20240731
1000005688,273,1,,,3820,FULFILLED,ARS,10800.0,2268.0,900.0,13968.0,20240515
1000005689,466,2,1.0,2740.0,1,FULFILLED,ARS,39660.0,8328.6,0.0,47988.6,20240731
1000005690,1246,2,1.0,2898.0,1,CREATED,ARS,22800.0,4788.0,0.0,27588.0,20250716
1000005691,706,2,4.0,1962.0,4,FULFILLED,ARS,14175.0,2976.75,0.0,17151.75,20250111
1000005692,1196,1,,1203.0,1327,CANCELLED,ARS,11400.0,2394.0,0.0,13794.0,20250819
1000005693,1375,1,,1302.0,2535,FULFILLED,ARS,21600.0,4536.0,900.0,27036.0,20240721
1000005694,6,2,3.0,2844.0,3,FULFILLED,ARS,60270.0,12656.7,0.0,72926.7,20240512
1000005695,729,2,4.0,3331.0,4,FULFILLED,ARS,10800.0,2268.0,0.0,13068.0,20240219
1000005696,1222,2,1.0,2930.0,1,REFUNDED,ARS,53400.0,11214.0,0.0,64614.0,20241012
1000005697,1493,1,,3889.0,3126,FULFILLED,ARS,11400.0,2394.0,1200.0,14994.0,20241108
1000005698,166,1,,2149.0,4096,FULFILLED,ARS,12348.0,2593.08,900.0,15841.08,20250211
1000005699,1056,1,,2304.0,2287,FULFILLED,ARS,26400.0,5544.0,1200.0,33144.0,20250525
1000005700,1278,1,,1470.0,1085,CANCELLED,ARS,48420.0,10168.2,1200.0,59788.2,20240802
1000005701,681,2,4.0,3692.0,4,REFUNDED,ARS,37800.0,7938.0,0.0,45738.0,20250117
1000005702,1042,2,2.0,3160.0,2,FULFILLED,ARS,15000.0,3150.0,0.0,18150.0,20240101
1000005703,1013,1,,2520.0,3389,PAID,ARS,10260.0,2154.6,900.0,13314.6,20240609
1000005704,1392,2,2.0,3202.0,2,FULFILLED,ARS,10260.0,2154.6,0.0,12414.6,20241011
1000005705,175,2,2.0,1478.0,2,FULFILLED,ARS,64680.0,13582.8,0.0,78262.8,20241115
1000005706,1434,1,,2160.0,3985,FULFILLED,ARS,43200.0,9072.0,900.0,53172.0,20240817
1000005707,795,2,4.0,2628.0,4,CANCELLED,ARS,57600.0,12096.0,0.0,69696.0,20250719
1000005708,919,1,,2746.0,3097,FULFILLED,ARS,34200.0,7182.0,900.0,42282.0,20250318
1000005709,297,1,,3793.0,3750,CANCELLED,ARS,21168.0,4445.28,1200.0,26813.28,20240301
1000005710,530,1,,2418.0,2203,PAID,ARS,19440.0,4082.4,1200.0,24722.4,20250627
1000005711,608,2,2.0,,2,FULFILLED,ARS,42750.0,8977.5,0.0,51727.5,20241206
1000005712,574,1,,2480.0,4181,FULFILLED,ARS,24000.0,5040.0,1200.0,30240.0,20240711
1000005713,781,1,,3013.0,3150,FULFILLED,ARS,41160.0,8643.6,1200.0,51003.6,20250206
1000005714,1019,1,,3548.0,4080,FULFILLED,ARS,31752.0,6667.92,900.0,39319.92,20250502
1000005715,956,1,,3034.0,1751,CREATED,ARS,35640.0,7484.4,0.0,43124.4,20240407
1000005716,1306,2,3.0,4026.0,3,FULFILLED,ARS,69222.0,14536.62,0.0,83758.62,20240110
1000005717,1382,2,4.0,1914.0,4,FULFILLED,ARS,47250.0,9922.5,0.0,57172.5,20250826
1000005718,763,1,,1728.0,1577,CREATED,ARS,27000.0,5670.0,900.0,33570.0,20250526
1000005719,1090,1,,2355.0,1655,CREATED,ARS,27000.0,5670.0,1200.0,33870.0,20250919
1000005720,743,2,2.0,2266.0,2,FULFILLED,ARS,46740.0,9815.4,0.0,56555.4,20241206
1000005721,319,2,1.0,1566.0,1,FULFILLED,ARS,23520.0,4939.2,0.0,28459.2,20250909
1000005722,782,1,,3152.0,3570,FULFILLED,ARS,32520.0,6829.2,0.0,39349.2,20241113
1000005723,799,2,2.0,1559.0,2,FULFILLED,ARS,25080.0,5266.8,0.0,30346.8,20240916
1000005724,870,2,4.0,1545.0,4,FULFILLED,ARS,35280.0,7408.8,0.0,42688.8,20240716
1000005725,794,1,,3325.0,3658,REFUNDED,ARS,23520.0,4939.2,1200.0,29659.2,20241121
1000005726,1244,1,,3541.0,2734,CANCELLED,ARS,36000.0,7560.0,900.0,44460.0,20240428
1000005727,75,1,,2790.0,2057,FULFILLED,ARS,34440.0,7232.4,1500.0,43172.4,20240106
1000005728,576,1,,3702.0,2089,FULFILLED,ARS,40500.0,8505.0,1200.0,50205.0,20240310
1000005729,1326,1,,3859.0,3887,FULFILLED,ARS,21600.0,4536.0,900.0,27036.0,20240831
1000005730,731,1,,1433.0,1329,FULFILLED,ARS,30780.0,6463.8,900.0,38143.8,20241206
1000005731,1387,2,3.0,2832.0,3,FULFILLED,ARS,32400.0,6804.0,0.0,39204.0,20240510
1000005732,1112,1,,1162.0,3144,CANCELLED,ARS,14250.0,2992.5,1200.0,18442.5,20240325
1000005733,13,1,,,1717,CANCELLED,ARS,37044.0,7779.24,1500.0,46323.24,20240110
1000005734,297,1,,1753.0,1954,FULFILLED,ARS,38550.0,8095.5,1200.0,47845.5,20240803
1000005735,974,2,3.0,2407.0,3,PAID,ARS,32400.0,6804.0,0.0,39204.0,20240223
1000005736,1387,2,2.0,3150.0,2,FULFILLED,ARS,25872.0,5433.12,0.0,31305.12,20240815
1000005737,39,1,,3096.0,2524,FULFILLED,ARS,62700.0,13167.0,1500.0,77367.0,20250406
1000005738,192,1,,1163.0,2860,FULFILLED,ARS,28950.0,6079.5,900.0,35929.5,20240816
1000005739,541,1,,3494.0,2004,REFUNDED,ARS,11400.0,2394.0,900.0,14694.0,20250719
1000005740,1297,1,,3350.0,1720,FULFILLED,ARS,36000.0,7560.0,900.0,44460.0,20250831
1000005741,1389,1,,4189.0,1784,FULFILLED,ARS,38100.0,8001.0,1500.0,47601.0,20250105
1000005742,1462,1,,1516.0,4057,FULFILLED,ARS,15435.0,3241.35,1500.0,20176.35,20250806
1000005743,1406,1,,2279.0,2638,CANCELLED,ARS,32340.0,6791.4,900.0,40031.4,20250105
1000005744,1060,2,1.0,1438.0,1,FULFILLED,ARS,26550.0,5575.5,0.0,32125.5,20241205
1000005745,973,2,3.0,,3,FULFILLED,ARS,42750.0,8977.5,0.0,51727.5,20240901
1000005746,523,1,,3636.0,3200,REFUNDED,ARS,22800.0,4788.0,900.0,28488.0,20240811
1000005747,1079,2,2.0,4041.0,2,FULFILLED,ARS,60408.0,12685.68,0.0,73093.68,20240710
1000005748,451,1,,,3700,PAID,ARS,89445.0,18783.45,900.0,109128.45,20250525
1000005749,210,1,,1241.0,3120,FULFILLED,ARS,26460.0,5556.6,1500.0,33516.6,20240322
1000005750,273,1,,,1528,PAID,ARS,21600.0,4536.0,1200.0,27336.0,20241111
1000005751,194,1,,2746.0,2151,CANCELLED,ARS,14250.0,2992.5,0.0,17242.5,20240609
1000005752,825,1,,3312.0,2188,FULFILLED,ARS,23940.0,5027.4,900.0,29867.4,20240912
1000005753,1358,2,1.0,1469.0,1,FULFILLED,ARS,11760.0,2469.6,0.0,14229.6,20250405
1000005754,967,1,,3402.0,1731,FULFILLED,ARS,35640.0,7484.4,1200.0,44324.4,20250307
1000005755,1377,1,,2261.0,2191,FULFILLED,ARS,72000.0,15120.0,0.0,87120.0,20240808
1000005756,573,2,4.0,2745.0,4,FULFILLED,ARS,32400.0,6804.0,0.0,39204.0,20240405
1000005757,1148,2,1.0,3133.0,1,FULFILLED,ARS,36300.0,7623.0,0.0,43923.0,20240525
1000005758,1274,2,4.0,3735.0,4,FULFILLED,ARS,34200.0,7182.0,0.0,41382.0,20250626
1000005759,147,2,4.0,1380.0,4,FULFILLED,ARS,11970.0,2513.7,0.0,14483.7,20240701
1000005760,1119,2,1.0,1921.0,1,FULFILLED,ARS,11760.0,2469.6,0.0,14229.6,20240224
1000005761,958,1,,3149.0,1975,FULFILLED,ARS,10800.0,2268.0,1500.0,14568.0,20241211
1000005762,1006,2,4.0,2991.0,4,FULFILLED,ARS,34200.0,7182.0,0.0,41382.0,20250105
1000005763,752,1,,,3173,FULFILLED,ARS,34668.0,7280.28,1200.0,43148.28,20250405
1000005764,689,1,,1641.0,3111,PAID,ARS,32400.0,6804.0,0.0,39204.0,20250724
1000005765,931,2,1.0,,1,FULFILLED,ARS,42240.0,8870.4,0.0,51110.4,20241124
1000005766,853,1,,1247.0,3292,PAID,ARS,36000.0,7560.0,1200.0,44760.0,20240607
1000005767,1451,1,,2313.0,2141,FULFILLED,ARS,10800.0,2268.0,0.0,13068.0,20250902
1000005768,1045,1,,2889.0,1527,PAID,ARS,44550.0,9355.5,1200.0,55105.5,20250326
1000005769,349,1,,2584.0,2071,REFUNDED,ARS,14700.0,3087.0,1200.0,18987.0,20240101
1000005770,855,1,,3733.0,2321,FULFILLED,ARS,30000.0,6300.0,900.0,37200.0,20241026
1000005771,381,1,,,2929,FULFILLED,ARS,45000.0,9450.0,900.0,55350.0,20240116
1000005772,1336,1,,1885.0,2624,FULFILLED,ARS,24000.0,5040.0,900.0,29940.0,20250905
1000005773,209,1,,3698.0,2173,PAID,ARS,32400.0,6804.0,1500.0,40704.0,20250209
1000005774,233,1,,3912.0,3184,FULFILLED,ARS,11400.0,2394.0,1200.0,14994.0,20241122
1000005775,398,2,1.0,3803.0,1,FULFILLED,ARS,23760.0,4989.6,0.0,28749.6,20250718
1000005776,154,2,3.0,,3,CREATED,ARS,23520.0,4939.2,0.0,28459.2,20241004
1000005777,136,1,,1681.0,1158,FULFILLED,ARS,40200.0,8442.0,0.0,48642.0,20250403
1000005778,149,2,4.0,3486.0,4,FULFILLED,ARS,12000.0,2520.0,0.0,14520.0,20250810
1000005779,649,2,3.0,1649.0,3,FULFILLED,ARS,12600.0,2646.0,0.0,15246.0,20240427
1000005780,680,1,,2166.0,1327,FULFILLED,ARS,21600.0,4536.0,900.0,27036.0,20250918
1000005781,98,1,,3157.0,4020,PAID,ARS,15750.0,3307.5,1500.0,20557.5,20240701
1000005782,142,2,4.0,2106.0,4,FULFILLED,ARS,27570.0,5789.7,0.0,33359.7,20241019
1000005783,864,2,1.0,1547.0,1,CANCELLED,ARS,21600.0,4536.0,0.0,26136.0,20240601
1000005784,953,1,,3084.0,2520,FULFILLED,ARS,12000.0,2520.0,1200.0,15720.0,20250116
1000005785,1355,1,,1426.0,2467,FULFILLED,ARS,22800.0,4788.0,900.0,28488.0,20240928
1000005786,610,1,,4153.0,1019,PAID,ARS,11760.0,2469.6,1200.0,15429.6,20240505
1000005787,536,2,3.0,4087.0,3,PAID,ARS,11400.0,2394.0,0.0,13794.0,20250121
1000005788,361,1,,3695.0,2874,FULFILLED,ARS,24000.0,5040.0,1200.0,30240.0,20250407
1000005789,1339,1,,2818.0,3196,FULFILLED,ARS,62400.0,13104.0,900.0,76404.0,20240117
1000005790,765,1,,,1376,FULFILLED,ARS,11760.0,2469.6,1200.0,15429.6,20250607
1000005791,612,2,2.0,1893.0,2,REFUNDED,ARS,12348.0,2593.08,0.0,14941.08,20240810
1000005792,1078,1,,1943.0,1255,FULFILLED,ARS,12000.0,2520.0,900.0,15420.0,20250912
1000005793,1469,1,,2398.0,3163,PAID,ARS,74025.0,15545.25,1200.0,90770.25,20250401
1000005794,849,2,2.0,3303.0,2,FULFILLED,ARS,32400.0,6804.0,0.0,39204.0,20250602
1000005795,222,1,,1467.0,2874,FULFILLED,ARS,44100.0,9261.0,1200.0,54561.0,20250807
1000005796,972,1,,1036.0,3871,PAID,ARS,27000.0,5670.0,1200.0,33870.0,20240910
1000005797,332,1,,3474.0,2591,FULFILLED,ARS,36096.0,7580.16,900.0,44576.16,20240125
1000005798,1333,1,,1974.0,3709,FULFILLED,ARS,38475.0,8079.75,1200.0,47754.75,20240714
1000005799,1209,1,,2739.0,1873,PAID,ARS,32400.0,6804.0,1500.0,40704.0,20240809
1000005800,254,1,,3116.0,3170,FULFILLED,ARS,37044.0,7779.24,1200.0,46023.24,20240201
1000005801,783,2,3.0,4191.0,3,FULFILLED,ARS,21600.0,4536.0,0.0,26136.0,20250706
1000005802,203,2,1.0,1096.0,1,FULFILLED,ARS,29400.0,6174.0,0.0,35574.0,20250820
1000005803,570,1,,3030.0,3312,FULFILLED,ARS,90000.0,18900.0,900.0,109800.0,20240329
1000005804,1317,1,,3306.0,4021,FULFILLED,ARS,14700.0,3087.0,900.0,18687.0,20240527
1000005805,664,2,1.0,3997.0,1,FULFILLED,ARS,34200.0,7182.0,0.0,41382.0,20240903
1000005806,849,1,,1793.0,2294,REFUNDED,ARS,10584.0,2222.64,900.0,13706.64,20250419
1000005807,1032,1,,2393.0,3780,FULFILLED,ARS,23940.0,5027.4,900.0,29867.4,20250520
1000005808,532,1,,1625.0,1433,PAID,ARS,28500.0,5985.0,1200.0,35685.0,20241105
1000005809,569,1,,3132.0,3809,FULFILLED,ARS,22800.0,4788.0,900.0,28488.0,20240812
1000005810,685,1,,2035.0,3652,FULFILLED,ARS,31920.0,6703.2,900.0,39523.2,20240328
1000005811,1136,1,,1849.0,3032,CANCELLED,ARS,44550.0,9355.5,900.0,54805.5,20240219
1000005812,206,1,,2234.0,3746,FULFILLED,ARS,21600.0,4536.0,1500.0,27636.0,20240607
1000005813,900,1,,3127.0,2508,REFUNDED,ARS,60360.0,12675.6,0.0,73035.6,20241110
1000005814,1485,1,,2904.0,1287,FULFILLED,ARS,58500.0,12285.0,1200.0,71985.0,20250613
1000005815,1360,1,,,2043,FULFILLED,ARS,21600.0,4536.0,900.0,27036.0,20250315
1000005816,649,2,2.0,2378.0,2,PAID,ARS,34200.0,7182.0,0.0,41382.0,20250612
1000005817,182,2,1.0,3402.0,1,FULFILLED,ARS,25200.0,5292.0,0.0,30492.0,20250329
1000005818,1282,1,,,2100,FULFILLED,ARS,19440.0,4082.4,900.0,24422.4,20241202
1000005819,1280,1,,2393.0,2561,FULFILLED,ARS,36000.0,7560.0,1200.0,44760.0,20241127
1000005820,444,1,,1890.0,2225,FULFILLED,ARS,26250.0,5512.5,1200.0,32962.5,20250716
1000005821,467,1,,2577.0,3108,FULFILLED,ARS,24000.0,5040.0,1200.0,30240.0,20240321
1000005822,1033,1,,1963.0,3377,FULFILLED,ARS,23148.0,4861.08,900.0,28909.08,20241025
1000005823,502,1,,1990.0,2989,FULFILLED,ARS,24000.0,5040.0,1200.0,30240.0,20240324
1000005824,1167,1,,1602.0,3239,FULFILLED,ARS,32400.0,6804.0,1200.0,40404.0,20250730
1000005825,818,2,2.0,4142.0,2,FULFILLED,ARS,29400.0,6174.0,0.0,35574.0,20241117
1000005826,468,1,,1234.0,1760,FULFILLED,ARS,14250.0,2992.5,1200.0,18442.5,20250210
1000005827,1151,1,,3418.0,1191,PAID,ARS,44100.0,9261.0,1200.0,54561.0,20250415
1000005828,418,1,,2826.0,1904,PAID,ARS,36000.0,7560.0,900.0,44460.0,20250414
1000005829,661,2,3.0,3693.0,3,CREATED,ARS,10260.0,2154.6,0.0,12414.6,20240308
1000005830,477,2,2.0,1551.0,2,FULFILLED,ARS,49980.0,10495.8,0.0,60475.8,20240717
1000005831,1236,1,,1769.0,2807,FULFILLED,ARS,24696.0,5186.16,900.0,30782.16,20240409
1000005832,1257,1,,3438.0,1708,FULFILLED,ARS,42552.0,8935.92,1200.0,52687.92,20240312
1000005833,436,1,,,1905,FULFILLED,ARS,25080.0,5266.8,1200.0,31546.8,20240911
1000005834,1206,1,,2112.0,1288,FULFILLED,ARS,13200.0,2772.0,0.0,15972.0,20240723
1000005835,249,1,,1211.0,3460,FULFILLED,ARS,41925.0,8804.25,1200.0,51929.25,20240325
1000005836,954,1,,3041.0,3881,FULFILLED,ARS,10800.0,2268.0,1200.0,14268.0,20250915
1000005837,391,2,3.0,1379.0,3,FULFILLED,ARS,32400.0,6804.0,0.0,39204.0,20241114
1000005838,462,2,4.0,2066.0,4,FULFILLED,ARS,32400.0,6804.0,0.0,39204.0,20250416
1000005839,279,2,3.0,1573.0,3,FULFILLED,ARS,14250.0,2992.5,0.0,17242.5,20250223
1000005840,1269,1,,1255.0,1285,PAID,ARS,36000.0,7560.0,0.0,43560.0,20250830
1000005841,1240,2,4.0,2369.0,4,FULFILLED,ARS,25650.0,5386.5,0.0,31036.5,20250824
1000005842,362,2,4.0,2111.0,4,FULFILLED,ARS,35280.0,7408.8,0.0,42688.8,20240725
1000005843,1120,2,4.0,,4,FULFILLED,ARS,14250.0,2992.5,0.0,17242.5,20250522
1000005844,347,1,,4114.0,2623,PAID,ARS,44100.0,9261.0,900.0,54261.0,20250202
1000005845,1222,1,,3292.0,1865,PAID,ARS,56880.0,11944.8,1200.0,70024.8,20240717
1000005846,379,1,,1430.0,1323,PAID,ARS,10800.0,2268.0,0.0,13068.0,20240506
1000005847,1002,2,3.0,1111.0,3,FULFILLED,ARS,66780.0,14023.8,0.0,80803.8,20241030
1000005848,1194,2,4.0,1933.0,4,CANCELLED,ARS,44670.0,9380.7,0.0,54050.7,20250401
1000005849,302,2,3.0,1217.0,3,FULFILLED,ARS,51435.0,10801.35,0.0,62236.35,20240416
1000005850,418,2,4.0,2788.0,4,FULFILLED,ARS,62280.0,13078.8,0.0,75358.8,20250831
1000005851,322,1,,3840.0,1713,FULFILLED,ARS,33000.0,6930.0,900.0,40830.0,20240819
1000005852,590,2,2.0,,2,FULFILLED,ARS,44100.0,9261.0,0.0,53361.0,20240425
1000005853,1444,1,,2453.0,1450,FULFILLED,ARS,23520.0,4939.2,900.0,29359.2,20250507
1000005854,1135,1,,2382.0,2412,FULFILLED,ARS,72018.0,15123.78,1200.0,88341.78,20250919
1000005855,1163,1,,1678.0,2159,FULFILLED,ARS,35280.0,7408.8,900.0,43588.8,20250826
1000005856,591,1,,3324.0,2591,FULFILLED,ARS,49920.0,10483.2,900.0,61303.2,20250115
1000005857,338,1,,1850.0,2114,FULFILLED,ARS,44100.0,9261.0,0.0,53361.0,20250111
1000005858,911,1,,3055.0,3522,FULFILLED,ARS,24300.0,5103.0,1500.0,30903.0,20240222
1000005859,46,2,1.0,1693.0,1,FULFILLED,ARS,35280.0,7408.8,0.0,42688.8,20250217
1000005860,1344,2,2.0,1318.0,2,PAID,ARS,61800.0,12978.0,0.0,74778.0,20241020
1000005861,314,2,3.0,3531.0,3,FULFILLED,ARS,14700.0,3087.0,0.0,17787.0,20250626
1000005862,932,1,,3952.0,2103,CANCELLED,ARS,58800.0,12348.0,1200.0,72348.0,20240731
1000005863,1358,1,,1744.0,3655,FULFILLED,ARS,10800.0,2268.0,900.0,13968.0,20240929
1000005864,1162,2,2.0,3452.0,2,FULFILLED,ARS,44100.0,9261.0,0.0,53361.0,20240418
1000005865,1053,2,2.0,2223.0,2,FULFILLED,ARS,80505.0,16906.05,0.0,97411.05,20250107
1000005866,945,2,4.0,1654.0,4,CANCELLED,ARS,32400.0,6804.0,0.0,39204.0,20240829
1000005867,697,1,,4200.0,3599,CANCELLED,ARS,26460.0,5556.6,1200.0,33216.6,20250212
1000005868,1101,2,1.0,1382.0,1,FULFILLED,ARS,11400.0,2394.0,0.0,13794.0,20240907
1000005869,1406,2,2.0,1784.0,2,FULFILLED,ARS,31752.0,6667.92,0.0,38419.92,20241007
1000005870,688,2,4.0,3706.0,4,FULFILLED,ARS,11400.0,2394.0,0.0,13794.0,20250106
1000005871,1269,2,2.0,1964.0,2,CREATED,ARS,36450.0,7654.5,0.0,44104.5,20250414
1000005872,279,1,,3722.0,1986,PAID,ARS,11760.0,2469.6,900.0,15129.6,20240719
1000005873,185,1,,3415.0,3481,PAID,ARS,11400.0,2394.0,1200.0,14994.0,20240606
1000005874,1492,1,,2155.0,1657,FULFILLED,ARS,76380.0,16039.8,1200.0,93619.8,20250605
1000005875,277,1,,4118.0,4153,PAID,ARS,43950.0,9229.5,1200.0,54379.5,20250212
1000005876,1234,2,1.0,3556.0,1,FULFILLED,ARS,36000.0,7560.0,0.0,43560.0,20250701
1000005877,858,1,,1827.0,3488,FULFILLED,ARS,27000.0,5670.0,1200.0,33870.0,20240317
1000005878,315,2,3.0,4000.0,3,FULFILLED,ARS,32940.0,6917.4,0.0,39857.4,20240915
1000005879,1151,2,1.0,1945.0,1,FULFILLED,ARS,23520.0,4939.2,0.0,28459.2,20250706
1000005880,994,1,,2219.0,1690,FULFILLED,ARS,48420.0,10168.2,900.0,59488.2,20241118
1000005881,9,2,3.0,3874.0,3,FULFILLED,ARS,71400.0,14994.0,0.0,86394.0,20240625
1000005882,1247,2,2.0,4161.0,2,FULFILLED,ARS,29925.0,6284.25,0.0,36209.25,20240924
1000005883,879,1,,3659.0,1750,FULFILLED,ARS,58500.0,12285.0,1200.0,71985.0,20240921
1000005884,113,1,,1552.0,3320,FULFILLED,ARS,36000.0,7560.0,900.0,44460.0,20240409
1000005885,1413,1,,1618.0,3800,CANCELLED,ARS,13500.0,2835.0,1200.0,17535.0,20240118
1000005886,941,2,1.0,,1,PAID,ARS,22200.0,4662.0,0.0,26862.0,20240621
1000005887,1467,1,,2538.0,1297,FULFILLED,ARS,21600.0,4536.0,1200.0,27336.0,20240712
1000005888,1188,1,,2450.0,3616,PAID,ARS,15000.0,3150.0,1200.0,19350.0,20250706
1000005889,1115,1,,3928.0,4068,FULFILLED,ARS,58500.0,12285.0,1200.0,71985.0,20250803
1000005890,1336,2,4.0,1183.0,4,FULFILLED,ARS,23520.0,4939.2,0.0,28459.2,20240521
1000005891,1363,1,,3865.0,1309,FULFILLED,ARS,15675.0,3291.75,0.0,18966.75,20240118
1000005892,785,2,3.0,2793.0,3,REFUNDED,ARS,39600.0,8316.0,0.0,47916.0,20240528
1000005893,1103,2,1.0,4062.0,1,REFUNDED,ARS,12000.0,2520.0,0.0,14520.0,20250223
1000005894,517,1,,2713.0,3041,CREATED,ARS,24000.0,5040.0,0.0,29040.0,20250725
1000005895,519,1,,2189.0,2499,FULFILLED,ARS,25650.0,5386.5,0.0,31036.5,20240808
1000005896,1319,1,,1959.0,1919,FULFILLED,ARS,21600.0,4536.0,900.0,27036.0,20240317
1000005897,182,2,1.0,,1,FULFILLED,ARS,87525.0,18380.25,0.0,105905.25,20240716
1000005898,316,2,1.0,,1,REFUNDED,ARS,44887.5,9426.38,0.0,54313.88,20240731
1000005899,990,1,,3477.0,1290,FULFILLED,ARS,40500.0,8505.0,1200.0,50205.0,20250228
1000005900,500,1,,3731.0,3389,FULFILLED,ARS,40500.0,8505.0,900.0,49905.0,20241029
1000005901,353,1,,1538.0,2940,FULFILLED,ARS,34950.0,7339.5,1500.0,43789.5,20241021
1000005902,980,1,,1052.0,4108,PAID,ARS,55440.0,11642.4,900.0,67982.4,20240918
1000005903,1137,1,,1219.0,1328,FULFILLED,ARS,28500.0,5985.0,900.0,35385.0,20250607
1000005904,1122,1,,4104.0,2990,FULFILLED,ARS,49440.0,10382.4,900.0,60722.4,20240410
1000005905,588,1,,4020.0,2221,FULFILLED,ARS,11400.0,2394.0,1500.0,15294.0,20240517
1000005906,1144,2,3.0,3886.0,3,FULFILLED,ARS,34200.0,7182.0,0.0,41382.0,20250108
1000005907,1413,1,,1217.0,1207,FULFILLED,ARS,61110.0,12833.1,1500.0,75443.1,20240610
1000005908,1115,2,4.0,,4,CANCELLED,ARS,22800.0,4788.0,0.0,27588.0,20240513
1000005909,142,1,,3581.0,1383,FULFILLED,ARS,15750.0,3307.5,900.0,19957.5,20250511
1000005910,969,2,4.0,3434.0,4,CANCELLED,ARS,25200.0,5292.0,0.0,30492.0,20240314
1000005911,1042,2,2.0,3916.0,2,FULFILLED,ARS,45864.0,9631.44,0.0,55495.44,20250615
1000005912,728,2,4.0,1490.0,4,FULFILLED,ARS,25800.0,5418.0,0.0,31218.0,20241223
1000005913,1117,2,4.0,3299.0,4,CREATED,ARS,27000.0,5670.0,0.0,32670.0,20240809
1000005914,484,1,,1119.0,2861,FULFILLED,ARS,30870.0,6482.7,900.0,38252.7,20241214
1000005915,1339,1,,,3912,PAID,ARS,14962.5,3142.12,900.0,19004.62,20250427
1000005916,1474,1,,2905.0,2783,FULFILLED,ARS,39900.0,8379.0,0.0,48279.0,20250529
1000005917,1161,1,,1359.0,1455,PAID,ARS,57000.0,11970.0,900.0,69870.0,20241023
1000005918,1149,2,4.0,3249.0,4,FULFILLED,ARS,44100.0,9261.0,0.0,53361.0,20240223
1000005919,477,1,,1341.0,2208,PAID,ARS,29400.0,6174.0,1500.0,37074.0,20240723
1000005920,951,1,,3744.0,3142,REFUNDED,ARS,12000.0,2520.0,1200.0,15720.0,20250907
1000005921,508,1,,4108.0,2422,FULFILLED,ARS,62820.0,13192.2,1200.0,77212.2,20250529
1000005922,689,1,,2400.0,3389,FULFILLED,ARS,41100.0,8631.0,1500.0,51231.0,20250903
1000005923,289,2,4.0,2803.0,4,FULFILLED,ARS,38475.0,8079.75,0.0,46554.75,20241001
1000005924,1229,2,3.0,1825.0,3,CREATED,ARS,14250.0,2992.5,0.0,17242.5,20250819
1000005925,1061,1,,3587.0,1868,FULFILLED,ARS,12600.0,2646.0,900.0,16146.0,20250115
1000005926,1051,2,1.0,3308.0,1,FULFILLED,ARS,9720.0,2041.2,0.0,11761.2,20240905
1000005927,35,2,3.0,3524.0,3,FULFILLED,ARS,29400.0,6174.0,0.0,35574.0,20250805
1000005928,3,2,4.0,3213.0,4,FULFILLED,ARS,43050.0,9040.5,0.0,52090.5,20241212
1000005929,1186,1,,,3916,CANCELLED,ARS,28500.0,5985.0,1200.0,35685.0,20250422
1000005930,1232,2,1.0,3391.0,1,FULFILLED,ARS,53520.0,11239.2,0.0,64759.2,20250413
1000005931,1076,1,,2393.0,1039,FULFILLED,ARS,14700.0,3087.0,1500.0,19287.0,20240501
1000005932,111,2,2.0,3699.0,2,FULFILLED,ARS,36300.0,7623.0,0.0,43923.0,20250519
1000005933,1149,2,1.0,,1,FULFILLED,ARS,66420.0,13948.2,0.0,80368.2,20250125
1000005934,1392,2,2.0,2227.0,2,FULFILLED,ARS,21168.0,4445.28,0.0,25613.28,20250527
1000005935,611,2,3.0,2932.0,3,FULFILLED,ARS,21600.0,4536.0,0.0,26136.0,20250826
1000005936,1313,1,,1496.0,3038,PAID,ARS,48300.0,10143.0,1200.0,59643.0,20241014
1000005937,944,1,,2083.0,1218,CANCELLED,ARS,12000.0,2520.0,1200.0,15720.0,20250415
1000005938,1362,1,,1282.0,1002,PAID,ARS,12000.0,2520.0,900.0,15420.0,20250329
1000005939,1225,2,1.0,1092.0,1,FULFILLED,ARS,72000.0,15120.0,0.0,87120.0,20250216
1000005940,1406,1,,2338.0,1624,FULFILLED,ARS,32400.0,6804.0,900.0,40104.0,20241013
1000005941,220,1,,3440.0,1151,FULFILLED,ARS,30000.0,6300.0,1500.0,37800.0,20241123
1000005942,1160,1,,3815.0,1867,FULFILLED,ARS,28500.0,5985.0,0.0,34485.0,20250923
1000005943,745,2,3.0,2279.0,3,FULFILLED,ARS,43350.0,9103.5,0.0,52453.5,20240918
1000005944,928,1,,1163.0,2426,FULFILLED,ARS,25200.0,5292.0,1200.0,31692.0,20240224
1000005945,1377,1,,3551.0,4055,FULFILLED,ARS,55350.0,11623.5,0.0,66973.5,20240202
1000005946,1475,1,,2197.0,3271,FULFILLED,ARS,25650.0,5386.5,0.0,31036.5,20240218
1000005947,138,2,3.0,1651.0,3,FULFILLED,ARS,24696.0,5186.16,0.0,29882.16,20250413
1000005948,697,1,,2594.0,3241,FULFILLED,ARS,14700.0,3087.0,1200.0,18987.0,20241006
1000005949,1393,1,,4165.0,3277,FULFILLED,ARS,27000.0,5670.0,1500.0,34170.0,20250827
1000005950,1000,1,,3516.0,3062,FULFILLED,ARS,25173.0,5286.33,1500.0,31959.33,20241215
1000005951,206,1,,2713.0,2590,CANCELLED,ARS,29700.0,6237.0,1500.0,37437.0,20250330
1000005952,722,1,,2325.0,2329,FULFILLED,ARS,22800.0,4788.0,900.0,28488.0,20250709
1000005953,1447,1,,3663.0,2574,FULFILLED,ARS,13500.0,2835.0,1500.0,17835.0,20250126
1000005954,1466,2,4.0,3428.0,4,FULFILLED,ARS,23520.0,4939.2,0.0,28459.2,20250403
1000005955,189,1,,2159.0,1937,FULFILLED,ARS,10584.0,2222.64,1200.0,14006.64,20240125
1000005956,148,1,,2704.0,1226,FULFILLED,ARS,36450.0,7654.5,900.0,45004.5,20240807
1000005957,1258,1,,1588.0,1996,CANCELLED,ARS,59520.0,12499.2,900.0,72919.2,20250801
1000005958,596,1,,3057.0,1169,FULFILLED,ARS,21168.0,4445.28,0.0,25613.28,20240805
1000005959,546,2,3.0,1600.0,3,CANCELLED,ARS,62100.0,13041.0,0.0,75141.0,20250425
1000005960,100,2,2.0,1327.0,2,FULFILLED,ARS,29400.0,6174.0,0.0,35574.0,20250125
1000005961,1473,1,,3240.0,2243,FULFILLED,ARS,36000.0,7560.0,1500.0,45060.0,20250906
1000005962,913,2,1.0,2402.0,1,FULFILLED,ARS,67410.0,14156.1,0.0,81566.1,20240129
1000005963,43,1,,2120.0,2560,PAID,ARS,50610.0,10628.1,1200.0,62438.1,20240914
1000005964,882,2,4.0,1852.0,4,FULFILLED,ARS,20520.0,4309.2,0.0,24829.2,20240118
1000005965,979,1,,3371.0,1991,PAID,ARS,57150.0,12001.5,1200.0,70351.5,20241204
1000005966,281,1,,1300.0,3108,FULFILLED,ARS,24000.0,5040.0,1200.0,30240.0,20250527
1000005967,32,1,,1630.0,3033,FULFILLED,ARS,57240.0,12020.4,0.0,69260.4,20250812
1000005968,1427,2,1.0,3222.0,1,FULFILLED,ARS,24000.0,5040.0,0.0,29040.0,20250318
1000005969,112,2,3.0,1402.0,3,FULFILLED,ARS,12000.0,2520.0,0.0,14520.0,20250920
1000005970,187,1,,2728.0,1683,FULFILLED,ARS,32400.0,6804.0,1500.0,40704.0,20250805
1000005971,757,1,,1872.0,4098,FULFILLED,ARS,32400.0,6804.0,900.0,40104.0,20250604
1000005972,849,1,,1825.0,3979,FULFILLED,ARS,21600.0,4536.0,900.0,27036.0,20240715
1000005973,902,1,,1257.0,2711,FULFILLED,ARS,15000.0,3150.0,900.0,19050.0,20241204
1000005974,38,2,1.0,1079.0,1,FULFILLED,ARS,9720.0,2041.2,0.0,11761.2,20240823
1000005975,1129,1,,,2950,FULFILLED,ARS,23520.0,4939.2,900.0,29359.2,20241023
1000005976,561,1,,1233.0,3920,PAID,ARS,47250.0,9922.5,0.0,57172.5,20250605
1000005977,141,1,,3485.0,3708,PAID,ARS,35280.0,7408.8,1500.0,44188.8,20241219
1000005978,1236,1,,2104.0,1918,PAID,ARS,48720.0,10231.2,0.0,58951.2,20250422
1000005979,276,1,,1641.0,4037,FULFILLED,ARS,27000.0,5670.0,1200.0,33870.0,20240506
1000005980,375,2,2.0,1739.0,2,PAID,ARS,29160.0,6123.6,0.0,35283.6,20241024
1000005981,370,2,3.0,1106.0,3,FULFILLED,ARS,20520.0,4309.2,0.0,24829.2,20250601
1000005982,1304,2,1.0,1421.0,1,FULFILLED,ARS,14700.0,3087.0,0.0,17787.0,20240206
1000005983,926,1,,1289.0,4166,PAID,ARS,34200.0,7182.0,1500.0,42882.0,20241212
1000005984,468,2,2.0,1124.0,2,PAID,ARS,39690.0,8334.9,0.0,48024.9,20250512
1000005985,562,2,2.0,2375.0,2,REFUNDED,ARS,10260.0,2154.6,0.0,12414.6,20250222
1000005986,986,1,,1499.0,2230,FULFILLED,ARS,49530.0,10401.3,1200.0,61131.3,20240218
1000005987,1343,2,2.0,,2,FULFILLED,ARS,92790.0,19485.9,0.0,112275.9,20250614
1000005988,983,1,,1700.0,4104,CANCELLED,ARS,52470.0,11018.7,900.0,64388.7,20250702
1000005989,1133,2,2.0,3871.0,2,FULFILLED,ARS,11340.0,2381.4,0.0,13721.4,20250302
1000005990,716,2,3.0,1377.0,3,FULFILLED,ARS,14250.0,2992.5,0.0,17242.5,20240811
1000005991,333,1,,,3373,FULFILLED,ARS,30870.0,6482.7,1500.0,38852.7,20250207
1000005992,1297,1,,3515.0,1761,FULFILLED,ARS,16170.0,3395.7,0.0,19565.7,20250131
1000005993,1344,1,,2749.0,1837,CANCELLED,ARS,32400.0,6804.0,900.0,40104.0,20250801
1000005994,1099,2,3.0,1103.0,3,FULFILLED,ARS,10800.0,2268.0,0.0,13068.0,20240921
1000005995,49,1,,2062.0,2354,FULFILLED,ARS,28500.0,5985.0,1500.0,35985.0,20250925
1000005996,444,2,3.0,1530.0,3,FULFILLED,ARS,70500.0,14805.0,0.0,85305.0,20240212
1000005997,1215,1,,1979.0,3858,CANCELLED,ARS,23520.0,4939.2,1500.0,29959.2,20250424
1000005998,610,2,2.0,1243.0,2,FULFILLED,ARS,101700.0,21357.0,0.0,123057.0,20240509
1000005999,93,1,,3714.0,2340,FULFILLED,ARS,44887.5,9426.38,900.0,55213.88,20241229
1000006000,1318,2,3.0,3401.0,3,PAID,ARS,86730.0,18213.3,0.0,104943.3,20240126
1000006001,167,2,3.0,3706.0,3,REFUNDED,ARS,12000.0,2520.0,0.0,14520.0,20250411
1000006002,789,1,,2740.0,1774,FULFILLED,ARS,36000.0,7560.0,1200.0,44760.0,20240719
1000006003,1290,1,,1507.0,2667,FULFILLED,ARS,19440.0,4082.4,900.0,24422.4,20240930
1000006004,1340,2,4.0,2579.0,4,FULFILLED,ARS,10260.0,2154.6,0.0,12414.6,20240726
1000006005,327,1,,1993.0,2779,PAID,ARS,23520.0,4939.2,0.0,28459.2,20240204
1000006006,1131,1,,1471.0,1641,PAID,ARS,63420.0,13318.2,1200.0,77938.2,20240302
1000006007,295,1,,1111.0,3766,FULFILLED,ARS,45168.0,9485.28,900.0,55553.28,20250304
1000006008,580,1,,2680.0,3754,FULFILLED,ARS,25260.0,5304.6,900.0,31464.6,20241210
1000006009,364,1,,,3712,FULFILLED,ARS,28350.0,5953.5,900.0,35203.5,20250322
1000006010,353,1,,2987.0,3367,FULFILLED,ARS,36000.0,7560.0,0.0,43560.0,20241227
1000006011,966,2,1.0,1479.0,1,FULFILLED,ARS,25500.0,5355.0,0.0,30855.0,20240609
1000006012,220,1,,2170.0,2895,CANCELLED,ARS,35280.0,7408.8,900.0,43588.8,20240520
1000006013,534,1,,1553.0,1834,FULFILLED,ARS,75480.0,15850.8,1200.0,92530.8,20241113
1000006014,1488,2,4.0,2653.0,4,FULFILLED,ARS,22800.0,4788.0,0.0,27588.0,20241026
1000006015,10,1,,1205.0,2831,FULFILLED,ARS,50220.0,10546.2,0.0,60766.2,20240727
1000006016,269,1,,1363.0,2370,FULFILLED,ARS,21600.0,4536.0,1200.0,27336.0,20250601
1000006017,724,1,,2527.0,2951,FULFILLED,ARS,45000.0,9450.0,900.0,55350.0,20241211
1000006018,37,1,,1658.0,1953,FULFILLED,ARS,47820.0,10042.2,900.0,58762.2,20250407
1000006019,459,2,3.0,2056.0,3,FULFILLED,ARS,21168.0,4445.28,0.0,25613.28,20240306
1000006020,1411,1,,2397.0,3466,CANCELLED,ARS,15000.0,3150.0,1200.0,19350.0,20250416
1000006021,382,2,4.0,2077.0,4,FULFILLED,ARS,29700.0,6237.0,0.0,35937.0,20250826
1000006022,1096,1,,4037.0,2067,FULFILLED,ARS,9720.0,2041.2,900.0,12661.2,20240813
1000006023,894,1,,3678.0,3011,FULFILLED,ARS,34200.0,7182.0,0.0,41382.0,20250131
1000006024,1403,2,2.0,2087.0,2,FULFILLED,ARS,34020.0,7144.2,0.0,41164.2,20250319
1000006025,647,1,,1059.0,2351,FULFILLED,ARS,28500.0,5985.0,1200.0,35685.0,20250609
1000006026,65,2,4.0,3137.0,4,FULFILLED,ARS,13230.0,2778.3,0.0,16008.3,20240816
1000006027,259,1,,2972.0,3422,CANCELLED,ARS,11970.0,2513.7,0.0,14483.7,20250619
1000006028,210,1,,1157.0,3846,FULFILLED,ARS,67680.0,14212.8,1200.0,83092.8,20250301
1000006029,584,1,,3918.0,3658,FULFILLED,ARS,10800.0,2268.0,1200.0,14268.0,20240611
1000006030,876,1,,1759.0,3119,FULFILLED,ARS,16500.0,3465.0,900.0,20865.0,20241122
1000006031,221,1,,3470.0,2819,FULFILLED,ARS,48435.0,10171.35,1200.0,59806.35,20250106
1000006032,669,1,,1423.0,3437,CANCELLED,ARS,56430.0,11850.3,1500.0,69780.3,20250414
1000006033,858,1,,2708.0,3446,FULFILLED,ARS,20520.0,4309.2,900.0,25729.2,20241106
1000006034,1179,1,,1719.0,3908,FULFILLED,ARS,24000.0,5040.0,900.0,29940.0,20250308
1000006035,970,1,,2523.0,3729,FULFILLED,ARS,29925.0,6284.25,1200.0,37409.25,20240525
1000006036,982,2,3.0,1552.0,3,CANCELLED,ARS,66600.0,13986.0,0.0,80586.0,20250924
1000006037,1090,2,2.0,2192.0,2,FULFILLED,ARS,30000.0,6300.0,0.0,36300.0,20250903
1000006038,939,1,,3141.0,2526,FULFILLED,ARS,35280.0,7408.8,1200.0,43888.8,20250210
1000006039,1276,1,,2182.0,3279,FULFILLED,ARS,21600.0,4536.0,1200.0,27336.0,20240127
1000006040,533,1,,2337.0,1003,FULFILLED,ARS,40500.0,8505.0,1200.0,50205.0,20240406
1000006041,583,2,1.0,1619.0,1,CANCELLED,ARS,35910.0,7541.1,0.0,43451.1,20250512
1000006042,987,2,4.0,3562.0,4,FULFILLED,ARS,64020.0,13444.2,0.0,77464.2,20250726
1000006043,1073,2,3.0,3353.0,3,FULFILLED,ARS,11340.0,2381.4,0.0,13721.4,20241028
1000006044,125,1,,3775.0,3238,FULFILLED,ARS,52470.0,11018.7,1500.0,64988.7,20240115
1000006045,86,2,1.0,1249.0,1,FULFILLED,ARS,67905.0,14260.05,0.0,82165.05,20250515
1000006046,574,2,3.0,1876.0,3,FULFILLED,ARS,36000.0,7560.0,0.0,43560.0,20240812
1000006047,31,1,,2731.0,2972,FULFILLED,ARS,44100.0,9261.0,900.0,54261.0,20240331
1000006048,109,2,1.0,2813.0,1,FULFILLED,ARS,62100.0,13041.0,0.0,75141.0,20241209
1000006049,1171,2,3.0,1573.0,3,PAID,ARS,11760.0,2469.6,0.0,14229.6,20240808
1000006050,942,1,,3976.0,2988,FULFILLED,ARS,10800.0,2268.0,1200.0,14268.0,20240402
1000006051,1318,1,,1665.0,3208,FULFILLED,ARS,53160.0,11163.6,1200.0,65523.6,20240218
1000006052,1024,2,1.0,2924.0,1,CREATED,ARS,85500.0,17955.0,0.0,103455.0,20250101
1000006053,27,2,2.0,2627.0,2,FULFILLED,ARS,21600.0,4536.0,0.0,26136.0,20250827
1000006054,347,1,,2796.0,1543,FULFILLED,ARS,29925.0,6284.25,900.0,37109.25,20250818
1000006055,1161,1,,2511.0,3845,PAID,ARS,40200.0,8442.0,900.0,49542.0,20250919
1000006056,1134,2,4.0,3793.0,4,FULFILLED,ARS,30000.0,6300.0,0.0,36300.0,20250911
1000006057,495,1,,2204.0,2729,PAID,ARS,61200.0,12852.0,1500.0,75552.0,20250721
1000006058,75,2,3.0,2430.0,3,FULFILLED,ARS,11760.0,2469.6,0.0,14229.6,20240911
1000006059,598,2,1.0,3104.0,1,PAID,ARS,28500.0,5985.0,0.0,34485.0,20241222
1000006060,105,2,1.0,1343.0,1,FULFILLED,ARS,39690.0,8334.9,0.0,48024.9,20250303
1000006061,459,2,4.0,,4,FULFILLED,ARS,94020.0,19744.2,0.0,113764.2,20240318
1000006062,1263,1,,1773.0,4097,FULFILLED,ARS,9720.0,2041.2,900.0,12661.2,20240102
1000006063,1483,1,,3034.0,3494,FULFILLED,ARS,42240.0,8870.4,1200.0,52310.4,20240131
1000006064,1072,2,4.0,3788.0,4,PAID,ARS,21600.0,4536.0,0.0,26136.0,20250918
1000006065,1230,1,,1310.0,3146,FULFILLED,ARS,56400.0,11844.0,1500.0,69744.0,20240711
1000006066,1314,2,4.0,4116.0,4,CANCELLED,ARS,10260.0,2154.6,0.0,12414.6,20240609
1000006067,1167,2,3.0,2452.0,3,FULFILLED,ARS,61650.0,12946.5,0.0,74596.5,20241012
1000006068,55,2,1.0,2749.0,1,FULFILLED,ARS,32400.0,6804.0,0.0,39204.0,20240624
1000006069,1188,1,,2863.0,1372,FULFILLED,ARS,12150.0,2551.5,1500.0,16201.5,20250406
1000006070,1409,1,,,3372,FULFILLED,ARS,36000.0,7560.0,0.0,43560.0,20250508
1000006071,1463,2,4.0,3231.0,4,FULFILLED,ARS,48780.0,10243.8,0.0,59023.8,20241014
1000006072,1130,1,,3498.0,1396,FULFILLED,ARS,25872.0,5433.12,1200.0,32505.12,20250811
1000006073,499,1,,,3036,FULFILLED,ARS,69660.0,14628.6,900.0,85188.6,20250601
1000006074,1005,2,4.0,3820.0,4,FULFILLED,ARS,40260.0,8454.6,0.0,48714.6,20241230
1000006075,727,1,,2928.0,2129,PAID,ARS,47025.0,9875.25,900.0,57800.25,20241220
1000006076,1472,2,2.0,2671.0,2,CANCELLED,ARS,37500.0,7875.0,0.0,45375.0,20250614
1000006077,920,2,2.0,2348.0,2,CREATED,ARS,9720.0,2041.2,0.0,11761.2,20240117
1000006078,376,2,4.0,1355.0,4,FULFILLED,ARS,58560.0,12297.6,0.0,70857.6,20250117
1000006079,402,1,,4046.0,1630,CANCELLED,ARS,39084.0,8207.64,900.0,48191.64,20241214
1000006080,724,2,4.0,1153.0,4,FULFILLED,ARS,38940.0,8177.4,0.0,47117.4,20250619
1000006081,1406,1,,1283.0,2594,FULFILLED,ARS,14175.0,2976.75,1200.0,18351.75,20241221
1000006082,979,2,4.0,3005.0,4,FULFILLED,ARS,48510.0,10187.1,0.0,58697.1,20240126
1000006083,1307,2,4.0,3061.0,4,PAID,ARS,32400.0,6804.0,0.0,39204.0,20240617
1000006084,743,1,,1125.0,3422,FULFILLED,ARS,22800.0,4788.0,0.0,27588.0,20240305
1000006085,947,1,,,3066,PAID,ARS,25200.0,5292.0,1200.0,31692.0,20241221
1000006086,443,1,,4017.0,2147,FULFILLED,ARS,20520.0,4309.2,1500.0,26329.2,20250328
1000006087,921,2,2.0,4167.0,2,FULFILLED,ARS,69690.0,14634.9,0.0,84324.9,20240502
1000006088,934,2,4.0,2545.0,4,CREATED,ARS,13230.0,2778.3,0.0,16008.3,20241011
1000006089,1132,2,4.0,2051.0,4,FULFILLED,ARS,22680.0,4762.8,0.0,27442.8,20250928
1000006090,52,2,2.0,2134.0,2,FULFILLED,ARS,56400.0,11844.0,0.0,68244.0,20250116
1000006091,1111,1,,2447.0,2665,PAID,ARS,62916.0,13212.36,1200.0,77328.36,20241128
1000006092,505,2,2.0,2358.0,2,PAID,ARS,32400.0,6804.0,0.0,39204.0,20240421
1000006093,1286,2,4.0,3408.0,4,FULFILLED,ARS,35280.0,7408.8,0.0,42688.8,20250519
1000006094,220,1,,3089.0,1086,FULFILLED,ARS,44887.5,9426.38,1200.0,55513.88,20250630
1000006095,673,2,2.0,4170.0,2,PAID,ARS,11760.0,2469.6,0.0,14229.6,20250406
1000006096,557,1,,,1041,FULFILLED,ARS,13500.0,2835.0,1200.0,17535.0,20250714
1000006097,797,2,4.0,2284.0,4,FULFILLED,ARS,37800.0,7938.0,0.0,45738.0,20250812
1000006098,596,1,,2727.0,3675,FULFILLED,ARS,12000.0,2520.0,1200.0,15720.0,20240801
1000006099,1167,1,,3744.0,2978,PAID,ARS,44100.0,9261.0,900.0,54261.0,20250324
1000006100,658,1,,,1255,FULFILLED,ARS,35280.0,7408.8,1500.0,44188.8,20240702
1000006101,518,1,,3126.0,2256,FULFILLED,ARS,64680.0,13582.8,1200.0,79462.8,20240416
1000006102,1318,1,,1875.0,2310,FULFILLED,ARS,42750.0,8977.5,1200.0,52927.5,20240403
1000006103,721,2,3.0,,3,FULFILLED,ARS,24300.0,5103.0,0.0,29403.0,20240619
1000006104,275,1,,3781.0,3792,PAID,ARS,70875.0,14883.75,1200.0,86958.75,20250915
1000006105,1310,2,4.0,2395.0,4,PAID,ARS,11400.0,2394.0,0.0,13794.0,20250819
1000006106,555,2,1.0,2005.0,1,FULFILLED,ARS,15750.0,3307.5,0.0,19057.5,20250924
1000006107,1020,1,,2871.0,1383,PAID,ARS,46305.0,9724.05,900.0,56929.05,20240926
1000006108,1013,1,,3061.0,4133,FULFILLED,ARS,22800.0,4788.0,1500.0,29088.0,20240607
1000006109,415,2,2.0,1129.0,2,FULFILLED,ARS,35280.0,7408.8,0.0,42688.8,20250521
1000006110,1155,2,4.0,3276.0,4,CREATED,ARS,32400.0,6804.0,0.0,39204.0,20241224
1000006111,1426,1,,1114.0,3314,FULFILLED,ARS,35280.0,7408.8,900.0,43588.8,20240118
1000006112,1269,2,1.0,3144.0,1,FULFILLED,ARS,34260.0,7194.6,0.0,41454.6,20250529
1000006113,1230,1,,1992.0,4095,FULFILLED,ARS,27000.0,5670.0,900.0,33570.0,20240903
1000006114,972,2,3.0,1978.0,3,FULFILLED,ARS,29400.0,6174.0,0.0,35574.0,20241119
1000006115,1107,1,,3444.0,3758,PAID,ARS,14962.5,3142.12,900.0,19004.62,20250916
1000006116,788,1,,2926.0,2651,FULFILLED,ARS,13500.0,2835.0,0.0,16335.0,20240902
1000006117,1120,1,,1988.0,2593,FULFILLED,ARS,41880.0,8794.8,0.0,50674.8,20240703
1000006118,168,1,,2821.0,1599,CREATED,ARS,23520.0,4939.2,1500.0,29959.2,20240826
1000006119,746,2,2.0,1787.0,2,CANCELLED,ARS,10260.0,2154.6,0.0,12414.6,20240831
1000006120,127,1,,2663.0,3633,FULFILLED,ARS,28350.0,5953.5,1200.0,35503.5,20250316
1000006121,447,1,,3081.0,1676,FULFILLED,ARS,47250.0,9922.5,900.0,58072.5,20240313
1000006122,815,1,,,3891,FULFILLED,ARS,24000.0,5040.0,900.0,29940.0,20240725
1000006123,882,1,,4058.0,1457,FULFILLED,ARS,64800.0,13608.0,1200.0,79608.0,20241213
1000006124,1213,1,,3551.0,3658,FULFILLED,ARS,15000.0,3150.0,1200.0,19350.0,20250207
1000006125,1266,1,,2778.0,2276,FULFILLED,ARS,31185.0,6548.85,1500.0,39233.85,20241129
1000006126,195,1,,3350.0,3591,FULFILLED,ARS,14700.0,3087.0,1200.0,18987.0,20241118
1000006127,1128,2,3.0,1747.0,3,FULFILLED,ARS,40500.0,8505.0,0.0,49005.0,20241024
1000006128,661,1,,2237.0,1280,CANCELLED,ARS,58200.0,12222.0,1200.0,71622.0,20240425
1000006129,1054,1,,3688.0,3516,FULFILLED,ARS,55800.0,11718.0,1200.0,68718.0,20241022
1000006130,887,1,,2157.0,3383,FULFILLED,ARS,12600.0,2646.0,1200.0,16446.0,20240924
1000006131,71,1,,1421.0,2164,CANCELLED,ARS,25650.0,5386.5,1200.0,32236.5,20240213
1000006132,1303,1,,4181.0,1973,FULFILLED,ARS,29700.0,6237.0,1200.0,37137.0,20250323
1000006133,545,1,,1618.0,3598,FULFILLED,ARS,24000.0,5040.0,1200.0,30240.0,20240519
1000006134,613,2,2.0,3384.0,2,REFUNDED,ARS,29160.0,6123.6,0.0,35283.6,20250603
1000006135,616,1,,1584.0,1541,CANCELLED,ARS,28500.0,5985.0,900.0,35385.0,20240330
1000006136,309,1,,3041.0,1478,CREATED,ARS,20520.0,4309.2,900.0,25729.2,20241007
1000006137,740,1,,3834.0,3537,PAID,ARS,28500.0,5985.0,1200.0,35685.0,20240805
1000006138,1281,2,1.0,,1,PAID,ARS,11760.0,2469.6,0.0,14229.6,20250418
1000006139,347,2,3.0,1478.0,3,FULFILLED,ARS,43950.0,9229.5,0.0,53179.5,20240628
1000006140,1385,1,,1282.0,2764,FULFILLED,ARS,47400.0,9954.0,1200.0,58554.0,20240305
1000006141,547,2,4.0,3966.0,4,PAID,ARS,23520.0,4939.2,0.0,28459.2,20250417
1000006142,726,1,,2104.0,3695,FULFILLED,ARS,44100.0,9261.0,900.0,54261.0,20240703
1000006143,315,2,3.0,,3,REFUNDED,ARS,59400.0,12474.0,0.0,71874.0,20240504
1000006144,914,1,,2371.0,1676,PAID,ARS,34200.0,7182.0,900.0,42282.0,20250206
1000006145,896,1,,2670.0,3460,FULFILLED,ARS,90450.0,18994.5,900.0,110344.5,20250804
1000006146,289,2,3.0,3975.0,3,CANCELLED,ARS,15000.0,3150.0,0.0,18150.0,20250326
1000006147,597,2,4.0,3331.0,4,PAID,ARS,54900.0,11529.0,0.0,66429.0,20240509
1000006148,195,1,,3069.0,2870,PAID,ARS,64200.0,13482.0,1500.0,79182.0,20250411
1000006149,1129,2,4.0,3755.0,4,FULFILLED,ARS,34200.0,7182.0,0.0,41382.0,20250823
1000006150,713,1,,2117.0,2391,FULFILLED,ARS,42750.0,8977.5,900.0,52627.5,20240114
1000006151,1158,1,,3350.0,3423,CANCELLED,ARS,72900.0,15309.0,1500.0,89709.0,20250109
1000006152,820,2,4.0,1981.0,4,CANCELLED,ARS,64152.0,13471.92,0.0,77623.92,20240626
1000006153,425,1,,1104.0,1770,FULFILLED,ARS,40500.0,8505.0,900.0,49905.0,20240814
1000006154,461,1,,3232.0,3646,FULFILLED,ARS,12000.0,2520.0,0.0,14520.0,20240225
1000006155,804,2,1.0,3265.0,1,FULFILLED,ARS,39084.0,8207.64,0.0,47291.64,20240927
1000006156,83,1,,2390.0,1700,PAID,ARS,79200.0,16632.0,1200.0,97032.0,20250407
1000006157,376,2,3.0,1244.0,3,FULFILLED,ARS,44400.0,9324.0,0.0,53724.0,20240408
1000006158,1429,1,,1786.0,1892,FULFILLED,ARS,24348.0,5113.08,0.0,29461.08,20240504
1000006159,1360,1,,1199.0,2549,FULFILLED,ARS,63000.0,13230.0,1200.0,77430.0,20240818
1000006160,900,1,,1710.0,1541,FULFILLED,ARS,26400.0,5544.0,1500.0,33444.0,20250530
1000006161,1039,1,,3777.0,1054,FULFILLED,ARS,22800.0,4788.0,1500.0,29088.0,20240208
1000006162,1066,1,,3830.0,3860,FULFILLED,ARS,32400.0,6804.0,0.0,39204.0,20240922
1000006163,165,2,4.0,3194.0,4,FULFILLED,ARS,35280.0,7408.8,0.0,42688.8,20250616
1000006164,957,1,,3296.0,1877,FULFILLED,ARS,11970.0,2513.7,900.0,15383.7,20250410
1000006165,1335,1,,,3893,PAID,ARS,101310.0,21275.1,1200.0,123785.1,20250930
1000006166,442,2,1.0,4113.0,1,FULFILLED,ARS,47250.0,9922.5,0.0,57172.5,20240818
1000006167,1443,2,1.0,2578.0,1,FULFILLED,ARS,21600.0,4536.0,0.0,26136.0,20240412
1000006168,492,1,,1326.0,2919,FULFILLED,ARS,39600.0,8316.0,1200.0,49116.0,20240317
1000006169,944,1,,1281.0,3639,PAID,ARS,27000.0,5670.0,900.0,33570.0,20240925
1000006170,370,1,,,2295,FULFILLED,ARS,25650.0,5386.5,1200.0,32236.5,20250516
1000006171,516,1,,,1347,FULFILLED,ARS,14250.0,2992.5,1500.0,18742.5,20240703
1000006172,1392,1,,1818.0,1258,FULFILLED,ARS,29700.0,6237.0,1200.0,37137.0,20240302
1000006173,1019,2,2.0,,2,CREATED,ARS,29160.0,6123.6,0.0,35283.6,20240622
1000006174,337,1,,1400.0,1096,FULFILLED,ARS,36000.0,7560.0,900.0,44460.0,20240513
1000006175,387,1,,1636.0,1517,FULFILLED,ARS,13230.0,2778.3,1500.0,17508.3,20250317
1000006176,281,1,,2976.0,3615,FULFILLED,ARS,21600.0,4536.0,1200.0,27336.0,20240701
1000006177,628,1,,3787.0,2304,FULFILLED,ARS,12600.0,2646.0,900.0,16146.0,20250421
1000006178,952,1,,2556.0,3677,PAID,ARS,45000.0,9450.0,1500.0,55950.0,20250610
1000006179,1340,1,,3892.0,2097,FULFILLED,ARS,42750.0,8977.5,900.0,52627.5,20240904
1000006180,1076,1,,3153.0,4170,FULFILLED,ARS,64152.0,13471.92,0.0,77623.92,20240909
1000006181,185,1,,2065.0,1037,FULFILLED,ARS,46650.0,9796.5,1200.0,57646.5,20240303
1000006182,475,1,,1613.0,1304,PAID,ARS,39600.0,8316.0,900.0,48816.0,20250921
1000006183,154,1,,3562.0,4076,FULFILLED,ARS,45600.0,9576.0,1200.0,56376.0,20250618
1000006184,1168,2,4.0,1270.0,4,FULFILLED,ARS,79050.0,16600.5,0.0,95650.5,20240308
1000006185,309,1,,1251.0,2373,FULFILLED,ARS,55272.0,11607.12,1200.0,68079.12,20250924
1000006186,828,2,4.0,1124.0,4,REFUNDED,ARS,34020.0,7144.2,0.0,41164.2,20240529
1000006187,1200,1,,3714.0,1988,FULFILLED,ARS,64350.0,13513.5,1200.0,79063.5,20240323
1000006188,1286,1,,,2624,FULFILLED,ARS,42780.0,8983.8,900.0,52663.8,20240825
1000006189,659,2,1.0,1057.0,1,FULFILLED,ARS,56070.0,11774.7,0.0,67844.7,20240202
1000006190,430,1,,3515.0,3793,FULFILLED,ARS,22800.0,4788.0,900.0,28488.0,20250627
1000006191,704,1,,1261.0,4007,FULFILLED,ARS,22800.0,4788.0,1200.0,28788.0,20250315
1000006192,1087,2,3.0,1965.0,3,FULFILLED,ARS,29700.0,6237.0,0.0,35937.0,20240620
1000006193,63,1,,3484.0,1214,FULFILLED,ARS,36000.0,7560.0,1200.0,44760.0,20241228
1000006194,1388,1,,1014.0,1846,REFUNDED,ARS,57712.5,12119.62,1500.0,71332.12,20250214
1000006195,987,2,1.0,2858.0,1,PAID,ARS,31752.0,6667.92,0.0,38419.92,20240111
1000006196,311,1,,2318.0,2967,FULFILLED,ARS,33000.0,6930.0,1200.0,41130.0,20240103
1000006197,379,2,4.0,2223.0,4,FULFILLED,ARS,32400.0,6804.0,0.0,39204.0,20241017
1000006198,585,1,,1286.0,1952,CREATED,ARS,14850.0,3118.5,900.0,18868.5,20240704
1000006199,877,1,,2214.0,3702,REFUNDED,ARS,64200.0,13482.0,900.0,78582.0,20250816
1000006200,416,2,3.0,2031.0,3,CANCELLED,ARS,32400.0,6804.0,0.0,39204.0,20250729
1000006201,173,1,,,2853,FULFILLED,ARS,32400.0,6804.0,900.0,40104.0,20241122
1000006202,659,1,,1629.0,1082,FULFILLED,ARS,31752.0,6667.92,900.0,39319.92,20250828
1000006203,4,1,,2100.0,2907,FULFILLED,ARS,27000.0,5670.0,1500.0,34170.0,20250301
1000006204,849,2,1.0,2484.0,1,FULFILLED,ARS,34200.0,7182.0,0.0,41382.0,20240226
1000006205,271,2,4.0,2914.0,4,FULFILLED,ARS,23520.0,4939.2,0.0,28459.2,20250208
1000006206,1388,1,,2838.0,1153,FULFILLED,ARS,35640.0,7484.4,0.0,43124.4,20250702
1000006207,623,1,,1657.0,2774,CANCELLED,ARS,29137.5,6118.88,1200.0,36456.38,20250510
1000006208,1388,1,,1709.0,1616,FULFILLED,ARS,31170.0,6545.7,900.0,38615.7,20240913
1000006209,1427,2,2.0,1984.0,2,CANCELLED,ARS,11400.0,2394.0,0.0,13794.0,20240713
1000006210,1139,2,4.0,1987.0,4,FULFILLED,ARS,30870.0,6482.7,0.0,37352.7,20240213
1000006211,463,1,,3431.0,1428,FULFILLED,ARS,12348.0,2593.08,900.0,15841.08,20250824
1000006212,1430,1,,3515.0,1993,FULFILLED,ARS,21600.0,4536.0,0.0,26136.0,20240503
1000006213,499,1,,3586.0,2427,PAID,ARS,58305.0,12244.05,900.0,71449.05,20240507
1000006214,67,1,,3532.0,3850,FULFILLED,ARS,41760.0,8769.6,900.0,51429.6,20240416
1000006215,249,1,,1979.0,1632,REFUNDED,ARS,13230.0,2778.3,0.0,16008.3,20250823
1000006216,764,1,,3696.0,2436,FULFILLED,ARS,22800.0,4788.0,1500.0,29088.0,20241203
1000006217,911,2,3.0,1279.0,3,FULFILLED,ARS,42675.0,8961.75,0.0,51636.75,20250924
1000006218,801,2,3.0,3965.0,3,REFUNDED,ARS,24696.0,5186.16,0.0,29882.16,20250701
1000006219,130,1,,3713.0,2161,FULFILLED,ARS,78000.0,16380.0,900.0,95280.0,20250403
1000006220,1106,1,,2271.0,1896,CANCELLED,ARS,29400.0,6174.0,1200.0,36774.0,20250815
1000006221,1441,1,,3604.0,3603,FULFILLED,ARS,106530.0,22371.3,1500.0,130401.3,20240315
1000006222,364,1,,3747.0,1226,PAID,ARS,11970.0,2513.7,900.0,15383.7,20250328
1000006223,35,1,,3897.0,4117,PAID,ARS,11400.0,2394.0,1200.0,14994.0,20240405
1000006224,1451,1,,2972.0,1996,FULFILLED,ARS,13500.0,2835.0,900.0,17235.0,20250404
1000006225,679,1,,1695.0,1168,FULFILLED,ARS,32400.0,6804.0,900.0,40104.0,20240217
1000006226,1084,1,,1242.0,3207,FULFILLED,ARS,23520.0,4939.2,1200.0,29659.2,20240115
1000006227,248,1,,1204.0,1725,FULFILLED,ARS,37800.0,7938.0,0.0,45738.0,20250529
1000006228,1249,1,,2205.0,3029,FULFILLED,ARS,12600.0,2646.0,1200.0,16446.0,20250403
1000006229,4,2,1.0,1248.0,1,FULFILLED,ARS,35760.0,7509.6,0.0,43269.6,20240604
1000006230,1405,2,3.0,2068.0,3,CANCELLED,ARS,36000.0,7560.0,0.0,43560.0,20241123
1000006231,1212,2,4.0,3499.0,4,FULFILLED,ARS,47670.0,10010.7,0.0,57680.7,20240329
1000006232,962,1,,1294.0,1255,FULFILLED,ARS,28500.0,5985.0,900.0,35385.0,20250527
1000006233,1016,2,3.0,2450.0,3,CANCELLED,ARS,40230.0,8448.3,0.0,48678.3,20240608
1000006234,1346,1,,2181.0,3961,FULFILLED,ARS,23520.0,4939.2,1200.0,29659.2,20240102
1000006235,249,1,,1651.0,3332,CANCELLED,ARS,62520.0,13129.2,900.0,76549.2,20241110
1000006236,1301,1,,3779.0,4134,PAID,ARS,43200.0,9072.0,1200.0,53472.0,20240515
1000006237,1224,2,4.0,1232.0,4,CANCELLED,ARS,30780.0,6463.8,0.0,37243.8,20250223
1000006238,790,1,,2875.0,3515,FULFILLED,ARS,27000.0,5670.0,900.0,33570.0,20250531
1000006239,1307,1,,2065.0,2391,PAID,ARS,70200.0,14742.0,900.0,85842.0,20240704
1000006240,56,1,,3006.0,3443,FULFILLED,ARS,11400.0,2394.0,900.0,14694.0,20240421
1000006241,266,2,4.0,2569.0,4,PAID,ARS,38520.0,8089.2,0.0,46609.2,20241017
1000006242,80,2,1.0,2751.0,1,FULFILLED,ARS,21600.0,4536.0,0.0,26136.0,20250101
1000006243,1458,2,3.0,1340.0,3,FULFILLED,ARS,10260.0,2154.6,0.0,12414.6,20250529
1000006244,685,1,,1970.0,1566,PAID,ARS,20520.0,4309.2,1500.0,26329.2,20240228
1000006245,1284,2,1.0,2473.0,1,FULFILLED,ARS,11760.0,2469.6,0.0,14229.6,20241119
1000006246,1460,2,1.0,3072.0,1,FULFILLED,ARS,14962.5,3142.12,0.0,18104.62,20240516
1000006247,1024,1,,1764.0,2442,PAID,ARS,31500.0,6615.0,1200.0,39315.0,20240413
1000006248,937,1,,1151.0,1333,FULFILLED,ARS,14250.0,2992.5,1200.0,18442.5,20250510
1000006249,1489,2,1.0,3473.0,1,FULFILLED,ARS,22680.0,4762.8,0.0,27442.8,20240328
1000006250,1233,2,4.0,3911.0,4,FULFILLED,ARS,66420.0,13948.2,0.0,80368.2,20240604
1000006251,176,1,,2208.0,3833,FULFILLED,ARS,59520.0,12499.2,0.0,72019.2,20250806
1000006252,396,1,,3723.0,4150,FULFILLED,ARS,47628.0,10001.88,900.0,58529.88,20240421
1000006253,552,1,,1678.0,1824,FULFILLED,ARS,25650.0,5386.5,900.0,31936.5,20250525
1000006254,709,1,,2661.0,3669,FULFILLED,ARS,35850.0,7528.5,1500.0,44878.5,20240904
1000006255,1262,1,,3354.0,1008,FULFILLED,ARS,25650.0,5386.5,1200.0,32236.5,20250612
1000006256,310,2,2.0,4031.0,2,PAID,ARS,14700.0,3087.0,0.0,17787.0,20250425
1000006257,1258,1,,2840.0,4076,FULFILLED,ARS,24000.0,5040.0,900.0,29940.0,20240910
1000006258,1039,2,3.0,4148.0,3,FULFILLED,ARS,44887.5,9426.38,0.0,54313.88,20240417
1000006259,145,1,,1843.0,2502,FULFILLED,ARS,10260.0,2154.6,1200.0,13614.6,20250208
1000006260,928,1,,,3538,FULFILLED,ARS,33750.0,7087.5,1200.0,42037.5,20240122
1000006261,1061,1,,2715.0,1854,FULFILLED,ARS,60780.0,12763.8,0.0,73543.8,20250706
1000006262,1421,2,1.0,4115.0,1,FULFILLED,ARS,40500.0,8505.0,0.0,49005.0,20240515
1000006263,1219,1,,,3778,PAID,ARS,69300.0,14553.0,900.0,84753.0,20250729
1000006264,510,1,,1779.0,2235,REFUNDED,ARS,23520.0,4939.2,900.0,29359.2,20250919
1000006265,684,1,,2071.0,1592,FULFILLED,ARS,21600.0,4536.0,900.0,27036.0,20250505
1000006266,727,1,,1315.0,3977,FULFILLED,ARS,34020.0,7144.2,1200.0,42364.2,20241020
1000006267,584,1,,3316.0,2082,FULFILLED,ARS,53925.0,11324.25,1500.0,66749.25,20250115
1000006268,521,1,,,3216,CANCELLED,ARS,13500.0,2835.0,1200.0,17535.0,20250228
1000006269,475,1,,3234.0,1041,FULFILLED,ARS,69900.0,14679.0,1200.0,85779.0,20250123
1000006270,1472,1,,,2327,PAID,ARS,14700.0,3087.0,900.0,18687.0,20241104
1000006271,188,1,,2797.0,3792,FULFILLED,ARS,57000.0,11970.0,1500.0,70470.0,20250427
1000006272,601,2,1.0,1908.0,1,FULFILLED,ARS,14700.0,3087.0,0.0,17787.0,20240413
1000006273,407,1,,,1216,FULFILLED,ARS,15750.0,3307.5,900.0,19957.5,20250819
1000006274,210,2,2.0,1988.0,2,FULFILLED,ARS,48510.0,10187.1,0.0,58697.1,20250116
1000006275,1472,2,2.0,3498.0,2,REFUNDED,ARS,27000.0,5670.0,0.0,32670.0,20240920
1000006276,1317,2,1.0,4121.0,1,FULFILLED,ARS,21600.0,4536.0,0.0,26136.0,20250303
1000006277,1450,1,,2099.0,3478,FULFILLED,ARS,20520.0,4309.2,1500.0,26329.2,20241128
1000006278,724,1,,1226.0,1562,FULFILLED,ARS,28500.0,5985.0,0.0,34485.0,20250731
1000006279,942,1,,1026.0,1062,PAID,ARS,40500.0,8505.0,900.0,49905.0,20250116
1000006280,226,1,,2500.0,1769,FULFILLED,ARS,11400.0,2394.0,1500.0,15294.0,20240218
1000006281,675,2,2.0,1192.0,2,PAID,ARS,66960.0,14061.6,0.0,81021.6,20250928
1000006282,1366,1,,1361.0,2362,FULFILLED,ARS,29400.0,6174.0,1200.0,36774.0,20250222
1000006283,1464,1,,3578.0,4070,PAID,ARS,23760.0,4989.6,1200.0,29949.6,20241109
1000006284,1317,2,2.0,3612.0,2,FULFILLED,ARS,24000.0,5040.0,0.0,29040.0,20250510
1000006285,321,1,,1215.0,2974,REFUNDED,ARS,27000.0,5670.0,0.0,32670.0,20241117
1000006286,288,2,3.0,,3,PAID,ARS,21600.0,4536.0,0.0,26136.0,20250515
1000006287,839,1,,2247.0,3498,PAID,ARS,13500.0,2835.0,1200.0,17535.0,20240215
1000006288,63,2,4.0,3417.0,4,PAID,ARS,54540.0,11453.4,0.0,65993.4,20240116
1000006289,74,1,,3975.0,3406,FULFILLED,ARS,21600.0,4536.0,1200.0,27336.0,20240130
1000006290,1359,1,,2605.0,3847,FULFILLED,ARS,12936.0,2716.56,1200.0,16852.56,20240621
1000006291,735,1,,2728.0,3960,CANCELLED,ARS,30780.0,6463.8,0.0,37243.8,20250625
1000006292,583,2,2.0,1675.0,2,FULFILLED,ARS,34200.0,7182.0,0.0,41382.0,20241203
1000006293,403,1,,2736.0,2944,PAID,ARS,14700.0,3087.0,900.0,18687.0,20240205
1000006294,144,2,4.0,1993.0,4,FULFILLED,ARS,53640.0,11264.4,0.0,64904.4,20240921
1000006295,724,2,4.0,1784.0,4,FULFILLED,ARS,35910.0,7541.1,0.0,43451.1,20240509
1000006296,508,1,,1844.0,1364,CANCELLED,ARS,24000.0,5040.0,900.0,29940.0,20240414
1000006297,1476,1,,,1828,FULFILLED,ARS,15000.0,3150.0,900.0,19050.0,20250226
1000006298,1069,1,,2676.0,2182,CANCELLED,ARS,29925.0,6284.25,1500.0,37709.25,20240312
1000006299,92,1,,3962.0,3785,FULFILLED,ARS,39600.0,8316.0,900.0,48816.0,20250522
1000006300,376,1,,,1457,FULFILLED,ARS,34020.0,7144.2,1500.0,42664.2,20240312
1000006301,251,2,4.0,3539.0,4,FULFILLED,ARS,45000.0,9450.0,0.0,54450.0,20241223
1000006302,665,1,,3546.0,3690,FULFILLED,ARS,28500.0,5985.0,1200.0,35685.0,20241008
1000006303,4,2,1.0,2296.0,1,REFUNDED,ARS,39787.5,8355.38,0.0,48142.88,20241130
1000006304,225,1,,1426.0,4199,PAID,ARS,61560.0,12927.6,1200.0,75687.6,20250426
1000006305,1083,2,1.0,4123.0,1,FULFILLED,ARS,23940.0,5027.4,0.0,28967.4,20250420
1000006306,111,1,,2527.0,1202,FULFILLED,ARS,23940.0,5027.4,900.0,29867.4,20241111
1000006307,1491,2,2.0,3995.0,2,FULFILLED,ARS,39600.0,8316.0,0.0,47916.0,20240715
1000006308,1340,1,,,1224,FULFILLED,ARS,42750.0,8977.5,900.0,52627.5,20240131
1000006309,597,1,,2026.0,1521,FULFILLED,ARS,10800.0,2268.0,1200.0,14268.0,20250410
1000006310,873,1,,1669.0,2676,FULFILLED,ARS,11760.0,2469.6,1500.0,15729.6,20241026
1000006311,1021,2,1.0,3915.0,1,PAID,ARS,44550.0,9355.5,0.0,53905.5,20240328
1000006312,456,1,,1871.0,3386,PAID,ARS,41040.0,8618.4,1500.0,51158.4,20250206
1000006313,413,2,3.0,3937.0,3,FULFILLED,ARS,25080.0,5266.8,0.0,30346.8,20250131
1000006314,748,2,3.0,2950.0,3,FULFILLED,ARS,79308.0,16654.68,0.0,95962.68,20240308
1000006315,1310,2,1.0,2273.0,1,FULFILLED,ARS,13500.0,2835.0,0.0,16335.0,20240609
1000006316,1271,1,,3681.0,1927,FULFILLED,ARS,14250.0,2992.5,1200.0,18442.5,20240305
1000006317,964,1,,3400.0,2127,FULFILLED,ARS,12600.0,2646.0,1500.0,16746.0,20240928
1000006318,1178,1,,3662.0,1567,FULFILLED,ARS,36300.0,7623.0,1500.0,45423.0,20241205
1000006319,292,1,,2485.0,2419,REFUNDED,ARS,25872.0,5433.12,900.0,32205.12,20250515
1000006320,1034,2,4.0,3178.0,4,FULFILLED,ARS,67200.0,14112.0,0.0,81312.0,20250221
1000006321,494,1,,2770.0,4172,PAID,ARS,47700.0,10017.0,1200.0,58917.0,20241118
1000006322,1025,1,,1406.0,2711,FULFILLED,ARS,25872.0,5433.12,0.0,31305.12,20241212
1000006323,1045,2,2.0,1586.0,2,CREATED,ARS,14700.0,3087.0,0.0,17787.0,20250803
1000006324,700,1,,3584.0,3110,FULFILLED,ARS,11340.0,2381.4,1200.0,14921.4,20250421
1000006325,1194,1,,1473.0,2939,FULFILLED,ARS,10800.0,2268.0,1200.0,14268.0,20240620
1000006326,449,1,,2091.0,2572,FULFILLED,ARS,64680.0,13582.8,1200.0,79462.8,20250525
1000006327,220,2,4.0,,4,FULFILLED,ARS,49680.0,10432.8,0.0,60112.8,20240928
1000006328,1152,1,,2733.0,3513,FULFILLED,ARS,105975.0,22254.75,0.0,128229.75,20250921
1000006329,417,2,3.0,2350.0,3,CANCELLED,ARS,47040.0,9878.4,0.0,56918.4,20240512
1000006330,231,2,3.0,1694.0,3,FULFILLED,ARS,29400.0,6174.0,0.0,35574.0,20250501
1000006331,142,1,,4014.0,1550,PAID,ARS,40500.0,8505.0,900.0,49905.0,20240131
1000006332,867,1,,3584.0,3291,FULFILLED,ARS,24696.0,5186.16,0.0,29882.16,20240618
1000006333,1011,1,,1499.0,3654,FULFILLED,ARS,13500.0,2835.0,1200.0,17535.0,20250225
1000006334,1363,1,,,1750,FULFILLED,ARS,15000.0,3150.0,1200.0,19350.0,20250108
1000006335,1027,2,3.0,2852.0,3,FULFILLED,ARS,69480.0,14590.8,0.0,84070.8,20250407
1000006336,135,1,,2465.0,2547,FULFILLED,ARS,22800.0,4788.0,1200.0,28788.0,20250625
1000006337,582,1,,,1077,FULFILLED,ARS,13500.0,2835.0,1200.0,17535.0,20250316
1000006338,525,1,,4044.0,3830,FULFILLED,ARS,25650.0,5386.5,900.0,31936.5,20240928
1000006339,463,2,3.0,2342.0,3,FULFILLED,ARS,59175.0,12426.75,0.0,71601.75,20250515
1000006340,1127,1,,,1353,FULFILLED,ARS,31752.0,6667.92,1200.0,39619.92,20241118
1000006341,1263,1,,2628.0,1645,FULFILLED,ARS,21600.0,4536.0,900.0,27036.0,20250212
1000006342,294,1,,1583.0,1814,FULFILLED,ARS,69660.0,14628.6,1500.0,85788.6,20250306
1000006343,594,2,3.0,3799.0,3,REFUNDED,ARS,57000.0,11970.0,0.0,68970.0,20250312
1000006344,195,2,2.0,2572.0,2,PAID,ARS,60900.0,12789.0,0.0,73689.0,20240117
1000006345,649,2,1.0,4079.0,1,PAID,ARS,14700.0,3087.0,0.0,17787.0,20240203
1000006346,1043,1,,1123.0,3461,CANCELLED,ARS,25260.0,5304.6,900.0,31464.6,20241101
1000006347,932,1,,3289.0,1390,FULFILLED,ARS,52620.0,11050.2,900.0,64570.2,20250804
1000006348,444,1,,1046.0,2449,FULFILLED,ARS,14250.0,2992.5,900.0,18142.5,20250510
1000006349,87,1,,3157.0,2676,CREATED,ARS,24696.0,5186.16,0.0,29882.16,20250717
1000006350,819,1,,1471.0,3030,FULFILLED,ARS,40500.0,8505.0,900.0,49905.0,20241028
1000006351,967,1,,1594.0,3706,CANCELLED,ARS,60900.0,12789.0,1500.0,75189.0,20240620
1000006352,605,2,4.0,1683.0,4,FULFILLED,ARS,42750.0,8977.5,0.0,51727.5,20241222
1000006353,1331,1,,3657.0,2479,CANCELLED,ARS,28200.0,5922.0,1200.0,35322.0,20240811
1000006354,527,2,2.0,3409.0,2,FULFILLED,ARS,32400.0,6804.0,0.0,39204.0,20240814
1000006355,660,1,,2013.0,2804,FULFILLED,ARS,89340.0,18761.4,1200.0,109301.4,20240902
1000006356,1355,1,,3949.0,3316,FULFILLED,ARS,44100.0,9261.0,900.0,54261.0,20250406
1000006357,336,1,,3365.0,3899,PAID,ARS,21168.0,4445.28,0.0,25613.28,20240703
1000006358,764,2,4.0,1626.0,4,FULFILLED,ARS,11970.0,2513.7,0.0,14483.7,20250209
1000006359,321,1,,4175.0,3160,FULFILLED,ARS,36000.0,7560.0,0.0,43560.0,20250127
1000006360,307,1,,3985.0,1396,FULFILLED,ARS,50100.0,10521.0,1200.0,61821.0,20241031
1000006361,1027,2,1.0,1294.0,1,FULFILLED,ARS,72900.0,15309.0,0.0,88209.0,20240127
1000006362,1359,2,4.0,1823.0,4,CANCELLED,ARS,9720.0,2041.2,0.0,11761.2,20241004
1000006363,723,1,,2881.0,2362,FULFILLED,ARS,14250.0,2992.5,900.0,18142.5,20250413
1000006364,1135,1,,,1677,FULFILLED,ARS,23520.0,4939.2,1200.0,29659.2,20250210
1000006365,72,1,,1819.0,3669,FULFILLED,ARS,36000.0,7560.0,1500.0,45060.0,20241014
1000006366,459,2,4.0,,4,REFUNDED,ARS,37800.0,7938.0,0.0,45738.0,20240805
1000006367,453,2,4.0,3589.0,4,FULFILLED,ARS,30000.0,6300.0,0.0,36300.0,20240628
1000006368,995,1,,1533.0,3215,FULFILLED,ARS,48510.0,10187.1,900.0,59597.1,20240704
1000006369,316,2,4.0,2171.0,4,CANCELLED,ARS,15000.0,3150.0,0.0,18150.0,20250404
1000006370,1306,2,4.0,3230.0,4,FULFILLED,ARS,24696.0,5186.16,0.0,29882.16,20250828
1000006371,212,2,4.0,4062.0,4,FULFILLED,ARS,53400.0,11214.0,0.0,64614.0,20250916
1000006372,212,1,,,4048,PAID,ARS,22800.0,4788.0,1200.0,28788.0,20240223
1000006373,1378,1,,1897.0,3503,FULFILLED,ARS,62400.0,13104.0,900.0,76404.0,20240422
1000006374,746,1,,3648.0,1162,PAID,ARS,78300.0,16443.0,900.0,95643.0,20250416
1000006375,1327,1,,,1799,FULFILLED,ARS,10800.0,2268.0,900.0,13968.0,20240331
1000006376,1323,2,3.0,1705.0,3,PAID,ARS,28500.0,5985.0,0.0,34485.0,20240122
1000006377,1036,1,,,3003,FULFILLED,ARS,11400.0,2394.0,900.0,14694.0,20240930
1000006378,426,2,3.0,3320.0,3,REFUNDED,ARS,11760.0,2469.6,0.0,14229.6,20240715
1000006379,1045,1,,1494.0,1439,FULFILLED,ARS,22680.0,4762.8,1200.0,28642.8,20240918
1000006380,885,1,,3350.0,1841,CANCELLED,ARS,49275.0,10347.75,0.0,59622.75,20250820
1000006381,1009,1,,3912.0,3231,FULFILLED,ARS,13200.0,2772.0,1200.0,17172.0,20250522
1000006382,220,2,2.0,2531.0,2,FULFILLED,ARS,25650.0,5386.5,0.0,31036.5,20240126
1000006383,705,1,,2555.0,1284,FULFILLED,ARS,36150.0,7591.5,900.0,44641.5,20240803
1000006384,1037,1,,3951.0,2103,PAID,ARS,19440.0,4082.4,1200.0,24722.4,20240623
1000006385,789,1,,3582.0,2043,PAID,ARS,64500.0,13545.0,1500.0,79545.0,20240610
1000006386,79,1,,3751.0,1687,PAID,ARS,34200.0,7182.0,900.0,42282.0,20240610
1000006387,768,1,,1775.0,2359,FULFILLED,ARS,44688.0,9384.48,900.0,54972.48,20240101
1000006388,1253,2,2.0,3983.0,2,REFUNDED,ARS,56700.0,11907.0,0.0,68607.0,20250106
1000006389,340,1,,1810.0,3626,FULFILLED,ARS,42540.0,8933.4,1500.0,52973.4,20240701
1000006390,87,1,,3668.0,2375,FULFILLED,ARS,64680.0,13582.8,1200.0,79462.8,20250308
1000006391,504,1,,3818.0,1913,CANCELLED,ARS,14250.0,2992.5,900.0,18142.5,20250525
1000006392,575,1,,3944.0,1329,PAID,ARS,30000.0,6300.0,1200.0,37500.0,20240105
1000006393,467,1,,1558.0,1880,FULFILLED,ARS,39690.0,8334.9,900.0,48924.9,20240524
1000006394,771,1,,2548.0,2245,FULFILLED,ARS,44100.0,9261.0,900.0,54261.0,20250311
1000006395,1306,1,,,3575,FULFILLED,ARS,69900.0,14679.0,0.0,84579.0,20250905
1000006396,465,2,2.0,2423.0,2,FULFILLED,ARS,47025.0,9875.25,0.0,56900.25,20240221
1000006397,877,2,4.0,1844.0,4,PAID,ARS,12150.0,2551.5,0.0,14701.5,20250902
1000006398,602,1,,1004.0,2305,REFUNDED,ARS,36000.0,7560.0,0.0,43560.0,20240313
1000006399,554,1,,1569.0,2451,FULFILLED,ARS,25200.0,5292.0,900.0,31392.0,20250620
1000006400,1313,1,,3164.0,2032,FULFILLED,ARS,44550.0,9355.5,900.0,54805.5,20241113
1000006401,410,2,2.0,2275.0,2,FULFILLED,ARS,21600.0,4536.0,0.0,26136.0,20250118
1000006402,1312,2,2.0,2640.0,2,FULFILLED,ARS,30000.0,6300.0,0.0,36300.0,20240911
1000006403,289,2,1.0,,1,FULFILLED,ARS,11400.0,2394.0,0.0,13794.0,20250803
1000006404,429,2,1.0,3347.0,1,FULFILLED,ARS,12000.0,2520.0,0.0,14520.0,20250517
1000006405,699,1,,3780.0,1312,FULFILLED,ARS,10584.0,2222.64,1200.0,14006.64,20250830
1000006406,267,2,2.0,4032.0,2,PAID,ARS,14250.0,2992.5,0.0,17242.5,20250228
1000006407,1228,1,,3181.0,1069,REFUNDED,ARS,29925.0,6284.25,1200.0,37409.25,20250502
1000006408,476,1,,2494.0,3491,FULFILLED,ARS,14250.0,2992.5,900.0,18142.5,20241004
1000006409,1276,1,,3231.0,3891,FULFILLED,ARS,24000.0,5040.0,1200.0,30240.0,20250114
1000006410,648,2,2.0,3520.0,2,FULFILLED,ARS,13500.0,2835.0,0.0,16335.0,20240428
1000006411,851,2,4.0,1608.0,4,PAID,ARS,40500.0,8505.0,0.0,49005.0,20240117
1000006412,1348,2,4.0,1909.0,4,CANCELLED,ARS,30000.0,6300.0,0.0,36300.0,20241226
1000006413,1318,2,2.0,3313.0,2,FULFILLED,ARS,44400.0,9324.0,0.0,53724.0,20240225
1000006414,514,2,1.0,2847.0,1,FULFILLED,ARS,14850.0,3118.5,0.0,17968.5,20241215
1000006415,1093,1,,2603.0,1099,PAID,ARS,42525.0,8930.25,900.0,52355.25,20241108
1000006416,1426,1,,2353.0,2341,FULFILLED,ARS,11880.0,2494.8,1200.0,15574.8,20240913
1000006417,996,2,2.0,2638.0,2,FULFILLED,ARS,42900.0,9009.0,0.0,51909.0,20250706
1000006418,718,2,2.0,1773.0,2,CANCELLED,ARS,28500.0,5985.0,0.0,34485.0,20250107
1000006419,724,1,,2425.0,3747,PAID,ARS,63000.0,13230.0,900.0,77130.0,20240530
1000006420,114,1,,3241.0,1378,PAID,ARS,53460.0,11226.6,1500.0,66186.6,20240312
1000006421,800,2,2.0,1546.0,2,FULFILLED,ARS,12150.0,2551.5,0.0,14701.5,20250116
1000006422,1004,1,,1796.0,1666,PAID,ARS,39600.0,8316.0,1200.0,49116.0,20250214
1000006423,147,2,1.0,2835.0,1,FULFILLED,ARS,11760.0,2469.6,0.0,14229.6,20250109
1000006424,28,2,1.0,4015.0,1,REFUNDED,ARS,24000.0,5040.0,0.0,29040.0,20250106
1000006425,786,1,,1103.0,1422,FULFILLED,ARS,45000.0,9450.0,1200.0,55650.0,20250121
1000006426,153,2,3.0,3673.0,3,CANCELLED,ARS,11760.0,2469.6,0.0,14229.6,20250722
1000006427,1433,1,,1683.0,2316,FULFILLED,ARS,35910.0,7541.1,900.0,44351.1,20241103
1000006428,1419,2,1.0,2507.0,1,PAID,ARS,71280.0,14968.8,0.0,86248.8,20250608
1000006429,389,2,4.0,3510.0,4,FULFILLED,ARS,10800.0,2268.0,0.0,13068.0,20250904
1000006430,233,2,3.0,2859.0,3,FULFILLED,ARS,97560.0,20487.6,0.0,118047.6,20240613
1000006431,746,1,,2188.0,2490,REFUNDED,ARS,62010.0,13022.1,0.0,75032.1,20250227
1000006432,894,2,1.0,3413.0,1,FULFILLED,ARS,56640.0,11894.4,0.0,68534.4,20250302
1000006433,1083,1,,1604.0,1493,FULFILLED,ARS,13500.0,2835.0,900.0,17235.0,20250912
1000006434,1347,1,,1343.0,3606,FULFILLED,ARS,23520.0,4939.2,1200.0,29659.2,20240805
1000006435,24,2,4.0,3256.0,4,FULFILLED,ARS,45000.0,9450.0,0.0,54450.0,20240324
1000006436,1239,1,,1835.0,1446,FULFILLED,ARS,44100.0,9261.0,1200.0,54561.0,20250526
1000006437,1151,1,,2773.0,1815,FULFILLED,ARS,21600.0,4536.0,1200.0,27336.0,20250319
1000006438,696,2,4.0,3084.0,4,PAID,ARS,49200.0,10332.0,0.0,59532.0,20250428
1000006439,1278,1,,2918.0,1368,FULFILLED,ARS,14250.0,2992.5,1200.0,18442.5,20240303
1000006440,336,1,,3499.0,4119,PAID,ARS,34860.0,7320.6,900.0,43080.6,20240718
1000006441,1174,1,,2433.0,3938,PAID,ARS,27048.0,5680.08,0.0,32728.08,20250607
1000006442,668,1,,1210.0,1950,FULFILLED,ARS,35280.0,7408.8,1200.0,43888.8,20241227
1000006443,501,2,2.0,2798.0,2,FULFILLED,ARS,44550.0,9355.5,0.0,53905.5,20241107
1000006444,1292,2,1.0,1787.0,1,CANCELLED,ARS,22800.0,4788.0,0.0,27588.0,20241110
1000006445,198,1,,2660.0,3237,REFUNDED,ARS,40500.0,8505.0,900.0,49905.0,20250202
1000006446,884,1,,3754.0,1228,FULFILLED,ARS,56760.0,11919.6,900.0,69579.6,20250318
1000006447,1230,1,,3815.0,2143,FULFILLED,ARS,28500.0,5985.0,1500.0,35985.0,20250107
1000006448,212,2,2.0,3311.0,2,FULFILLED,ARS,10800.0,2268.0,0.0,13068.0,20250926
1000006449,1025,2,2.0,1748.0,2,FULFILLED,ARS,10800.0,2268.0,0.0,13068.0,20241209
1000006450,1424,2,2.0,2198.0,2,FULFILLED,ARS,25575.0,5370.75,0.0,30945.75,20240804
1000006451,975,1,,2528.0,1448,FULFILLED,ARS,9720.0,2041.2,900.0,12661.2,20241112
1000006452,820,1,,3090.0,1857,FULFILLED,ARS,32400.0,6804.0,1500.0,40704.0,20250128
1000006453,1099,1,,1122.0,3537,FULFILLED,ARS,75150.0,15781.5,1500.0,92431.5,20241020
1000006454,1175,1,,2810.0,2054,CANCELLED,ARS,11400.0,2394.0,900.0,14694.0,20250116
1000006455,860,2,4.0,3836.0,4,CANCELLED,ARS,13200.0,2772.0,0.0,15972.0,20240226
1000006456,132,2,3.0,3223.0,3,FULFILLED,ARS,11400.0,2394.0,0.0,13794.0,20241106
1000006457,573,1,,2254.0,3049,FULFILLED,ARS,29400.0,6174.0,900.0,36474.0,20250826
1000006458,199,2,4.0,4032.0,4,FULFILLED,ARS,21600.0,4536.0,0.0,26136.0,20240227
1000006459,539,1,,3607.0,2886,FULFILLED,ARS,20520.0,4309.2,1200.0,26029.2,20241210
1000006460,196,1,,3670.0,3312,FULFILLED,ARS,27000.0,5670.0,1200.0,33870.0,20250704
1000006461,267,1,,4155.0,3175,FULFILLED,ARS,27000.0,5670.0,1200.0,33870.0,20240523
1000006462,220,2,4.0,1920.0,4,FULFILLED,ARS,42525.0,8930.25,0.0,51455.25,20240929
1000006463,604,1,,2015.0,2921,FULFILLED,ARS,85500.0,17955.0,0.0,103455.0,20240310
1000006464,73,1,,1147.0,2296,FULFILLED,ARS,25200.0,5292.0,1200.0,31692.0,20240616
1000006465,1331,1,,2012.0,1032,FULFILLED,ARS,29400.0,6174.0,1200.0,36774.0,20241125
1000006466,158,1,,3184.0,3460,FULFILLED,ARS,24000.0,5040.0,900.0,29940.0,20241123
1000006467,549,2,2.0,1912.0,2,FULFILLED,ARS,59976.0,12594.96,0.0,72570.96,20240401
1000006468,1448,1,,3342.0,1946,FULFILLED,ARS,45600.0,9576.0,1200.0,56376.0,20240313
1000006469,795,2,1.0,2433.0,1,CANCELLED,ARS,21600.0,4536.0,0.0,26136.0,20250815
1000006470,77,1,,3377.0,3685,FULFILLED,ARS,12825.0,2693.25,1500.0,17018.25,20250309
1000006471,1163,1,,,2192,FULFILLED,ARS,11400.0,2394.0,1500.0,15294.0,20250725
1000006472,1121,2,1.0,4061.0,1,FULFILLED,ARS,15000.0,3150.0,0.0,18150.0,20250403
1000006473,232,2,1.0,1412.0,1,FULFILLED,ARS,36000.0,7560.0,0.0,43560.0,20240512
1000006474,329,1,,3211.0,1510,PAID,ARS,11970.0,2513.7,900.0,15383.7,20240707
1000006475,1094,1,,2359.0,3221,FULFILLED,ARS,23520.0,4939.2,1200.0,29659.2,20240212
1000006476,944,1,,1136.0,3898,FULFILLED,ARS,49650.0,10426.5,0.0,60076.5,20250523
1000006477,1304,1,,3302.0,3128,FULFILLED,ARS,10800.0,2268.0,900.0,13968.0,20241214
1000006478,61,2,1.0,1524.0,1,FULFILLED,ARS,32400.0,6804.0,0.0,39204.0,20240105
1000006479,560,2,3.0,1035.0,3,FULFILLED,ARS,33000.0,6930.0,0.0,39930.0,20250324
1000006480,299,1,,4010.0,1237,FULFILLED,ARS,39900.0,8379.0,900.0,49179.0,20241115
1000006481,812,1,,,4198,PAID,ARS,35280.0,7408.8,1500.0,44188.8,20250709
1000006482,169,1,,1634.0,2109,FULFILLED,ARS,115050.0,24160.5,1200.0,140410.5,20240301
1000006483,1136,2,1.0,1207.0,1,REFUNDED,ARS,12000.0,2520.0,0.0,14520.0,20250408
1000006484,986,1,,2760.0,3201,FULFILLED,ARS,14700.0,3087.0,1200.0,18987.0,20240803
1000006485,1066,2,1.0,,1,FULFILLED,ARS,45000.0,9450.0,0.0,54450.0,20250830
1000006486,1041,2,1.0,3732.0,1,FULFILLED,ARS,59280.0,12448.8,0.0,71728.8,20250607
1000006487,152,2,2.0,1706.0,2,REFUNDED,ARS,36300.0,7623.0,0.0,43923.0,20240911
1000006488,1402,2,3.0,,3,PAID,ARS,32340.0,6791.4,0.0,39131.4,20240220
1000006489,1032,1,,1169.0,3923,FULFILLED,ARS,28500.0,5985.0,1200.0,35685.0,20240303
1000006490,508,1,,2525.0,3711,FULFILLED,ARS,64800.0,13608.0,900.0,79308.0,20240630
1000006491,32,1,,1529.0,3185,FULFILLED,ARS,16170.0,3395.7,0.0,19565.7,20250329
1000006492,1373,1,,1970.0,3046,FULFILLED,ARS,22800.0,4788.0,1500.0,29088.0,20250726
1000006493,1133,2,3.0,2860.0,3,FULFILLED,ARS,73950.0,15529.5,0.0,89479.5,20241208
1000006494,1336,1,,2627.0,2219,FULFILLED,ARS,37620.0,7900.2,0.0,45520.2,20240719
1000006495,1061,1,,2513.0,3548,FULFILLED,ARS,34200.0,7182.0,1200.0,42582.0,20240219
1000006496,1033,1,,2840.0,2509,CANCELLED,ARS,22800.0,4788.0,1500.0,29088.0,20250613
1000006497,993,2,2.0,1175.0,2,FULFILLED,ARS,27111.0,5693.31,0.0,32804.31,20250829
1000006498,1034,1,,3660.0,1137,FULFILLED,ARS,14250.0,2992.5,900.0,18142.5,20240723
1000006499,1468,2,1.0,2200.0,1,FULFILLED,ARS,25200.0,5292.0,0.0,30492.0,20240916
1000006500,419,1,,1788.0,2125,FULFILLED,ARS,27000.0,5670.0,1200.0,33870.0,20240823
1000006501,1348,1,,1246.0,1686,CANCELLED,ARS,44100.0,9261.0,900.0,54261.0,20241101
1000006502,39,2,4.0,1560.0,4,PAID,ARS,15675.0,3291.75,0.0,18966.75,20241107
1000006503,1006,1,,1432.0,2343,REFUNDED,ARS,10800.0,2268.0,1200.0,14268.0,20250116
1000006504,311,2,1.0,2813.0,1,FULFILLED,ARS,60270.0,12656.7,0.0,72926.7,20240527
1000006505,373,1,,,2587,FULFILLED,ARS,27000.0,5670.0,1200.0,33870.0,20240318
1000006506,623,1,,2516.0,3747,FULFILLED,ARS,35520.0,7459.2,900.0,43879.2,20241022
1000006507,1313,1,,1091.0,3164,FULFILLED,ARS,15000.0,3150.0,900.0,19050.0,20250220
1000006508,283,2,2.0,1959.0,2,FULFILLED,ARS,41160.0,8643.6,0.0,49803.6,20250716
1000006509,734,1,,3841.0,4042,FULFILLED,ARS,92100.0,19341.0,1200.0,112641.0,20250529
1000006510,1182,2,2.0,1515.0,2,FULFILLED,ARS,62100.0,13041.0,0.0,75141.0,20250309
1000006511,67,2,2.0,1334.0,2,FULFILLED,ARS,61320.0,12877.2,0.0,74197.2,20250309
1000006512,919,1,,2689.0,2030,FULFILLED,ARS,23760.0,4989.6,1500.0,30249.6,20240128
1000006513,737,2,4.0,1562.0,4,FULFILLED,ARS,12936.0,2716.56,0.0,15652.56,20240812
1000006514,1267,2,1.0,1788.0,1,FULFILLED,ARS,14250.0,2992.5,0.0,17242.5,20250622
1000006515,1345,1,,2273.0,1381,PAID,ARS,45870.0,9632.7,1200.0,56702.7,20250226
1000006516,1085,1,,3164.0,2564,FULFILLED,ARS,19440.0,4082.4,1200.0,24722.4,20240402
1000006517,126,1,,2764.0,1400,FULFILLED,ARS,36000.0,7560.0,1200.0,44760.0,20250708
1000006518,20,1,,3947.0,1477,FULFILLED,ARS,41160.0,8643.6,900.0,50703.6,20240823
1000006519,1183,1,,3133.0,3629,PAID,ARS,11760.0,2469.6,1200.0,15429.6,20250714
1000006520,1082,1,,4098.0,1476,FULFILLED,ARS,21600.0,4536.0,1200.0,27336.0,20240517
1000006521,349,1,,2717.0,1041,FULFILLED,ARS,37800.0,7938.0,900.0,46638.0,20241010
1000006522,569,1,,,1737,FULFILLED,ARS,85387.5,17931.38,900.0,104218.88,20241102
1000006523,10,1,,3526.0,2694,CREATED,ARS,28500.0,5985.0,1200.0,35685.0,20250916
1000006524,1194,2,4.0,3123.0,4,FULFILLED,ARS,29160.0,6123.6,0.0,35283.6,20250117
1000006525,1350,1,,3881.0,2689,FULFILLED,ARS,46305.0,9724.05,0.0,56029.05,20250816
1000006526,1490,1,,2772.0,1559,FULFILLED,ARS,10800.0,2268.0,900.0,13968.0,20241012
1000006527,517,2,4.0,4070.0,4,FULFILLED,ARS,54552.0,11455.92,0.0,66007.92,20250921
1000006528,907,1,,3589.0,3554,FULFILLED,ARS,29925.0,6284.25,900.0,37109.25,20240918
1000006529,115,1,,,3278,FULFILLED,ARS,42750.0,8977.5,1500.0,53227.5,20240915
1000006530,415,1,,2098.0,3772,FULFILLED,ARS,31350.0,6583.5,1200.0,39133.5,20241208
1000006531,801,2,3.0,3726.0,3,CANCELLED,ARS,21600.0,4536.0,0.0,26136.0,20240623
1000006532,847,1,,4200.0,2544,FULFILLED,ARS,45000.0,9450.0,900.0,55350.0,20240127
1000006533,622,1,,1285.0,1537,FULFILLED,ARS,30000.0,6300.0,0.0,36300.0,20240204
1000006534,1288,2,2.0,2640.0,2,CANCELLED,ARS,35280.0,7408.8,0.0,42688.8,20240406
1000006535,1045,2,2.0,2.0,2,FULFILLED,ARS,25080.0,5266.8,0.0,30346.8,20250112
1000006536,523,1,,1232.0,2012,FULFILLED,ARS,59760.0,12549.6,1200.0,73509.6,20250308
1000006537,1419,2,3.0,2162.0,3,PAID,ARS,12150.0,2551.5,0.0,14701.5,20241012
1000006538,733,2,4.0,2008.0,4,FULFILLED,ARS,28500.0,5985.0,0.0,34485.0,20240229
1000006539,339,1,,,3622,FULFILLED,ARS,13500.0,2835.0,1500.0,17835.0,20250110
1000006540,1434,2,2.0,2638.0,2,PAID,ARS,12540.0,2633.4,0.0,15173.4,20240827
1000006541,853,2,2.0,1117.0,2,CANCELLED,ARS,45360.0,9525.6,0.0,54885.6,20240127
1000006542,799,1,,3355.0,1499,PAID,ARS,28462.5,5977.12,900.0,35339.62,20250209
1000006543,902,1,,1443.0,3330,FULFILLED,ARS,22800.0,4788.0,1200.0,28788.0,20250718
1000006544,1133,1,,,1296,FULFILLED,ARS,36000.0,7560.0,1200.0,44760.0,20240630
1000006545,1163,1,,2374.0,3753,PAID,ARS,46080.0,9676.8,1200.0,56956.8,20250118
1000006546,186,1,,1054.0,2758,FULFILLED,ARS,37440.0,7862.4,0.0,45302.4,20250716
1000006547,671,1,,2873.0,2478,FULFILLED,ARS,26850.0,5638.5,900.0,33388.5,20250818
1000006548,1359,1,,2331.0,1214,FULFILLED,ARS,14175.0,2976.75,1200.0,18351.75,20250811
1000006549,835,1,,2953.0,3859,FULFILLED,ARS,15750.0,3307.5,900.0,19957.5,20240221
1000006550,16,1,,2700.0,2772,FULFILLED,ARS,30870.0,6482.7,900.0,38252.7,20250914
1000006551,975,1,,3668.0,2628,FULFILLED,ARS,26400.0,5544.0,0.0,31944.0,20240522
1000006552,597,2,4.0,1952.0,4,PAID,ARS,40500.0,8505.0,0.0,49005.0,20250217
1000006553,564,1,,3047.0,3159,CREATED,ARS,13500.0,2835.0,1500.0,17835.0,20240424
1000006554,229,1,,4166.0,1460,FULFILLED,ARS,23520.0,4939.2,900.0,29359.2,20241226
1000006555,209,1,,2577.0,3262,FULFILLED,ARS,27000.0,5670.0,1200.0,33870.0,20250322
1000006556,236,1,,2638.0,3285,FULFILLED,ARS,15000.0,3150.0,900.0,19050.0,20241208
1000006557,942,2,4.0,3094.0,4,FULFILLED,ARS,37044.0,7779.24,0.0,44823.24,20240120
1000006558,1106,2,4.0,2465.0,4,FULFILLED,ARS,12000.0,2520.0,0.0,14520.0,20250226
1000006559,778,2,1.0,3153.0,1,PAID,ARS,35280.0,7408.8,0.0,42688.8,20240105
1000006560,787,1,,1882.0,3381,FULFILLED,ARS,15435.0,3241.35,1200.0,19876.35,20241222
1000006561,355,1,,1230.0,1799,PAID,ARS,14850.0,3118.5,900.0,18868.5,20250610
1000006562,1477,1,,3849.0,3182,FULFILLED,ARS,23520.0,4939.2,1200.0,29659.2,20250917
1000006563,334,2,2.0,4055.0,2,PAID,ARS,25872.0,5433.12,0.0,31305.12,20250123
1000006564,10,1,,1918.0,2206,CANCELLED,ARS,30000.0,6300.0,900.0,37200.0,20250524
1000006565,54,1,,3308.0,2291,FULFILLED,ARS,24300.0,5103.0,1200.0,30603.0,20240930
1000006566,361,1,,2299.0,2388,CANCELLED,ARS,12000.0,2520.0,1500.0,16020.0,20240912
1000006567,1392,1,,3507.0,4189,FULFILLED,ARS,27000.0,5670.0,1500.0,34170.0,20240128
1000006568,856,1,,,1404,PAID,ARS,40500.0,8505.0,1200.0,50205.0,20250621
1000006569,543,2,3.0,2614.0,3,PAID,ARS,14250.0,2992.5,0.0,17242.5,20240713
1000006570,1356,1,,3483.0,3784,PAID,ARS,24000.0,5040.0,1500.0,30540.0,20241011
1000006571,656,2,3.0,3781.0,3,PAID,ARS,15000.0,3150.0,0.0,18150.0,20240423
1000006572,1096,2,2.0,1369.0,2,REFUNDED,ARS,82800.0,17388.0,0.0,100188.0,20250819
1000006573,478,1,,4004.0,3844,FULFILLED,ARS,29160.0,6123.6,1500.0,36783.6,20250827
1000006574,328,1,,3755.0,3329,CANCELLED,ARS,22680.0,4762.8,0.0,27442.8,20241216
1000006575,585,2,2.0,3268.0,2,PAID,ARS,16500.0,3465.0,0.0,19965.0,20240407
1000006576,65,1,,2195.0,2043,FULFILLED,ARS,56400.0,11844.0,900.0,69144.0,20240211
1000006577,1379,1,,3863.0,4192,FULFILLED,ARS,26850.0,5638.5,900.0,33388.5,20250310
1000006578,212,2,4.0,3777.0,4,FULFILLED,ARS,44400.0,9324.0,0.0,53724.0,20240401
1000006579,705,1,,2914.0,1687,FULFILLED,ARS,58320.0,12247.2,900.0,71467.2,20240420
1000006580,1249,1,,2655.0,2762,FULFILLED,ARS,40500.0,8505.0,900.0,49905.0,20250824
1000006581,702,2,4.0,2065.0,4,FULFILLED,ARS,68880.0,14464.8,0.0,83344.8,20241123
1000006582,764,2,2.0,1227.0,2,FULFILLED,ARS,34200.0,7182.0,0.0,41382.0,20241231
1000006583,1378,2,4.0,3896.0,4,FULFILLED,ARS,82380.0,17299.8,0.0,99679.8,20250326
1000006584,204,1,,2671.0,2287,FULFILLED,ARS,70020.0,14704.2,1200.0,85924.2,20250507
1000006585,1383,1,,1370.0,2004,CANCELLED,ARS,13200.0,2772.0,900.0,16872.0,20250701
1000006586,738,1,,3300.0,3687,FULFILLED,ARS,12540.0,2633.4,1200.0,16373.4,20250724
1000006587,332,1,,1632.0,3423,REFUNDED,ARS,32265.0,6775.65,1200.0,40240.65,20241112
1000006588,1338,1,,1873.0,3812,FULFILLED,ARS,51090.0,10728.9,1200.0,63018.9,20250124
1000006589,727,2,2.0,2888.0,2,FULFILLED,ARS,40500.0,8505.0,0.0,49005.0,20240613
1000006590,1491,1,,2153.0,1485,FULFILLED,ARS,30000.0,6300.0,1200.0,37500.0,20240710
1000006591,136,2,2.0,3587.0,2,CANCELLED,ARS,30780.0,6463.8,0.0,37243.8,20241009
1000006592,1396,1,,3132.0,2182,FULFILLED,ARS,110925.0,23294.25,1500.0,135719.25,20240917
1000006593,555,2,1.0,2327.0,1,CANCELLED,ARS,15750.0,3307.5,0.0,19057.5,20240221
1000006594,1178,2,1.0,2311.0,1,PAID,ARS,22680.0,4762.8,0.0,27442.8,20240904
1000006595,235,1,,,2165,PAID,ARS,35280.0,7408.8,1200.0,43888.8,20240604
1000006596,539,1,,3867.0,2742,FULFILLED,ARS,13500.0,2835.0,0.0,16335.0,20241231
1000006597,553,2,2.0,,2,FULFILLED,ARS,34200.0,7182.0,0.0,41382.0,20250415
1000006598,376,2,4.0,2448.0,4,PAID,ARS,36450.0,7654.5,0.0,44104.5,20241208
1000006599,1377,1,,1284.0,1147,FULFILLED,ARS,22800.0,4788.0,1200.0,28788.0,20250409
1000006600,619,2,1.0,3106.0,1,FULFILLED,ARS,31752.0,6667.92,0.0,38419.92,20240403
1000006601,47,1,,2004.0,2479,FULFILLED,ARS,46305.0,9724.05,1200.0,57229.05,20240329
1000006602,666,2,2.0,2060.0,2,FULFILLED,ARS,12825.0,2693.25,0.0,15518.25,20240208
1000006603,778,1,,1112.0,1934,FULFILLED,ARS,58350.0,12253.5,1200.0,71803.5,20240919
1000006604,1457,1,,3224.0,1548,FULFILLED,ARS,47628.0,10001.88,1500.0,59129.88,20240920
1000006605,932,1,,3726.0,2794,FULFILLED,ARS,63060.0,13242.6,1200.0,77502.6,20240605
1000006606,478,1,,1618.0,3294,PAID,ARS,23520.0,4939.2,900.0,29359.2,20240921
1000006607,1480,1,,2620.0,2158,FULFILLED,ARS,45000.0,9450.0,1500.0,55950.0,20250903
1000006608,994,1,,3979.0,3341,FULFILLED,ARS,16500.0,3465.0,1200.0,21165.0,20250417
1000006609,165,2,1.0,2218.0,1,FULFILLED,ARS,45000.0,9450.0,0.0,54450.0,20241114
1000006610,1126,1,,3784.0,2203,REFUNDED,ARS,36108.0,7582.68,0.0,43690.68,20241211
1000006611,445,1,,,3407,FULFILLED,ARS,36300.0,7623.0,0.0,43923.0,20240706
1000006612,321,1,,1958.0,3145,FULFILLED,ARS,37044.0,7779.24,900.0,45723.24,20240602
1000006613,975,1,,1274.0,1154,FULFILLED,ARS,40380.0,8479.8,0.0,48859.8,20250725
1000006614,916,2,4.0,4134.0,4,PAID,ARS,74700.0,15687.0,0.0,90387.0,20240720
1000006615,814,1,,4.0,1383,CANCELLED,ARS,41250.0,8662.5,1200.0,51112.5,20240506
1000006616,1227,2,3.0,3052.0,3,FULFILLED,ARS,48210.0,10124.1,0.0,58334.1,20250613
1000006617,528,2,1.0,1046.0,1,FULFILLED,ARS,44160.0,9273.6,0.0,53433.6,20240212
1000006618,809,2,1.0,,1,FULFILLED,ARS,38808.0,8149.68,0.0,46957.68,20241214
1000006619,1105,2,1.0,1176.0,1,FULFILLED,ARS,35340.0,7421.4,0.0,42761.4,20250624
1000006620,261,1,,2471.0,2786,PAID,ARS,29700.0,6237.0,1200.0,37137.0,20250501
1000006621,751,2,2.0,1753.0,2,PAID,ARS,14700.0,3087.0,0.0,17787.0,20240517
1000006622,648,2,3.0,3769.0,3,CANCELLED,ARS,33000.0,6930.0,0.0,39930.0,20250810
1000006623,118,2,3.0,2495.0,3,PAID,ARS,34200.0,7182.0,0.0,41382.0,20250810
1000006624,100,1,,3455.0,2664,FULFILLED,ARS,15000.0,3150.0,900.0,19050.0,20241220
1000006625,780,1,,,2270,PAID,ARS,14700.0,3087.0,1500.0,19287.0,20250812
1000006626,91,2,4.0,3450.0,4,FULFILLED,ARS,98100.0,20601.0,0.0,118701.0,20240114
1000006627,1355,2,1.0,3881.0,1,REFUNDED,ARS,11760.0,2469.6,0.0,14229.6,20250314
1000006628,279,1,,3921.0,4021,FULFILLED,ARS,26460.0,5556.6,900.0,32916.6,20240228
1000006629,651,1,,,3814,CANCELLED,ARS,38808.0,8149.68,1200.0,48157.68,20250318
1000006630,1359,1,,2945.0,3570,FULFILLED,ARS,23940.0,5027.4,900.0,29867.4,20240313
1000006631,589,1,,3707.0,1307,PAID,ARS,34200.0,7182.0,900.0,42282.0,20240707
1000006632,1489,2,1.0,4164.0,1,PAID,ARS,39600.0,8316.0,0.0,47916.0,20250911
1000006633,776,2,1.0,3399.0,1,FULFILLED,ARS,12825.0,2693.25,0.0,15518.25,20240914
1000006634,257,1,,3644.0,3528,FULFILLED,ARS,21168.0,4445.28,900.0,26513.28,20250205
1000006635,252,1,,1672.0,2903,FULFILLED,ARS,14250.0,2992.5,1200.0,18442.5,20250916
1000006636,1036,1,,2348.0,2227,FULFILLED,ARS,11400.0,2394.0,900.0,14694.0,20250303
1000006637,456,1,,1647.0,3537,FULFILLED,ARS,46548.0,9775.08,0.0,56323.08,20250103
1000006638,707,1,,1251.0,2359,FULFILLED,ARS,28500.0,5985.0,1200.0,35685.0,20250506
1000006639,548,1,,3483.0,1504,CANCELLED,ARS,12150.0,2551.5,0.0,14701.5,20250728
1000006640,575,1,,3497.0,3723,REFUNDED,ARS,55500.0,11655.0,900.0,68055.0,20241224
1000006641,970,1,,3631.0,1333,FULFILLED,ARS,42960.0,9021.6,1200.0,53181.6,20240128
1000006642,1310,1,,2230.0,1280,REFUNDED,ARS,32400.0,6804.0,900.0,40104.0,20250730
1000006643,135,1,,1350.0,2319,FULFILLED,ARS,35160.0,7383.6,1500.0,44043.6,20250731
1000006644,814,1,,3617.0,3395,PAID,ARS,56070.0,11774.7,1200.0,69044.7,20250901
1000006645,248,1,,,2458,FULFILLED,ARS,29400.0,6174.0,900.0,36474.0,20241119
1000006646,966,1,,2758.0,1415,FULFILLED,ARS,63000.0,13230.0,1200.0,77430.0,20240430
1000006647,380,1,,1981.0,3083,FULFILLED,ARS,27000.0,5670.0,0.0,32670.0,20240910
1000006648,1144,1,,2049.0,3822,PAID,ARS,11340.0,2381.4,1500.0,15221.4,20240119
1000006649,487,2,3.0,3195.0,3,FULFILLED,ARS,38475.0,8079.75,0.0,46554.75,20250730
1000006650,903,2,3.0,3676.0,3,CANCELLED,ARS,33600.0,7056.0,0.0,40656.0,20241226
1000006651,1383,1,,2892.0,2648,FULFILLED,ARS,36000.0,7560.0,1500.0,45060.0,20250823
1000006652,1292,1,,1860.0,1818,FULFILLED,ARS,13500.0,2835.0,1200.0,17535.0,20250502
1000006653,190,1,,2010.0,2958,FULFILLED,ARS,30000.0,6300.0,900.0,37200.0,20240828
1000006654,159,2,4.0,3634.0,4,FULFILLED,ARS,29700.0,6237.0,0.0,35937.0,20250119
1000006655,1229,1,,,1012,CANCELLED,ARS,45000.0,9450.0,1200.0,55650.0,20240918
1000006656,886,1,,1854.0,3337,CANCELLED,ARS,44100.0,9261.0,900.0,54261.0,20240502
1000006657,271,2,2.0,1901.0,2,FULFILLED,ARS,14250.0,2992.5,0.0,17242.5,20241213
1000006658,143,1,,2628.0,1470,FULFILLED,ARS,47025.0,9875.25,900.0,57800.25,20250228
1000006659,1043,2,1.0,1654.0,1,FULFILLED,ARS,44850.0,9418.5,0.0,54268.5,20250721
1000006660,432,2,3.0,3804.0,3,FULFILLED,ARS,50962.5,10702.12,0.0,61664.62,20250730
1000006661,521,1,,3151.0,2650,PAID,ARS,14700.0,3087.0,1200.0,18987.0,20240827
1000006662,1159,1,,3711.0,3251,FULFILLED,ARS,15750.0,3307.5,1200.0,20257.5,20240307
1000006663,668,2,2.0,3621.0,2,FULFILLED,ARS,11880.0,2494.8,0.0,14374.8,20240104
1000006664,789,1,,2933.0,3684,CREATED,ARS,22800.0,4788.0,900.0,28488.0,20250203
1000006665,1315,1,,1003.0,3064,FULFILLED,ARS,51300.0,10773.0,0.0,62073.0,20250414
1000006666,760,2,3.0,,3,FULFILLED,ARS,69000.0,14490.0,0.0,83490.0,20250615
1000006667,419,2,4.0,1516.0,4,CANCELLED,ARS,24000.0,5040.0,0.0,29040.0,20240702
1000006668,1231,2,1.0,2974.0,1,FULFILLED,ARS,12000.0,2520.0,0.0,14520.0,20240812
1000006669,1222,2,3.0,3704.0,3,FULFILLED,ARS,12000.0,2520.0,0.0,14520.0,20240228
1000006670,1480,1,,4195.0,3569,PAID,ARS,21600.0,4536.0,900.0,27036.0,20240727
1000006671,1476,2,3.0,2280.0,3,CANCELLED,ARS,21600.0,4536.0,0.0,26136.0,20241015
1000006672,873,1,,3107.0,3577,PAID,ARS,49650.0,10426.5,900.0,60976.5,20250427
1000006673,201,2,3.0,3473.0,3,FULFILLED,ARS,55350.0,11623.5,0.0,66973.5,20240816
1000006674,301,2,2.0,3909.0,2,FULFILLED,ARS,35280.0,7408.8,0.0,42688.8,20240325
1000006675,1413,2,2.0,1948.0,2,PAID,ARS,45000.0,9450.0,0.0,54450.0,20240418
1000006676,881,2,1.0,1970.0,1,FULFILLED,ARS,42540.0,8933.4,0.0,51473.4,20240316
1000006677,606,1,,1978.0,3969,CREATED,ARS,29925.0,6284.25,1200.0,37409.25,20240722
1000006678,649,1,,1812.0,4165,FULFILLED,ARS,30780.0,6463.8,0.0,37243.8,20250908
1000006679,286,2,4.0,1558.0,4,FULFILLED,ARS,39690.0,8334.9,0.0,48024.9,20241015
1000006680,318,1,,1473.0,3028,FULFILLED,ARS,37044.0,7779.24,1200.0,46023.24,20250930
1000006681,1143,2,1.0,1176.0,1,FULFILLED,ARS,11760.0,2469.6,0.0,14229.6,20250506
1000006682,1228,2,2.0,3768.0,2,PAID,ARS,34425.0,7229.25,0.0,41654.25,20240713
1000006683,948,1,,2510.0,3554,REFUNDED,ARS,24000.0,5040.0,0.0,29040.0,20240815
1000006684,1078,1,,3147.0,1992,FULFILLED,ARS,28500.0,5985.0,1500.0,35985.0,20241208
1000006685,400,2,2.0,2913.0,2,PAID,ARS,14700.0,3087.0,0.0,17787.0,20241102
1000006686,942,2,3.0,3756.0,3,CANCELLED,ARS,40500.0,8505.0,0.0,49005.0,20240626
1000006687,518,1,,3486.0,3480,PAID,ARS,101010.0,21212.1,1200.0,123422.1,20250730
1000006688,815,2,4.0,3791.0,4,FULFILLED,ARS,44887.5,9426.38,0.0,54313.88,20240522
1000006689,743,1,,3299.0,3429,FULFILLED,ARS,14250.0,2992.5,900.0,18142.5,20240204
1000006690,736,2,3.0,1554.0,3,FULFILLED,ARS,78300.0,16443.0,0.0,94743.0,20240201
1000006691,445,2,4.0,3862.0,4,FULFILLED,ARS,36000.0,7560.0,0.0,43560.0,20240714
1000006692,557,2,2.0,2083.0,2,FULFILLED,ARS,25080.0,5266.8,0.0,30346.8,20241231
1000006693,141,1,,1528.0,4100,REFUNDED,ARS,23520.0,4939.2,1200.0,29659.2,20250821
1000006694,174,2,1.0,,1,FULFILLED,ARS,30780.0,6463.8,0.0,37243.8,20250401
1000006695,958,1,,3305.0,3983,CANCELLED,ARS,15000.0,3150.0,1200.0,19350.0,20240722
1000006696,990,1,,1277.0,2787,FULFILLED,ARS,27000.0,5670.0,1500.0,34170.0,20250502
1000006697,1137,1,,2493.0,1580,FULFILLED,ARS,12825.0,2693.25,0.0,15518.25,20240719
1000006698,402,1,,1007.0,3837,PAID,ARS,24000.0,5040.0,1200.0,30240.0,20240925
1000006699,1143,2,2.0,1828.0,2,CANCELLED,ARS,24300.0,5103.0,0.0,29403.0,20240729
1000006700,547,2,4.0,1643.0,4,FULFILLED,ARS,35280.0,7408.8,0.0,42688.8,20240515
1000006701,22,2,2.0,1022.0,2,FULFILLED,ARS,63210.0,13274.1,0.0,76484.1,20241012
1000006702,1222,1,,2800.0,2809,FULFILLED,ARS,34200.0,7182.0,0.0,41382.0,20240710
1000006703,340,1,,1747.0,2381,FULFILLED,ARS,14250.0,2992.5,1200.0,18442.5,20240205
1000006704,243,1,,3970.0,3601,PAID,ARS,14250.0,2992.5,1200.0,18442.5,20240308
1000006705,28,1,,1355.0,2351,REFUNDED,ARS,66270.0,13916.7,1200.0,81386.7,20250725
1000006706,158,2,4.0,2247.0,4,FULFILLED,ARS,58020.0,12184.2,0.0,70204.2,20241202
1000006707,238,2,3.0,3034.0,3,FULFILLED,ARS,14250.0,2992.5,0.0,17242.5,20240127
1000006708,1410,2,4.0,3055.0,4,CANCELLED,ARS,70680.0,14842.8,0.0,85522.8,20241214
1000006709,343,1,,1574.0,2466,FULFILLED,ARS,44748.0,9397.08,1200.0,55345.08,20250426
1000006710,1252,1,,1825.0,1909,PAID,ARS,12000.0,2520.0,900.0,15420.0,20240825
1000006711,1347,1,,2308.0,2123,FULFILLED,ARS,25200.0,5292.0,0.0,30492.0,20240622
1000006712,765,1,,,2365,REFUNDED,ARS,22800.0,4788.0,0.0,27588.0,20250307
1000006713,841,1,,3898.0,3869,FULFILLED,ARS,9720.0,2041.2,1200.0,12961.2,20250725
1000006714,1487,1,,4041.0,2195,FULFILLED,ARS,12348.0,2593.08,1200.0,16141.08,20250128
1000006715,837,1,,1658.0,3465,PAID,ARS,30000.0,6300.0,0.0,36300.0,20250315
1000006716,184,2,2.0,4107.0,2,FULFILLED,ARS,57000.0,11970.0,0.0,68970.0,20240211
1000006717,1166,2,1.0,2437.0,1,FULFILLED,ARS,29400.0,6174.0,0.0,35574.0,20241012
1000006718,997,1,,4058.0,2531,FULFILLED,ARS,12000.0,2520.0,1500.0,16020.0,20241014
1000006719,1034,1,,3330.0,1360,FULFILLED,ARS,15675.0,3291.75,1500.0,20466.75,20250123
1000006720,398,1,,2558.0,3663,FULFILLED,ARS,44887.5,9426.38,0.0,54313.88,20240811
1000006721,162,2,1.0,,1,REFUNDED,ARS,35280.0,7408.8,0.0,42688.8,20240208
1000006722,501,2,2.0,2680.0,2,PAID,ARS,11760.0,2469.6,0.0,14229.6,20240809
1000006723,794,1,,1544.0,1066,FULFILLED,ARS,34200.0,7182.0,900.0,42282.0,20250408
1000006724,8,1,,3836.0,3543,FULFILLED,ARS,13500.0,2835.0,900.0,17235.0,20241111
1000006725,176,1,,1880.0,1991,CANCELLED,ARS,13500.0,2835.0,900.0,17235.0,20250712
1000006726,52,1,,1856.0,2354,FULFILLED,ARS,27510.0,5777.1,900.0,34187.1,20240509
1000006727,451,1,,1270.0,2513,FULFILLED,ARS,89790.0,18855.9,900.0,109545.9,20250312
1000006728,913,2,4.0,3650.0,4,FULFILLED,ARS,25650.0,5386.5,0.0,31036.5,20240923
1000006729,1425,1,,3499.0,2696,FULFILLED,ARS,10800.0,2268.0,900.0,13968.0,20240804
1000006730,1163,1,,2142.0,1356,FULFILLED,ARS,35910.0,7541.1,1200.0,44651.1,20250819
1000006731,1199,1,,3882.0,3010,FULFILLED,ARS,30000.0,6300.0,1200.0,37500.0,20240227
1000006732,1433,1,,3382.0,2712,FULFILLED,ARS,32400.0,6804.0,0.0,39204.0,20240319
1000006733,1321,1,,1747.0,1773,FULFILLED,ARS,25080.0,5266.8,900.0,31246.8,20240624
1000006734,713,1,,3692.0,1591,FULFILLED,ARS,79425.0,16679.25,1200.0,97304.25,20250618
1000006735,1331,1,,2723.0,2762,FULFILLED,ARS,11400.0,2394.0,0.0,13794.0,20250223
1000006736,979,2,4.0,1748.0,4,FULFILLED,ARS,69000.0,14490.0,0.0,83490.0,20240629
1000006737,820,1,,1460.0,3376,PAID,ARS,30000.0,6300.0,900.0,37200.0,20250825
1000006738,1267,1,,4045.0,3061,FULFILLED,ARS,21600.0,4536.0,1200.0,27336.0,20250609
1000006739,184,2,3.0,3344.0,3,FULFILLED,ARS,45000.0,9450.0,0.0,54450.0,20250731
1000006740,486,1,,3359.0,3783,FULFILLED,ARS,73620.0,15460.2,1200.0,90280.2,20250128
1000006741,417,1,,2920.0,2476,FULFILLED,ARS,40500.0,8505.0,1200.0,50205.0,20241022
1000006742,982,1,,2798.0,1533,PAID,ARS,61200.0,12852.0,1500.0,75552.0,20240518
1000006743,1491,2,2.0,2131.0,2,CANCELLED,ARS,22800.0,4788.0,0.0,27588.0,20240927
1000006744,45,1,,2307.0,1793,FULFILLED,ARS,9720.0,2041.2,1500.0,13261.2,20240202
1000006745,535,1,,1586.0,3903,FULFILLED,ARS,63300.0,13293.0,900.0,77493.0,20250524
1000006746,177,1,,2437.0,3029,PAID,ARS,12600.0,2646.0,1200.0,16446.0,20240511
1000006747,1229,2,4.0,4105.0,4,FULFILLED,ARS,44887.5,9426.38,0.0,54313.88,20250716
1000006748,1317,1,,1958.0,1407,CANCELLED,ARS,39900.0,8379.0,1200.0,49479.0,20250317
1000006749,737,1,,1976.0,3279,CANCELLED,ARS,27000.0,5670.0,1200.0,33870.0,20250717
1000006750,158,1,,3047.0,1723,FULFILLED,ARS,45000.0,9450.0,900.0,55350.0,20240312
1000006751,915,2,3.0,1908.0,3,FULFILLED,ARS,46215.0,9705.15,0.0,55920.15,20240725
1000006752,281,1,,3524.0,1118,FULFILLED,ARS,59700.0,12537.0,1500.0,73737.0,20250131
1000006753,403,1,,1615.0,4101,FULFILLED,ARS,36000.0,7560.0,900.0,44460.0,20250223
1000006754,955,1,,1915.0,2966,FULFILLED,ARS,42750.0,8977.5,900.0,52627.5,20250715
1000006755,991,1,,1582.0,1208,FULFILLED,ARS,16170.0,3395.7,900.0,20465.7,20240614
1000006756,1128,2,2.0,3145.0,2,FULFILLED,ARS,37770.0,7931.7,0.0,45701.7,20250910
1000006757,1399,2,4.0,,4,FULFILLED,ARS,47250.0,9922.5,0.0,57172.5,20240407
1000006758,1366,2,4.0,3060.0,4,FULFILLED,ARS,27000.0,5670.0,0.0,32670.0,20250126
1000006759,654,1,,2027.0,2240,FULFILLED,ARS,12600.0,2646.0,1200.0,16446.0,20240723
1000006760,791,1,,3724.0,1927,FULFILLED,ARS,46305.0,9724.05,1200.0,57229.05,20240709
1000006761,246,2,3.0,2831.0,3,FULFILLED,ARS,27675.0,5811.75,0.0,33486.75,20250804
1000006762,997,2,2.0,2453.0,2,FULFILLED,ARS,11340.0,2381.4,0.0,13721.4,20241207
1000006763,122,1,,1901.0,4191,FULFILLED,ARS,14250.0,2992.5,900.0,18142.5,20250215
1000006764,522,2,4.0,4045.0,4,PAID,ARS,11400.0,2394.0,0.0,13794.0,20250411
1000006765,978,1,,2127.0,3648,FULFILLED,ARS,38580.0,8101.8,0.0,46681.8,20240915
1000006766,1380,1,,1039.0,3726,FULFILLED,ARS,13500.0,2835.0,1200.0,17535.0,20250621
1000006767,731,2,1.0,2791.0,1,FULFILLED,ARS,51000.0,10710.0,0.0,61710.0,20250310
1000006768,406,1,,1531.0,2079,FULFILLED,ARS,35100.0,7371.0,0.0,42471.0,20250429
1000006769,254,2,1.0,1052.0,1,FULFILLED,ARS,44100.0,9261.0,0.0,53361.0,20240126
1000006770,412,1,,3816.0,3948,FULFILLED,ARS,36000.0,7560.0,1200.0,44760.0,20240120
1000006771,1233,1,,1956.0,3233,FULFILLED,ARS,13500.0,2835.0,1200.0,17535.0,20241212
1000006772,335,2,2.0,2229.0,2,CREATED,ARS,10260.0,2154.6,0.0,12414.6,20240224
1000006773,867,1,,2965.0,2,FULFILLED,ARS,71400.0,14994.0,900.0,87294.0,20250430
1000006774,155,1,,4123.0,1929,FULFILLED,ARS,46080.0,9676.8,900.0,56656.8,20241213
1000006775,168,2,2.0,,2,FULFILLED,ARS,37800.0,7938.0,0.0,45738.0,20241008
1000006776,1405,1,,4089.0,3407,FULFILLED,ARS,10800.0,2268.0,900.0,13968.0,20240125
1000006777,1255,1,,1818.0,1642,FULFILLED,ARS,60900.0,12789.0,900.0,74589.0,20241123
1000006778,66,1,,1122.0,1189,FULFILLED,ARS,10260.0,2154.6,0.0,12414.6,20250408
1000006779,228,2,2.0,1967.0,2,CANCELLED,ARS,21168.0,4445.28,0.0,25613.28,20240323
1000006780,1191,2,2.0,3000.0,2,PAID,ARS,35910.0,7541.1,0.0,43451.1,20240505
1000006781,549,2,3.0,4145.0,3,FULFILLED,ARS,22680.0,4762.8,0.0,27442.8,20241103
1000006782,384,1,,1458.0,2850,FULFILLED,ARS,14250.0,2992.5,0.0,17242.5,20250405
1000006783,565,2,1.0,4183.0,1,PAID,ARS,55800.0,11718.0,0.0,67518.0,20240711
1000006784,1398,2,3.0,2513.0,3,PAID,ARS,35340.0,7421.4,0.0,42761.4,20250822
1000006785,492,2,2.0,1144.0,2,FULFILLED,ARS,44887.5,9426.38,0.0,54313.88,20250118
1000006786,1459,2,3.0,2181.0,3,REFUNDED,ARS,30000.0,6300.0,0.0,36300.0,20241213
1000006787,972,2,4.0,3056.0,4,FULFILLED,ARS,48510.0,10187.1,0.0,58697.1,20240411
1000006788,965,2,4.0,4193.0,4,FULFILLED,ARS,27000.0,5670.0,0.0,32670.0,20250321
1000006789,1161,2,4.0,2559.0,4,FULFILLED,ARS,35910.0,7541.1,0.0,43451.1,20250125
1000006790,1258,1,,,4104,CANCELLED,ARS,44887.5,9426.38,1200.0,55513.88,20240517
1000006791,322,1,,2446.0,2961,PAID,ARS,37620.0,7900.2,900.0,46420.2,20240623
1000006792,1023,2,3.0,1157.0,3,FULFILLED,ARS,32400.0,6804.0,0.0,39204.0,20250515
1000006793,653,2,1.0,4149.0,1,FULFILLED,ARS,39690.0,8334.9,0.0,48024.9,20241010
1000006794,282,2,4.0,,4,REFUNDED,ARS,15750.0,3307.5,0.0,19057.5,20241017
1000006795,1400,1,,3265.0,1249,FULFILLED,ARS,42750.0,8977.5,900.0,52627.5,20250630
1000006796,727,2,4.0,3716.0,4,FULFILLED,ARS,44887.5,9426.38,0.0,54313.88,20250506
1000006797,1238,1,,1990.0,1557,FULFILLED,ARS,45000.0,9450.0,900.0,55350.0,20240829
1000006798,769,1,,2047.0,1456,FULFILLED,ARS,11400.0,2394.0,0.0,13794.0,20250201
1000006799,16,2,1.0,,1,FULFILLED,ARS,11400.0,2394.0,0.0,13794.0,20250603
1000006800,1116,1,,,2408,PAID,ARS,35640.0,7484.4,1200.0,44324.4,20250420
1000006801,118,2,1.0,1488.0,1,REFUNDED,ARS,23760.0,4989.6,0.0,28749.6,20240928
1000006802,339,1,,1770.0,2586,FULFILLED,ARS,44100.0,9261.0,1200.0,54561.0,20250910
1000006803,1296,1,,1208.0,1863,FULFILLED,ARS,67500.0,14175.0,900.0,82575.0,20240714
1000006804,1477,2,2.0,2180.0,2,PAID,ARS,20520.0,4309.2,0.0,24829.2,20240314
1000006805,418,1,,1820.0,1781,FULFILLED,ARS,76770.0,16121.7,1500.0,94391.7,20241121
1000006806,682,2,2.0,1524.0,2,FULFILLED,ARS,12348.0,2593.08,0.0,14941.08,20240428
1000006807,1076,1,,4005.0,4167,FULFILLED,ARS,81000.0,17010.0,900.0,98910.0,20240326
1000006808,222,1,,2193.0,2009,FULFILLED,ARS,105660.0,22188.6,1200.0,129048.6,20250807
1000006809,810,1,,3507.0,1017,FULFILLED,ARS,42750.0,8977.5,900.0,52627.5,20250810
1000006810,1311,1,,1990.0,1982,FULFILLED,ARS,11400.0,2394.0,0.0,13794.0,20250903
1000006811,767,1,,1477.0,1602,REFUNDED,ARS,23520.0,4939.2,1500.0,29959.2,20250920
1000006812,1094,1,,2644.0,1970,FULFILLED,ARS,30000.0,6300.0,0.0,36300.0,20240518
1000006813,608,2,4.0,,4,CANCELLED,ARS,34200.0,7182.0,0.0,41382.0,20240608
1000006814,193,2,1.0,1651.0,1,REFUNDED,ARS,11880.0,2494.8,0.0,14374.8,20240213
1000006815,1313,1,,,1840,CANCELLED,ARS,37440.0,7862.4,1500.0,46802.4,20240403
1000006816,1128,2,2.0,3706.0,2,FULFILLED,ARS,35910.0,7541.1,0.0,43451.1,20250722
1000006817,161,2,4.0,3280.0,4,FULFILLED,ARS,34200.0,7182.0,0.0,41382.0,20250407
1000006818,311,2,2.0,,2,REFUNDED,ARS,33000.0,6930.0,0.0,39930.0,20250810
1000006819,768,1,,1344.0,1902,PAID,ARS,36450.0,7654.5,900.0,45004.5,20250718
1000006820,1363,1,,1146.0,3694,PAID,ARS,68100.0,14301.0,900.0,83301.0,20240413
1000006821,362,2,1.0,3879.0,1,FULFILLED,ARS,14175.0,2976.75,0.0,17151.75,20240415
1000006822,311,2,4.0,2745.0,4,FULFILLED,ARS,89220.0,18736.2,0.0,107956.2,20240421
1000006823,1108,1,,,1164,FULFILLED,ARS,40500.0,8505.0,0.0,49005.0,20241006
1000006824,1048,1,,2952.0,1737,PAID,ARS,44100.0,9261.0,0.0,53361.0,20240518
1000006825,983,2,1.0,3542.0,1,CANCELLED,ARS,40500.0,8505.0,0.0,49005.0,20250125
1000006826,1240,1,,,3612,FULFILLED,ARS,55860.0,11730.6,1200.0,68790.6,20240720
1000006827,773,2,1.0,3470.0,1,FULFILLED,ARS,59130.0,12417.3,0.0,71547.3,20240124
1000006828,871,2,3.0,1062.0,3,CREATED,ARS,11760.0,2469.6,0.0,14229.6,20250519
1000006829,245,1,,3324.0,2347,FULFILLED,ARS,42750.0,8977.5,1200.0,52927.5,20241002
1000006830,1355,1,,2606.0,1418,FULFILLED,ARS,12000.0,2520.0,900.0,15420.0,20240424
1000006831,518,1,,3347.0,3452,FULFILLED,ARS,28500.0,5985.0,1200.0,35685.0,20241121
1000006832,116,1,,1729.0,2691,FULFILLED,ARS,32400.0,6804.0,1500.0,40704.0,20240718
1000006833,902,1,,1725.0,2317,FULFILLED,ARS,70650.0,14836.5,1500.0,86986.5,20240827
1000006834,1302,2,1.0,1287.0,1,FULFILLED,ARS,23520.0,4939.2,0.0,28459.2,20250312
1000006835,565,1,,2760.0,3010,PAID,ARS,35280.0,7408.8,900.0,43588.8,20240105
1000006836,235,1,,,1474,PAID,ARS,21600.0,4536.0,0.0,26136.0,20250113
1000006837,606,2,2.0,1053.0,2,FULFILLED,ARS,12000.0,2520.0,0.0,14520.0,20240912
1000006838,467,2,1.0,,1,PAID,ARS,29400.0,6174.0,0.0,35574.0,20250724
1000006839,19,1,,4169.0,3568,FULFILLED,ARS,48375.0,10158.75,1200.0,59733.75,20241209
1000006840,1456,1,,2279.0,1028,REFUNDED,ARS,25650.0,5386.5,900.0,31936.5,20240721
1000006841,321,1,,2246.0,3497,PAID,ARS,32400.0,6804.0,900.0,40104.0,20250108
1000006842,656,2,3.0,,3,FULFILLED,ARS,29400.0,6174.0,0.0,35574.0,20250729
1000006843,1209,1,,2890.0,1273,FULFILLED,ARS,16170.0,3395.7,0.0,19565.7,20250923
1000006844,1198,2,1.0,4022.0,1,CREATED,ARS,15000.0,3150.0,0.0,18150.0,20240310
1000006845,466,1,,4036.0,3799,FULFILLED,ARS,66600.0,13986.0,1500.0,82086.0,20250115
1000006846,128,1,,2481.0,3971,PAID,ARS,37020.0,7774.2,900.0,45694.2,20250812
1000006847,1252,1,,2234.0,1745,FULFILLED,ARS,36450.0,7654.5,0.0,44104.5,20240906
1000006848,86,1,,3308.0,2263,FULFILLED,ARS,40500.0,8505.0,0.0,49005.0,20250615
1000006849,312,1,,3870.0,3951,FULFILLED,ARS,34398.0,7223.58,900.0,42521.58,20240118
1000006850,360,2,4.0,3226.0,4,FULFILLED,ARS,36000.0,7560.0,0.0,43560.0,20250720
1000006851,823,1,,,1591,FULFILLED,ARS,12150.0,2551.5,1200.0,15901.5,20240911
1000006852,1332,1,,2643.0,3126,CANCELLED,ARS,48252.0,10132.92,900.0,59284.92,20240724
1000006853,1388,1,,,1610,FULFILLED,ARS,52470.0,11018.7,1200.0,64688.7,20250303
1000006854,39,2,4.0,4012.0,4,FULFILLED,ARS,40500.0,8505.0,0.0,49005.0,20240215
1000006855,192,1,,,3094,FULFILLED,ARS,38475.0,8079.75,1200.0,47754.75,20240908
1000006856,980,1,,2291.0,1217,PAID,ARS,10584.0,2222.64,1200.0,14006.64,20240114
1000006857,492,1,,1758.0,4010,FULFILLED,ARS,49500.0,10395.0,0.0,59895.0,20250915
1000006858,356,1,,1492.0,2120,FULFILLED,ARS,26010.0,5462.1,900.0,32372.1,20241014
1000006859,1101,1,,4123.0,1925,FULFILLED,ARS,10260.0,2154.6,900.0,13314.6,20240102
1000006860,1081,1,,1156.0,3671,FULFILLED,ARS,14700.0,3087.0,900.0,18687.0,20240915
1000006861,1448,1,,2574.0,1011,FULFILLED,ARS,12150.0,2551.5,900.0,15601.5,20250615
1000006862,1216,2,3.0,2487.0,3,FULFILLED,ARS,21600.0,4536.0,0.0,26136.0,20250114
1000006863,731,1,,2103.0,2821,FULFILLED,ARS,10800.0,2268.0,1200.0,14268.0,20240523
1000006864,522,1,,3510.0,1824,FULFILLED,ARS,11760.0,2469.6,1200.0,15429.6,20250704
1000006865,96,1,,3424.0,1662,FULFILLED,ARS,21600.0,4536.0,1200.0,27336.0,20250823
1000006866,831,2,4.0,2425.0,4,FULFILLED,ARS,28350.0,5953.5,0.0,34303.5,20250310
1000006867,1222,1,,1205.0,1980,FULFILLED,ARS,30000.0,6300.0,0.0,36300.0,20250131
1000006868,1216,2,4.0,1067.0,4,FULFILLED,ARS,61740.0,12965.4,0.0,74705.4,20240314
1000006869,1384,1,,2072.0,1115,FULFILLED,ARS,21600.0,4536.0,1200.0,27336.0,20240127
1000006870,660,1,,2020.0,2598,FULFILLED,ARS,12825.0,2693.25,1200.0,16718.25,20241106
1000006871,61,2,2.0,2133.0,2,PAID,ARS,21600.0,4536.0,0.0,26136.0,20250814
1000006872,489,1,,3639.0,2389,FULFILLED,ARS,36000.0,7560.0,900.0,44460.0,20240328
1000006873,89,2,1.0,2162.0,1,PAID,ARS,11760.0,2469.6,0.0,14229.6,20240919
1000006874,259,1,,3835.0,1482,FULFILLED,ARS,34200.0,7182.0,1200.0,42582.0,20250922
1000006875,939,2,4.0,3609.0,4,FULFILLED,ARS,14962.5,3142.12,0.0,18104.62,20250608
1000006876,87,1,,4184.0,2554,FULFILLED,ARS,23520.0,4939.2,900.0,29359.2,20250215
1000006877,354,2,3.0,3691.0,3,FULFILLED,ARS,12936.0,2716.56,0.0,15652.56,20240804
1000006878,1118,1,,1808.0,2871,FULFILLED,ARS,25200.0,5292.0,1200.0,31692.0,20250510
1000006879,435,2,2.0,4175.0,2,FULFILLED,ARS,39600.0,8316.0,0.0,47916.0,20250516
1000006880,175,2,4.0,1505.0,4,FULFILLED,ARS,21600.0,4536.0,0.0,26136.0,20241123
1000006881,1370,1,,2276.0,1873,FULFILLED,ARS,16500.0,3465.0,900.0,20865.0,20241114
1000006882,6,1,,,2466,FULFILLED,ARS,13200.0,2772.0,900.0,16872.0,20240508
1000006883,887,1,,4198.0,3527,CANCELLED,ARS,24000.0,5040.0,900.0,29940.0,20241230
1000006884,82,1,,3017.0,3416,FULFILLED,ARS,77805.0,16339.05,900.0,95044.05,20250704
1000006885,28,1,,1575.0,2674,FULFILLED,ARS,11880.0,2494.8,900.0,15274.8,20250511
1000006886,789,1,,2829.0,3112,PAID,ARS,24000.0,5040.0,900.0,29940.0,20250113
1000006887,318,1,,2647.0,4015,FULFILLED,ARS,28500.0,5985.0,1200.0,35685.0,20240518
1000006888,642,1,,1828.0,2266,PAID,ARS,15000.0,3150.0,900.0,19050.0,20240714
1000006889,1466,1,,,2356,CANCELLED,ARS,29400.0,6174.0,1500.0,37074.0,20240616
1000006890,50,1,,2244.0,1472,FULFILLED,ARS,51744.0,10866.24,0.0,62610.24,20250511
1000006891,132,2,1.0,1998.0,1,PAID,ARS,22680.0,4762.8,0.0,27442.8,20250510
1000006892,209,1,,4021.0,1028,FULFILLED,ARS,25650.0,5386.5,1200.0,32236.5,20240410
1000006893,685,1,,1421.0,4172,FULFILLED,ARS,38430.0,8070.3,0.0,46500.3,20250719
1000006894,617,1,,2630.0,2234,CANCELLED,ARS,54150.0,11371.5,900.0,66421.5,20241009
1000006895,754,1,,3164.0,2515,CREATED,ARS,30000.0,6300.0,900.0,37200.0,20240109
1000006896,1302,2,1.0,2649.0,1,FULFILLED,ARS,23520.0,4939.2,0.0,28459.2,20250702
1000006897,1060,2,2.0,3318.0,2,FULFILLED,ARS,45000.0,9450.0,0.0,54450.0,20240105
1000006898,1063,2,2.0,1079.0,2,FULFILLED,ARS,23520.0,4939.2,0.0,28459.2,20240320
1000006899,898,1,,2829.0,2317,CANCELLED,ARS,24000.0,5040.0,0.0,29040.0,20250730
1000006900,552,2,1.0,1779.0,1,REFUNDED,ARS,74808.0,15709.68,0.0,90517.68,20250820
1000006901,231,1,,3227.0,1793,PAID,ARS,32400.0,6804.0,900.0,40104.0,20240626
1000006902,958,1,,1438.0,1733,REFUNDED,ARS,22680.0,4762.8,1200.0,28642.8,20241220
1000006903,916,1,,2282.0,3606,FULFILLED,ARS,25650.0,5386.5,900.0,31936.5,20240623
1000006904,613,1,,3573.0,1384,CANCELLED,ARS,74718.0,15690.78,1200.0,91608.78,20240810
1000006905,517,2,1.0,3492.0,1,FULFILLED,ARS,72600.0,15246.0,0.0,87846.0,20250329
1000006906,1330,1,,4173.0,3660,FULFILLED,ARS,48375.0,10158.75,1200.0,59733.75,20241022
1000006907,819,2,4.0,1272.0,4,FULFILLED,ARS,44550.0,9355.5,0.0,53905.5,20250916
1000006908,1326,1,,2563.0,1542,CANCELLED,ARS,23520.0,4939.2,900.0,29359.2,20250515
1000006909,746,1,,,4200,FULFILLED,ARS,21600.0,4536.0,900.0,27036.0,20240310
1000006910,641,1,,3126.0,1515,PAID,ARS,29400.0,6174.0,1500.0,37074.0,20250409
1000006911,1495,1,,3475.0,3558,FULFILLED,ARS,24682.5,5183.32,1200.0,31065.82,20240110
1000006912,718,2,2.0,2046.0,2,FULFILLED,ARS,11400.0,2394.0,0.0,13794.0,20250210
1000006913,971,2,3.0,,3,FULFILLED,ARS,60252.0,12652.92,0.0,72904.92,20250827
1000006914,391,1,,2078.0,2180,FULFILLED,ARS,42750.0,8977.5,900.0,52627.5,20240222
1000006915,1007,2,1.0,2931.0,1,FULFILLED,ARS,10800.0,2268.0,0.0,13068.0,20250507
1000006916,184,1,,4173.0,2199,FULFILLED,ARS,57720.0,12121.2,900.0,70741.2,20240303
1000006917,333,1,,3808.0,1738,FULFILLED,ARS,10800.0,2268.0,1500.0,14568.0,20250108
1000006918,458,2,1.0,1834.0,1,FULFILLED,ARS,14700.0,3087.0,0.0,17787.0,20240420
1000006919,489,1,,1690.0,1604,PAID,ARS,36000.0,7560.0,1500.0,45060.0,20240125
1000006920,152,2,1.0,,1,FULFILLED,ARS,30750.0,6457.5,0.0,37207.5,20250413
1000006921,481,1,,,2854,FULFILLED,ARS,24696.0,5186.16,1200.0,31082.16,20240312
1000006922,1261,2,4.0,1590.0,4,FULFILLED,ARS,14250.0,2992.5,0.0,17242.5,20241219
1000006923,111,2,3.0,3342.0,3,REFUNDED,ARS,59700.0,12537.0,0.0,72237.0,20250622
1000006924,477,2,3.0,1114.0,3,FULFILLED,ARS,42750.0,8977.5,0.0,51727.5,20250715
1000006925,1309,1,,3569.0,4105,FULFILLED,ARS,22260.0,4674.6,1500.0,28434.6,20240211
1000006926,1381,1,,4127.0,1862,REFUNDED,ARS,31752.0,6667.92,900.0,39319.92,20250308
1000006927,842,1,,1819.0,3701,FULFILLED,ARS,45600.0,9576.0,1200.0,56376.0,20240813
1000006928,498,1,,1258.0,3927,FULFILLED,ARS,24000.0,5040.0,900.0,29940.0,20250412
1000006929,903,2,1.0,3179.0,1,FULFILLED,ARS,22800.0,4788.0,0.0,27588.0,20240802
1000006930,516,2,4.0,2142.0,4,FULFILLED,ARS,49410.0,10376.1,0.0,59786.1,20250928
1000006931,176,1,,2584.0,3947,PAID,ARS,47100.0,9891.0,1200.0,58191.0,20240418
1000006932,1423,2,1.0,,1,FULFILLED,ARS,88425.0,18569.25,0.0,106994.25,20240924
1000006933,1368,2,3.0,1453.0,3,FULFILLED,ARS,43800.0,9198.0,0.0,52998.0,20250203
1000006934,570,1,,3440.0,3930,FULFILLED,ARS,11400.0,2394.0,0.0,13794.0,20240620
1000006935,954,2,4.0,1137.0,4,FULFILLED,ARS,81000.0,17010.0,0.0,98010.0,20240219
1000006936,696,1,,2135.0,2287,FULFILLED,ARS,25200.0,5292.0,900.0,31392.0,20241026
1000006937,1390,1,,3642.0,4060,PAID,ARS,29400.0,6174.0,1500.0,37074.0,20240102
1000006938,12,2,4.0,2182.0,4,FULFILLED,ARS,29400.0,6174.0,0.0,35574.0,20250408
1000006939,255,1,,3129.0,3523,PAID,ARS,28500.0,5985.0,1200.0,35685.0,20240222
1000006940,268,1,,2591.0,3917,PAID,ARS,15435.0,3241.35,1200.0,19876.35,20240501
1000006941,1040,1,,1923.0,3410,FULFILLED,ARS,36000.0,7560.0,900.0,44460.0,20240619
1000006942,1126,1,,2091.0,2534,FULFILLED,ARS,21600.0,4536.0,1200.0,27336.0,20240507
1000006943,675,2,3.0,4173.0,3,REFUNDED,ARS,25200.0,5292.0,0.0,30492.0,20250110
1000006944,188,1,,4132.0,1050,FULFILLED,ARS,36450.0,7654.5,900.0,45004.5,20250913
1000006945,184,2,2.0,2172.0,2,PAID,ARS,21600.0,4536.0,0.0,26136.0,20250914
1000006946,948,1,,3562.0,2562,FULFILLED,ARS,77025.0,16175.25,900.0,94100.25,20241215
1000006947,728,1,,1644.0,3480,CREATED,ARS,53580.0,11251.8,1500.0,66331.8,20250628
1000006948,384,1,,3642.0,1986,FULFILLED,ARS,76350.0,16033.5,900.0,93283.5,20250723
1000006949,1308,1,,,4160,FULFILLED,ARS,36000.0,7560.0,1500.0,45060.0,20241108
1000006950,575,1,,1452.0,2818,FULFILLED,ARS,51600.0,10836.0,900.0,63336.0,20240531
1000006951,614,1,,3080.0,3255,PAID,ARS,68407.5,14365.58,900.0,83673.08,20250309
1000006952,993,1,,3436.0,1786,FULFILLED,ARS,47100.0,9891.0,1200.0,58191.0,20250214
1000006953,1217,1,,1406.0,2839,FULFILLED,ARS,45000.0,9450.0,1500.0,55950.0,20250322
1000006954,460,1,,3346.0,2645,CANCELLED,ARS,24720.0,5191.2,1200.0,31111.2,20240602
1000006955,1068,1,,,3008,FULFILLED,ARS,22800.0,4788.0,1200.0,28788.0,20250804
1000006956,1285,1,,3647.0,1331,FULFILLED,ARS,32400.0,6804.0,900.0,40104.0,20250330
1000006957,317,1,,1128.0,2626,CANCELLED,ARS,36300.0,7623.0,0.0,43923.0,20241130
1000006958,960,1,,1506.0,2488,FULFILLED,ARS,28500.0,5985.0,1500.0,35985.0,20241213
1000006959,336,2,2.0,2668.0,2,FULFILLED,ARS,44100.0,9261.0,0.0,53361.0,20241116
1000006960,1246,2,2.0,2892.0,2,CANCELLED,ARS,21600.0,4536.0,0.0,26136.0,20240510
1000006961,1388,2,4.0,1984.0,4,CANCELLED,ARS,74055.0,15551.55,0.0,89606.55,20250527
1000006962,1102,2,4.0,,4,REFUNDED,ARS,12000.0,2520.0,0.0,14520.0,20250403
1000006963,414,2,2.0,,2,FULFILLED,ARS,53100.0,11151.0,0.0,64251.0,20241226
1000006964,712,1,,3303.0,2978,FULFILLED,ARS,48510.0,10187.1,1200.0,59897.1,20240321
1000006965,848,1,,1759.0,4102,CANCELLED,ARS,31752.0,6667.92,0.0,38419.92,20250410
1000006966,998,2,2.0,2326.0,2,FULFILLED,ARS,91140.0,19139.4,0.0,110279.4,20250607
1000006967,606,1,,3229.0,3522,FULFILLED,ARS,52020.0,10924.2,0.0,62944.2,20241225
1000006968,94,1,,3327.0,3926,CANCELLED,ARS,47250.0,9922.5,0.0,57172.5,20250128
1000006969,1289,2,3.0,3725.0,3,FULFILLED,ARS,15750.0,3307.5,0.0,19057.5,20240117
1000006970,697,1,,1762.0,1786,FULFILLED,ARS,29400.0,6174.0,1200.0,36774.0,20241020
1000006971,739,1,,1388.0,3334,CANCELLED,ARS,21600.0,4536.0,900.0,27036.0,20240324
1000006972,235,2,4.0,,4,PAID,ARS,48570.0,10199.7,0.0,58769.7,20250612
1000006973,414,1,,1062.0,1724,FULFILLED,ARS,45000.0,9450.0,1500.0,55950.0,20250616
1000006974,487,1,,3837.0,2774,FULFILLED,ARS,24696.0,5186.16,0.0,29882.16,20250423
1000006975,632,2,1.0,2934.0,1,PAID,ARS,14850.0,3118.5,0.0,17968.5,20240920
1000006976,1405,2,4.0,3706.0,4,FULFILLED,ARS,37800.0,7938.0,0.0,45738.0,20241104
1000006977,1306,1,,3112.0,3801,FULFILLED,ARS,31752.0,6667.92,900.0,39319.92,20250709
1000006978,863,2,1.0,4037.0,1,CANCELLED,ARS,11760.0,2469.6,0.0,14229.6,20250323
1000006979,872,1,,3451.0,1823,FULFILLED,ARS,45000.0,9450.0,1200.0,55650.0,20240708
1000006980,113,2,2.0,1501.0,2,PAID,ARS,12000.0,2520.0,0.0,14520.0,20241230
1000006981,1064,1,,,3894,CREATED,ARS,30000.0,6300.0,1200.0,37500.0,20240420
1000006982,600,2,2.0,1512.0,2,FULFILLED,ARS,40500.0,8505.0,0.0,49005.0,20250203
1000006983,246,2,2.0,1375.0,2,CANCELLED,ARS,52170.0,10955.7,0.0,63125.7,20241215
1000006984,208,1,,2944.0,3510,FULFILLED,ARS,40500.0,8505.0,0.0,49005.0,20240512
1000006985,559,1,,3073.0,2000,FULFILLED,ARS,24000.0,5040.0,1200.0,30240.0,20240114
1000006986,235,1,,1332.0,2313,PAID,ARS,36300.0,7623.0,0.0,43923.0,20250630
1000006987,666,2,1.0,2990.0,1,FULFILLED,ARS,40500.0,8505.0,0.0,49005.0,20240316
1000006988,314,1,,1813.0,3698,FULFILLED,ARS,36000.0,7560.0,900.0,44460.0,20250828
1000006989,1183,2,1.0,2126.0,1,PAID,ARS,36000.0,7560.0,0.0,43560.0,20240402
1000006990,372,1,,,2530,PAID,ARS,12000.0,2520.0,900.0,15420.0,20250427
1000006991,979,1,,1182.0,2949,FULFILLED,ARS,24300.0,5103.0,900.0,30303.0,20250922
1000006992,183,1,,4147.0,2264,FULFILLED,ARS,101070.0,21224.7,900.0,123194.7,20250829
1000006993,1148,2,1.0,3620.0,1,FULFILLED,ARS,23100.0,4851.0,0.0,27951.0,20240811
1000006994,695,1,,1253.0,3045,CREATED,ARS,40500.0,8505.0,1200.0,50205.0,20240727
1000006995,1076,2,3.0,2253.0,3,FULFILLED,ARS,47040.0,9878.4,0.0,56918.4,20240625
1000006996,487,2,2.0,4111.0,2,FULFILLED,ARS,13200.0,2772.0,0.0,15972.0,20250908
1000006997,1209,1,,1026.0,1216,FULFILLED,ARS,36300.0,7623.0,1200.0,45123.0,20250710
1000006998,190,1,,2410.0,3073,FULFILLED,ARS,45000.0,9450.0,0.0,54450.0,20240607
1000006999,637,1,,4143.0,2623,FULFILLED,ARS,12825.0,2693.25,0.0,15518.25,20250129
1000007000,547,1,,1394.0,3414,FULFILLED,ARS,14250.0,2992.5,1500.0,18742.5,20250823
1000007001,1015,2,1.0,1735.0,1,REFUNDED,ARS,44100.0,9261.0,0.0,53361.0,20240805
1000007002,1019,1,,1988.0,2468,PAID,ARS,46305.0,9724.05,900.0,56929.05,20241123
1000007003,962,2,3.0,1273.0,3,CANCELLED,ARS,35280.0,7408.8,0.0,42688.8,20241230
1000007004,158,2,1.0,1824.0,1,FULFILLED,ARS,70986.0,14907.06,0.0,85893.06,20250621
1000007005,885,1,,3606.0,3062,FULFILLED,ARS,50400.0,10584.0,0.0,60984.0,20240213
1000007006,843,2,3.0,3332.0,3,FULFILLED,ARS,68850.0,14458.5,0.0,83308.5,20240117
1000007007,292,1,,2257.0,3429,FULFILLED,ARS,23760.0,4989.6,0.0,28749.6,20250706
1000007008,445,2,2.0,2379.0,2,FULFILLED,ARS,11760.0,2469.6,0.0,14229.6,20250203
1000007009,171,1,,3657.0,1807,FULFILLED,ARS,40500.0,8505.0,900.0,49905.0,20250303
1000007010,961,1,,3617.0,3381,FULFILLED,ARS,57823.5,12142.94,1200.0,71166.44,20250930
1000007011,1065,1,,3659.0,1775,FULFILLED,ARS,10800.0,2268.0,1200.0,14268.0,20250904
1000007012,1464,2,2.0,2454.0,2,CANCELLED,ARS,63360.0,13305.6,0.0,76665.6,20240526
1000007013,663,1,,3923.0,1203,FULFILLED,ARS,15000.0,3150.0,1200.0,19350.0,20240324
1000007014,208,2,2.0,3157.0,2,FULFILLED,ARS,22140.0,4649.4,0.0,26789.4,20241230
1000007015,45,1,,3855.0,1114,FULFILLED,ARS,13200.0,2772.0,1200.0,17172.0,20241203
1000007016,136,1,,2540.0,1221,FULFILLED,ARS,44100.0,9261.0,900.0,54261.0,20240409
1000007017,178,2,1.0,1975.0,1,FULFILLED,ARS,63630.0,13362.3,0.0,76992.3,20240413
1000007018,1346,2,2.0,3437.0,2,FULFILLED,ARS,46320.0,9727.2,0.0,56047.2,20250729
1000007019,1330,1,,3166.0,3256,FULFILLED,ARS,64044.0,13449.24,900.0,78393.24,20240914
1000007020,317,1,,,2349,FULFILLED,ARS,14250.0,2992.5,1500.0,18742.5,20250715
1000007021,348,1,,2027.0,1836,FULFILLED,ARS,27000.0,5670.0,1500.0,34170.0,20240926
1000007022,456,2,2.0,4089.0,2,FULFILLED,ARS,62910.0,13211.1,0.0,76121.1,20240917
1000007023,1282,1,,2272.0,1711,PAID,ARS,48210.0,10124.1,900.0,59234.1,20250824
1000007024,270,2,1.0,4194.0,1,FULFILLED,ARS,10584.0,2222.64,0.0,12806.64,20240117
1000007025,1080,1,,3054.0,3382,FULFILLED,ARS,21600.0,4536.0,0.0,26136.0,20241220
1000007026,1500,2,1.0,2400.0,1,FULFILLED,ARS,36450.0,7654.5,0.0,44104.5,20240515
1000007027,353,1,,2643.0,1202,FULFILLED,ARS,35280.0,7408.8,1200.0,43888.8,20240113
1000007028,701,1,,1086.0,3332,FULFILLED,ARS,86070.0,18074.7,900.0,105044.7,20240103
1000007029,409,2,4.0,2839.0,4,FULFILLED,ARS,27000.0,5670.0,0.0,32670.0,20241028
1000007030,1377,1,,3955.0,3829,FULFILLED,ARS,60750.0,12757.5,900.0,74407.5,20240316
1000007031,240,2,3.0,4171.0,3,FULFILLED,ARS,14850.0,3118.5,0.0,17968.5,20250205
1000007032,75,1,,3318.0,3636,FULFILLED,ARS,21600.0,4536.0,900.0,27036.0,20241026
1000007033,1008,1,,2441.0,1129,FULFILLED,ARS,10800.0,2268.0,1500.0,14568.0,20250524
1000007034,1066,1,,2242.0,2787,FULFILLED,ARS,9720.0,2041.2,1200.0,12961.2,20240220
1000007035,474,2,2.0,3287.0,2,FULFILLED,ARS,14250.0,2992.5,0.0,17242.5,20240923
1000007036,198,1,,2508.0,2354,FULFILLED,ARS,30000.0,6300.0,900.0,37200.0,20240223
1000007037,561,1,,3460.0,1432,FULFILLED,ARS,52110.0,10943.1,1200.0,64253.1,20250331
1000007038,1162,1,,3614.0,2226,FULFILLED,ARS,60675.0,12741.75,900.0,74316.75,20250722
1000007039,1015,1,,2669.0,3197,FULFILLED,ARS,60000.0,12600.0,900.0,73500.0,20250713
1000007040,823,2,3.0,,3,FULFILLED,ARS,28500.0,5985.0,0.0,34485.0,20240617
1000007041,1321,2,2.0,1051.0,2,PAID,ARS,40278.0,8458.38,0.0,48736.38,20250323
1000007042,1114,1,,2208.0,1279,FULFILLED,ARS,30780.0,6463.8,1200.0,38443.8,20240910
1000007043,419,1,,3775.0,3097,FULFILLED,ARS,21600.0,4536.0,1200.0,27336.0,20240628
1000007044,1377,2,1.0,,1,CANCELLED,ARS,42750.0,8977.5,0.0,51727.5,20240820
1000007045,919,1,,1758.0,3926,FULFILLED,ARS,45000.0,9450.0,0.0,54450.0,20240201
1000007046,399,1,,3828.0,2004,FULFILLED,ARS,12000.0,2520.0,1200.0,15720.0,20240705
1000007047,412,1,,2899.0,1753,REFUNDED,ARS,11970.0,2513.7,1200.0,15683.7,20250429
1000007048,326,1,,3055.0,2236,PAID,ARS,12000.0,2520.0,1200.0,15720.0,20240921
1000007049,876,2,2.0,2878.0,2,PAID,ARS,30000.0,6300.0,0.0,36300.0,20250308
1000007050,1233,2,2.0,3565.0,2,REFUNDED,ARS,24300.0,5103.0,0.0,29403.0,20241005
1000007051,346,1,,,3100,CANCELLED,ARS,45000.0,9450.0,1200.0,55650.0,20250625
1000007052,255,1,,1732.0,3504,PAID,ARS,34200.0,7182.0,0.0,41382.0,20241006
1000007053,1074,1,,2913.0,2622,FULFILLED,ARS,24696.0,5186.16,900.0,30782.16,20240101
1000007054,1259,1,,1549.0,1728,FULFILLED,ARS,23760.0,4989.6,1500.0,30249.6,20240126
1000007055,95,2,4.0,1678.0,4,FULFILLED,ARS,27000.0,5670.0,0.0,32670.0,20250313
1000007056,498,2,4.0,4052.0,4,FULFILLED,ARS,14962.5,3142.12,0.0,18104.62,20250829
1000007057,214,1,,2236.0,1282,FULFILLED,ARS,90705.0,19048.05,900.0,110653.05,20241004
1000007058,346,2,2.0,3933.0,2,PAID,ARS,22020.0,4624.2,0.0,26644.2,20240107
1000007059,1205,1,,2243.0,1202,CREATED,ARS,38115.0,8004.15,900.0,47019.15,20250507
1000007060,1398,1,,3117.0,2436,FULFILLED,ARS,30870.0,6482.7,1200.0,38552.7,20250813
1000007061,437,1,,,1018,FULFILLED,ARS,38808.0,8149.68,1500.0,48457.68,20250524
1000007062,1265,2,1.0,3804.0,1,FULFILLED,ARS,23940.0,5027.4,0.0,28967.4,20250909
1000007063,12,2,1.0,2985.0,1,PAID,ARS,28350.0,5953.5,0.0,34303.5,20240314
1000007064,500,1,,2097.0,1616,PAID,ARS,34830.0,7314.3,900.0,43044.3,20250629
1000007065,946,1,,3127.0,2969,FULFILLED,ARS,81420.0,17098.2,1500.0,100018.2,20241127
1000007066,1415,2,2.0,3484.0,2,FULFILLED,ARS,27000.0,5670.0,0.0,32670.0,20241009
1000007067,468,1,,1759.0,1412,FULFILLED,ARS,42750.0,8977.5,0.0,51727.5,20240519
1000007068,1236,1,,3064.0,1014,FULFILLED,ARS,34200.0,7182.0,900.0,42282.0,20250306
1000007069,583,1,,3562.0,1256,PAID,ARS,63600.0,13356.0,1500.0,78456.0,20240223
1000007070,113,1,,1034.0,1215,PAID,ARS,90000.0,18900.0,1200.0,110100.0,20240724
1000007071,266,1,,3689.0,1638,FULFILLED,ARS,27480.0,5770.8,900.0,34150.8,20250312
1000007072,1253,1,,,2376,REFUNDED,ARS,24840.0,5216.4,0.0,30056.4,20240620
1000007073,477,2,1.0,3595.0,1,FULFILLED,ARS,11970.0,2513.7,0.0,14483.7,20240503
1000007074,180,1,,1759.0,2697,PAID,ARS,39150.0,8221.5,900.0,48271.5,20240531
1000007075,1012,1,,,2695,FULFILLED,ARS,59250.0,12442.5,900.0,72592.5,20240920
1000007076,492,2,4.0,2384.0,4,CREATED,ARS,22800.0,4788.0,0.0,27588.0,20240725
1000007077,488,2,3.0,2757.0,3,FULFILLED,ARS,14175.0,2976.75,0.0,17151.75,20250823
1000007078,529,2,2.0,1423.0,2,FULFILLED,ARS,36000.0,7560.0,0.0,43560.0,20240208
1000007079,956,1,,,3278,FULFILLED,ARS,61020.0,12814.2,1200.0,75034.2,20240613
1000007080,1377,2,1.0,4084.0,1,FULFILLED,ARS,13200.0,2772.0,0.0,15972.0,20240312
1000007081,905,1,,3280.0,1161,FULFILLED,ARS,42750.0,8977.5,900.0,52627.5,20240609
1000007082,1468,2,2.0,2502.0,2,FULFILLED,ARS,91950.0,19309.5,0.0,111259.5,20240104
1000007083,646,2,2.0,4005.0,2,FULFILLED,ARS,24000.0,5040.0,0.0,29040.0,20250805
1000007084,634,1,,3320.0,3280,FULFILLED,ARS,60300.0,12663.0,900.0,73863.0,20250528
1000007085,1075,1,,1118.0,1761,FULFILLED,ARS,36000.0,7560.0,900.0,44460.0,20241126
1000007086,1026,1,,3430.0,3638,PAID,ARS,15000.0,3150.0,0.0,18150.0,20240924
1000007087,1226,1,,3730.0,1783,FULFILLED,ARS,32400.0,6804.0,1500.0,40704.0,20240326
1000007088,1224,1,,2109.0,1987,FULFILLED,ARS,33000.0,6930.0,1200.0,41130.0,20241207
1000007089,407,2,2.0,3891.0,2,FULFILLED,ARS,12000.0,2520.0,0.0,14520.0,20240721
1000007090,971,1,,1744.0,3355,FULFILLED,ARS,12348.0,2593.08,1200.0,16141.08,20250618
1000007091,398,1,,2712.0,4120,FULFILLED,ARS,14700.0,3087.0,1200.0,18987.0,20240822
1000007092,724,2,2.0,2233.0,2,FULFILLED,ARS,25650.0,5386.5,0.0,31036.5,20240822
1000007093,1204,1,,2688.0,1166,PAID,ARS,51870.0,10892.7,1200.0,63962.7,20240109
1000007094,49,1,,2662.0,3102,CANCELLED,ARS,13500.0,2835.0,0.0,16335.0,20250211
1000007095,818,1,,1024.0,3941,FULFILLED,ARS,45960.0,9651.6,900.0,56511.6,20250315
1000007096,1457,2,1.0,,1,FULFILLED,ARS,25200.0,5292.0,0.0,30492.0,20240827
1000007097,206,1,,1771.0,2664,FULFILLED,ARS,36000.0,7560.0,900.0,44460.0,20250417
1000007098,483,1,,1497.0,2498,CREATED,ARS,47250.0,9922.5,1500.0,58672.5,20240828
1000007099,31,1,,,1838,FULFILLED,ARS,10800.0,2268.0,0.0,13068.0,20250912
1000007100,110,1,,2518.0,4192,FULFILLED,ARS,45000.0,9450.0,0.0,54450.0,20250312
1000007101,447,1,,3990.0,3862,PAID,ARS,36000.0,7560.0,900.0,44460.0,20250519
1000007102,264,2,2.0,,2,FULFILLED,ARS,38475.0,8079.75,0.0,46554.75,20241202
1000007103,1187,2,4.0,1642.0,4,FULFILLED,ARS,11400.0,2394.0,0.0,13794.0,20240130
1000007104,134,1,,1840.0,1741,PAID,ARS,35280.0,7408.8,1200.0,43888.8,20240617
1000007105,1412,1,,1132.0,3671,FULFILLED,ARS,12540.0,2633.4,900.0,16073.4,20250929
1000007106,1209,1,,2269.0,2211,FULFILLED,ARS,16170.0,3395.7,1200.0,20765.7,20250828
1000007107,621,2,4.0,3088.0,4,FULFILLED,ARS,70080.0,14716.8,0.0,84796.8,20250330
1000007108,1348,1,,1580.0,4185,FULFILLED,ARS,47100.0,9891.0,1200.0,58191.0,20250605
1000007109,383,2,3.0,1080.0,3,CANCELLED,ARS,22680.0,4762.8,0.0,27442.8,20241218
1000007110,230,2,4.0,3698.0,4,FULFILLED,ARS,61710.0,12959.1,0.0,74669.1,20240204
1000007111,1420,1,,2219.0,1719,PAID,ARS,36000.0,7560.0,1200.0,44760.0,20240522
1000007112,1180,1,,1143.0,2562,FULFILLED,ARS,21600.0,4536.0,1500.0,27636.0,20250501
1000007113,1338,1,,2335.0,3997,FULFILLED,ARS,28500.0,5985.0,1200.0,35685.0,20250325
1000007114,168,2,2.0,,2,FULFILLED,ARS,45000.0,9450.0,0.0,54450.0,20250605
1000007115,1465,2,4.0,2375.0,4,FULFILLED,ARS,11400.0,2394.0,0.0,13794.0,20240831
1000007116,832,1,,4025.0,1600,PAID,ARS,24000.0,5040.0,1500.0,30540.0,20250803
1000007117,569,1,,,1661,FULFILLED,ARS,30780.0,6463.8,1200.0,38443.8,20250130
1000007118,845,2,4.0,3818.0,4,PAID,ARS,32400.0,6804.0,0.0,39204.0,20250422
1000007119,961,1,,3331.0,3376,FULFILLED,ARS,25650.0,5386.5,1200.0,32236.5,20241215
1000007120,1383,2,3.0,2594.0,3,PAID,ARS,23760.0,4989.6,0.0,28749.6,20250227
1000007121,1211,2,1.0,,1,FULFILLED,ARS,28500.0,5985.0,0.0,34485.0,20250626
1000007122,316,1,,2908.0,2671,FULFILLED,ARS,75450.0,15844.5,0.0,91294.5,20250818
1000007123,1067,1,,1608.0,1549,CANCELLED,ARS,44160.0,9273.6,900.0,54333.6,20250418
1000007124,916,2,3.0,,3,FULFILLED,ARS,47250.0,9922.5,0.0,57172.5,20240907
1000007125,1125,2,3.0,1604.0,3,FULFILLED,ARS,45000.0,9450.0,0.0,54450.0,20240303
1000007126,1120,2,4.0,,4,FULFILLED,ARS,65160.0,13683.6,0.0,78843.6,20250607
1000007127,1130,1,,3012.0,3303,FULFILLED,ARS,34200.0,7182.0,900.0,42282.0,20240311
1000007128,1426,1,,2352.0,2318,FULFILLED,ARS,32400.0,6804.0,900.0,40104.0,20250924
1000007129,101,2,1.0,2248.0,1,REFUNDED,ARS,45000.0,9450.0,0.0,54450.0,20240905
1000007130,1233,2,2.0,3990.0,2,FULFILLED,ARS,19440.0,4082.4,0.0,23522.4,20240311
1000007131,441,1,,2527.0,3142,FULFILLED,ARS,31500.0,6615.0,1200.0,39315.0,20240422
1000007132,1424,1,,2346.0,2283,CANCELLED,ARS,32340.0,6791.4,900.0,40031.4,20241212
1000007133,357,2,1.0,1572.0,1,FULFILLED,ARS,10800.0,2268.0,0.0,13068.0,20240605
1000007134,875,2,4.0,3961.0,4,FULFILLED,ARS,41760.0,8769.6,0.0,50529.6,20250112
1000007135,405,1,,2756.0,2752,REFUNDED,ARS,49455.0,10385.55,0.0,59840.55,20250801
1000007136,32,2,2.0,2947.0,2,FULFILLED,ARS,16170.0,3395.7,0.0,19565.7,20250328
1000007137,229,1,,,4092,FULFILLED,ARS,40500.0,8505.0,1200.0,50205.0,20250204
1000007138,140,1,,3917.0,3484,PAID,ARS,11340.0,2381.4,900.0,14621.4,20250412
1000007139,1271,1,,2035.0,1460,REFUNDED,ARS,21168.0,4445.28,900.0,26513.28,20241028
1000007140,297,2,1.0,1719.0,1,FULFILLED,ARS,67500.0,14175.0,0.0,81675.0,20250220
1000007141,171,1,,2343.0,2112,FULFILLED,ARS,28500.0,5985.0,1200.0,35685.0,20241221
1000007142,1022,1,,1356.0,1958,REFUNDED,ARS,25650.0,5386.5,1200.0,32236.5,20241025
1000007143,425,2,1.0,3412.0,1,FULFILLED,ARS,13500.0,2835.0,0.0,16335.0,20240830
1000007144,250,1,,2840.0,2966,FULFILLED,ARS,48450.0,10174.5,1500.0,60124.5,20240822
1000007145,1472,2,1.0,2403.0,1,FULFILLED,ARS,14700.0,3087.0,0.0,17787.0,20241229
1000007146,1294,2,1.0,2431.0,1,PAID,ARS,76650.0,16096.5,0.0,92746.5,20250730
1000007147,364,2,4.0,3314.0,4,FULFILLED,ARS,41175.0,8646.75,0.0,49821.75,20240507
1000007148,669,2,2.0,3076.0,2,PAID,ARS,21600.0,4536.0,0.0,26136.0,20250723
1000007149,439,2,3.0,1528.0,3,FULFILLED,ARS,42750.0,8977.5,0.0,51727.5,20250709
1000007150,887,2,1.0,4100.0,1,FULFILLED,ARS,28500.0,5985.0,0.0,34485.0,20241217
1000007151,1377,2,2.0,2983.0,2,PAID,ARS,125055.0,26261.55,0.0,151316.55,20250721
1000007152,390,1,,2029.0,1037,FULFILLED,ARS,32400.0,6804.0,1500.0,40704.0,20250905
1000007153,1374,2,4.0,1288.0,4,FULFILLED,ARS,36000.0,7560.0,0.0,43560.0,20250730
1000007154,751,1,,1560.0,2526,FULFILLED,ARS,44887.5,9426.38,1200.0,55513.88,20250906
1000007155,906,1,,3152.0,3835,FULFILLED,ARS,22800.0,4788.0,0.0,27588.0,20240914
1000007156,1041,2,4.0,4138.0,4,FULFILLED,ARS,78300.0,16443.0,0.0,94743.0,20250927
1000007157,94,2,4.0,,4,FULFILLED,ARS,79200.0,16632.0,0.0,95832.0,20240928
1000007158,1224,2,2.0,3811.0,2,FULFILLED,ARS,45000.0,9450.0,0.0,54450.0,20250823
1000007159,1026,1,,1393.0,3175,PAID,ARS,42750.0,8977.5,900.0,52627.5,20240929
1000007160,223,2,4.0,,4,FULFILLED,ARS,16170.0,3395.7,0.0,19565.7,20241023
1000007161,1030,1,,,2427,FULFILLED,ARS,11400.0,2394.0,1200.0,14994.0,20240622
1000007162,1458,2,2.0,2023.0,2,PAID,ARS,10800.0,2268.0,0.0,13068.0,20250520
1000007163,1180,2,2.0,1881.0,2,FULFILLED,ARS,45927.0,9644.67,0.0,55571.67,20240118
1000007164,1498,1,,3315.0,1798,FULFILLED,ARS,24300.0,5103.0,900.0,30303.0,20241024
1000007165,771,1,,,3385,REFUNDED,ARS,15675.0,3291.75,900.0,19866.75,20240925
1000007166,414,1,,3433.0,1205,FULFILLED,ARS,27000.0,5670.0,900.0,33570.0,20240614
1000007167,705,2,2.0,2905.0,2,FULFILLED,ARS,64140.0,13469.4,0.0,77609.4,20250210
1000007168,1282,1,,1925.0,3892,FULFILLED,ARS,37800.0,7938.0,0.0,45738.0,20250109
1000007169,713,1,,3758.0,3483,PAID,ARS,11400.0,2394.0,1200.0,14994.0,20250911
1000007170,737,1,,3171.0,3467,FULFILLED,ARS,51000.0,10710.0,900.0,62610.0,20250402
1000007171,1337,2,3.0,2755.0,3,FULFILLED,ARS,22800.0,4788.0,0.0,27588.0,20250126
1000007172,1060,1,,1247.0,3856,FULFILLED,ARS,47250.0,9922.5,900.0,58072.5,20250712
1000007173,1100,2,1.0,2021.0,1,FULFILLED,ARS,29160.0,6123.6,0.0,35283.6,20250114
1000007174,719,1,,2541.0,3119,FULFILLED,ARS,35910.0,7541.1,1200.0,44651.1,20250101
1000007175,1450,1,,2376.0,2833,FULFILLED,ARS,60000.0,12600.0,900.0,73500.0,20250103
1000007176,176,1,,3731.0,3811,FULFILLED,ARS,23520.0,4939.2,0.0,28459.2,20240904
1000007177,756,1,,2487.0,1719,PAID,ARS,9720.0,2041.2,1200.0,12961.2,20250408
1000007178,1246,2,1.0,1553.0,1,FULFILLED,ARS,41362.5,8686.12,0.0,50048.62,20241013
1000007179,383,1,,3431.0,1750,REFUNDED,ARS,115650.0,24286.5,900.0,140836.5,20250227
1000007180,1463,2,2.0,3232.0,2,REFUNDED,ARS,40500.0,8505.0,0.0,49005.0,20250202
1000007181,1177,1,,3442.0,3998,FULFILLED,ARS,46740.0,9815.4,900.0,57455.4,20240229
1000007182,321,2,1.0,1804.0,1,FULFILLED,ARS,10260.0,2154.6,0.0,12414.6,20250516
1000007183,130,2,1.0,3316.0,1,FULFILLED,ARS,64680.0,13582.8,0.0,78262.8,20240718
1000007184,1083,2,3.0,1687.0,3,FULFILLED,ARS,10800.0,2268.0,0.0,13068.0,20240222
1000007185,1161,1,,1253.0,4164,FULFILLED,ARS,23160.0,4863.6,1200.0,29223.6,20250122
1000007186,785,2,2.0,1946.0,2,CANCELLED,ARS,41760.0,8769.6,0.0,50529.6,20240403
1000007187,487,1,,3557.0,2685,PAID,ARS,24000.0,5040.0,1200.0,30240.0,20240101
1000007188,306,1,,2817.0,3683,FULFILLED,ARS,30000.0,6300.0,1500.0,37800.0,20241224
1000007189,1062,2,4.0,,4,FULFILLED,ARS,24000.0,5040.0,0.0,29040.0,20240705
1000007190,1356,2,1.0,,1,PAID,ARS,32400.0,6804.0,0.0,39204.0,20240523
1000007191,709,1,,,1614,PAID,ARS,49500.0,10395.0,900.0,60795.0,20241122
1000007192,524,1,,2778.0,3739,FULFILLED,ARS,39600.0,8316.0,1500.0,49416.0,20250423
1000007193,1063,2,1.0,2509.0,1,FULFILLED,ARS,52200.0,10962.0,0.0,63162.0,20241119
1000007194,1149,1,,1442.0,3120,FULFILLED,ARS,10584.0,2222.64,900.0,13706.64,20240203
1000007195,552,2,4.0,1099.0,4,FULFILLED,ARS,21600.0,4536.0,0.0,26136.0,20240627
1000007196,1011,2,3.0,,3,FULFILLED,ARS,15000.0,3150.0,0.0,18150.0,20240903
1000007197,896,1,,3058.0,3068,FULFILLED,ARS,67800.0,14238.0,1200.0,83238.0,20250612
1000007198,762,1,,4069.0,3403,FULFILLED,ARS,58248.0,12232.08,900.0,71380.08,20241012
1000007199,812,2,3.0,3067.0,3,FULFILLED,ARS,60435.0,12691.35,0.0,73126.35,20250111
1000007200,785,1,,1288.0,4047,FULFILLED,ARS,47250.0,9922.5,900.0,58072.5,20240417
1000007201,1088,2,4.0,1602.0,4,PAID,ARS,13500.0,2835.0,0.0,16335.0,20250123
1000007202,137,2,2.0,3788.0,2,FULFILLED,ARS,32340.0,6791.4,0.0,39131.4,20250125
1000007203,1341,1,,2521.0,2779,FULFILLED,ARS,32400.0,6804.0,900.0,40104.0,20241029
1000007204,790,1,,3134.0,3280,FULFILLED,ARS,52050.0,10930.5,900.0,63880.5,20241115
1000007205,194,1,,2132.0,3983,FULFILLED,ARS,10260.0,2154.6,1200.0,13614.6,20250311
1000007206,1373,1,,4029.0,3079,FULFILLED,ARS,12600.0,2646.0,1200.0,16446.0,20250313
1000007207,754,2,4.0,,4,FULFILLED,ARS,11400.0,2394.0,0.0,13794.0,20250819
1000007208,841,1,,1578.0,2224,FULFILLED,ARS,21168.0,4445.28,900.0,26513.28,20250606
1000007209,1292,1,,4130.0,3647,CANCELLED,ARS,26010.0,5462.1,1200.0,32672.1,20250123
1000007210,1300,1,,,3760,FULFILLED,ARS,21168.0,4445.28,0.0,25613.28,20250428
1000007211,1059,2,4.0,,4,FULFILLED,ARS,35280.0,7408.8,0.0,42688.8,20250604
1000007212,1420,2,2.0,2894.0,2,FULFILLED,ARS,60322.5,12667.72,0.0,72990.22,20250819
1000007213,1099,1,,,4136,FULFILLED,ARS,10800.0,2268.0,900.0,13968.0,20250605
1000007214,219,1,,,2447,PAID,ARS,20520.0,4309.2,900.0,25729.2,20250528
1000007215,516,2,4.0,3232.0,4,CANCELLED,ARS,15000.0,3150.0,0.0,18150.0,20241213
1000007216,355,2,2.0,3022.0,2,PAID,ARS,21600.0,4536.0,0.0,26136.0,20241223
1000007217,1448,1,,1002.0,1973,FULFILLED,ARS,76734.0,16114.14,1500.0,94348.14,20241122
1000007218,821,2,1.0,,1,FULFILLED,ARS,29700.0,6237.0,0.0,35937.0,20240806
1000007219,1494,1,,2855.0,3317,PAID,ARS,32400.0,6804.0,900.0,40104.0,20250713
1000007220,1265,1,,2615.0,2466,FULFILLED,ARS,35280.0,7408.8,0.0,42688.8,20240705
1000007221,901,1,,1231.0,1085,FULFILLED,ARS,51900.0,10899.0,1200.0,63999.0,20250730
1000007222,1268,1,,4023.0,1795,FULFILLED,ARS,44700.0,9387.0,0.0,54087.0,20250113
1000007223,692,2,4.0,,4,FULFILLED,ARS,32400.0,6804.0,0.0,39204.0,20250615
1000007224,1497,1,,2636.0,1585,PAID,ARS,15435.0,3241.35,1500.0,20176.35,20250519
1000007225,1104,1,,3378.0,4135,FULFILLED,ARS,10800.0,2268.0,1500.0,14568.0,20250303
1000007226,862,1,,1433.0,1014,FULFILLED,ARS,32340.0,6791.4,900.0,40031.4,20240708
1000007227,535,2,3.0,2524.0,3,FULFILLED,ARS,36000.0,7560.0,0.0,43560.0,20250820
1000007228,281,1,,4081.0,1120,FULFILLED,ARS,32400.0,6804.0,0.0,39204.0,20240127
1000007229,629,1,,2793.0,2157,FULFILLED,ARS,15435.0,3241.35,1500.0,20176.35,20250601
1000007230,1161,1,,1737.0,3943,CANCELLED,ARS,57240.0,12020.4,900.0,70160.4,20250920
1000007231,826,2,4.0,1855.0,4,FULFILLED,ARS,48450.0,10174.5,0.0,58624.5,20250302
1000007232,890,2,3.0,3445.0,3,FULFILLED,ARS,34740.0,7295.4,0.0,42035.4,20241208
1000007233,333,1,,2301.0,1832,PAID,ARS,54000.0,11340.0,1200.0,66540.0,20240526
1000007234,894,1,,1049.0,3168,FULFILLED,ARS,29250.0,6142.5,1200.0,36592.5,20240825
1000007235,994,2,3.0,1100.0,3,FULFILLED,ARS,28500.0,5985.0,0.0,34485.0,20250730
1000007236,936,1,,3090.0,2411,FULFILLED,ARS,64950.0,13639.5,1500.0,80089.5,20240719
1000007237,902,2,4.0,4092.0,4,CREATED,ARS,49200.0,10332.0,0.0,59532.0,20240824
1000007238,1139,1,,3591.0,1248,FULFILLED,ARS,25935.0,5446.35,0.0,31381.35,20250911
1000007239,968,2,1.0,3593.0,1,FULFILLED,ARS,44748.0,9397.08,0.0,54145.08,20240217
1000007240,410,1,,2849.0,3361,CANCELLED,ARS,24840.0,5216.4,0.0,30056.4,20240322
1000007241,875,1,,2394.0,1190,CANCELLED,ARS,36000.0,7560.0,900.0,44460.0,20240425
1000007242,387,2,3.0,3320.0,3,FULFILLED,ARS,33600.0,7056.0,0.0,40656.0,20250528
1000007243,880,1,,4157.0,3814,FULFILLED,ARS,13500.0,2835.0,1200.0,17535.0,20250830
1000007244,954,1,,3798.0,2069,FULFILLED,ARS,108810.0,22850.1,900.0,132560.1,20250326
1000007245,933,1,,3152.0,1004,FULFILLED,ARS,44400.0,9324.0,900.0,54624.0,20240211
1000007246,1154,1,,1697.0,1376,FULFILLED,ARS,32400.0,6804.0,900.0,40104.0,20241111
1000007247,527,2,1.0,1363.0,1,FULFILLED,ARS,21600.0,4536.0,0.0,26136.0,20250515
1000007248,1353,1,,1135.0,3923,PAID,ARS,12150.0,2551.5,1200.0,15901.5,20240703
1000007249,667,2,3.0,3201.0,3,FULFILLED,ARS,45000.0,9450.0,0.0,54450.0,20250215
1000007250,506,1,,,2875,FULFILLED,ARS,25872.0,5433.12,0.0,31305.12,20241202
1000007251,517,2,2.0,3702.0,2,FULFILLED,ARS,34020.0,7144.2,0.0,41164.2,20250119
1000007252,609,1,,1315.0,1990,PAID,ARS,31350.0,6583.5,900.0,38833.5,20241113
1000007253,1139,1,,,3101,FULFILLED,ARS,40500.0,8505.0,1200.0,50205.0,20250923
1000007254,440,1,,2400.0,1757,FULFILLED,ARS,29400.0,6174.0,900.0,36474.0,20240608
1000007255,32,2,3.0,4083.0,3,FULFILLED,ARS,11340.0,2381.4,0.0,13721.4,20241029
1000007256,452,1,,1770.0,2940,PAID,ARS,45000.0,9450.0,1200.0,55650.0,20241216
1000007257,903,1,,2954.0,3385,FULFILLED,ARS,42750.0,8977.5,1500.0,53227.5,20250628
1000007258,850,2,1.0,1331.0,1,FULFILLED,ARS,30780.0,6463.8,0.0,37243.8,20250224
1000007259,1186,1,,,3464,FULFILLED,ARS,67200.0,14112.0,900.0,82212.0,20241016
1000007260,905,1,,,2085,FULFILLED,ARS,37044.0,7779.24,900.0,45723.24,20250523
1000007261,1317,1,,1840.0,1582,FULFILLED,ARS,24696.0,5186.16,1500.0,31382.16,20240729
1000007262,1224,1,,1806.0,1173,FULFILLED,ARS,11400.0,2394.0,900.0,14694.0,20241013
1000007263,515,1,,2053.0,3185,FULFILLED,ARS,34200.0,7182.0,0.0,41382.0,20240521
1000007264,81,2,1.0,2464.0,1,PAID,ARS,28035.0,5887.35,0.0,33922.35,20240325
1000007265,838,1,,1970.0,3819,FULFILLED,ARS,48600.0,10206.0,900.0,59706.0,20250101
1000007266,1047,1,,4113.0,3174,FULFILLED,ARS,34200.0,7182.0,900.0,42282.0,20250208
1000007267,949,2,3.0,,3,PAID,ARS,15750.0,3307.5,0.0,19057.5,20250616
1000007268,127,2,1.0,,1,FULFILLED,ARS,45780.0,9613.8,0.0,55393.8,20241206
1000007269,1192,2,3.0,2503.0,3,FULFILLED,ARS,65280.0,13708.8,0.0,78988.8,20250902
1000007270,1389,1,,1953.0,2172,PAID,ARS,33000.0,6930.0,1200.0,41130.0,20241105
1000007271,1226,1,,3560.0,2423,FULFILLED,ARS,58200.0,12222.0,1500.0,71922.0,20250424
1000007272,895,2,1.0,1826.0,1,REFUNDED,ARS,72600.0,15246.0,0.0,87846.0,20250514
1000007273,390,1,,,3789,FULFILLED,ARS,31350.0,6583.5,900.0,38833.5,20240321
1000007274,1130,2,4.0,,4,PAID,ARS,10800.0,2268.0,0.0,13068.0,20250907
1000007275,915,1,,1131.0,2598,FULFILLED,ARS,24696.0,5186.16,900.0,30782.16,20240124
1000007276,354,2,4.0,1917.0,4,PAID,ARS,40500.0,8505.0,0.0,49005.0,20250723
1000007277,552,1,,2350.0,1102,CANCELLED,ARS,44100.0,9261.0,1200.0,54561.0,20240414
1000007278,944,1,,2140.0,2292,FULFILLED,ARS,24696.0,5186.16,900.0,30782.16,20250604
1000007279,746,1,,1928.0,3777,FULFILLED,ARS,30870.0,6482.7,1500.0,38852.7,20250406
1000007280,988,1,,1635.0,2959,FULFILLED,ARS,44100.0,9261.0,900.0,54261.0,20250328
1000007281,1184,2,3.0,1998.0,3,PAID,ARS,21600.0,4536.0,0.0,26136.0,20250126
1000007282,1019,1,,1983.0,2860,FULFILLED,ARS,31500.0,6615.0,900.0,39015.0,20240706
1000007283,433,1,,3070.0,2671,FULFILLED,ARS,25650.0,5386.5,1200.0,32236.5,20240125
1000007284,678,2,1.0,1616.0,1,PAID,ARS,36450.0,7654.5,0.0,44104.5,20240705
1000007285,873,1,,2115.0,2520,FULFILLED,ARS,67800.0,14238.0,900.0,82938.0,20240922
1000007286,1463,2,4.0,1414.0,4,CANCELLED,ARS,25200.0,5292.0,0.0,30492.0,20250216
1000007287,658,1,,3937.0,1358,FULFILLED,ARS,14700.0,3087.0,1200.0,18987.0,20250716
1000007288,181,2,1.0,3677.0,1,PAID,ARS,24300.0,5103.0,0.0,29403.0,20250124
1000007289,1268,1,,1296.0,2143,FULFILLED,ARS,14700.0,3087.0,1200.0,18987.0,20240729
1000007290,435,1,,1107.0,1593,FULFILLED,ARS,44100.0,9261.0,900.0,54261.0,20250527
1000007291,543,1,,3359.0,1089,FULFILLED,ARS,22800.0,4788.0,1200.0,28788.0,20241110
1000007292,848,1,,1720.0,2605,FULFILLED,ARS,28350.0,5953.5,0.0,34303.5,20241103
1000007293,61,2,4.0,2386.0,4,FULFILLED,ARS,60105.0,12622.05,0.0,72727.05,20250206
1000007294,273,1,,1020.0,3895,FULFILLED,ARS,23520.0,4939.2,900.0,29359.2,20250711
1000007295,597,1,,4129.0,1727,FULFILLED,ARS,14700.0,3087.0,0.0,17787.0,20250520
1000007296,1395,2,4.0,1475.0,4,FULFILLED,ARS,78390.0,16461.9,0.0,94851.9,20241101
1000007297,1371,1,,3161.0,3275,FULFILLED,ARS,10800.0,2268.0,0.0,13068.0,20240528
1000007298,1455,1,,3793.0,1003,FULFILLED,ARS,37248.0,7822.08,1200.0,46270.08,20240927
1000007299,1141,1,,2897.0,1208,FULFILLED,ARS,11760.0,2469.6,900.0,15129.6,20250316
1000007300,512,1,,3054.0,2965,FULFILLED,ARS,38760.0,8139.6,900.0,47799.6,20240510
1000007301,350,2,2.0,4107.0,2,CANCELLED,ARS,56820.0,11932.2,0.0,68752.2,20250424
1000007302,812,2,3.0,3229.0,3,FULFILLED,ARS,45000.0,9450.0,0.0,54450.0,20250411
1000007303,923,1,,2127.0,1081,FULFILLED,ARS,14700.0,3087.0,1500.0,19287.0,20250619
1000007304,547,1,,2749.0,1065,FULFILLED,ARS,53550.0,11245.5,0.0,64795.5,20240620
1000007305,1468,2,3.0,1176.0,3,FULFILLED,ARS,32400.0,6804.0,0.0,39204.0,20250308
1000007306,1107,1,,,1743,FULFILLED,ARS,40500.0,8505.0,900.0,49905.0,20241216
1000007307,486,2,3.0,2236.0,3,FULFILLED,ARS,110052.0,23110.92,0.0,133162.92,20241112
1000007308,393,1,,1755.0,2709,PAID,ARS,31752.0,6667.92,1200.0,39619.92,20240412
1000007309,1076,2,1.0,1307.0,1,FULFILLED,ARS,14250.0,2992.5,0.0,17242.5,20241222
1000007310,474,2,1.0,,1,FULFILLED,ARS,28350.0,5953.5,0.0,34303.5,20241004
1000007311,1312,1,,2940.0,3325,REFUNDED,ARS,23520.0,4939.2,0.0,28459.2,20250407
1000007312,1305,1,,1463.0,3325,FULFILLED,ARS,36000.0,7560.0,0.0,43560.0,20240514
1000007313,1307,1,,3228.0,2207,CANCELLED,ARS,35910.0,7541.1,1200.0,44651.1,20241106
1000007314,1103,1,,2947.0,4024,PAID,ARS,30870.0,6482.7,0.0,37352.7,20250227
1000007315,240,1,,2762.0,1421,FULFILLED,ARS,15675.0,3291.75,1200.0,20166.75,20240610
1000007316,160,1,,4085.0,1722,FULFILLED,ARS,36000.0,7560.0,1500.0,45060.0,20250905
1000007317,548,1,,4197.0,1583,FULFILLED,ARS,21600.0,4536.0,900.0,27036.0,20240220
1000007318,1302,1,,2491.0,1852,FULFILLED,ARS,22680.0,4762.8,0.0,27442.8,20240714
1000007319,1110,1,,2769.0,1926,FULFILLED,ARS,56400.0,11844.0,0.0,68244.0,20240501
1000007320,164,1,,1364.0,1616,CANCELLED,ARS,13500.0,2835.0,1500.0,17835.0,20250622
1000007321,208,1,,3701.0,2903,FULFILLED,ARS,58200.0,12222.0,900.0,71322.0,20250618
1000007322,291,1,,2348.0,2618,PAID,ARS,14850.0,3118.5,900.0,18868.5,20250602
1000007323,531,1,,4082.0,3209,FULFILLED,ARS,34200.0,7182.0,900.0,42282.0,20250213
1000007324,615,1,,4101.0,1637,FULFILLED,ARS,35280.0,7408.8,1500.0,44188.8,20241112
1000007325,80,2,1.0,1866.0,1,FULFILLED,ARS,32400.0,6804.0,0.0,39204.0,20240927
1000007326,1420,1,,1862.0,1376,PAID,ARS,45000.0,9450.0,1200.0,55650.0,20240413
1000007327,1219,2,2.0,1473.0,2,FULFILLED,ARS,10800.0,2268.0,0.0,13068.0,20241115
1000007328,774,2,2.0,1404.0,2,FULFILLED,ARS,64152.0,13471.92,0.0,77623.92,20241210
1000007329,1199,2,4.0,1573.0,4,FULFILLED,ARS,44100.0,9261.0,0.0,53361.0,20250523
1000007330,1435,1,,3826.0,4140,PAID,ARS,44100.0,9261.0,1500.0,54861.0,20250417
1000007331,772,2,1.0,2287.0,1,FULFILLED,ARS,29700.0,6237.0,0.0,35937.0,20240715
1000007332,474,1,,2441.0,1832,FULFILLED,ARS,32400.0,6804.0,900.0,40104.0,20250917
1000007333,882,1,,,3222,FULFILLED,ARS,64350.0,13513.5,1500.0,79363.5,20241022
1000007334,414,2,3.0,2896.0,3,FULFILLED,ARS,32400.0,6804.0,0.0,39204.0,20240815
1000007335,376,1,,1446.0,2698,FULFILLED,ARS,92796.0,19487.16,900.0,113183.16,20250707
1000007336,1301,2,3.0,2815.0,3,FULFILLED,ARS,46800.0,9828.0,0.0,56628.0,20250205
1000007337,275,1,,4189.0,1082,FULFILLED,ARS,43200.0,9072.0,0.0,52272.0,20240223
1000007338,1162,1,,3544.0,1391,CANCELLED,ARS,34200.0,7182.0,900.0,42282.0,20250907
1000007339,343,1,,2222.0,2071,CANCELLED,ARS,22800.0,4788.0,900.0,28488.0,20250302
1000007340,983,2,2.0,,2,FULFILLED,ARS,15675.0,3291.75,0.0,18966.75,20241001
1000007341,448,1,,3452.0,1619,FULFILLED,ARS,14250.0,2992.5,1200.0,18442.5,20250212
1000007342,861,1,,1861.0,2848,FULFILLED,ARS,10260.0,2154.6,1200.0,13614.6,20240801
1000007343,1189,2,3.0,3844.0,3,FULFILLED,ARS,115020.0,24154.2,0.0,139174.2,20240708
1000007344,598,2,1.0,3198.0,1,FULFILLED,ARS,30000.0,6300.0,0.0,36300.0,20250325
1000007345,560,2,2.0,,2,FULFILLED,ARS,26460.0,5556.6,0.0,32016.6,20250730
1000007346,377,2,1.0,1257.0,1,REFUNDED,ARS,35640.0,7484.4,0.0,43124.4,20240623
1000007347,118,2,2.0,3487.0,2,FULFILLED,ARS,36450.0,7654.5,0.0,44104.5,20250224
1000007348,840,1,,,3322,FULFILLED,ARS,29160.0,6123.6,1500.0,36783.6,20241010
1000007349,55,1,,2985.0,3622,FULFILLED,ARS,25872.0,5433.12,1500.0,32805.12,20250627
1000007350,1387,1,,,2498,FULFILLED,ARS,11400.0,2394.0,1500.0,15294.0,20240315
1000007351,1044,1,,1564.0,1367,FULFILLED,ARS,69900.0,14679.0,900.0,85479.0,20240604
1000007352,1068,1,,2870.0,3003,FULFILLED,ARS,86700.0,18207.0,1200.0,106107.0,20240519
1000007353,1324,1,,1031.0,3280,CANCELLED,ARS,22800.0,4788.0,1200.0,28788.0,20240730
1000007354,907,1,,3980.0,2949,PAID,ARS,36696.0,7706.16,900.0,45302.16,20240427
1000007355,1281,1,,3871.0,3544,CANCELLED,ARS,55350.0,11623.5,1500.0,68473.5,20240713
1000007356,555,2,4.0,1010.0,4,PAID,ARS,13500.0,2835.0,0.0,16335.0,20250605
1000007357,778,1,,3446.0,4128,FULFILLED,ARS,14250.0,2992.5,1200.0,18442.5,20240523
1000007358,1001,1,,3841.0,3781,FULFILLED,ARS,21600.0,4536.0,1200.0,27336.0,20250705
1000007359,1188,1,,2465.0,2853,FULFILLED,ARS,25080.0,5266.8,900.0,31246.8,20250614
1000007360,45,1,,2538.0,4056,FULFILLED,ARS,30000.0,6300.0,1500.0,37800.0,20240606
1000007361,1309,2,3.0,1983.0,3,FULFILLED,ARS,40500.0,8505.0,0.0,49005.0,20241002
1000007362,771,2,4.0,2205.0,4,FULFILLED,ARS,14700.0,3087.0,0.0,17787.0,20250628
1000007363,510,2,3.0,3363.0,3,FULFILLED,ARS,46200.0,9702.0,0.0,55902.0,20250112
1000007364,1450,1,,2906.0,3872,FULFILLED,ARS,30000.0,6300.0,900.0,37200.0,20240314
1000007365,466,2,1.0,3464.0,1,REFUNDED,ARS,64680.0,13582.8,0.0,78262.8,20250827
1000007366,722,1,,4183.0,2535,PAID,ARS,11760.0,2469.6,1200.0,15429.6,20250406
1000007367,680,1,,2694.0,3423,FULFILLED,ARS,34200.0,7182.0,1500.0,42882.0,20250510
1000007368,451,2,2.0,3731.0,2,CREATED,ARS,30870.0,6482.7,0.0,37352.7,20250402
1000007369,1001,1,,1354.0,1985,FULFILLED,ARS,76800.0,16128.0,1200.0,94128.0,20240109
1000007370,1127,1,,1311.0,1626,PAID,ARS,51000.0,10710.0,900.0,62610.0,20240518
1000007371,1188,2,1.0,3838.0,1,CANCELLED,ARS,11400.0,2394.0,0.0,13794.0,20250928
1000007372,481,2,3.0,2357.0,3,CANCELLED,ARS,45000.0,9450.0,0.0,54450.0,20240923
1000007373,246,1,,2301.0,2603,CANCELLED,ARS,58560.0,12297.6,0.0,70857.6,20250105
1000007374,56,2,2.0,1948.0,2,FULFILLED,ARS,30000.0,6300.0,0.0,36300.0,20241007
1000007375,547,1,,,2408,FULFILLED,ARS,49980.0,10495.8,1500.0,61975.8,20241008
1000007376,1304,2,2.0,1819.0,2,PAID,ARS,99300.0,20853.0,0.0,120153.0,20250902
1000007377,1214,2,2.0,1256.0,2,FULFILLED,ARS,62280.0,13078.8,0.0,75358.8,20240930
1000007378,903,1,,3546.0,1338,FULFILLED,ARS,32400.0,6804.0,1200.0,40404.0,20241001
1000007379,1173,1,,1564.0,4128,FULFILLED,ARS,76950.0,16159.5,900.0,94009.5,20240726
1000007380,181,1,,3085.0,4183,FULFILLED,ARS,54000.0,11340.0,900.0,66240.0,20250213
1000007381,65,2,2.0,1489.0,2,PAID,ARS,79425.0,16679.25,0.0,96104.25,20250718
1000007382,1344,2,3.0,3659.0,3,PAID,ARS,35640.0,7484.4,0.0,43124.4,20240908
1000007383,1436,2,4.0,3096.0,4,FULFILLED,ARS,60600.0,12726.0,0.0,73326.0,20240222
1000007384,567,1,,4154.0,3616,REFUNDED,ARS,12600.0,2646.0,1200.0,16446.0,20250107
1000007385,100,1,,3645.0,3444,FULFILLED,ARS,14700.0,3087.0,900.0,18687.0,20241214
1000007386,1293,1,,2224.0,2078,FULFILLED,ARS,38475.0,8079.75,900.0,47454.75,20240726
1000007387,380,1,,3350.0,3183,FULFILLED,ARS,24000.0,5040.0,0.0,29040.0,20240821
1000007388,351,2,1.0,1044.0,1,FULFILLED,ARS,28500.0,5985.0,0.0,34485.0,20240229
1000007389,1029,2,1.0,2174.0,1,FULFILLED,ARS,12000.0,2520.0,0.0,14520.0,20240902
1000007390,544,2,3.0,1069.0,3,FULFILLED,ARS,73050.0,15340.5,0.0,88390.5,20240726
1000007391,916,2,4.0,2068.0,4,FULFILLED,ARS,35280.0,7408.8,0.0,42688.8,20250426
1000007392,291,2,3.0,2804.0,3,REFUNDED,ARS,14962.5,3142.12,0.0,18104.62,20241007
1000007393,253,2,3.0,,3,FULFILLED,ARS,40500.0,8505.0,0.0,49005.0,20240111
1000007394,922,1,,2714.0,2675,CANCELLED,ARS,11970.0,2513.7,900.0,15383.7,20250716
1000007395,347,1,,1669.0,3541,FULFILLED,ARS,32400.0,6804.0,900.0,40104.0,20240615
1000007396,882,2,4.0,3535.0,4,FULFILLED,ARS,24000.0,5040.0,0.0,29040.0,20250903
1000007397,477,2,1.0,2147.0,1,FULFILLED,ARS,22800.0,4788.0,0.0,27588.0,20241217
1000007398,1061,2,3.0,2536.0,3,CANCELLED,ARS,24000.0,5040.0,0.0,29040.0,20250704
1000007399,292,1,,1037.0,1828,FULFILLED,ARS,56250.0,11812.5,1200.0,69262.5,20250517
1000007400,1450,1,,1358.0,1899,PAID,ARS,54300.0,11403.0,900.0,66603.0,20240109
1000007401,1342,2,2.0,1186.0,2,FULFILLED,ARS,34200.0,7182.0,0.0,41382.0,20240514
1000007402,930,1,,,1427,FULFILLED,ARS,31350.0,6583.5,0.0,37933.5,20241229
1000007403,918,1,,2245.0,3717,FULFILLED,ARS,36000.0,7560.0,1200.0,44760.0,20241225
1000007404,1233,2,3.0,2109.0,3,FULFILLED,ARS,37044.0,7779.24,0.0,44823.24,20241126
1000007405,856,2,4.0,1568.0,4,FULFILLED,ARS,74887.5,15726.38,0.0,90613.88,20250311
1000007406,111,1,,3861.0,1090,PAID,ARS,32340.0,6791.4,1500.0,40631.4,20241012
1000007407,10,2,3.0,,3,FULFILLED,ARS,59340.0,12461.4,0.0,71801.4,20240325
1000007408,1016,1,,2419.0,2211,FULFILLED,ARS,21600.0,4536.0,1200.0,27336.0,20240407
1000007409,874,1,,1269.0,1995,FULFILLED,ARS,30000.0,6300.0,900.0,37200.0,20250917
1000007410,789,1,,1535.0,2508,FULFILLED,ARS,36000.0,7560.0,1500.0,45060.0,20240707
1000007411,119,2,2.0,,2,PAID,ARS,10260.0,2154.6,0.0,12414.6,20241115
1000007412,413,2,2.0,,2,CANCELLED,ARS,29400.0,6174.0,0.0,35574.0,20250620
1000007413,616,1,,2365.0,1652,FULFILLED,ARS,12936.0,2716.56,900.0,16552.56,20240424
1000007414,1239,1,,1008.0,1966,FULFILLED,ARS,34020.0,7144.2,900.0,42064.2,20250805
1000007415,1053,2,3.0,3043.0,3,FULFILLED,ARS,98010.0,20582.1,0.0,118592.1,20250129
1000007416,255,1,,3815.0,3832,FULFILLED,ARS,35280.0,7408.8,900.0,43588.8,20240331
1000007417,1123,2,2.0,1893.0,2,FULFILLED,ARS,10260.0,2154.6,0.0,12414.6,20240518
1000007418,1427,1,,4166.0,3920,PAID,ARS,72510.0,15227.1,900.0,88637.1,20250810
1000007419,205,2,1.0,2981.0,1,REFUNDED,ARS,21600.0,4536.0,0.0,26136.0,20240506
1000007420,878,2,4.0,4198.0,4,FULFILLED,ARS,40500.0,8505.0,0.0,49005.0,20250331
1000007421,1416,1,,1929.0,2829,FULFILLED,ARS,35280.0,7408.8,1500.0,44188.8,20250805
1000007422,440,1,,3277.0,4002,PAID,ARS,22800.0,4788.0,900.0,28488.0,20250823
1000007423,1366,2,3.0,1756.0,3,FULFILLED,ARS,25080.0,5266.8,0.0,30346.8,20250221
1000007424,487,1,,3675.0,1641,REFUNDED,ARS,78120.0,16405.2,900.0,95425.2,20241104
1000007425,131,1,,1543.0,3867,PAID,ARS,42750.0,8977.5,1200.0,52927.5,20250609
1000007426,121,2,4.0,1573.0,4,FULFILLED,ARS,10260.0,2154.6,0.0,12414.6,20240505
1000007427,33,1,,2610.0,1169,FULFILLED,ARS,11400.0,2394.0,900.0,14694.0,20241220
1000007428,1445,2,1.0,3391.0,1,FULFILLED,ARS,34020.0,7144.2,0.0,41164.2,20250618
1000007429,1031,1,,4066.0,1495,FULFILLED,ARS,23520.0,4939.2,0.0,28459.2,20240901
1000007430,154,2,2.0,1622.0,2,FULFILLED,ARS,14850.0,3118.5,0.0,17968.5,20241126
1000007431,515,1,,,3930,FULFILLED,ARS,29400.0,6174.0,1500.0,37074.0,20240219
1000007432,1333,2,4.0,2308.0,4,FULFILLED,ARS,10584.0,2222.64,0.0,12806.64,20240302
1000007433,1408,2,1.0,3134.0,1,FULFILLED,ARS,12600.0,2646.0,0.0,15246.0,20250227
1000007434,787,1,,3832.0,3370,PAID,ARS,10800.0,2268.0,900.0,13968.0,20250922
1000007435,679,2,2.0,1497.0,2,FULFILLED,ARS,10800.0,2268.0,0.0,13068.0,20240425
1000007436,513,2,2.0,1504.0,2,FULFILLED,ARS,44100.0,9261.0,0.0,53361.0,20240303
1000007437,328,1,,4113.0,3697,PAID,ARS,21600.0,4536.0,900.0,27036.0,20240130
1000007438,68,1,,1428.0,3047,FULFILLED,ARS,21168.0,4445.28,1200.0,26813.28,20250516
1000007439,615,1,,3787.0,2931,PAID,ARS,11760.0,2469.6,0.0,14229.6,20250604
1000007440,247,1,,2859.0,1558,REFUNDED,ARS,30780.0,6463.8,900.0,38143.8,20250912
1000007441,299,2,4.0,,4,CANCELLED,ARS,23940.0,5027.4,0.0,28967.4,20240921
1000007442,944,1,,3244.0,1056,FULFILLED,ARS,15675.0,3291.75,1200.0,20166.75,20250202
1000007443,1048,2,2.0,1827.0,2,FULFILLED,ARS,53214.0,11174.94,0.0,64388.94,20241208
1000007444,195,1,,2033.0,2710,FULFILLED,ARS,96444.0,20253.24,900.0,117597.24,20250527
1000007445,1076,1,,2260.0,1859,PAID,ARS,30000.0,6300.0,900.0,37200.0,20250617
1000007446,629,1,,3771.0,3124,FULFILLED,ARS,14962.5,3142.12,900.0,19004.62,20250407
1000007447,1244,2,4.0,2384.0,4,PAID,ARS,63300.0,13293.0,0.0,76593.0,20240918
1000007448,1178,2,1.0,1744.0,1,FULFILLED,ARS,27000.0,5670.0,0.0,32670.0,20241120
1000007449,1259,1,,1903.0,2401,FULFILLED,ARS,31500.0,6615.0,900.0,39015.0,20240224
1000007450,1,1,,3598.0,1849,FULFILLED,ARS,45120.0,9475.2,1200.0,55795.2,20250918
1000007451,873,1,,2276.0,1640,FULFILLED,ARS,24300.0,5103.0,1200.0,30603.0,20250502
1000007452,1133,1,,1779.0,2533,CANCELLED,ARS,27000.0,5670.0,1200.0,33870.0,20250717
1000007453,166,1,,,4022,FULFILLED,ARS,21600.0,4536.0,1500.0,27636.0,20250927
1000007454,373,2,4.0,3590.0,4,FULFILLED,ARS,42900.0,9009.0,0.0,51909.0,20240626
1000007455,1226,1,,2400.0,3475,FULFILLED,ARS,49200.0,10332.0,900.0,60432.0,20240505
1000007456,587,1,,3780.0,3213,FULFILLED,ARS,35280.0,7408.8,1200.0,43888.8,20240409
1000007457,1316,2,1.0,1399.0,1,FULFILLED,ARS,13500.0,2835.0,0.0,16335.0,20241110
1000007458,766,2,4.0,3747.0,4,FULFILLED,ARS,12000.0,2520.0,0.0,14520.0,20250323
1000007459,584,2,3.0,2243.0,3,FULFILLED,ARS,13500.0,2835.0,0.0,16335.0,20240324
1000007460,594,2,3.0,2494.0,3,FULFILLED,ARS,14700.0,3087.0,0.0,17787.0,20250219
1000007461,1183,1,,1358.0,1333,CANCELLED,ARS,12150.0,2551.5,1200.0,15901.5,20241130
1000007462,1189,1,,2365.0,3114,PAID,ARS,12825.0,2693.25,1500.0,17018.25,20240426
1000007463,1123,2,2.0,1097.0,2,FULFILLED,ARS,37800.0,7938.0,0.0,45738.0,20250919
1000007464,283,1,,2499.0,1976,CREATED,ARS,24000.0,5040.0,1500.0,30540.0,20241206
1000007465,1236,1,,,3405,FULFILLED,ARS,36000.0,7560.0,1200.0,44760.0,20240828
1000007466,183,1,,3094.0,4185,FULFILLED,ARS,14250.0,2992.5,1500.0,18742.5,20240406
1000007467,340,2,1.0,1009.0,1,FULFILLED,ARS,23520.0,4939.2,0.0,28459.2,20250122
1000007468,796,2,3.0,2680.0,3,FULFILLED,ARS,24300.0,5103.0,0.0,29403.0,20240228
1000007469,25,1,,2667.0,3786,PAID,ARS,77895.0,16357.95,1200.0,95452.95,20250602
1000007470,309,1,,3440.0,1251,FULFILLED,ARS,11880.0,2494.8,1200.0,15574.8,20241119
1000007471,880,2,4.0,1626.0,4,FULFILLED,ARS,56857.5,11940.08,0.0,68797.58,20250328
1000007472,314,1,,1890.0,1846,FULFILLED,ARS,49500.0,10395.0,1500.0,61395.0,20240721
1000007473,1011,1,,1204.0,1077,FULFILLED,ARS,34200.0,7182.0,1500.0,42882.0,20240626
1000007474,1356,1,,1924.0,2611,FULFILLED,ARS,70560.0,14817.6,900.0,86277.6,20250423
1000007475,250,1,,1276.0,2896,FULFILLED,ARS,35280.0,7408.8,900.0,43588.8,20250825
1000007476,971,1,,3885.0,3998,PAID,ARS,48000.0,10080.0,1500.0,59580.0,20240625
1000007477,1085,1,,3068.0,1309,FULFILLED,ARS,40500.0,8505.0,0.0,49005.0,20241212
1000007478,355,1,,3365.0,1943,CREATED,ARS,12600.0,2646.0,900.0,16146.0,20241215
1000007479,863,1,,1190.0,1932,FULFILLED,ARS,36000.0,7560.0,1200.0,44760.0,20250620
1000007480,777,2,1.0,1631.0,1,PAID,ARS,10800.0,2268.0,0.0,13068.0,20240302
1000007481,446,2,3.0,1481.0,3,CREATED,ARS,27000.0,5670.0,0.0,32670.0,20250107
1000007482,262,2,3.0,1011.0,3,FULFILLED,ARS,29400.0,6174.0,0.0,35574.0,20250330
1000007483,1315,2,1.0,1457.0,1,PAID,ARS,21600.0,4536.0,0.0,26136.0,20250412
1000007484,658,2,3.0,2673.0,3,FULFILLED,ARS,27000.0,5670.0,0.0,32670.0,20250916
1000007485,1043,2,1.0,,1,FULFILLED,ARS,85350.0,17923.5,0.0,103273.5,20240317
1000007486,347,1,,3945.0,4017,FULFILLED,ARS,32400.0,6804.0,1200.0,40404.0,20250912
1000007487,360,1,,,1168,FULFILLED,ARS,48216.0,10125.36,900.0,59241.36,20240818
1000007488,989,1,,2627.0,2630,FULFILLED,ARS,23760.0,4989.6,1200.0,29949.6,20240303
1000007489,1227,1,,2607.0,2912,FULFILLED,ARS,42525.0,8930.25,900.0,52355.25,20240525
1000007490,1496,1,,2306.0,2408,PAID,ARS,22680.0,4762.8,1200.0,28642.8,20250314
1000007491,410,2,3.0,1173.0,3,PAID,ARS,13500.0,2835.0,0.0,16335.0,20240814
1000007492,1489,1,,3811.0,2131,FULFILLED,ARS,23520.0,4939.2,1200.0,29659.2,20240320
1000007493,1146,1,,2657.0,2176,FULFILLED,ARS,29400.0,6174.0,900.0,36474.0,20240403
1000007494,1246,2,2.0,3973.0,2,FULFILLED,ARS,22680.0,4762.8,0.0,27442.8,20250519
1000007495,1306,1,,,1908,PAID,ARS,11880.0,2494.8,1200.0,15574.8,20240514
1000007496,291,1,,1935.0,2000,FULFILLED,ARS,13500.0,2835.0,1500.0,17835.0,20241108
1000007497,1005,1,,4166.0,2750,FULFILLED,ARS,27000.0,5670.0,0.0,32670.0,20250101
1000007498,592,2,2.0,3990.0,2,FULFILLED,ARS,11340.0,2381.4,0.0,13721.4,20240716
1000007499,1220,1,,1250.0,2046,CANCELLED,ARS,66780.0,14023.8,0.0,80803.8,20240313
1000007500,999,2,3.0,2618.0,3,FULFILLED,ARS,12600.0,2646.0,0.0,15246.0,20250204
1000007501,647,2,1.0,3446.0,1,FULFILLED,ARS,45000.0,9450.0,0.0,54450.0,20241007
1000007502,421,2,1.0,1115.0,1,FULFILLED,ARS,10800.0,2268.0,0.0,13068.0,20240604
1000007503,289,2,4.0,2854.0,4,FULFILLED,ARS,14700.0,3087.0,0.0,17787.0,20240523
1000007504,436,1,,3177.0,1663,PAID,ARS,54000.0,11340.0,900.0,66240.0,20250523
1000007505,899,1,,,1520,PAID,ARS,39690.0,8334.9,1500.0,49524.9,20240305
1000007506,1136,1,,2996.0,1377,FULFILLED,ARS,37620.0,7900.2,900.0,46420.2,20240505
1000007507,691,1,,3766.0,1437,FULFILLED,ARS,50355.0,10574.55,0.0,60929.55,20240101
1000007508,906,2,4.0,2622.0,4,CANCELLED,ARS,14700.0,3087.0,0.0,17787.0,20240901
1000007509,436,1,,2575.0,2557,FULFILLED,ARS,10800.0,2268.0,1200.0,14268.0,20250412
1000007510,851,2,3.0,1366.0,3,FULFILLED,ARS,37044.0,7779.24,0.0,44823.24,20250728
1000007511,1455,2,3.0,1447.0,3,CREATED,ARS,12000.0,2520.0,0.0,14520.0,20250628
1000007512,1421,2,4.0,3180.0,4,FULFILLED,ARS,74400.0,15624.0,0.0,90024.0,20241124
1000007513,629,2,1.0,1657.0,1,FULFILLED,ARS,47100.0,9891.0,0.0,56991.0,20240915
1000007514,295,1,,2393.0,1771,FULFILLED,ARS,36000.0,7560.0,1200.0,44760.0,20241109
1000007515,1148,2,2.0,3425.0,2,FULFILLED,ARS,30000.0,6300.0,0.0,36300.0,20241230
1000007516,248,1,,1580.0,2262,PAID,ARS,14250.0,2992.5,900.0,18142.5,20250111
1000007517,377,1,,1207.0,2051,PAID,ARS,22800.0,4788.0,1200.0,28788.0,20240829
1000007518,1008,1,,,1868,FULFILLED,ARS,40500.0,8505.0,900.0,49905.0,20240124
1000007519,978,1,,3314.0,3060,FULFILLED,ARS,32400.0,6804.0,1200.0,40404.0,20241207
1000007520,1154,1,,1956.0,3773,FULFILLED,ARS,40500.0,8505.0,0.0,49005.0,20240318
1000007521,1168,1,,1306.0,3793,FULFILLED,ARS,32400.0,6804.0,1500.0,40704.0,20241004
1000007522,1178,2,1.0,2693.0,1,REFUNDED,ARS,36000.0,7560.0,0.0,43560.0,20240812
1000007523,344,1,,3809.0,2736,FULFILLED,ARS,33993.0,7138.53,1500.0,42631.53,20240907
1000007524,986,2,1.0,3180.0,1,FULFILLED,ARS,116347.5,24432.98,0.0,140780.48,20240926
1000007525,884,1,,2041.0,3013,FULFILLED,ARS,34200.0,7182.0,1200.0,42582.0,20240831
1000007526,1046,1,,2336.0,3693,FULFILLED,ARS,39270.0,8246.7,1200.0,48716.7,20240528
1000007527,244,1,,1515.0,2261,FULFILLED,ARS,40500.0,8505.0,0.0,49005.0,20250908
1000007528,1246,1,,2331.0,4084,FULFILLED,ARS,12000.0,2520.0,1500.0,16020.0,20250507
1000007529,873,2,4.0,2286.0,4,FULFILLED,ARS,37800.0,7938.0,0.0,45738.0,20250724
1000007530,988,1,,3249.0,1314,FULFILLED,ARS,84600.0,17766.0,900.0,103266.0,20240322
1000007531,597,2,2.0,2537.0,2,FULFILLED,ARS,22800.0,4788.0,0.0,27588.0,20250222
1000007532,1432,1,,2822.0,2429,REFUNDED,ARS,35850.0,7528.5,900.0,44278.5,20240119
1000007533,833,1,,3332.0,3935,CREATED,ARS,44550.0,9355.5,900.0,54805.5,20250613
1000007534,148,1,,3176.0,1960,FULFILLED,ARS,40500.0,8505.0,1200.0,50205.0,20240622
1000007535,570,1,,1987.0,4077,FULFILLED,ARS,23520.0,4939.2,900.0,29359.2,20250520
1000007536,1102,2,2.0,,2,FULFILLED,ARS,27000.0,5670.0,0.0,32670.0,20240822
1000007537,788,1,,3390.0,1683,FULFILLED,ARS,55368.0,11627.28,1500.0,68495.28,20240918
1000007538,252,1,,2281.0,3680,FULFILLED,ARS,25650.0,5386.5,1200.0,32236.5,20250531
1000007539,1442,2,3.0,3851.0,3,PAID,ARS,34560.0,7257.6,0.0,41817.6,20240519
1000007540,483,2,1.0,3162.0,1,FULFILLED,ARS,14700.0,3087.0,0.0,17787.0,20240323
1000007541,946,2,4.0,2278.0,4,CANCELLED,ARS,59325.0,12458.25,0.0,71783.25,20241209
1000007542,603,1,,2134.0,3901,PAID,ARS,13500.0,2835.0,0.0,16335.0,20250206
1000007543,1410,1,,3564.0,2937,PAID,ARS,11400.0,2394.0,0.0,13794.0,20240830
1000007544,857,2,1.0,2451.0,1,FULFILLED,ARS,10800.0,2268.0,0.0,13068.0,20240208
1000007545,1080,2,1.0,4122.0,1,PAID,ARS,47025.0,9875.25,0.0,56900.25,20250416
1000007546,795,1,,2130.0,2729,FULFILLED,ARS,19440.0,4082.4,1200.0,24722.4,20250809
1000007547,926,2,1.0,1531.0,1,FULFILLED,ARS,22800.0,4788.0,0.0,27588.0,20250523
1000007548,911,2,1.0,3101.0,1,FULFILLED,ARS,23520.0,4939.2,0.0,28459.2,20240613
1000007549,435,1,,1785.0,3125,PAID,ARS,24000.0,5040.0,1200.0,30240.0,20240920
1000007550,597,1,,2928.0,3570,FULFILLED,ARS,12936.0,2716.56,1500.0,17152.56,20240102
1000007551,817,1,,3534.0,3441,CANCELLED,ARS,11970.0,2513.7,0.0,14483.7,20240803
1000007552,815,1,,1264.0,3733,FULFILLED,ARS,37044.0,7779.24,1200.0,46023.24,20240512
1000007553,304,1,,2175.0,3599,FULFILLED,ARS,21600.0,4536.0,0.0,26136.0,20240310
1000007554,529,1,,1876.0,3593,FULFILLED,ARS,20520.0,4309.2,1200.0,26029.2,20250602
1000007555,832,2,4.0,1969.0,4,PAID,ARS,14700.0,3087.0,0.0,17787.0,20250703
1000007556,1235,1,,1536.0,2381,CANCELLED,ARS,32400.0,6804.0,900.0,40104.0,20250314
1000007557,614,2,1.0,3914.0,1,PAID,ARS,36000.0,7560.0,0.0,43560.0,20240525
1000007558,951,2,3.0,3918.0,3,FULFILLED,ARS,12936.0,2716.56,0.0,15652.56,20240124
1000007559,1156,1,,3461.0,2549,FULFILLED,ARS,49800.0,10458.0,900.0,61158.0,20241001
1000007560,689,2,4.0,3302.0,4,CANCELLED,ARS,34200.0,7182.0,0.0,41382.0,20240726
1000007561,1482,1,,2198.0,2377,FULFILLED,ARS,28500.0,5985.0,900.0,35385.0,20241107
1000007562,243,2,1.0,1766.0,1,PAID,ARS,76500.0,16065.0,0.0,92565.0,20240129
1000007563,547,1,,,3729,FULFILLED,ARS,29400.0,6174.0,900.0,36474.0,20250113
1000007564,292,1,,2314.0,3295,FULFILLED,ARS,25080.0,5266.8,900.0,31246.8,20240411
1000007565,1145,2,3.0,,3,PAID,ARS,32340.0,6791.4,0.0,39131.4,20250614
1000007566,87,1,,2607.0,1042,PAID,ARS,62040.0,13028.4,900.0,75968.4,20241024
1000007567,1046,2,4.0,3292.0,4,FULFILLED,ARS,47025.0,9875.25,0.0,56900.25,20240707
1000007568,1071,1,,3432.0,3480,FULFILLED,ARS,56670.0,11900.7,1500.0,70070.7,20240226
1000007569,758,2,4.0,1903.0,4,FULFILLED,ARS,46305.0,9724.05,0.0,56029.05,20240110
1000007570,149,2,4.0,2675.0,4,FULFILLED,ARS,54000.0,11340.0,0.0,65340.0,20250919
1000007571,809,1,,3999.0,2375,CANCELLED,ARS,35640.0,7484.4,1500.0,44624.4,20240721
1000007572,45,2,4.0,2912.0,4,PAID,ARS,35280.0,7408.8,0.0,42688.8,20240629
1000007573,423,1,,,1629,PAID,ARS,43200.0,9072.0,0.0,52272.0,20250705
1000007574,1222,2,4.0,3730.0,4,FULFILLED,ARS,27000.0,5670.0,0.0,32670.0,20240914
1000007575,47,1,,3414.0,1686,FULFILLED,ARS,72600.0,15246.0,900.0,88746.0,20240201
1000007576,699,1,,1304.0,1403,FULFILLED,ARS,27000.0,5670.0,0.0,32670.0,20240716
1000007577,552,1,,1533.0,3245,FULFILLED,ARS,42150.0,8851.5,1500.0,52501.5,20240727
1000007578,1202,2,2.0,,2,FULFILLED,ARS,39600.0,8316.0,0.0,47916.0,20250418
1000007579,1365,1,,1010.0,2495,FULFILLED,ARS,44100.0,9261.0,1500.0,54861.0,20250412
1000007580,409,2,1.0,3394.0,1,CANCELLED,ARS,42750.0,8977.5,0.0,51727.5,20241008
1000007581,524,2,4.0,2208.0,4,FULFILLED,ARS,34200.0,7182.0,0.0,41382.0,20240616
1000007582,949,2,4.0,1779.0,4,REFUNDED,ARS,51810.0,10880.1,0.0,62690.1,20250411
1000007583,492,1,,3777.0,4084,FULFILLED,ARS,47280.0,9928.8,1500.0,58708.8,20240910
1000007584,1002,1,,1169.0,3433,CREATED,ARS,20520.0,4309.2,900.0,25729.2,20250218
1000007585,976,2,4.0,1255.0,4,FULFILLED,ARS,40500.0,8505.0,0.0,49005.0,20250610
1000007586,348,2,4.0,3530.0,4,FULFILLED,ARS,12600.0,2646.0,0.0,15246.0,20250622
1000007587,66,2,2.0,4027.0,2,FULFILLED,ARS,24000.0,5040.0,0.0,29040.0,20250129
1000007588,968,2,3.0,1314.0,3,FULFILLED,ARS,45336.0,9520.56,0.0,54856.56,20240409
1000007589,996,1,,3339.0,4074,PAID,ARS,12348.0,2593.08,1200.0,16141.08,20240803
1000007590,66,2,3.0,1902.0,3,FULFILLED,ARS,22680.0,4762.8,0.0,27442.8,20250824
1000007591,1048,1,,3771.0,3746,FULFILLED,ARS,78873.0,16563.33,900.0,96336.33,20250621
1000007592,820,1,,,2330,FULFILLED,ARS,30000.0,6300.0,1500.0,37800.0,20241002
1000007593,152,2,1.0,3982.0,1,FULFILLED,ARS,34200.0,7182.0,0.0,41382.0,20240928
1000007594,1431,1,,3763.0,3452,FULFILLED,ARS,12348.0,2593.08,1200.0,16141.08,20240219
1000007595,1031,1,,1283.0,1613,PAID,ARS,34200.0,7182.0,900.0,42282.0,20250728
1000007596,1237,1,,2419.0,1492,FULFILLED,ARS,45000.0,9450.0,900.0,55350.0,20240524
1000007597,874,2,1.0,2495.0,1,FULFILLED,ARS,44100.0,9261.0,0.0,53361.0,20240806
1000007598,59,1,,2886.0,4118,FULFILLED,ARS,55098.0,11570.58,900.0,67568.58,20250317
1000007599,1243,2,4.0,3096.0,4,PAID,ARS,58800.0,12348.0,0.0,71148.0,20250909
1000007600,921,2,4.0,1728.0,4,FULFILLED,ARS,72150.0,15151.5,0.0,87301.5,20250303
1000007601,1000,2,2.0,1840.0,2,FULFILLED,ARS,34200.0,7182.0,0.0,41382.0,20250222
1000007602,484,1,,3309.0,2106,PAID,ARS,27898.5,5858.68,900.0,34657.18,20240331
1000007603,134,1,,2811.0,3994,CANCELLED,ARS,13200.0,2772.0,1200.0,17172.0,20240218
1000007604,1083,1,,3733.0,1963,CANCELLED,ARS,14700.0,3087.0,900.0,18687.0,20250912
1000007605,540,2,4.0,3911.0,4,FULFILLED,ARS,61800.0,12978.0,0.0,74778.0,20250118
1000007606,976,2,3.0,2266.0,3,FULFILLED,ARS,40500.0,8505.0,0.0,49005.0,20241109
1000007607,926,1,,,1321,FULFILLED,ARS,23520.0,4939.2,1200.0,29659.2,20241224
1000007608,881,1,,3057.0,3631,PAID,ARS,28350.0,5953.5,1200.0,35503.5,20250205
1000007609,1388,1,,1808.0,3525,CANCELLED,ARS,21600.0,4536.0,900.0,27036.0,20240619
1000007610,121,2,4.0,1331.0,4,FULFILLED,ARS,33000.0,6930.0,0.0,39930.0,20250117
1000007611,1117,2,1.0,1561.0,1,FULFILLED,ARS,38475.0,8079.75,0.0,46554.75,20240323
1000007612,182,2,3.0,2556.0,3,FULFILLED,ARS,12600.0,2646.0,0.0,15246.0,20250420
1000007613,1156,1,,1031.0,1162,CANCELLED,ARS,108600.0,22806.0,1200.0,132606.0,20250806
1000007614,1075,1,,3786.0,3032,FULFILLED,ARS,84780.0,17803.8,900.0,103483.8,20241205
1000007615,1155,2,1.0,2583.0,1,REFUNDED,ARS,21600.0,4536.0,0.0,26136.0,20250624
1000007616,1393,1,,2758.0,1728,FULFILLED,ARS,62100.0,13041.0,0.0,75141.0,20250107
1000007617,657,2,4.0,3148.0,4,FULFILLED,ARS,21168.0,4445.28,0.0,25613.28,20240831
1000007618,857,1,,3732.0,3042,FULFILLED,ARS,42750.0,8977.5,1500.0,53227.5,20250317
1000007619,92,1,,,3383,FULFILLED,ARS,38808.0,8149.68,1200.0,48157.68,20240816
1000007620,217,1,,1324.0,2850,FULFILLED,ARS,98190.0,20619.9,1200.0,120009.9,20240908
1000007621,452,2,1.0,2438.0,1,FULFILLED,ARS,45000.0,9450.0,0.0,54450.0,20240724
1000007622,77,1,,,2109,FULFILLED,ARS,27900.0,5859.0,900.0,34659.0,20241006
1000007623,733,2,3.0,3493.0,3,PAID,ARS,14250.0,2992.5,0.0,17242.5,20241015
1000007624,344,1,,2219.0,2480,FULFILLED,ARS,15750.0,3307.5,0.0,19057.5,20250419
1000007625,425,1,,3225.0,3785,FULFILLED,ARS,12000.0,2520.0,1200.0,15720.0,20250512
1000007626,1188,2,1.0,2173.0,1,FULFILLED,ARS,59670.0,12530.7,0.0,72200.7,20240122
1000007627,226,1,,3832.0,2381,PAID,ARS,38808.0,8149.68,900.0,47857.68,20240608
1000007628,585,2,1.0,4064.0,1,REFUNDED,ARS,27348.0,5743.08,0.0,33091.08,20250214
1000007629,1392,1,,,2905,FULFILLED,ARS,51975.0,10914.75,1200.0,64089.75,20250421
1000007630,838,1,,1427.0,2644,FULFILLED,ARS,45000.0,9450.0,900.0,55350.0,20250222
1000007631,616,1,,1539.0,1546,FULFILLED,ARS,81720.0,17161.2,900.0,99781.2,20240727
1000007632,662,2,2.0,3118.0,2,CANCELLED,ARS,71640.0,15044.4,0.0,86684.4,20240222
1000007633,411,1,,2578.0,1741,FULFILLED,ARS,59280.0,12448.8,1500.0,73228.8,20250513
1000007634,3,1,,1612.0,2062,FULFILLED,ARS,11760.0,2469.6,1200.0,15429.6,20240814
1000007635,1136,2,2.0,3618.0,2,FULFILLED,ARS,35910.0,7541.1,0.0,43451.1,20240704
1000007636,354,2,3.0,2822.0,3,FULFILLED,ARS,11760.0,2469.6,0.0,14229.6,20240316
1000007637,1289,2,2.0,3918.0,2,FULFILLED,ARS,61320.0,12877.2,0.0,74197.2,20250414
1000007638,941,2,1.0,2749.0,1,FULFILLED,ARS,39690.0,8334.9,0.0,48024.9,20240914
1000007639,334,1,,3243.0,1749,FULFILLED,ARS,28035.0,5887.35,1200.0,35122.35,20250817
1000007640,854,2,2.0,3674.0,2,FULFILLED,ARS,35280.0,7408.8,0.0,42688.8,20241108
1000007641,1337,2,1.0,2044.0,1,FULFILLED,ARS,15000.0,3150.0,0.0,18150.0,20250926
1000007642,720,1,,3161.0,2753,REFUNDED,ARS,23520.0,4939.2,900.0,29359.2,20240207
1000007643,822,1,,1251.0,2667,REFUNDED,ARS,12540.0,2633.4,1500.0,16673.4,20240502
1000007644,226,1,,1972.0,1153,FULFILLED,ARS,22800.0,4788.0,900.0,28488.0,20250122
1000007645,1224,2,1.0,,1,CANCELLED,ARS,26400.0,5544.0,0.0,31944.0,20250417
1000007646,3,1,,3918.0,1095,FULFILLED,ARS,27000.0,5670.0,900.0,33570.0,20250926
1000007647,1395,1,,1233.0,3500,PAID,ARS,34200.0,7182.0,1200.0,42582.0,20240824
1000007648,1179,2,4.0,2820.0,4,FULFILLED,ARS,24696.0,5186.16,0.0,29882.16,20250415
1000007649,883,2,2.0,2279.0,2,FULFILLED,ARS,74475.0,15639.75,0.0,90114.75,20240628
1000007650,690,2,4.0,3198.0,4,FULFILLED,ARS,42750.0,8977.5,0.0,51727.5,20250101
1000007651,132,2,3.0,3447.0,3,FULFILLED,ARS,22800.0,4788.0,0.0,27588.0,20250725
1000007652,303,1,,,1451,CANCELLED,ARS,38475.0,8079.75,900.0,47454.75,20240727
1000007653,1444,1,,3958.0,2249,FULFILLED,ARS,24000.0,5040.0,1200.0,30240.0,20241225
1000007654,753,1,,1324.0,2455,PAID,ARS,48570.0,10199.7,900.0,59669.7,20240625
1000007655,1066,1,,2034.0,3185,FULFILLED,ARS,21600.0,4536.0,900.0,27036.0,20240208
1000007656,359,2,4.0,3267.0,4,FULFILLED,ARS,36000.0,7560.0,0.0,43560.0,20250531
1000007657,120,2,2.0,2931.0,2,PAID,ARS,13500.0,2835.0,0.0,16335.0,20240917
1000007658,221,2,2.0,,2,FULFILLED,ARS,58500.0,12285.0,0.0,70785.0,20250702
1000007659,814,2,3.0,2384.0,3,FULFILLED,ARS,32400.0,6804.0,0.0,39204.0,20250507
1000007660,926,1,,3122.0,1710,CANCELLED,ARS,54390.0,11421.9,900.0,66711.9,20250409
1000007661,98,1,,1800.0,3473,FULFILLED,ARS,10800.0,2268.0,1200.0,14268.0,20240823
1000007662,1296,1,,1084.0,2893,CANCELLED,ARS,27000.0,5670.0,900.0,33570.0,20240929
1000007663,193,1,,,3535,CANCELLED,ARS,33120.0,6955.2,0.0,40075.2,20250323
1000007664,628,1,,,3230,FULFILLED,ARS,51825.0,10883.25,1200.0,63908.25,20250420
1000007665,536,2,3.0,1517.0,3,REFUNDED,ARS,11400.0,2394.0,0.0,13794.0,20250925
1000007666,1233,2,3.0,3179.0,3,FULFILLED,ARS,12825.0,2693.25,0.0,15518.25,20250117
1000007667,1465,2,4.0,2987.0,4,FULFILLED,ARS,78750.0,16537.5,0.0,95287.5,20250418
1000007668,946,2,3.0,1470.0,3,REFUNDED,ARS,21600.0,4536.0,0.0,26136.0,20240516
1000007669,890,1,,1791.0,2561,PAID,ARS,80820.0,16972.2,900.0,98692.2,20240814
1000007670,1477,2,1.0,2803.0,1,FULFILLED,ARS,35280.0,7408.8,0.0,42688.8,20240624
1000007671,137,2,4.0,2326.0,4,FULFILLED,ARS,59976.0,12594.96,0.0,72570.96,20250410
1000007672,1254,2,3.0,2552.0,3,FULFILLED,ARS,40500.0,8505.0,0.0,49005.0,20250831
1000007673,763,2,2.0,3306.0,2,PAID,ARS,24696.0,5186.16,0.0,29882.16,20250410
1000007674,974,1,,1253.0,2845,FULFILLED,ARS,14250.0,2992.5,1200.0,18442.5,20250103
1000007675,1208,1,,2895.0,1328,FULFILLED,ARS,24000.0,5040.0,1200.0,30240.0,20250704
1000007676,405,2,4.0,2222.0,4,FULFILLED,ARS,52410.0,11006.1,0.0,63416.1,20241120
1000007677,1466,1,,3694.0,3448,PAID,ARS,11400.0,2394.0,1500.0,15294.0,20240325
1000007678,1440,2,4.0,2588.0,4,FULFILLED,ARS,35280.0,7408.8,0.0,42688.8,20240829
1000007679,686,1,,1229.0,3525,FULFILLED,ARS,78498.0,16484.58,900.0,95882.58,20241118
1000007680,1238,1,,2396.0,3494,REFUNDED,ARS,35760.0,7509.6,0.0,43269.6,20240314
1000007681,74,2,4.0,2018.0,4,FULFILLED,ARS,14175.0,2976.75,0.0,17151.75,20240401
1000007682,218,1,,2903.0,2524,FULFILLED,ARS,67410.0,14156.1,1200.0,82766.1,20250424
1000007683,421,1,,2703.0,4197,PAID,ARS,22800.0,4788.0,900.0,28488.0,20241218
1000007684,203,2,4.0,4139.0,4,FULFILLED,ARS,21600.0,4536.0,0.0,26136.0,20240818
1000007685,825,1,,3740.0,3547,FULFILLED,ARS,11400.0,2394.0,1200.0,14994.0,20240321
1000007686,1356,1,,3047.0,3754,FULFILLED,ARS,34200.0,7182.0,1200.0,42582.0,20240708
1000007687,793,2,2.0,4147.0,2,FULFILLED,ARS,24300.0,5103.0,0.0,29403.0,20250901
1000007688,648,2,1.0,1232.0,1,FULFILLED,ARS,12000.0,2520.0,0.0,14520.0,20250529
1000007689,1377,2,3.0,2906.0,3,CANCELLED,ARS,22800.0,4788.0,0.0,27588.0,20240907
1000007690,336,2,1.0,4174.0,1,FULFILLED,ARS,30000.0,6300.0,0.0,36300.0,20250523
1000007691,409,1,,3761.0,3980,FULFILLED,ARS,72450.0,15214.5,1200.0,88864.5,20250320
1000007692,143,2,2.0,3264.0,2,FULFILLED,ARS,58050.0,12190.5,0.0,70240.5,20240616
1000007693,1389,1,,1332.0,1037,FULFILLED,ARS,24000.0,5040.0,900.0,29940.0,20250104
1000007694,1333,1,,2695.0,3123,CANCELLED,ARS,34200.0,7182.0,1200.0,42582.0,20250422
1000007695,1380,1,,3013.0,1454,FULFILLED,ARS,112518.0,23628.78,1200.0,137346.78,20241129
1000007696,1316,2,4.0,1408.0,4,FULFILLED,ARS,24825.0,5213.25,0.0,30038.25,20241024
1000007697,614,2,2.0,3938.0,2,FULFILLED,ARS,20520.0,4309.2,0.0,24829.2,20240730
1000007698,1451,2,2.0,1297.0,2,FULFILLED,ARS,22800.0,4788.0,0.0,27588.0,20240505
1000007699,255,1,,1571.0,1902,FULFILLED,ARS,32400.0,6804.0,900.0,40104.0,20250827
1000007700,761,1,,3678.0,2023,CREATED,ARS,22770.0,4781.7,900.0,28451.7,20250927
1000007701,396,2,1.0,1368.0,1,FULFILLED,ARS,21600.0,4536.0,0.0,26136.0,20250907
1000007702,1199,2,4.0,2472.0,4,FULFILLED,ARS,14250.0,2992.5,0.0,17242.5,20250922
1000007703,153,1,,3081.0,2322,FULFILLED,ARS,12000.0,2520.0,1500.0,16020.0,20241021
1000007704,1269,2,1.0,1872.0,1,FULFILLED,ARS,51300.0,10773.0,0.0,62073.0,20241014
1000007705,1038,2,2.0,4182.0,2,FULFILLED,ARS,38808.0,8149.68,0.0,46957.68,20250830
1000007706,359,1,,2089.0,1659,FULFILLED,ARS,28200.0,5922.0,900.0,35022.0,20250908
1000007707,632,1,,4113.0,1610,FULFILLED,ARS,14250.0,2992.5,0.0,17242.5,20250712
1000007708,1302,2,3.0,1563.0,3,FULFILLED,ARS,44100.0,9261.0,0.0,53361.0,20250221
1000007709,1327,1,,2151.0,3993,FULFILLED,ARS,14700.0,3087.0,1200.0,18987.0,20250502
1000007710,212,1,,2249.0,1960,FULFILLED,ARS,22680.0,4762.8,1200.0,28642.8,20250906
1000007711,69,1,,3189.0,3998,PAID,ARS,29400.0,6174.0,1200.0,36774.0,20240709
1000007712,1449,1,,2447.0,2737,FULFILLED,ARS,22800.0,4788.0,1500.0,29088.0,20240709
1000007713,250,2,2.0,1732.0,2,FULFILLED,ARS,26400.0,5544.0,0.0,31944.0,20240606
1000007714,717,1,,2937.0,1068,FULFILLED,ARS,23940.0,5027.4,1500.0,30467.4,20241001
1000007715,466,2,4.0,3971.0,4,FULFILLED,ARS,57600.0,12096.0,0.0,69696.0,20250223
1000007716,217,1,,1326.0,2734,FULFILLED,ARS,30000.0,6300.0,900.0,37200.0,20240407
1000007717,214,2,3.0,1761.0,3,FULFILLED,ARS,27000.0,5670.0,0.0,32670.0,20250822
1000007718,1334,1,,3960.0,1380,PAID,ARS,98550.0,20695.5,1500.0,120745.5,20250509
1000007719,782,2,3.0,2212.0,3,CANCELLED,ARS,22680.0,4762.8,0.0,27442.8,20241114
1000007720,801,1,,1147.0,2750,FULFILLED,ARS,21600.0,4536.0,1200.0,27336.0,20240712
1000007721,415,1,,,1920,FULFILLED,ARS,30000.0,6300.0,1200.0,37500.0,20241208
1000007722,6,2,3.0,1297.0,3,FULFILLED,ARS,29400.0,6174.0,0.0,35574.0,20250710
1000007723,1021,1,,2239.0,2218,FULFILLED,ARS,63780.0,13393.8,0.0,77173.8,20240615
1000007724,1440,1,,,2364,FULFILLED,ARS,11400.0,2394.0,0.0,13794.0,20240618
1000007725,1318,2,2.0,2356.0,2,REFUNDED,ARS,47025.0,9875.25,0.0,56900.25,20240318
1000007726,43,2,4.0,2031.0,4,FULFILLED,ARS,71460.0,15006.6,0.0,86466.6,20250320
1000007727,710,2,2.0,3.0,2,FULFILLED,ARS,34200.0,7182.0,0.0,41382.0,20250410
1000007728,344,2,4.0,3683.0,4,FULFILLED,ARS,73020.0,15334.2,0.0,88354.2,20241024
1000007729,1440,1,,2084.0,1907,FULFILLED,ARS,22800.0,4788.0,0.0,27588.0,20240727
1000007730,1420,1,,1230.0,2302,FULFILLED,ARS,32400.0,6804.0,0.0,39204.0,20250205
1000007731,1470,2,4.0,,4,FULFILLED,ARS,27150.0,5701.5,0.0,32851.5,20250114
1000007732,47,2,4.0,3224.0,4,CREATED,ARS,65544.0,13764.24,0.0,79308.24,20240320
1000007733,189,2,2.0,3482.0,2,FULFILLED,ARS,30000.0,6300.0,0.0,36300.0,20250916
1000007734,1312,1,,3006.0,1568,PAID,ARS,23520.0,4939.2,1500.0,29959.2,20240404
1000007735,594,1,,,1277,FULFILLED,ARS,82800.0,17388.0,1200.0,101388.0,20250330
1000007736,543,1,,,1379,FULFILLED,ARS,44100.0,9261.0,1500.0,54861.0,20241111
1000007737,686,1,,2903.0,2271,PAID,ARS,45000.0,9450.0,1200.0,55650.0,20240714
1000007738,106,2,4.0,3885.0,4,FULFILLED,ARS,69384.0,14570.64,0.0,83954.64,20240603
1000007739,1416,2,2.0,2096.0,2,FULFILLED,ARS,113250.0,23782.5,0.0,137032.5,20240113
1000007740,716,1,,3113.0,3289,FULFILLED,ARS,66600.0,13986.0,1200.0,81786.0,20250217
1000007741,707,1,,3222.0,1447,FULFILLED,ARS,35970.0,7553.7,1200.0,44723.7,20241101
1000007742,367,1,,3633.0,1543,FULFILLED,ARS,44887.5,9426.38,1200.0,55513.88,20250125
1000007743,1483,2,4.0,,4,PAID,ARS,74502.0,15645.42,0.0,90147.42,20240928
1000007744,216,1,,1800.0,1658,FULFILLED,ARS,29400.0,6174.0,1200.0,36774.0,20240712
1000007745,664,2,1.0,,1,PAID,ARS,36450.0,7654.5,0.0,44104.5,20240227
1000007746,27,1,,2057.0,2278,FULFILLED,ARS,83250.0,17482.5,1200.0,101932.5,20240227
1000007747,569,2,1.0,4131.0,1,PAID,ARS,67620.0,14200.2,0.0,81820.2,20250330
1000007748,185,1,,2898.0,3497,PAID,ARS,13200.0,2772.0,0.0,15972.0,20240815
1000007749,580,1,,1212.0,2255,FULFILLED,ARS,79500.0,16695.0,1200.0,97395.0,20240113
1000007750,1428,2,4.0,1015.0,4,FULFILLED,ARS,40500.0,8505.0,0.0,49005.0,20250907
1000007751,930,1,,2131.0,4059,FULFILLED,ARS,36000.0,7560.0,900.0,44460.0,20240913
1000007752,1242,1,,3813.0,3869,FULFILLED,ARS,38475.0,8079.75,0.0,46554.75,20241026
1000007753,580,1,,1126.0,3629,CANCELLED,ARS,30000.0,6300.0,1500.0,37800.0,20250808
1000007754,194,1,,2107.0,1772,FULFILLED,ARS,27000.0,5670.0,900.0,33570.0,20240622
1000007755,794,1,,3453.0,3876,CANCELLED,ARS,25762.5,5410.12,900.0,32072.62,20250128
1000007756,1378,1,,1582.0,3442,CANCELLED,ARS,36000.0,7560.0,900.0,44460.0,20241006
1000007757,189,2,1.0,2372.0,1,FULFILLED,ARS,41325.0,8678.25,0.0,50003.25,20240717
1000007758,567,1,,2972.0,2200,FULFILLED,ARS,25872.0,5433.12,900.0,32205.12,20250226
1000007759,1021,2,2.0,2359.0,2,FULFILLED,ARS,19440.0,4082.4,0.0,23522.4,20240210
1000007760,1289,2,2.0,3878.0,2,FULFILLED,ARS,38808.0,8149.68,0.0,46957.68,20241030
1000007761,272,1,,,1728,PAID,ARS,26400.0,5544.0,900.0,32844.0,20240218
1000007762,1338,1,,2940.0,1419,FULFILLED,ARS,34200.0,7182.0,900.0,42282.0,20250514
1000007763,719,2,4.0,1193.0,4,FULFILLED,ARS,12000.0,2520.0,0.0,14520.0,20250116
1000007764,1162,2,2.0,1605.0,2,FULFILLED,ARS,37044.0,7779.24,0.0,44823.24,20240512
1000007765,507,1,,,3030,CREATED,ARS,21600.0,4536.0,1200.0,27336.0,20240216
1000007766,1391,2,1.0,2359.0,1,FULFILLED,ARS,52479.0,11020.59,0.0,63499.59,20240721
1000007767,252,2,1.0,1927.0,1,FULFILLED,ARS,36000.0,7560.0,0.0,43560.0,20250416
1000007768,370,1,,3631.0,2601,PAID,ARS,22800.0,4788.0,900.0,28488.0,20240704
1000007769,658,2,3.0,2701.0,3,FULFILLED,ARS,23520.0,4939.2,0.0,28459.2,20250927
1000007770,929,2,4.0,3718.0,4,PAID,ARS,63120.0,13255.2,0.0,76375.2,20241216
1000007771,449,1,,2832.0,3678,FULFILLED,ARS,53460.0,11226.6,1500.0,66186.6,20240523
1000007772,447,1,,,3693,FULFILLED,ARS,38808.0,8149.68,900.0,47857.68,20240805
1000007773,863,1,,,2967,FULFILLED,ARS,10800.0,2268.0,900.0,13968.0,20250904
1000007774,1276,2,3.0,1438.0,3,CANCELLED,ARS,35910.0,7541.1,0.0,43451.1,20240602
1000007775,1367,1,,4051.0,2682,PAID,ARS,23760.0,4989.6,900.0,29649.6,20250331
1000007776,209,1,,2165.0,1610,FULFILLED,ARS,14250.0,2992.5,0.0,17242.5,20250111
1000007777,737,2,1.0,3064.0,1,FULFILLED,ARS,11760.0,2469.6,0.0,14229.6,20250918
1000007778,309,2,2.0,2724.0,2,FULFILLED,ARS,29400.0,6174.0,0.0,35574.0,20241021
1000007779,1050,1,,2248.0,3481,CANCELLED,ARS,9720.0,2041.2,1200.0,12961.2,20241014
1000007780,115,1,,3816.0,1651,FULFILLED,ARS,29700.0,6237.0,900.0,36837.0,20240207
1000007781,549,2,3.0,1929.0,3,FULFILLED,ARS,28350.0,5953.5,0.0,34303.5,20250914
1000007782,840,1,,2345.0,2619,PAID,ARS,49920.0,10483.2,1200.0,61603.2,20250604
1000007783,616,2,4.0,1992.0,4,FULFILLED,ARS,59850.0,12568.5,0.0,72418.5,20240810
1000007784,885,1,,,3788,CANCELLED,ARS,27000.0,5670.0,1200.0,33870.0,20250412
1000007785,659,2,4.0,2370.0,4,REFUNDED,ARS,22800.0,4788.0,0.0,27588.0,20250308
1000007786,592,2,4.0,,4,PAID,ARS,22740.0,4775.4,0.0,27515.4,20250223
1000007787,205,1,,2774.0,3054,FULFILLED,ARS,68310.0,14345.1,1200.0,83855.1,20241020
1000007788,512,1,,3261.0,3471,FULFILLED,ARS,25650.0,5386.5,900.0,31936.5,20240606
1000007789,174,1,,1262.0,3467,FULFILLED,ARS,12000.0,2520.0,1500.0,16020.0,20240415
1000007790,1484,1,,3888.0,3725,FULFILLED,ARS,31500.0,6615.0,0.0,38115.0,20240815
1000007791,1340,1,,,3905,FULFILLED,ARS,35280.0,7408.8,1200.0,43888.8,20240823
1000007792,794,2,3.0,3899.0,3,FULFILLED,ARS,10260.0,2154.6,0.0,12414.6,20250409
1000007793,521,1,,2016.0,3549,FULFILLED,ARS,9720.0,2041.2,900.0,12661.2,20240618
1000007794,1,1,,3817.0,1188,CANCELLED,ARS,13500.0,2835.0,1200.0,17535.0,20240822
1000007795,1394,1,,2882.0,2409,FULFILLED,ARS,12348.0,2593.08,1200.0,16141.08,20250222
1000007796,521,2,4.0,2469.0,4,FULFILLED,ARS,42750.0,8977.5,0.0,51727.5,20250730
1000007797,900,1,,2915.0,1107,FULFILLED,ARS,40500.0,8505.0,0.0,49005.0,20240714
1000007798,714,1,,2941.0,3481,FULFILLED,ARS,11400.0,2394.0,1200.0,14994.0,20241114
1000007799,822,1,,1787.0,4056,FULFILLED,ARS,45000.0,9450.0,900.0,55350.0,20240118
1000007800,42,2,2.0,4056.0,2,FULFILLED,ARS,13500.0,2835.0,0.0,16335.0,20240506
1000007801,261,1,,,3431,PAID,ARS,27750.0,5827.5,1200.0,34777.5,20250319
1000007802,756,1,,1289.0,3139,FULFILLED,ARS,50220.0,10546.2,1200.0,61966.2,20250731
1000007803,866,2,1.0,3077.0,1,FULFILLED,ARS,34020.0,7144.2,0.0,41164.2,20240808
1000007804,817,2,3.0,1425.0,3,PAID,ARS,44688.0,9384.48,0.0,54072.48,20240107
1000007805,475,1,,2395.0,1583,FULFILLED,ARS,36348.0,7633.08,0.0,43981.08,20240630
1000007806,803,1,,3320.0,3161,FULFILLED,ARS,31752.0,6667.92,1200.0,39619.92,20240327
1000007807,28,2,3.0,1323.0,3,FULFILLED,ARS,34200.0,7182.0,0.0,41382.0,20250424
1000007808,586,2,3.0,1997.0,3,FULFILLED,ARS,30000.0,6300.0,0.0,36300.0,20250327
1000007809,1075,2,1.0,1287.0,1,FULFILLED,ARS,44887.5,9426.38,0.0,54313.88,20250425
1000007810,441,1,,1173.0,2917,FULFILLED,ARS,12000.0,2520.0,900.0,15420.0,20250911
1000007811,1462,2,4.0,3496.0,4,FULFILLED,ARS,39600.0,8316.0,0.0,47916.0,20250814
1000007812,320,2,2.0,1246.0,2,PAID,ARS,40500.0,8505.0,0.0,49005.0,20250728
1000007813,866,2,4.0,1657.0,4,FULFILLED,ARS,70110.0,14723.1,0.0,84833.1,20240220
1000007814,275,1,,2715.0,4045,FULFILLED,ARS,60600.0,12726.0,1500.0,74826.0,20240824
1000007815,224,1,,2428.0,1101,FULFILLED,ARS,40500.0,8505.0,1500.0,50505.0,20241004
1000007816,1171,1,,2117.0,1186,FULFILLED,ARS,32400.0,6804.0,900.0,40104.0,20240206
1000007817,361,1,,1231.0,3115,FULFILLED,ARS,45000.0,9450.0,1500.0,55950.0,20240926
1000007818,232,1,,3835.0,2202,CANCELLED,ARS,78168.0,16415.28,1200.0,95783.28,20240905
1000007819,508,1,,1982.0,1596,FULFILLED,ARS,13230.0,2778.3,1200.0,17208.3,20240113
1000007820,1257,2,1.0,,1,REFUNDED,ARS,27000.0,5670.0,0.0,32670.0,20241106
1000007821,75,1,,3069.0,1478,FULFILLED,ARS,15750.0,3307.5,0.0,19057.5,20250717
1000007822,1008,1,,1920.0,3062,FULFILLED,ARS,33360.0,7005.6,0.0,40365.6,20240820
1000007823,179,1,,3825.0,2052,FULFILLED,ARS,27000.0,5670.0,900.0,33570.0,20250415
1000007824,409,2,1.0,2341.0,1,FULFILLED,ARS,21600.0,4536.0,0.0,26136.0,20240925
1000007825,437,1,,1185.0,1255,FULFILLED,ARS,45000.0,9450.0,1200.0,55650.0,20240906
1000007826,1339,2,2.0,,2,FULFILLED,ARS,10800.0,2268.0,0.0,13068.0,20240822
1000007827,700,1,,3413.0,3361,CANCELLED,ARS,22800.0,4788.0,0.0,27588.0,20240616
1000007828,939,1,,3030.0,4042,FULFILLED,ARS,25470.0,5348.7,900.0,31718.7,20240929
1000007829,1398,2,1.0,1162.0,1,FULFILLED,ARS,12540.0,2633.4,0.0,15173.4,20240113
1000007830,1210,1,,2134.0,1671,FULFILLED,ARS,38160.0,8013.6,1200.0,47373.6,20241007
1000007831,888,2,3.0,2695.0,3,PAID,ARS,14250.0,2992.5,0.0,17242.5,20240521
1000007832,549,1,,,1518,FULFILLED,ARS,76725.0,16112.25,1200.0,94037.25,20250429
1000007833,651,2,3.0,1671.0,3,FULFILLED,ARS,11400.0,2394.0,0.0,13794.0,20240502
1000007834,41,2,4.0,3245.0,4,PAID,ARS,35640.0,7484.4,0.0,43124.4,20241113
1000007835,1439,2,1.0,3565.0,1,FULFILLED,ARS,30000.0,6300.0,0.0,36300.0,20250106
1000007836,885,1,,2615.0,3129,FULFILLED,ARS,12540.0,2633.4,0.0,15173.4,20250904
1000007837,728,2,1.0,3908.0,1,FULFILLED,ARS,14250.0,2992.5,0.0,17242.5,20250907
1000007838,515,1,,1574.0,2321,FULFILLED,ARS,22800.0,4788.0,900.0,28488.0,20241206
1000007839,494,1,,,3601,CANCELLED,ARS,14250.0,2992.5,900.0,18142.5,20250304
1000007840,619,1,,1557.0,1925,FULFILLED,ARS,65940.0,13847.4,1200.0,80987.4,20250723
1000007841,600,1,,1550.0,1356,CANCELLED,ARS,11400.0,2394.0,0.0,13794.0,20240227
1000007842,1315,1,,4123.0,2685,FULFILLED,ARS,56160.0,11793.6,1200.0,69153.6,20250826
1000007843,1033,1,,2602.0,3099,PAID,ARS,10800.0,2268.0,1200.0,14268.0,20240919
1000007844,151,2,4.0,3927.0,4,FULFILLED,ARS,29400.0,6174.0,0.0,35574.0,20240120
1000007845,847,1,,2652.0,1677,REFUNDED,ARS,51225.0,10757.25,900.0,62882.25,20250406
1000007846,1169,1,,1798.0,2599,FULFILLED,ARS,27000.0,5670.0,1200.0,33870.0,20240625
1000007847,704,1,,1424.0,2320,FULFILLED,ARS,51600.0,10836.0,1500.0,63936.0,20240312
1000007848,1074,2,1.0,3289.0,1,PAID,ARS,12000.0,2520.0,0.0,14520.0,20240221
1000007849,877,1,,3515.0,2855,REFUNDED,ARS,35280.0,7408.8,1200.0,43888.8,20240229
1000007850,1271,1,,2353.0,2508,FULFILLED,ARS,41610.0,8738.1,1200.0,51548.1,20250401
1000007851,786,1,,2184.0,3006,FULFILLED,ARS,14700.0,3087.0,1200.0,18987.0,20250726
1000007852,1454,1,,2997.0,1370,FULFILLED,ARS,30000.0,6300.0,1500.0,37800.0,20240122
1000007853,732,2,2.0,3840.0,2,CANCELLED,ARS,27000.0,5670.0,0.0,32670.0,20241222
1000007854,482,1,,2669.0,3860,CREATED,ARS,14700.0,3087.0,0.0,17787.0,20250510
1000007855,74,1,,1526.0,3371,FULFILLED,ARS,34200.0,7182.0,1200.0,42582.0,20250105
1000007856,1238,1,,,3309,REFUNDED,ARS,36000.0,7560.0,1500.0,45060.0,20250927
1000007857,232,1,,3225.0,3907,FULFILLED,ARS,24000.0,5040.0,900.0,29940.0,20240704
1000007858,611,1,,3306.0,2423,REFUNDED,ARS,45600.0,9576.0,1200.0,56376.0,20250207
1000007859,1275,2,1.0,2599.0,1,FULFILLED,ARS,60480.0,12700.8,0.0,73180.8,20250621
1000007860,1483,1,,2479.0,2181,FULFILLED,ARS,24000.0,5040.0,1200.0,30240.0,20240527
1000007861,571,1,,3158.0,2741,FULFILLED,ARS,28500.0,5985.0,900.0,35385.0,20241123
1000007862,1008,2,2.0,2281.0,2,PAID,ARS,37350.0,7843.5,0.0,45193.5,20250129
1000007863,1048,1,,2214.0,3616,REFUNDED,ARS,35280.0,7408.8,1200.0,43888.8,20250207
1000007864,252,1,,2427.0,1695,PAID,ARS,34200.0,7182.0,0.0,41382.0,20241225
1000007865,547,1,,2426.0,2874,FULFILLED,ARS,56430.0,11850.3,1200.0,69480.3,20240215
1000007866,1038,2,1.0,2711.0,1,CANCELLED,ARS,35280.0,7408.8,0.0,42688.8,20250602
1000007867,882,2,3.0,2433.0,3,PAID,ARS,34020.0,7144.2,0.0,41164.2,20250914
1000007868,261,1,,1971.0,4027,FULFILLED,ARS,28500.0,5985.0,1500.0,35985.0,20250810
1000007869,770,1,,1092.0,3456,REFUNDED,ARS,70872.0,14883.12,1200.0,86955.12,20250819
1000007870,95,2,3.0,2138.0,3,FULFILLED,ARS,21720.0,4561.2,0.0,26281.2,20250528
1000007871,1327,2,1.0,1694.0,1,FULFILLED,ARS,60210.0,12644.1,0.0,72854.1,20240605
1000007872,960,1,,3210.0,2707,PAID,ARS,27000.0,5670.0,1200.0,33870.0,20250522
1000007873,523,2,2.0,2259.0,2,FULFILLED,ARS,42750.0,8977.5,0.0,51727.5,20250428
1000007874,1279,2,4.0,3917.0,4,FULFILLED,ARS,29400.0,6174.0,0.0,35574.0,20240114
1000007875,559,1,,,3282,FULFILLED,ARS,34875.0,7323.75,900.0,43098.75,20240201
1000007876,124,2,3.0,4014.0,3,PAID,ARS,25260.0,5304.6,0.0,30564.6,20250612
1000007877,113,2,4.0,2530.0,4,PAID,ARS,34200.0,7182.0,0.0,41382.0,20240821
1000007878,1419,2,2.0,2011.0,2,FULFILLED,ARS,42000.0,8820.0,0.0,50820.0,20250823
1000007879,1324,1,,2092.0,2853,FULFILLED,ARS,35280.0,7408.8,1200.0,43888.8,20240226
1000007880,311,1,,1129.0,2971,FULFILLED,ARS,14700.0,3087.0,900.0,18687.0,20250722
1000007881,1135,1,,2930.0,1792,FULFILLED,ARS,10800.0,2268.0,900.0,13968.0,20250725
1000007882,828,1,,2396.0,4011,PAID,ARS,14850.0,3118.5,1200.0,19168.5,20250929
1000007883,158,1,,2577.0,2910,FULFILLED,ARS,28500.0,5985.0,1500.0,35985.0,20241001
1000007884,50,2,2.0,2420.0,2,FULFILLED,ARS,44250.0,9292.5,0.0,53542.5,20240422
1000007885,446,2,4.0,3939.0,4,FULFILLED,ARS,23940.0,5027.4,0.0,28967.4,20250324
1000007886,27,1,,3533.0,3497,PAID,ARS,36000.0,7560.0,900.0,44460.0,20250110
1000007887,1158,1,,3688.0,3882,FULFILLED,ARS,29160.0,6123.6,1200.0,36483.6,20240208
1000007888,433,2,3.0,,3,FULFILLED,ARS,55440.0,11642.4,0.0,67082.4,20241106
1000007889,140,1,,1426.0,3185,FULFILLED,ARS,12000.0,2520.0,0.0,14520.0,20250420
1000007890,609,2,2.0,1977.0,2,REFUNDED,ARS,15435.0,3241.35,0.0,18676.35,20250829
1000007891,1361,1,,1685.0,1195,PAID,ARS,40500.0,8505.0,1200.0,50205.0,20250623
1000007892,1199,1,,1776.0,2548,FULFILLED,ARS,10800.0,2268.0,900.0,13968.0,20250129
1000007893,19,2,4.0,1615.0,4,PAID,ARS,24300.0,5103.0,0.0,29403.0,20241025
1000007894,981,2,4.0,1724.0,4,FULFILLED,ARS,75000.0,15750.0,0.0,90750.0,20240215
1000007895,1353,1,,2294.0,3621,FULFILLED,ARS,11400.0,2394.0,900.0,14694.0,20240302
1000007896,1091,1,,2291.0,2846,FULFILLED,ARS,12150.0,2551.5,900.0,15601.5,20240709
1000007897,284,1,,3215.0,4136,REFUNDED,ARS,51600.0,10836.0,1200.0,63636.0,20250328
1000007898,31,1,,4186.0,2666,FULFILLED,ARS,56484.0,11861.64,1200.0,69545.64,20250528
1000007899,1392,1,,1766.0,1779,FULFILLED,ARS,14850.0,3118.5,1500.0,19468.5,20240806
1000007900,601,2,3.0,3848.0,3,FULFILLED,ARS,23940.0,5027.4,0.0,28967.4,20250302
1000007901,721,2,4.0,,4,REFUNDED,ARS,14250.0,2992.5,0.0,17242.5,20250702
1000007902,113,1,,3595.0,2761,FULFILLED,ARS,21600.0,4536.0,0.0,26136.0,20250520
1000007903,740,2,1.0,2111.0,1,PAID,ARS,45600.0,9576.0,0.0,55176.0,20241128
1000007904,868,1,,1608.0,2652,FULFILLED,ARS,57960.0,12171.6,1200.0,71331.6,20240912
1000007905,1450,1,,2277.0,2443,CANCELLED,ARS,35280.0,7408.8,1200.0,43888.8,20250420
1000007906,1102,1,,3390.0,4164,FULFILLED,ARS,12540.0,2633.4,0.0,15173.4,20250508
1000007907,735,2,2.0,3142.0,2,CREATED,ARS,21600.0,4536.0,0.0,26136.0,20250806
1000007908,1373,2,3.0,1626.0,3,FULFILLED,ARS,38475.0,8079.75,0.0,46554.75,20250908
1000007909,88,1,,2769.0,2323,CREATED,ARS,24300.0,5103.0,1200.0,30603.0,20250922
1000007910,427,2,2.0,2295.0,2,PAID,ARS,28500.0,5985.0,0.0,34485.0,20250317
1000007911,891,2,1.0,3335.0,1,FULFILLED,ARS,11400.0,2394.0,0.0,13794.0,20240207
1000007912,254,1,,2326.0,2472,PAID,ARS,13500.0,2835.0,1500.0,17835.0,20250217
1000007913,977,1,,1202.0,3167,FULFILLED,ARS,36000.0,7560.0,0.0,43560.0,20240418
1000007914,409,1,,3582.0,2766,CANCELLED,ARS,34200.0,7182.0,1200.0,42582.0,20241208
1000007915,1355,2,4.0,3005.0,4,PAID,ARS,21168.0,4445.28,0.0,25613.28,20240727
1000007916,813,1,,2674.0,1003,FULFILLED,ARS,31752.0,6667.92,1200.0,39619.92,20240717
1000007917,672,1,,2205.0,1847,FULFILLED,ARS,29400.0,6174.0,1500.0,37074.0,20240613
1000007918,354,1,,3135.0,2816,FULFILLED,ARS,42372.0,8898.12,900.0,52170.12,20250420
1000007919,844,1,,4050.0,1901,PAID,ARS,28500.0,5985.0,1200.0,35685.0,20250625
1000007920,829,1,,,2674,FULFILLED,ARS,32400.0,6804.0,1200.0,40404.0,20240827
1000007921,568,1,,1105.0,4052,CANCELLED,ARS,44100.0,9261.0,1200.0,54561.0,20240929
1000007922,205,1,,3590.0,1663,FULFILLED,ARS,14700.0,3087.0,900.0,18687.0,20240315
1000007923,1445,2,4.0,1248.0,4,FULFILLED,ARS,29700.0,6237.0,0.0,35937.0,20240926
1000007924,402,2,2.0,2763.0,2,FULFILLED,ARS,12000.0,2520.0,0.0,14520.0,20241111
1000007925,1438,2,2.0,3490.0,2,FULFILLED,ARS,47820.0,10042.2,0.0,57862.2,20240201
1000007926,1029,2,1.0,3622.0,1,REFUNDED,ARS,55500.0,11655.0,0.0,67155.0,20240206
1000007927,1235,1,,3163.0,3385,FULFILLED,ARS,64500.0,13545.0,1200.0,79245.0,20250408
1000007928,125,1,,3777.0,3209,FULFILLED,ARS,36000.0,7560.0,1200.0,44760.0,20240415
1000007929,975,2,1.0,,1,REFUNDED,ARS,67200.0,14112.0,0.0,81312.0,20250809
1000007930,520,1,,1787.0,1004,FULFILLED,ARS,14175.0,2976.75,1500.0,18651.75,20240626
1000007931,1200,2,1.0,3686.0,1,FULFILLED,ARS,48510.0,10187.1,0.0,58697.1,20240421
1000007932,168,2,1.0,3845.0,1,REFUNDED,ARS,36450.0,7654.5,0.0,44104.5,20241022
1000007933,176,1,,2453.0,1630,FULFILLED,ARS,53400.0,11214.0,1500.0,66114.0,20240625
1000007934,827,2,1.0,3435.0,1,FULFILLED,ARS,43200.0,9072.0,0.0,52272.0,20240119
1000007935,1323,1,,2538.0,2151,FULFILLED,ARS,30780.0,6463.8,0.0,37243.8,20240418
1000007936,486,1,,3789.0,2894,FULFILLED,ARS,44100.0,9261.0,1200.0,54561.0,20240117
1000007937,158,2,1.0,2952.0,1,PAID,ARS,40500.0,8505.0,0.0,49005.0,20240329
1000007938,179,1,,2306.0,2159,FULFILLED,ARS,40500.0,8505.0,900.0,49905.0,20240624
1000007939,637,1,,3894.0,2146,CANCELLED,ARS,43740.0,9185.4,1200.0,54125.4,20250710
1000007940,7,2,2.0,3965.0,2,FULFILLED,ARS,23940.0,5027.4,0.0,28967.4,20241016
1000007941,89,2,3.0,1624.0,3,PAID,ARS,35280.0,7408.8,0.0,42688.8,20240617
1000007942,967,2,2.0,,2,FULFILLED,ARS,15000.0,3150.0,0.0,18150.0,20240514
1000007943,1056,1,,1236.0,3196,FULFILLED,ARS,83250.0,17482.5,1200.0,101932.5,20240208
1000007944,77,2,3.0,3051.0,3,FULFILLED,ARS,40500.0,8505.0,0.0,49005.0,20240205
1000007945,957,1,,1904.0,3089,FULFILLED,ARS,76410.0,16046.1,900.0,93356.1,20240428
1000007946,544,1,,3083.0,1075,FULFILLED,ARS,34200.0,7182.0,1200.0,42582.0,20250207
1000007947,310,1,,1524.0,3328,FULFILLED,ARS,37800.0,7938.0,1500.0,47238.0,20240223
1000007948,1336,2,3.0,3879.0,3,FULFILLED,ARS,79200.0,16632.0,0.0,95832.0,20241021
1000007949,692,1,,2918.0,2287,FULFILLED,ARS,38808.0,8149.68,900.0,47857.68,20250820
1000007950,125,1,,1816.0,1216,FULFILLED,ARS,36000.0,7560.0,1200.0,44760.0,20241129
1000007951,1319,1,,3347.0,1204,FULFILLED,ARS,10800.0,2268.0,900.0,13968.0,20250308
1000007952,46,1,,1465.0,1562,FULFILLED,ARS,15675.0,3291.75,1200.0,20166.75,20250119
1000007953,1053,2,1.0,2138.0,1,FULFILLED,ARS,51300.0,10773.0,0.0,62073.0,20250808
1000007954,505,1,,1615.0,3237,FULFILLED,ARS,11760.0,2469.6,0.0,14229.6,20240505
1000007955,590,1,,4041.0,2968,PAID,ARS,11970.0,2513.7,900.0,15383.7,20240929
1000007956,740,1,,,2540,FULFILLED,ARS,27000.0,5670.0,1200.0,33870.0,20240522
1000007957,1195,1,,4080.0,3077,REFUNDED,ARS,10800.0,2268.0,1200.0,14268.0,20250911
1000007958,514,2,4.0,1346.0,4,FULFILLED,ARS,23814.0,5000.94,0.0,28814.94,20240526
1000007959,612,2,1.0,2347.0,1,CANCELLED,ARS,29400.0,6174.0,0.0,35574.0,20240220
1000007960,45,1,,1092.0,1033,FULFILLED,ARS,28500.0,5985.0,900.0,35385.0,20250619
1000007961,545,2,3.0,2731.0,3,FULFILLED,ARS,37620.0,7900.2,0.0,45520.2,20240802
1000007962,538,2,3.0,,3,FULFILLED,ARS,22800.0,4788.0,0.0,27588.0,20240902
1000007963,329,1,,3838.0,1035,FULFILLED,ARS,12825.0,2693.25,900.0,16418.25,20240416
1000007964,406,2,2.0,1159.0,2,FULFILLED,ARS,16500.0,3465.0,0.0,19965.0,20250927
1000007965,965,1,,1348.0,2803,FULFILLED,ARS,73500.0,15435.0,900.0,89835.0,20241021
1000007966,579,1,,4032.0,3431,FULFILLED,ARS,42750.0,8977.5,1200.0,52927.5,20250331
1000007967,647,1,,2703.0,2975,FULFILLED,ARS,40500.0,8505.0,1200.0,50205.0,20240422
1000007968,821,2,1.0,2889.0,1,FULFILLED,ARS,42750.0,8977.5,0.0,51727.5,20250502
1000007969,192,1,,1027.0,1768,FULFILLED,ARS,21600.0,4536.0,900.0,27036.0,20240508
1000007970,134,2,1.0,3562.0,1,FULFILLED,ARS,22680.0,4762.8,0.0,27442.8,20250413
1000007971,640,2,2.0,1550.0,2,PAID,ARS,11400.0,2394.0,0.0,13794.0,20241003
1000007972,1420,1,,2317.0,2969,FULFILLED,ARS,45000.0,9450.0,900.0,55350.0,20240410
1000007973,675,1,,2059.0,1223,REFUNDED,ARS,40500.0,8505.0,1200.0,50205.0,20241105
1000007974,556,1,,3374.0,3011,FULFILLED,ARS,22800.0,4788.0,1200.0,28788.0,20240109
1000007975,930,1,,2585.0,2083,FULFILLED,ARS,14250.0,2992.5,1200.0,18442.5,20240407
1000007976,752,1,,,1458,CANCELLED,ARS,13200.0,2772.0,0.0,15972.0,20240222
1000007977,343,2,2.0,1619.0,2,FULFILLED,ARS,13200.0,2772.0,0.0,15972.0,20250418
1000007978,1098,2,2.0,,2,PAID,ARS,47040.0,9878.4,0.0,56918.4,20240704
1000007979,1188,2,3.0,2158.0,3,PAID,ARS,11400.0,2394.0,0.0,13794.0,20240902
1000007980,540,1,,3679.0,1429,CANCELLED,ARS,28500.0,5985.0,1200.0,35685.0,20241221
1000007981,1005,1,,2935.0,1751,FULFILLED,ARS,41925.0,8804.25,0.0,50729.25,20241218
1000007982,27,1,,3538.0,3607,FULFILLED,ARS,21168.0,4445.28,1500.0,27113.28,20240714
1000007983,1437,1,,2877.0,3907,FULFILLED,ARS,32400.0,6804.0,1200.0,40404.0,20250605
1000007984,1268,2,2.0,2988.0,2,FULFILLED,ARS,45420.0,9538.2,0.0,54958.2,20250205
1000007985,713,1,,2570.0,2511,FULFILLED,ARS,45000.0,9450.0,1200.0,55650.0,20240504
1000007986,759,1,,1200.0,2252,PAID,ARS,13500.0,2835.0,900.0,17235.0,20241209
1000007987,396,1,,1067.0,3635,FULFILLED,ARS,24000.0,5040.0,900.0,29940.0,20240912
1000007988,827,2,2.0,1208.0,2,FULFILLED,ARS,13500.0,2835.0,0.0,16335.0,20240512
1000007989,1220,1,,1035.0,3659,PAID,ARS,45000.0,9450.0,900.0,55350.0,20240920
1000007990,631,1,,3357.0,3564,PAID,ARS,30000.0,6300.0,1500.0,37800.0,20240402
1000007991,1163,1,,3766.0,1499,FULFILLED,ARS,63420.0,13318.2,1200.0,77938.2,20250417
1000007992,1057,1,,3565.0,4080,PAID,ARS,14700.0,3087.0,0.0,17787.0,20241221
1000007993,1373,2,4.0,1329.0,4,FULFILLED,ARS,21600.0,4536.0,0.0,26136.0,20250910
1000007994,776,1,,1190.0,3736,FULFILLED,ARS,21600.0,4536.0,0.0,26136.0,20240805
1000007995,459,2,2.0,1428.0,2,CANCELLED,ARS,54000.0,11340.0,0.0,65340.0,20240922
1000007996,699,2,2.0,,2,FULFILLED,ARS,30780.0,6463.8,0.0,37243.8,20250718
1000007997,67,1,,3239.0,2636,FULFILLED,ARS,10800.0,2268.0,1500.0,14568.0,20250104
1000007998,516,2,2.0,2604.0,2,FULFILLED,ARS,69900.0,14679.0,0.0,84579.0,20250908
1000007999,9,2,3.0,3779.0,3,FULFILLED,ARS,28500.0,5985.0,0.0,34485.0,20241028
1000008000,1424,2,4.0,2755.0,4,PAID,ARS,28950.0,6079.5,0.0,35029.5,20241112
1000008001,1019,1,,1812.0,1517,PAID,ARS,44400.0,9324.0,0.0,53724.0,20241206
1000008002,1069,1,,3596.0,1864,FULFILLED,ARS,49068.0,10304.28,1200.0,60572.28,20250613
1000008003,1133,1,,2769.0,3329,FULFILLED,ARS,59400.0,12474.0,0.0,71874.0,20240406
1000008004,882,1,,1654.0,2190,FULFILLED,ARS,44887.5,9426.38,900.0,55213.88,20250725
1000008005,677,2,1.0,2165.0,1,FULFILLED,ARS,66600.0,13986.0,0.0,80586.0,20250716
1000008006,20,1,,2459.0,1007,FULFILLED,ARS,40650.0,8536.5,900.0,50086.5,20240430
1000008007,1151,1,,3472.0,3544,FULFILLED,ARS,23520.0,4939.2,0.0,28459.2,20250203
1000008008,293,2,3.0,1900.0,3,FULFILLED,ARS,44100.0,9261.0,0.0,53361.0,20250815
1000008009,1124,2,1.0,3266.0,1,CANCELLED,ARS,36000.0,7560.0,0.0,43560.0,20250422
1000008010,340,1,,1132.0,3852,FULFILLED,ARS,14175.0,2976.75,900.0,18051.75,20250917
1000008011,134,2,2.0,2597.0,2,FULFILLED,ARS,14700.0,3087.0,0.0,17787.0,20250608
1000008012,1315,1,,2612.0,1726,FULFILLED,ARS,14175.0,2976.75,0.0,17151.75,20240628
1000008013,1189,1,,3839.0,2249,FULFILLED,ARS,44100.0,9261.0,1200.0,54561.0,20241231
1000008014,368,1,,,2392,FULFILLED,ARS,10800.0,2268.0,0.0,13068.0,20250627
1000008015,1251,2,2.0,2049.0,2,FULFILLED,ARS,10800.0,2268.0,0.0,13068.0,20240904
1000008016,1242,1,,2495.0,2870,FULFILLED,ARS,34920.0,7333.2,1200.0,43453.2,20240118
1000008017,987,1,,,2340,PAID,ARS,45000.0,9450.0,1200.0,55650.0,20250725
1000008018,596,1,,2192.0,3154,CANCELLED,ARS,10260.0,2154.6,1200.0,13614.6,20241213
1000008019,973,2,3.0,1345.0,3,PAID,ARS,45000.0,9450.0,0.0,54450.0,20240905
1000008020,1210,1,,3982.0,1491,FULFILLED,ARS,32400.0,6804.0,1200.0,40404.0,20250701
1000008021,14,1,,2753.0,3715,PAID,ARS,34020.0,7144.2,1200.0,42364.2,20240621
1000008022,409,1,,1322.0,2279,FULFILLED,ARS,48900.0,10269.0,1200.0,60369.0,20240605
1000008023,616,1,,3166.0,1196,REFUNDED,ARS,9720.0,2041.2,1200.0,12961.2,20241111
1000008024,233,2,2.0,2162.0,2,FULFILLED,ARS,26850.0,5638.5,0.0,32488.5,20250313
1000008025,835,1,,,4092,FULFILLED,ARS,52620.0,11050.2,900.0,64570.2,20250629
1000008026,90,1,,3609.0,3657,CREATED,ARS,96690.0,20304.9,1200.0,118194.9,20250128
1000008027,791,1,,3306.0,2640,FULFILLED,ARS,46260.0,9714.6,0.0,55974.6,20241023
1000008028,664,1,,3818.0,2548,FULFILLED,ARS,32400.0,6804.0,1200.0,40404.0,20240201
1000008029,1473,2,1.0,1074.0,1,FULFILLED,ARS,24000.0,5040.0,0.0,29040.0,20250301
1000008030,436,2,2.0,2116.0,2,PAID,ARS,37044.0,7779.24,0.0,44823.24,20240516
1000008031,899,2,3.0,,3,FULFILLED,ARS,23400.0,4914.0,0.0,28314.0,20250118
1000008032,1202,1,,2634.0,1642,FULFILLED,ARS,78660.0,16518.6,0.0,95178.6,20250629
1000008033,800,2,3.0,4078.0,3,PAID,ARS,14250.0,2992.5,0.0,17242.5,20240517
1000008034,303,2,3.0,3191.0,3,FULFILLED,ARS,46800.0,9828.0,0.0,56628.0,20240921
1000008035,401,2,1.0,1666.0,1,CANCELLED,ARS,16170.0,3395.7,0.0,19565.7,20240316
1000008036,107,1,,2915.0,2996,FULFILLED,ARS,29925.0,6284.25,900.0,37109.25,20250506
1000008037,1092,2,2.0,1535.0,2,PAID,ARS,43848.0,9208.08,0.0,53056.08,20240926
1000008038,1387,2,2.0,1288.0,2,CANCELLED,ARS,13500.0,2835.0,0.0,16335.0,20250102
1000008039,427,1,,3254.0,2358,FULFILLED,ARS,76650.0,16096.5,900.0,93646.5,20250513
1000008040,963,2,2.0,3705.0,2,PAID,ARS,12936.0,2716.56,0.0,15652.56,20240917
1000008041,1471,2,1.0,2286.0,1,FULFILLED,ARS,14700.0,3087.0,0.0,17787.0,20240910
1000008042,118,2,3.0,3415.0,3,FULFILLED,ARS,12000.0,2520.0,0.0,14520.0,20250209
1000008043,552,1,,3020.0,2876,PAID,ARS,29400.0,6174.0,1200.0,36774.0,20250822
1000008044,543,1,,3306.0,1575,CANCELLED,ARS,93900.0,19719.0,900.0,114519.0,20240822
1000008045,755,1,,1733.0,4199,FULFILLED,ARS,32400.0,6804.0,900.0,40104.0,20240430
1000008046,1410,1,,3212.0,1130,FULFILLED,ARS,43860.0,9210.6,0.0,53070.6,20250808
1000008047,47,2,4.0,3686.0,4,PAID,ARS,48510.0,10187.1,0.0,58697.1,20240827
1000008048,879,1,,3460.0,3151,FULFILLED,ARS,20520.0,4309.2,900.0,25729.2,20250223
1000008049,724,2,4.0,1502.0,4,FULFILLED,ARS,50778.0,10663.38,0.0,61441.38,20241109
1000008050,1355,1,,,2312,FULFILLED,ARS,74880.0,15724.8,900.0,91504.8,20250704
1000008051,506,1,,2190.0,1878,FULFILLED,ARS,10800.0,2268.0,900.0,13968.0,20241028
1000008052,1329,1,,1102.0,1569,PAID,ARS,10800.0,2268.0,1200.0,14268.0,20240428
1000008053,344,2,2.0,4153.0,2,CANCELLED,ARS,29925.0,6284.25,0.0,36209.25,20250421
1000008054,241,1,,1347.0,1654,FULFILLED,ARS,24000.0,5040.0,1200.0,30240.0,20241121
1000008055,406,2,2.0,4089.0,2,PAID,ARS,31752.0,6667.92,0.0,38419.92,20241201
1000008056,201,2,4.0,1523.0,4,FULFILLED,ARS,42750.0,8977.5,0.0,51727.5,20250517
1000008057,1499,1,,2685.0,3732,FULFILLED,ARS,23520.0,4939.2,900.0,29359.2,20240621
1000008058,785,2,3.0,,3,FULFILLED,ARS,22800.0,4788.0,0.0,27588.0,20250327
1000008059,1493,2,4.0,2555.0,4,CANCELLED,ARS,11760.0,2469.6,0.0,14229.6,20240902
1000008060,797,1,,1688.0,4195,FULFILLED,ARS,47025.0,9875.25,900.0,57800.25,20240508
1000008061,1008,1,,2368.0,3890,FULFILLED,ARS,22800.0,4788.0,900.0,28488.0,20241228
1000008062,1198,1,,3875.0,1422,REFUNDED,ARS,24000.0,5040.0,0.0,29040.0,20250412
1000008063,1258,1,,2258.0,4178,FULFILLED,ARS,19440.0,4082.4,1200.0,24722.4,20250213
1000008064,68,2,2.0,1696.0,2,FULFILLED,ARS,34200.0,7182.0,0.0,41382.0,20240304
1000008065,788,1,,2550.0,3071,PAID,ARS,32400.0,6804.0,900.0,40104.0,20250115
1000008066,594,1,,,2972,FULFILLED,ARS,36000.0,7560.0,1200.0,44760.0,20250117
1000008067,1149,1,,4022.0,1457,FULFILLED,ARS,55860.0,11730.6,900.0,68490.6,20240102
1000008068,97,1,,3768.0,3226,PAID,ARS,12150.0,2551.5,1500.0,16201.5,20250427
1000008069,1457,1,,3900.0,2037,CANCELLED,ARS,29400.0,6174.0,1200.0,36774.0,20240117
1000008070,630,1,,2615.0,3512,FULFILLED,ARS,36000.0,7560.0,0.0,43560.0,20240608
1000008071,156,2,2.0,2193.0,2,FULFILLED,ARS,11970.0,2513.7,0.0,14483.7,20250614
1000008072,528,1,,1014.0,3574,FULFILLED,ARS,62220.0,13066.2,1200.0,76486.2,20250107
1000008073,1148,2,2.0,,2,FULFILLED,ARS,23970.0,5033.7,0.0,29003.7,20250930
1000008074,457,2,2.0,2271.0,2,FULFILLED,ARS,22680.0,4762.8,0.0,27442.8,20250518
1000008075,691,1,,1038.0,1197,FULFILLED,ARS,47250.0,9922.5,900.0,58072.5,20250418
1000008076,1475,1,,,1785,FULFILLED,ARS,47850.0,10048.5,1200.0,59098.5,20240806
1000008077,377,1,,3560.0,3878,PAID,ARS,30675.0,6441.75,0.0,37116.75,20250608
1000008078,656,1,,1392.0,2823,FULFILLED,ARS,72900.0,15309.0,1200.0,89409.0,20240727
1000008079,475,1,,3703.0,3785,FULFILLED,ARS,21600.0,4536.0,1200.0,27336.0,20240624
1000008080,488,1,,2585.0,3151,FULFILLED,ARS,24000.0,5040.0,1200.0,30240.0,20240624
1000008081,279,2,4.0,4055.0,4,FULFILLED,ARS,37800.0,7938.0,0.0,45738.0,20250901
1000008082,719,1,,2360.0,1512,FULFILLED,ARS,23940.0,5027.4,1500.0,30467.4,20240522
1000008083,371,1,,3948.0,1393,FULFILLED,ARS,47250.0,9922.5,1200.0,58372.5,20250707
1000008084,728,2,4.0,3546.0,4,FULFILLED,ARS,48780.0,10243.8,0.0,59023.8,20241202
1000008085,1413,1,,2444.0,1993,FULFILLED,ARS,78300.0,16443.0,1200.0,95943.0,20250512
1000008086,996,1,,3470.0,3756,PAID,ARS,10584.0,2222.64,900.0,13706.64,20250109
1000008087,992,1,,2979.0,2444,REFUNDED,ARS,42336.0,8890.56,1200.0,52426.56,20250921
1000008088,275,2,2.0,2120.0,2,FULFILLED,ARS,81450.0,17104.5,0.0,98554.5,20250412
1000008089,1448,1,,3638.0,1071,PAID,ARS,14700.0,3087.0,1500.0,19287.0,20250830
1000008090,1277,1,,3566.0,2322,FULFILLED,ARS,29212.5,6134.62,900.0,36247.12,20250815
1000008091,215,1,,,4111,REFUNDED,ARS,12540.0,2633.4,1200.0,16373.4,20250321
1000008092,274,1,,3990.0,4021,PAID,ARS,44887.5,9426.38,0.0,54313.88,20240827
1000008093,174,2,2.0,3121.0,2,FULFILLED,ARS,13500.0,2835.0,0.0,16335.0,20240128
1000008094,251,2,1.0,,1,FULFILLED,ARS,21600.0,4536.0,0.0,26136.0,20241118
1000008095,386,1,,1891.0,4095,FULFILLED,ARS,31500.0,6615.0,1200.0,39315.0,20250422
1000008096,602,1,,1116.0,3932,FULFILLED,ARS,25650.0,5386.5,1200.0,32236.5,20240109
1000008097,884,1,,2614.0,2704,FULFILLED,ARS,45168.0,9485.28,1200.0,55853.28,20240116
1000008098,129,2,2.0,4092.0,2,FULFILLED,ARS,59400.0,12474.0,0.0,71874.0,20240313
1000008099,871,2,3.0,2871.0,3,FULFILLED,ARS,23520.0,4939.2,0.0,28459.2,20240207
1000008100,888,2,1.0,,1,REFUNDED,ARS,84180.0,17677.8,0.0,101857.8,20240428
1000008101,64,2,4.0,2656.0,4,FULFILLED,ARS,32400.0,6804.0,0.0,39204.0,20250429
1000008102,474,1,,2843.0,2871,FULFILLED,ARS,23520.0,4939.2,1200.0,29659.2,20250817
1000008103,473,2,1.0,3522.0,1,PAID,ARS,22800.0,4788.0,0.0,27588.0,20250907
1000008104,3,1,,1536.0,3669,FULFILLED,ARS,10260.0,2154.6,1200.0,13614.6,20240127
1000008105,662,1,,1415.0,4075,FULFILLED,ARS,12348.0,2593.08,0.0,14941.08,20250307
1000008106,533,1,,,2869,PAID,ARS,118687.5,24924.38,900.0,144511.88,20240119
1000008107,951,1,,2218.0,1204,FULFILLED,ARS,34020.0,7144.2,900.0,42064.2,20241211
1000008108,431,2,3.0,2056.0,3,FULFILLED,ARS,30000.0,6300.0,0.0,36300.0,20241019
1000008109,124,2,1.0,2881.0,1,PAID,ARS,21600.0,4536.0,0.0,26136.0,20240718
1000008110,401,2,1.0,3179.0,1,CANCELLED,ARS,11760.0,2469.6,0.0,14229.6,20240318
1000008111,177,2,1.0,1280.0,1,FULFILLED,ARS,87360.0,18345.6,0.0,105705.6,20250506
1000008112,2,2,3.0,2773.0,3,FULFILLED,ARS,13200.0,2772.0,0.0,15972.0,20250827
1000008113,1368,2,2.0,3722.0,2,FULFILLED,ARS,13500.0,2835.0,0.0,16335.0,20241201
1000008114,77,1,,2525.0,3283,FULFILLED,ARS,25200.0,5292.0,900.0,31392.0,20250520
1000008115,1427,1,,2864.0,3573,FULFILLED,ARS,13500.0,2835.0,1200.0,17535.0,20250924
1000008116,1052,1,,2711.0,3562,REFUNDED,ARS,15750.0,3307.5,1500.0,20557.5,20250702
1000008117,394,1,,3093.0,2603,CANCELLED,ARS,21600.0,4536.0,1200.0,27336.0,20250228
1000008118,1145,2,3.0,1153.0,3,FULFILLED,ARS,32400.0,6804.0,0.0,39204.0,20250209
1000008119,778,1,,2864.0,1175,PAID,ARS,25872.0,5433.12,1200.0,32505.12,20240726
1000008120,731,1,,2657.0,2702,FULFILLED,ARS,11340.0,2381.4,1200.0,14921.4,20240416
1000008121,332,2,1.0,,1,FULFILLED,ARS,38808.0,8149.68,0.0,46957.68,20250606
1000008122,1363,2,1.0,,1,FULFILLED,ARS,34200.0,7182.0,0.0,41382.0,20250618
1000008123,1480,1,,1876.0,1282,FULFILLED,ARS,11400.0,2394.0,1200.0,14994.0,20250120
1000008124,459,2,1.0,2486.0,1,FULFILLED,ARS,13500.0,2835.0,0.0,16335.0,20240706
1000008125,16,1,,1544.0,4158,FULFILLED,ARS,78750.0,16537.5,0.0,95287.5,20240321
1000008126,1137,1,,3169.0,3466,FULFILLED,ARS,14175.0,2976.75,1200.0,18351.75,20241121
1000008127,1456,1,,1271.0,2532,CANCELLED,ARS,45000.0,9450.0,0.0,54450.0,20240524
1000008128,1253,1,,2042.0,1273,FULFILLED,ARS,14700.0,3087.0,0.0,17787.0,20250302
1000008129,1296,2,2.0,1825.0,2,FULFILLED,ARS,12600.0,2646.0,0.0,15246.0,20240808
1000008130,475,2,2.0,2384.0,2,PAID,ARS,13230.0,2778.3,0.0,16008.3,20241212
1000008131,436,1,,2265.0,2619,FULFILLED,ARS,11340.0,2381.4,900.0,14621.4,20240226
1000008132,1114,1,,2021.0,3765,CANCELLED,ARS,34200.0,7182.0,1200.0,42582.0,20240811
1000008133,350,2,1.0,2689.0,1,FULFILLED,ARS,35910.0,7541.1,0.0,43451.1,20250324
1000008134,98,2,2.0,1271.0,2,FULFILLED,ARS,34200.0,7182.0,0.0,41382.0,20250528
1000008135,766,1,,3287.0,2871,CREATED,ARS,40500.0,8505.0,1200.0,50205.0,20250108
1000008136,112,2,2.0,,2,FULFILLED,ARS,11400.0,2394.0,0.0,13794.0,20240609
1000008137,387,1,,2809.0,3999,PAID,ARS,10800.0,2268.0,1500.0,14568.0,20241023
1000008138,37,1,,2049.0,3241,FULFILLED,ARS,12000.0,2520.0,1500.0,16020.0,20240417
1000008139,354,1,,2879.0,3363,FULFILLED,ARS,13230.0,2778.3,0.0,16008.3,20240821
1000008140,154,2,4.0,3195.0,4,PAID,ARS,14250.0,2992.5,0.0,17242.5,20250302
1000008141,533,1,,1529.0,3621,FULFILLED,ARS,37050.0,7780.5,1200.0,46030.5,20241126
1000008142,853,2,4.0,2785.0,4,CANCELLED,ARS,39600.0,8316.0,0.0,47916.0,20240115
1000008143,410,2,2.0,2732.0,2,FULFILLED,ARS,20520.0,4309.2,0.0,24829.2,20240425
1000008144,674,1,,2408.0,1821,FULFILLED,ARS,38430.0,8070.3,1200.0,47700.3,20250107
1000008145,806,2,1.0,3083.0,1,FULFILLED,ARS,42180.0,8857.8,0.0,51037.8,20240620
1000008146,1003,2,1.0,1198.0,1,FULFILLED,ARS,37044.0,7779.24,0.0,44823.24,20241115
1000008147,621,1,,3445.0,4194,PAID,ARS,32400.0,6804.0,1500.0,40704.0,20250524
1000008148,951,2,3.0,2019.0,3,FULFILLED,ARS,35280.0,7408.8,0.0,42688.8,20240705
1000008149,34,2,3.0,2556.0,3,PAID,ARS,15675.0,3291.75,0.0,18966.75,20240901
1000008150,3,1,,4031.0,3942,FULFILLED,ARS,11970.0,2513.7,0.0,14483.7,20250518
1000008151,1086,1,,3994.0,2509,FULFILLED,ARS,39660.0,8328.6,1500.0,49488.6,20250623
1000008152,1081,1,,2101.0,2683,FULFILLED,ARS,13500.0,2835.0,900.0,17235.0,20241221
1000008153,832,2,1.0,1232.0,1,FULFILLED,ARS,79020.0,16594.2,0.0,95614.2,20250416
1000008154,714,2,2.0,1881.0,2,FULFILLED,ARS,11400.0,2394.0,0.0,13794.0,20250204
1000008155,489,2,3.0,1149.0,3,FULFILLED,ARS,29160.0,6123.6,0.0,35283.6,20241109
1000008156,57,1,,3955.0,1255,FULFILLED,ARS,45120.0,9475.2,1500.0,56095.2,20241202
1000008157,631,2,1.0,,1,FULFILLED,ARS,34200.0,7182.0,0.0,41382.0,20250923
1000008158,1486,1,,4075.0,1809,FULFILLED,ARS,88044.0,18489.24,1200.0,107733.24,20250314
1000008159,469,1,,1868.0,1953,FULFILLED,ARS,27000.0,5670.0,1500.0,34170.0,20250314
1000008160,1049,2,3.0,,3,FULFILLED,ARS,25872.0,5433.12,0.0,31305.12,20241019
1000008161,300,1,,,3870,FULFILLED,ARS,34200.0,7182.0,1200.0,42582.0,20240517
1000008162,1291,1,,3703.0,2521,PAID,ARS,32400.0,6804.0,1200.0,40404.0,20250504
1000008163,268,2,3.0,2117.0,3,FULFILLED,ARS,10800.0,2268.0,0.0,13068.0,20250117
1000008164,452,1,,3718.0,1728,CREATED,ARS,45600.0,9576.0,900.0,56076.0,20241201
1000008165,541,1,,2524.0,1994,FULFILLED,ARS,75780.0,15913.8,0.0,91693.8,20240127
1000008166,1315,1,,3029.0,3797,FULFILLED,ARS,12000.0,2520.0,900.0,15420.0,20240407
1000008167,1489,1,,1513.0,1720,FULFILLED,ARS,19440.0,4082.4,900.0,24422.4,20250415
1000008168,55,1,,4075.0,4012,FULFILLED,ARS,21600.0,4536.0,1200.0,27336.0,20250707
1000008169,73,2,1.0,3090.0,1,FULFILLED,ARS,72000.0,15120.0,0.0,87120.0,20250910
1000008170,315,1,,1472.0,2317,FULFILLED,ARS,79830.0,16764.3,900.0,97494.3,20240519
1000008171,1254,2,4.0,2111.0,4,FULFILLED,ARS,11760.0,2469.6,0.0,14229.6,20250718
1000008172,1434,2,3.0,2300.0,3,PAID,ARS,78660.0,16518.6,0.0,95178.6,20240528
1000008173,1240,1,,4060.0,3733,REFUNDED,ARS,19440.0,4082.4,1500.0,25022.4,20250820
1000008174,1184,1,,1114.0,2279,FULFILLED,ARS,38808.0,8149.68,1200.0,48157.68,20240309
1000008175,1045,1,,1613.0,3367,CANCELLED,ARS,14250.0,2992.5,0.0,17242.5,20250713
1000008176,1476,1,,1686.0,1645,FULFILLED,ARS,48450.0,10174.5,1500.0,60124.5,20241103
1000008177,539,1,,3922.0,1418,PAID,ARS,11760.0,2469.6,1500.0,15729.6,20240826
1000008178,342,1,,2540.0,1711,FULFILLED,ARS,30000.0,6300.0,0.0,36300.0,20250625
1000008179,748,1,,2916.0,2675,FULFILLED,ARS,44550.0,9355.5,1200.0,55105.5,20250713
1000008180,1308,2,1.0,2285.0,1,FULFILLED,ARS,36000.0,7560.0,0.0,43560.0,20250516
1000008181,1245,2,2.0,,2,FULFILLED,ARS,42750.0,8977.5,0.0,51727.5,20250121
1000008182,487,1,,2163.0,3495,FULFILLED,ARS,42150.0,8851.5,900.0,51901.5,20250517
1000008183,1371,2,3.0,3229.0,3,FULFILLED,ARS,45000.0,9450.0,0.0,54450.0,20241022
1000008184,1493,1,,1709.0,3834,FULFILLED,ARS,23520.0,4939.2,1200.0,29659.2,20250220
1000008185,1027,1,,3507.0,3667,FULFILLED,ARS,34200.0,7182.0,1200.0,42582.0,20241030
1000008186,778,1,,1532.0,1051,FULFILLED,ARS,42750.0,8977.5,0.0,51727.5,20250729
1000008187,240,1,,2090.0,1492,FULFILLED,ARS,11340.0,2381.4,1200.0,14921.4,20250331
1000008188,254,2,3.0,3475.0,3,FULFILLED,ARS,22800.0,4788.0,0.0,27588.0,20240912
1000008189,621,1,,4128.0,3443,FULFILLED,ARS,11400.0,2394.0,1500.0,15294.0,20241203
1000008190,958,2,4.0,1399.0,4,FULFILLED,ARS,10800.0,2268.0,0.0,13068.0,20240917
1000008191,1281,1,,,3215,FULFILLED,ARS,74250.0,15592.5,1200.0,91042.5,20250428
1000008192,483,2,3.0,3319.0,3,FULFILLED,ARS,76440.0,16052.4,0.0,92492.4,20241213
1000008193,674,2,4.0,,4,REFUNDED,ARS,51450.0,10804.5,0.0,62254.5,20250907
1000008194,520,2,4.0,3323.0,4,FULFILLED,ARS,35280.0,7408.8,0.0,42688.8,20240207
1000008195,757,1,,2647.0,2741,FULFILLED,ARS,34200.0,7182.0,1200.0,42582.0,20250511
1000008196,614,2,2.0,1282.0,2,FULFILLED,ARS,15000.0,3150.0,0.0,18150.0,20250811
1000008197,1392,1,,3257.0,3670,REFUNDED,ARS,14250.0,2992.5,1200.0,18442.5,20241028
1000008198,748,2,4.0,1570.0,4,FULFILLED,ARS,15750.0,3307.5,0.0,19057.5,20241006
1000008199,492,2,2.0,2163.0,2,FULFILLED,ARS,54720.0,11491.2,0.0,66211.2,20241023
1000008200,603,1,,1073.0,2767,PAID,ARS,45000.0,9450.0,1200.0,55650.0,20250626
1000008201,161,2,3.0,1959.0,3,CANCELLED,ARS,39690.0,8334.9,0.0,48024.9,20250407
1000008202,352,1,,3263.0,2640,FULFILLED,ARS,27000.0,5670.0,1500.0,34170.0,20250911
1000008203,929,1,,2029.0,3192,FULFILLED,ARS,21600.0,4536.0,900.0,27036.0,20250409
1000008204,991,1,,3529.0,2909,FULFILLED,ARS,22680.0,4762.8,900.0,28342.8,20240414
1000008205,179,1,,2452.0,2563,FULFILLED,ARS,23760.0,4989.6,900.0,29649.6,20240401
1000008206,658,2,4.0,3905.0,4,FULFILLED,ARS,68010.0,14282.1,0.0,82292.1,20250602
1000008207,1483,1,,3275.0,2746,PAID,ARS,23400.0,4914.0,900.0,29214.0,20241019
1000008208,735,1,,3309.0,1199,FULFILLED,ARS,45000.0,9450.0,1200.0,55650.0,20250923
1000008209,1241,1,,1344.0,2737,PAID,ARS,23760.0,4989.6,1200.0,29949.6,20240825
1000008210,1489,1,,3333.0,3205,CREATED,ARS,40500.0,8505.0,900.0,49905.0,20250818
1000008211,358,1,,2445.0,3190,FULFILLED,ARS,42750.0,8977.5,1200.0,52927.5,20250716
1000008212,478,2,1.0,2879.0,1,FULFILLED,ARS,12000.0,2520.0,0.0,14520.0,20250904
1000008213,700,2,1.0,1849.0,1,FULFILLED,ARS,35280.0,7408.8,0.0,42688.8,20240422
1000008214,240,2,3.0,,3,FULFILLED,ARS,43500.0,9135.0,0.0,52635.0,20250429
1000008215,935,2,3.0,2019.0,3,FULFILLED,ARS,37050.0,7780.5,0.0,44830.5,20240909
1000008216,566,1,,2646.0,3075,FULFILLED,ARS,84600.0,17766.0,1200.0,103566.0,20241001
1000008217,2,2,4.0,2839.0,4,FULFILLED,ARS,12000.0,2520.0,0.0,14520.0,20241231
1000008218,99,1,,2257.0,1166,FULFILLED,ARS,24000.0,5040.0,900.0,29940.0,20250418
1000008219,1355,1,,1801.0,1558,FULFILLED,ARS,47250.0,9922.5,0.0,57172.5,20250401
1000008220,980,2,2.0,3537.0,2,PAID,ARS,46305.0,9724.05,0.0,56029.05,20240616
1000008221,813,1,,3032.0,3283,FULFILLED,ARS,35280.0,7408.8,1200.0,43888.8,20250312
1000008222,1499,1,,2739.0,3318,FULFILLED,ARS,43800.0,9198.0,1200.0,54198.0,20250604
1000008223,902,1,,3238.0,1171,FULFILLED,ARS,35910.0,7541.1,900.0,44351.1,20250912
1000008224,134,1,,1245.0,3147,CANCELLED,ARS,21600.0,4536.0,0.0,26136.0,20241231
1000008225,1316,1,,3804.0,2584,FULFILLED,ARS,15000.0,3150.0,0.0,18150.0,20240310
1000008226,652,2,2.0,1250.0,2,FULFILLED,ARS,44100.0,9261.0,0.0,53361.0,20241103
1000008227,149,1,,2102.0,3436,CANCELLED,ARS,40500.0,8505.0,1200.0,50205.0,20250220
1000008228,771,1,,4197.0,3147,FULFILLED,ARS,11400.0,2394.0,1200.0,14994.0,20241215
1000008229,424,2,1.0,4088.0,1,PAID,ARS,47250.0,9922.5,0.0,57172.5,20250415
1000008230,145,2,3.0,2654.0,3,CANCELLED,ARS,59100.0,12411.0,0.0,71511.0,20250817
1000008231,661,1,,3689.0,2784,PAID,ARS,28500.0,5985.0,900.0,35385.0,20250418
1000008232,969,1,,1542.0,2163,FULFILLED,ARS,30000.0,6300.0,1200.0,37500.0,20241024
1000008233,804,1,,2816.0,3041,PAID,ARS,29250.0,6142.5,900.0,36292.5,20250320
1000008234,277,1,,2848.0,1669,FULFILLED,ARS,14700.0,3087.0,1200.0,18987.0,20250503
1000008235,896,2,4.0,3399.0,4,FULFILLED,ARS,28500.0,5985.0,0.0,34485.0,20240128
1000008236,1339,2,1.0,1465.0,1,CREATED,ARS,12348.0,2593.08,0.0,14941.08,20240630
1000008237,710,1,,3992.0,1823,FULFILLED,ARS,20520.0,4309.2,1200.0,26029.2,20250511
1000008238,970,1,,,3414,FULFILLED,ARS,77520.0,16279.2,900.0,94699.2,20250327
1000008239,1027,1,,1962.0,3844,FULFILLED,ARS,44577.0,9361.17,1200.0,55138.17,20250920
1000008240,228,1,,3238.0,1334,FULFILLED,ARS,12936.0,2716.56,0.0,15652.56,20241110
1000008241,959,2,2.0,2377.0,2,FULFILLED,ARS,38475.0,8079.75,0.0,46554.75,20250806
1000008242,753,2,4.0,4058.0,4,PAID,ARS,62100.0,13041.0,0.0,75141.0,20240406
1000008243,402,1,,3884.0,3950,FULFILLED,ARS,44100.0,9261.0,900.0,54261.0,20250330
1000008244,59,2,2.0,2365.0,2,FULFILLED,ARS,10800.0,2268.0,0.0,13068.0,20250730
1000008245,1026,1,,1372.0,1717,FULFILLED,ARS,25650.0,5386.5,0.0,31036.5,20250316
1000008246,811,1,,1595.0,2176,FULFILLED,ARS,11400.0,2394.0,1200.0,14994.0,20250929
1000008247,1309,1,,2750.0,1040,FULFILLED,ARS,22800.0,4788.0,1500.0,29088.0,20240204
1000008248,1389,2,2.0,2357.0,2,CANCELLED,ARS,44160.0,9273.6,0.0,53433.6,20250201
1000008249,1173,1,,,2187,CANCELLED,ARS,21600.0,4536.0,900.0,27036.0,20250406
1000008250,618,1,,,2464,FULFILLED,ARS,21660.0,4548.6,1200.0,27408.6,20241116
1000008251,113,1,,2645.0,2415,FULFILLED,ARS,34200.0,7182.0,1500.0,42882.0,20241021
1000008252,657,1,,1842.0,1548,FULFILLED,ARS,23520.0,4939.2,1500.0,29959.2,20240601
1000008253,215,2,4.0,2193.0,4,PAID,ARS,31500.0,6615.0,0.0,38115.0,20241231
1000008254,1031,2,3.0,,3,FULFILLED,ARS,29160.0,6123.6,0.0,35283.6,20240315
1000008255,892,2,4.0,3682.0,4,FULFILLED,ARS,24300.0,5103.0,0.0,29403.0,20250522
1000008256,1215,2,1.0,2119.0,1,FULFILLED,ARS,35100.0,7371.0,0.0,42471.0,20250418
1000008257,528,1,,2236.0,1774,FULFILLED,ARS,45000.0,9450.0,900.0,55350.0,20240609
1000008258,999,1,,2525.0,3588,FULFILLED,ARS,12600.0,2646.0,0.0,15246.0,20250601
1000008259,921,2,4.0,1962.0,4,FULFILLED,ARS,24000.0,5040.0,0.0,29040.0,20240314
1000008260,634,1,,1419.0,2574,FULFILLED,ARS,32400.0,6804.0,1200.0,40404.0,20250122
1000008261,411,1,,2459.0,2203,PAID,ARS,43200.0,9072.0,900.0,53172.0,20240205
1000008262,713,1,,3682.0,1947,FULFILLED,ARS,48450.0,10174.5,1200.0,59824.5,20250201
1000008263,700,1,,3914.0,2182,PAID,ARS,45540.0,9563.4,900.0,56003.4,20240524
1000008264,1233,1,,2751.0,2466,FULFILLED,ARS,14250.0,2992.5,1500.0,18742.5,20240804
1000008265,566,1,,1490.0,2457,FULFILLED,ARS,39690.0,8334.9,1200.0,49224.9,20240311
1000008266,547,1,,3196.0,1597,FULFILLED,ARS,49620.0,10420.2,900.0,60940.2,20240217
1000008267,1075,1,,1201.0,2320,PAID,ARS,65952.0,13849.92,0.0,79801.92,20241224
1000008268,256,2,4.0,2080.0,4,FULFILLED,ARS,47880.0,10054.8,0.0,57934.8,20250211
1000008269,498,2,4.0,3686.0,4,FULFILLED,ARS,39120.0,8215.2,0.0,47335.2,20240101
1000008270,1141,1,,2297.0,1998,FULFILLED,ARS,23760.0,4989.6,1200.0,29949.6,20250402
1000008271,1380,1,,2459.0,2917,FULFILLED,ARS,19440.0,4082.4,900.0,24422.4,20240223
1000008272,1217,2,3.0,1361.0,3,FULFILLED,ARS,55800.0,11718.0,0.0,67518.0,20250506
1000008273,464,1,,3911.0,2249,PAID,ARS,40500.0,8505.0,900.0,49905.0,20241210
1000008274,256,1,,1889.0,1321,PAID,ARS,12600.0,2646.0,900.0,16146.0,20240911
1000008275,1182,1,,1808.0,2237,FULFILLED,ARS,29400.0,6174.0,1200.0,36774.0,20240714
1000008276,281,1,,3782.0,3008,PAID,ARS,32400.0,6804.0,900.0,40104.0,20240417
1000008277,1093,2,3.0,1422.0,3,REFUNDED,ARS,34200.0,7182.0,0.0,41382.0,20240823
1000008278,538,1,,1311.0,3665,PAID,ARS,65850.0,13828.5,900.0,80578.5,20250310
1000008279,24,1,,4169.0,3983,FULFILLED,ARS,99562.5,20908.12,1200.0,121670.62,20241108
1000008280,377,1,,3068.0,4180,PAID,ARS,55260.0,11604.6,900.0,67764.6,20240314
1000008281,1062,1,,2500.0,3907,FULFILLED,ARS,41100.0,8631.0,0.0,49731.0,20240704
1000008282,208,2,3.0,1840.0,3,PAID,ARS,32400.0,6804.0,0.0,39204.0,20250714
1000008283,950,2,2.0,1332.0,2,PAID,ARS,14175.0,2976.75,0.0,17151.75,20240906
1000008284,695,2,2.0,3978.0,2,CANCELLED,ARS,37620.0,7900.2,0.0,45520.2,20240818
1000008285,959,2,3.0,2056.0,3,FULFILLED,ARS,22200.0,4662.0,0.0,26862.0,20250522
1000008286,1038,2,3.0,3852.0,3,FULFILLED,ARS,23760.0,4989.6,0.0,28749.6,20241124
1000008287,935,1,,3792.0,3384,FULFILLED,ARS,10260.0,2154.6,1200.0,13614.6,20240614
1000008288,288,2,1.0,3317.0,1,FULFILLED,ARS,36450.0,7654.5,0.0,44104.5,20240804
1000008289,40,2,3.0,3619.0,3,FULFILLED,ARS,57720.0,12121.2,0.0,69841.2,20250531
1000008290,103,1,,3453.0,2976,PAID,ARS,47400.0,9954.0,1200.0,58554.0,20250909
1000008291,229,1,,1485.0,1547,CANCELLED,ARS,13500.0,2835.0,1200.0,17535.0,20250528
1000008292,655,1,,,2032,FULFILLED,ARS,15000.0,3150.0,1200.0,19350.0,20250227
1000008293,857,1,,1121.0,1785,REFUNDED,ARS,29400.0,6174.0,900.0,36474.0,20240305
1000008294,968,1,,2272.0,3760,FULFILLED,ARS,30000.0,6300.0,1500.0,37800.0,20240524
1000008295,460,1,,1851.0,3016,PAID,ARS,15000.0,3150.0,1500.0,19650.0,20250110
1000008296,429,1,,3084.0,1370,FULFILLED,ARS,27000.0,5670.0,900.0,33570.0,20240922
1000008297,744,2,3.0,2576.0,3,FULFILLED,ARS,67308.0,14134.68,0.0,81442.68,20250819
1000008298,867,1,,3768.0,3183,FULFILLED,ARS,34200.0,7182.0,900.0,42282.0,20240523
1000008299,488,1,,2013.0,3939,PAID,ARS,70695.0,14845.95,900.0,86440.95,20250109
1000008300,1127,1,,4169.0,3853,REFUNDED,ARS,38220.0,8026.2,1500.0,47746.2,20240430
1000008301,358,2,2.0,2209.0,2,FULFILLED,ARS,37044.0,7779.24,0.0,44823.24,20250801
1000008302,479,1,,1647.0,2529,PAID,ARS,12000.0,2520.0,0.0,14520.0,20241229
1000008303,1347,2,4.0,3115.0,4,FULFILLED,ARS,22680.0,4762.8,0.0,27442.8,20241029
1000008304,104,1,,,2972,FULFILLED,ARS,32400.0,6804.0,900.0,40104.0,20241204
1000008305,722,1,,2412.0,1751,FULFILLED,ARS,35100.0,7371.0,900.0,43371.0,20240229
1000008306,1332,2,3.0,3061.0,3,FULFILLED,ARS,42750.0,8977.5,0.0,51727.5,20250617
1000008307,116,1,,,1787,FULFILLED,ARS,25080.0,5266.8,1500.0,31846.8,20250224
1000008308,176,1,,3151.0,1931,FULFILLED,ARS,43200.0,9072.0,1500.0,53772.0,20250204
1000008309,995,1,,3564.0,1127,CANCELLED,ARS,14700.0,3087.0,900.0,18687.0,20250806
1000008310,234,1,,1305.0,3819,FULFILLED,ARS,45000.0,9450.0,900.0,55350.0,20250510
1000008311,88,2,2.0,3733.0,2,FULFILLED,ARS,29925.0,6284.25,0.0,36209.25,20240320
1000008312,1155,2,1.0,1882.0,1,FULFILLED,ARS,14700.0,3087.0,0.0,17787.0,20240828
1000008313,575,1,,3962.0,1353,FULFILLED,ARS,36000.0,7560.0,1200.0,44760.0,20240523
1000008314,1002,1,,2031.0,1930,FULFILLED,ARS,30000.0,6300.0,1200.0,37500.0,20250119
1000008315,383,1,,1628.0,1907,FULFILLED,ARS,104280.0,21898.8,900.0,127078.8,20250718
1000008316,446,1,,3242.0,1806,REFUNDED,ARS,12150.0,2551.5,900.0,15601.5,20250927
1000008317,306,1,,1137.0,3701,FULFILLED,ARS,47520.0,9979.2,1500.0,58999.2,20240608
1000008318,1480,2,4.0,3097.0,4,FULFILLED,ARS,36000.0,7560.0,0.0,43560.0,20240131
1000008319,988,1,,2634.0,2594,PAID,ARS,14700.0,3087.0,900.0,18687.0,20250717
1000008320,301,1,,3531.0,3182,FULFILLED,ARS,32340.0,6791.4,1200.0,40331.4,20250322
1000008321,806,1,,1246.0,3476,FULFILLED,ARS,56100.0,11781.0,900.0,68781.0,20250601
1000008322,763,1,,3223.0,2731,FULFILLED,ARS,34200.0,7182.0,900.0,42282.0,20250626
1000008323,670,2,1.0,1915.0,1,CANCELLED,ARS,15000.0,3150.0,0.0,18150.0,20241020
1000008324,319,1,,1882.0,2767,FULFILLED,ARS,10800.0,2268.0,900.0,13968.0,20240829
1000008325,389,2,4.0,4165.0,4,CANCELLED,ARS,71850.0,15088.5,0.0,86938.5,20250312
1000008326,701,1,,3628.0,2743,REFUNDED,ARS,85972.5,18054.22,1200.0,105226.72,20240330
1000008327,15,1,,1179.0,2958,FULFILLED,ARS,22800.0,4788.0,1200.0,28788.0,20240916
1000008328,299,1,,3685.0,4087,FULFILLED,ARS,12936.0,2716.56,1200.0,16852.56,20250701
1000008329,980,1,,3223.0,3617,FULFILLED,ARS,23520.0,4939.2,1200.0,29659.2,20240110
1000008330,308,2,3.0,3972.0,3,FULFILLED,ARS,36000.0,7560.0,0.0,43560.0,20240102
1000008331,743,2,1.0,4002.0,1,FULFILLED,ARS,23520.0,4939.2,0.0,28459.2,20240422
1000008332,1050,2,4.0,,4,PAID,ARS,11970.0,2513.7,0.0,14483.7,20240221
1000008333,45,1,,3591.0,2447,FULFILLED,ARS,53310.0,11195.1,1200.0,65705.1,20240113
1000008334,335,2,4.0,2103.0,4,FULFILLED,ARS,12000.0,2520.0,0.0,14520.0,20250612
1000008335,189,1,,1538.0,2905,FULFILLED,ARS,22800.0,4788.0,0.0,27588.0,20241108
1000008336,14,1,,1283.0,1132,FULFILLED,ARS,55200.0,11592.0,900.0,67692.0,20240722
1000008337,1375,1,,,3689,FULFILLED,ARS,16170.0,3395.7,1200.0,20765.7,20240217
1000008338,534,1,,,3125,FULFILLED,ARS,25872.0,5433.12,1200.0,32505.12,20240315
1000008339,28,1,,3616.0,3494,PAID,ARS,11760.0,2469.6,1200.0,15429.6,20240522
1000008340,819,1,,2801.0,1485,FULFILLED,ARS,51840.0,10886.4,900.0,63626.4,20250516
1000008341,7,2,3.0,3149.0,3,FULFILLED,ARS,38808.0,8149.68,0.0,46957.68,20250822
1000008342,450,1,,,1802,FULFILLED,ARS,24000.0,5040.0,1200.0,30240.0,20250728
1000008343,739,2,1.0,1693.0,1,FULFILLED,ARS,14700.0,3087.0,0.0,17787.0,20241019
1000008344,1078,1,,1515.0,2052,PAID,ARS,35280.0,7408.8,1200.0,43888.8,20240429
1000008345,1342,2,2.0,2987.0,2,PAID,ARS,61275.0,12867.75,0.0,74142.75,20250309
1000008346,971,1,,2093.0,1462,FULFILLED,ARS,71280.0,14968.8,0.0,86248.8,20240120
1000008347,526,2,1.0,,1,PAID,ARS,35640.0,7484.4,0.0,43124.4,20250314
1000008348,248,1,,3734.0,4104,FULFILLED,ARS,67500.0,14175.0,1500.0,83175.0,20241113
1000008349,1045,1,,3092.0,2588,FULFILLED,ARS,10800.0,2268.0,900.0,13968.0,20250125
1000008350,1257,1,,4028.0,3802,FULFILLED,ARS,62475.0,13119.75,1200.0,76794.75,20250129
1000008351,586,1,,2715.0,3036,FULFILLED,ARS,65400.0,13734.0,900.0,80034.0,20250324
1000008352,1101,2,4.0,3723.0,4,PAID,ARS,10800.0,2268.0,0.0,13068.0,20241213
1000008353,136,1,,,2685,FULFILLED,ARS,29160.0,6123.6,900.0,36183.6,20240930
1000008354,426,1,,3046.0,3270,FULFILLED,ARS,37620.0,7900.2,900.0,46420.2,20240228
1000008355,807,2,3.0,2519.0,3,FULFILLED,ARS,34020.0,7144.2,0.0,41164.2,20240224
1000008356,821,1,,1889.0,1848,FULFILLED,ARS,28035.0,5887.35,900.0,34822.35,20250130
1000008357,205,2,3.0,4125.0,3,FULFILLED,ARS,23940.0,5027.4,0.0,28967.4,20250129
1000008358,806,2,4.0,4030.0,4,FULFILLED,ARS,32400.0,6804.0,0.0,39204.0,20250330
1000008359,1295,1,,3370.0,1228,FULFILLED,ARS,28686.0,6024.06,900.0,35610.06,20250418
1000008360,924,1,,1960.0,2889,PAID,ARS,11400.0,2394.0,1500.0,15294.0,20240519
1000008361,1359,2,3.0,1413.0,3,PAID,ARS,23100.0,4851.0,0.0,27951.0,20250414
1000008362,901,2,4.0,1028.0,4,PAID,ARS,14700.0,3087.0,0.0,17787.0,20250720
1000008363,1060,1,,1522.0,2288,FULFILLED,ARS,46650.0,9796.5,1200.0,57646.5,20250309
1000008364,138,2,1.0,3917.0,1,FULFILLED,ARS,60750.0,12757.5,0.0,73507.5,20240613
1000008365,1346,2,4.0,1415.0,4,CANCELLED,ARS,36696.0,7706.16,0.0,44402.16,20241103
1000008366,1142,1,,2655.0,3090,FULFILLED,ARS,12000.0,2520.0,900.0,15420.0,20250203
1000008367,499,1,,3056.0,2972,FULFILLED,ARS,34200.0,7182.0,1200.0,42582.0,20250301
1000008368,1313,2,1.0,2256.0,1,FULFILLED,ARS,27000.0,5670.0,0.0,32670.0,20240523
1000008369,1295,2,4.0,3450.0,4,FULFILLED,ARS,84510.0,17747.1,0.0,102257.1,20250830
1000008370,703,1,,3450.0,4098,FULFILLED,ARS,32340.0,6791.4,1200.0,40331.4,20241102
1000008371,302,2,4.0,3853.0,4,FULFILLED,ARS,44100.0,9261.0,0.0,53361.0,20240607
1000008372,381,2,1.0,2552.0,1,FULFILLED,ARS,33000.0,6930.0,0.0,39930.0,20250530
1000008373,501,1,,3742.0,3767,FULFILLED,ARS,23520.0,4939.2,0.0,28459.2,20240114
1000008374,280,2,2.0,1548.0,2,FULFILLED,ARS,32400.0,6804.0,0.0,39204.0,20250708
1000008375,189,2,3.0,1638.0,3,FULFILLED,ARS,53550.0,11245.5,0.0,64795.5,20240218
1000008376,1301,1,,2766.0,2842,PAID,ARS,24000.0,5040.0,1200.0,30240.0,20240809
1000008377,889,1,,4037.0,1181,FULFILLED,ARS,12000.0,2520.0,0.0,14520.0,20250220
1000008378,1102,1,,1035.0,3748,PAID,ARS,57372.0,12048.12,1500.0,70920.12,20241109
1000008379,1378,2,1.0,1111.0,1,FULFILLED,ARS,34800.0,7308.0,0.0,42108.0,20250514
1000008380,78,2,4.0,,4,FULFILLED,ARS,50220.0,10546.2,0.0,60766.2,20240619
1000008381,452,1,,3353.0,1066,FULFILLED,ARS,34200.0,7182.0,900.0,42282.0,20250412
1000008382,1229,1,,1142.0,1074,CANCELLED,ARS,13200.0,2772.0,1200.0,17172.0,20240707
1000008383,1124,2,1.0,4071.0,1,FULFILLED,ARS,22800.0,4788.0,0.0,27588.0,20250605
1000008384,450,1,,1234.0,1589,FULFILLED,ARS,66900.0,14049.0,1200.0,82149.0,20240718
1000008385,877,1,,3172.0,2603,CANCELLED,ARS,13500.0,2835.0,1200.0,17535.0,20240122
1000008386,1409,2,1.0,2616.0,1,CANCELLED,ARS,10800.0,2268.0,0.0,13068.0,20250902
1000008387,113,2,1.0,3724.0,1,FULFILLED,ARS,20520.0,4309.2,0.0,24829.2,20240322
1000008388,1393,2,1.0,1607.0,1,FULFILLED,ARS,11400.0,2394.0,0.0,13794.0,20241223
1000008389,1185,2,2.0,2727.0,2,FULFILLED,ARS,44100.0,9261.0,0.0,53361.0,20250101
1000008390,672,2,3.0,2789.0,3,FULFILLED,ARS,44100.0,9261.0,0.0,53361.0,20250918
1000008391,1313,1,,2335.0,2569,PAID,ARS,32340.0,6791.4,0.0,39131.4,20240605
1000008392,311,1,,1641.0,3506,PAID,ARS,54000.0,11340.0,1200.0,66540.0,20250109
1000008393,1221,1,,3580.0,3405,FULFILLED,ARS,14700.0,3087.0,1200.0,18987.0,20241130
1000008394,954,1,,,1168,CANCELLED,ARS,27075.0,5685.75,1200.0,33960.75,20250512
1000008395,647,1,,2226.0,2580,FULFILLED,ARS,57000.0,11970.0,0.0,68970.0,20240628
1000008396,1259,1,,1802.0,2816,PAID,ARS,14850.0,3118.5,900.0,18868.5,20240529
1000008397,950,1,,2909.0,3026,FULFILLED,ARS,14700.0,3087.0,900.0,18687.0,20250128
1000008398,1223,1,,3326.0,3500,FULFILLED,ARS,34200.0,7182.0,1200.0,42582.0,20250925
1000008399,811,1,,3243.0,1579,FULFILLED,ARS,70080.0,14716.8,1200.0,85996.8,20250928
1000008400,1445,2,1.0,,1,CANCELLED,ARS,26460.0,5556.6,0.0,32016.6,20240902
1000008401,397,1,,2411.0,1164,FULFILLED,ARS,64200.0,13482.0,1200.0,78882.0,20240402
1000008402,1339,1,,3088.0,3336,FULFILLED,ARS,12936.0,2716.56,1200.0,16852.56,20250504
1000008403,468,1,,2477.0,3926,PAID,ARS,39690.0,8334.9,0.0,48024.9,20250311
1000008404,140,2,2.0,2178.0,2,FULFILLED,ARS,21600.0,4536.0,0.0,26136.0,20241216
1000008405,1261,1,,1905.0,3218,FULFILLED,ARS,29400.0,6174.0,900.0,36474.0,20250602
1000008406,1268,1,,3114.0,1315,FULFILLED,ARS,32400.0,6804.0,1200.0,40404.0,20240122
1000008407,924,2,1.0,2514.0,1,FULFILLED,ARS,52650.0,11056.5,0.0,63706.5,20250108
1000008408,93,1,,,3532,FULFILLED,ARS,32400.0,6804.0,900.0,40104.0,20240803
1000008409,1264,1,,3778.0,2672,CANCELLED,ARS,19440.0,4082.4,1200.0,24722.4,20250123
1000008410,1256,1,,1869.0,3600,FULFILLED,ARS,62325.0,13088.25,1200.0,76613.25,20250215
1000008411,686,1,,2396.0,2218,FULFILLED,ARS,13500.0,2835.0,1200.0,17535.0,20250714
1000008412,1359,1,,3423.0,3441,PAID,ARS,22800.0,4788.0,1500.0,29088.0,20240427
1000008413,1199,2,1.0,1709.0,1,PAID,ARS,22800.0,4788.0,0.0,27588.0,20250514
1000008414,260,2,1.0,2536.0,1,FULFILLED,ARS,24000.0,5040.0,0.0,29040.0,20240320
1000008415,210,1,,2747.0,1101,FULFILLED,ARS,13230.0,2778.3,1500.0,17508.3,20250425
1000008416,155,1,,1341.0,2085,FULFILLED,ARS,35280.0,7408.8,1200.0,43888.8,20241106
1000008417,695,1,,3722.0,3526,PAID,ARS,51000.0,10710.0,1200.0,62910.0,20240116
1000008418,81,1,,1539.0,3521,FULFILLED,ARS,47250.0,9922.5,900.0,58072.5,20241105
1000008419,819,1,,2690.0,4003,CANCELLED,ARS,37800.0,7938.0,0.0,45738.0,20240818
1000008420,450,1,,1872.0,1753,PAID,ARS,44100.0,9261.0,1500.0,54861.0,20241203
1000008421,1338,2,2.0,2021.0,2,PAID,ARS,44100.0,9261.0,0.0,53361.0,20250612
1000008422,488,2,4.0,2586.0,4,PAID,ARS,26400.0,5544.0,0.0,31944.0,20240627
1000008423,367,1,,3199.0,3061,PAID,ARS,26220.0,5506.2,1500.0,33226.2,20250421
1000008424,212,1,,3317.0,1670,FULFILLED,ARS,34200.0,7182.0,0.0,41382.0,20240913
1000008425,516,2,1.0,3878.0,1,FULFILLED,ARS,50242.5,10550.92,0.0,60793.42,20250224
1000008426,128,1,,3551.0,2645,CANCELLED,ARS,28350.0,5953.5,900.0,35203.5,20250110
1000008427,1279,2,4.0,3891.0,4,PAID,ARS,30780.0,6463.8,0.0,37243.8,20240801
1000008428,1377,1,,2114.0,2958,FULFILLED,ARS,23520.0,4939.2,1500.0,29959.2,20240507
1000008429,1323,1,,3225.0,4118,CANCELLED,ARS,26400.0,5544.0,1200.0,33144.0,20250629
1000008430,1272,2,1.0,1062.0,1,REFUNDED,ARS,14250.0,2992.5,0.0,17242.5,20240920
1000008431,866,1,,,2497,FULFILLED,ARS,66060.0,13872.6,900.0,80832.6,20240418
1000008432,442,2,3.0,2398.0,3,FULFILLED,ARS,22680.0,4762.8,0.0,27442.8,20240730
1000008433,159,1,,3968.0,3296,FULFILLED,ARS,50700.0,10647.0,900.0,62247.0,20240623
1000008434,385,1,,2709.0,1051,FULFILLED,ARS,89775.0,18852.75,900.0,109527.75,20240707
1000008435,739,2,1.0,2159.0,1,FULFILLED,ARS,28350.0,5953.5,0.0,34303.5,20240218
1000008436,351,1,,2199.0,1236,CREATED,ARS,15000.0,3150.0,0.0,18150.0,20250619
1000008437,1181,1,,3565.0,4136,CREATED,ARS,77100.0,16191.0,1200.0,94491.0,20250128
1000008438,1392,1,,1759.0,3142,FULFILLED,ARS,9720.0,2041.2,900.0,12661.2,20240125
1000008439,1169,2,4.0,3861.0,4,FULFILLED,ARS,67308.0,14134.68,0.0,81442.68,20240423
1000008440,220,1,,3994.0,2096,FULFILLED,ARS,11880.0,2494.8,1200.0,15574.8,20250316
1000008441,748,1,,2972.0,1077,FULFILLED,ARS,12000.0,2520.0,900.0,15420.0,20240424
1000008442,321,2,4.0,2624.0,4,FULFILLED,ARS,32940.0,6917.4,0.0,39857.4,20250228
1000008443,707,2,1.0,3054.0,1,FULFILLED,ARS,21600.0,4536.0,0.0,26136.0,20250421
1000008444,1185,2,1.0,2297.0,1,PAID,ARS,27000.0,5670.0,0.0,32670.0,20250811
1000008445,369,2,2.0,2687.0,2,FULFILLED,ARS,39690.0,8334.9,0.0,48024.9,20240425
1000008446,685,2,2.0,1643.0,2,FULFILLED,ARS,24000.0,5040.0,0.0,29040.0,20250414
1000008447,1244,1,,4041.0,1743,PAID,ARS,67620.0,14200.2,1200.0,83020.2,20240717
1000008448,1082,1,,,2351,FULFILLED,ARS,76500.0,16065.0,0.0,92565.0,20240324
1000008449,764,2,4.0,2127.0,4,FULFILLED,ARS,23520.0,4939.2,0.0,28459.2,20250808
1000008450,1449,2,1.0,1025.0,1,FULFILLED,ARS,23520.0,4939.2,0.0,28459.2,20240628
1000008451,670,1,,3423.0,2916,CANCELLED,ARS,43200.0,9072.0,1200.0,53472.0,20250612
1000008452,401,1,,,1214,FULFILLED,ARS,40500.0,8505.0,1200.0,50205.0,20240212
1000008453,524,1,,3882.0,4026,PAID,ARS,11400.0,2394.0,1500.0,15294.0,20240618
1000008454,676,1,,3855.0,2384,FULFILLED,ARS,11760.0,2469.6,900.0,15129.6,20250823
1000008455,1416,1,,2396.0,2141,FULFILLED,ARS,28500.0,5985.0,1200.0,35685.0,20241008
1000008456,425,1,,2198.0,2141,FULFILLED,ARS,42930.0,9015.3,1200.0,53145.3,20240809
1000008457,1175,1,,2393.0,2192,PAID,ARS,30000.0,6300.0,0.0,36300.0,20240603
1000008458,59,2,3.0,2281.0,3,FULFILLED,ARS,37230.0,7818.3,0.0,45048.3,20240204
1000008459,1013,1,,2554.0,1356,REFUNDED,ARS,12825.0,2693.25,0.0,15518.25,20240324
1000008460,1252,1,,1971.0,1583,FULFILLED,ARS,47970.0,10073.7,0.0,58043.7,20240215
1000008461,499,1,,3802.0,1596,FULFILLED,ARS,71280.0,14968.8,900.0,87148.8,20250327
1000008462,72,1,,,2730,FULFILLED,ARS,26436.0,5551.56,0.0,31987.56,20250110
1000008463,1342,1,,1965.0,3331,PAID,ARS,28350.0,5953.5,1200.0,35503.5,20240102
1000008464,362,1,,3623.0,2564,REFUNDED,ARS,36000.0,7560.0,1200.0,44760.0,20240828
1000008465,345,1,,2079.0,3222,FULFILLED,ARS,14962.5,3142.12,1200.0,19304.62,20250809
1000008466,286,2,4.0,3221.0,4,FULFILLED,ARS,27930.0,5865.3,0.0,33795.3,20240313
1000008467,331,2,1.0,2300.0,1,FULFILLED,ARS,28500.0,5985.0,0.0,34485.0,20240623
1000008468,1145,2,2.0,3016.0,2,FULFILLED,ARS,12000.0,2520.0,0.0,14520.0,20241025
1000008469,760,1,,1089.0,1244,FULFILLED,ARS,57264.0,12025.44,1200.0,70489.44,20240731
1000008470,213,1,,2429.0,1650,PAID,ARS,34200.0,7182.0,1500.0,42882.0,20250718
1000008471,843,2,2.0,1445.0,2,PAID,ARS,30780.0,6463.8,0.0,37243.8,20240715
1000008472,172,1,,1665.0,2745,FULFILLED,ARS,11400.0,2394.0,900.0,14694.0,20240606
1000008473,1318,2,1.0,,1,PAID,ARS,29700.0,6237.0,0.0,35937.0,20241103
1000008474,764,2,3.0,1558.0,3,PAID,ARS,22800.0,4788.0,0.0,27588.0,20250625
1000008475,953,1,,1490.0,2470,PAID,ARS,35280.0,7408.8,900.0,43588.8,20250508
1000008476,525,1,,1561.0,1589,FULFILLED,ARS,38160.0,8013.6,900.0,47073.6,20250202
1000008477,1498,1,,2461.0,3984,PAID,ARS,75510.0,15857.1,1200.0,92567.1,20250809
1000008478,350,2,2.0,,2,FULFILLED,ARS,28500.0,5985.0,0.0,34485.0,20241017
1000008479,66,1,,1686.0,3233,PAID,ARS,62625.0,13151.25,0.0,75776.25,20250121
1000008480,1324,1,,4157.0,1187,FULFILLED,ARS,24000.0,5040.0,1200.0,30240.0,20241011
1000008481,1338,1,,2230.0,3299,FULFILLED,ARS,27000.0,5670.0,0.0,32670.0,20240817
1000008482,292,1,,3385.0,3302,PAID,ARS,29400.0,6174.0,1200.0,36774.0,20241209
1000008483,1377,1,,3179.0,2897,FULFILLED,ARS,55800.0,11718.0,0.0,67518.0,20250204
1000008484,3,2,3.0,2945.0,3,FULFILLED,ARS,29400.0,6174.0,0.0,35574.0,20240905
1000008485,748,1,,2656.0,3567,FULFILLED,ARS,47280.0,9928.8,1200.0,58408.8,20250113
1000008486,682,1,,2850.0,2839,FULFILLED,ARS,13230.0,2778.3,1200.0,17208.3,20250321
1000008487,1247,1,,1868.0,2596,CREATED,ARS,55800.0,11718.0,900.0,68418.0,20240630
1000008488,738,1,,3981.0,1881,FULFILLED,ARS,35280.0,7408.8,1200.0,43888.8,20240116
1000008489,724,2,4.0,1358.0,4,FULFILLED,ARS,34200.0,7182.0,0.0,41382.0,20250610
1000008490,10,2,2.0,1662.0,2,FULFILLED,ARS,45000.0,9450.0,0.0,54450.0,20240301
1000008491,1259,2,2.0,2561.0,2,FULFILLED,ARS,86820.0,18232.2,0.0,105052.2,20250204
1000008492,900,2,1.0,4026.0,1,FULFILLED,ARS,15000.0,3150.0,0.0,18150.0,20240317
1000008493,643,1,,3815.0,1114,FULFILLED,ARS,61200.0,12852.0,900.0,74952.0,20250211
1000008494,497,2,4.0,2243.0,4,FULFILLED,ARS,76440.0,16052.4,0.0,92492.4,20240723
1000008495,1406,2,1.0,4005.0,1,FULFILLED,ARS,13500.0,2835.0,0.0,16335.0,20250718
1000008496,904,2,2.0,4104.0,2,REFUNDED,ARS,49224.0,10337.04,0.0,59561.04,20250121
1000008497,1224,1,,3493.0,3368,FULFILLED,ARS,67800.0,14238.0,0.0,82038.0,20240621
1000008498,163,2,3.0,,3,FULFILLED,ARS,13230.0,2778.3,0.0,16008.3,20241113
1000008499,969,1,,2030.0,2566,FULFILLED,ARS,32400.0,6804.0,0.0,39204.0,20241116
1000008500,711,1,,2493.0,3142,FULFILLED,ARS,62280.0,13078.8,900.0,76258.8,20250407
1000008501,933,1,,3867.0,2561,PAID,ARS,42750.0,8977.5,900.0,52627.5,20250717
1000008502,1100,1,,2446.0,3954,REFUNDED,ARS,15675.0,3291.75,1200.0,20166.75,20241210
1000008503,191,1,,2879.0,4144,REFUNDED,ARS,21168.0,4445.28,1200.0,26813.28,20241108
1000008504,956,2,4.0,4116.0,4,FULFILLED,ARS,25650.0,5386.5,0.0,31036.5,20250509
1000008505,591,2,2.0,3082.0,2,FULFILLED,ARS,38760.0,8139.6,0.0,46899.6,20250327
1000008506,955,2,1.0,3324.0,1,PAID,ARS,21600.0,4536.0,0.0,26136.0,20241018
1000008507,745,1,,1085.0,1040,FULFILLED,ARS,48825.0,10253.25,1200.0,60278.25,20240525
1000008508,1141,1,,2364.0,3815,FULFILLED,ARS,11760.0,2469.6,1200.0,15429.6,20250702
1000008509,913,1,,1880.0,2458,FULFILLED,ARS,11400.0,2394.0,900.0,14694.0,20250816
1000008510,598,2,2.0,3863.0,2,FULFILLED,ARS,37044.0,7779.24,0.0,44823.24,20250319
1000008511,1313,1,,1379.0,3431,FULFILLED,ARS,59310.0,12455.1,900.0,72665.1,20241008
1000008512,1464,1,,3027.0,2485,FULFILLED,ARS,11880.0,2494.8,1500.0,15874.8,20240510
1000008513,856,1,,3342.0,2004,FULFILLED,ARS,24300.0,5103.0,1200.0,30603.0,20240910
1000008514,1495,1,,1678.0,2372,FULFILLED,ARS,27000.0,5670.0,1200.0,33870.0,20250225
1000008515,1080,1,,3718.0,2773,FULFILLED,ARS,53520.0,11239.2,1200.0,65959.2,20250501
1000008516,785,1,,1186.0,1035,FULFILLED,ARS,27000.0,5670.0,0.0,32670.0,20250829
1000008517,952,1,,1687.0,3497,FULFILLED,ARS,21600.0,4536.0,900.0,27036.0,20240227
1000008518,193,1,,2282.0,2182,FULFILLED,ARS,34200.0,7182.0,1200.0,42582.0,20250703
1000008519,907,1,,2534.0,3444,FULFILLED,ARS,11400.0,2394.0,1500.0,15294.0,20241010
1000008520,729,2,2.0,3329.0,2,FULFILLED,ARS,40500.0,8505.0,0.0,49005.0,20250119
1000008521,747,1,,1164.0,1953,CANCELLED,ARS,25200.0,5292.0,1200.0,31692.0,20250123
1000008522,575,1,,2744.0,3296,PAID,ARS,83700.0,17577.0,900.0,102177.0,20240420
1000008523,766,1,,1529.0,1313,FULFILLED,ARS,45000.0,9450.0,900.0,55350.0,20250121
1000008524,408,2,3.0,3663.0,3,FULFILLED,ARS,40260.0,8454.6,0.0,48714.6,20241019
1000008525,503,2,4.0,2060.0,4,FULFILLED,ARS,38550.0,8095.5,0.0,46645.5,20240810
1000008526,24,1,,3768.0,1216,FULFILLED,ARS,25800.0,5418.0,900.0,32118.0,20240601
1000008527,634,1,,1293.0,2035,FULFILLED,ARS,81000.0,17010.0,1500.0,99510.0,20240810
1000008528,1343,1,,1228.0,3240,REFUNDED,ARS,28425.0,5969.25,900.0,35294.25,20241220
1000008529,380,2,4.0,2009.0,4,PAID,ARS,32400.0,6804.0,0.0,39204.0,20241012
1000008530,1379,1,,2027.0,3729,FULFILLED,ARS,60000.0,12600.0,1500.0,74100.0,20250704
1000008531,560,1,,2104.0,3472,FULFILLED,ARS,10800.0,2268.0,1200.0,14268.0,20241228
1000008532,828,1,,,1105,CANCELLED,ARS,37050.0,7780.5,0.0,44830.5,20240307
1000008533,1369,1,,3750.0,4114,REFUNDED,ARS,12825.0,2693.25,900.0,16418.25,20240214
1000008534,1408,2,4.0,,4,CREATED,ARS,11760.0,2469.6,0.0,14229.6,20250930
1000008535,1017,1,,2109.0,2628,PAID,ARS,21600.0,4536.0,1200.0,27336.0,20250520
1000008536,546,2,3.0,2817.0,3,CANCELLED,ARS,97122.0,20395.62,0.0,117517.62,20250716
1000008537,1347,2,4.0,1761.0,4,FULFILLED,ARS,30780.0,6463.8,0.0,37243.8,20241130
1000008538,998,1,,1402.0,2010,FULFILLED,ARS,56400.0,11844.0,1200.0,69444.0,20240512
1000008539,1489,1,,2104.0,1070,FULFILLED,ARS,63000.0,13230.0,900.0,77130.0,20240911
1000008540,19,1,,3511.0,2791,FULFILLED,ARS,21600.0,4536.0,900.0,27036.0,20240819
1000008541,1483,1,,1307.0,1914,FULFILLED,ARS,25650.0,5386.5,900.0,31936.5,20240601
1000008542,1399,1,,1961.0,3549,FULFILLED,ARS,35496.0,7454.16,1200.0,44150.16,20240308
1000008543,161,1,,3877.0,1955,PAID,ARS,32400.0,6804.0,900.0,40104.0,20241214
1000008544,337,2,4.0,3834.0,4,FULFILLED,ARS,35640.0,7484.4,0.0,43124.4,20240809
1000008545,1202,2,2.0,1101.0,2,CANCELLED,ARS,42525.0,8930.25,0.0,51455.25,20240403
1000008546,850,1,,3217.0,1527,FULFILLED,ARS,12600.0,2646.0,1500.0,16746.0,20250130
1000008547,114,1,,2914.0,4019,FULFILLED,ARS,60564.0,12718.44,900.0,74182.44,20240428
1000008548,1074,1,,1894.0,1630,FULFILLED,ARS,21600.0,4536.0,0.0,26136.0,20240704
1000008549,1013,1,,1898.0,3084,CANCELLED,ARS,15000.0,3150.0,1200.0,19350.0,20240916
1000008550,1129,1,,1921.0,3633,FULFILLED,ARS,25800.0,5418.0,1200.0,32418.0,20240630
1000008551,90,2,2.0,2486.0,2,FULFILLED,ARS,67260.0,14124.6,0.0,81384.6,20240608
1000008552,334,2,4.0,4048.0,4,FULFILLED,ARS,51300.0,10773.0,0.0,62073.0,20240525
1000008553,141,1,,3973.0,1178,FULFILLED,ARS,22800.0,4788.0,1500.0,29088.0,20250113
1000008554,386,2,1.0,2259.0,1,FULFILLED,ARS,46680.0,9802.8,0.0,56482.8,20250813
1000008555,785,2,4.0,2956.0,4,FULFILLED,ARS,79590.0,16713.9,0.0,96303.9,20241204
1000008556,1249,1,,2706.0,1759,FULFILLED,ARS,58800.0,12348.0,900.0,72048.0,20250426
1000008557,719,1,,2017.0,2296,CREATED,ARS,54780.0,11503.8,900.0,67183.8,20250211
1000008558,671,2,4.0,3203.0,4,FULFILLED,ARS,10800.0,2268.0,0.0,13068.0,20240205
1000008559,1238,1,,2163.0,1182,FULFILLED,ARS,35280.0,7408.8,1200.0,43888.8,20250909
1000008560,687,2,4.0,1412.0,4,FULFILLED,ARS,44100.0,9261.0,0.0,53361.0,20241208
1000008561,1421,2,4.0,3413.0,4,FULFILLED,ARS,36000.0,7560.0,0.0,43560.0,20240605
1000008562,420,1,,4057.0,4075,PAID,ARS,30000.0,6300.0,0.0,36300.0,20250905
1000008563,578,1,,4009.0,3241,FULFILLED,ARS,11400.0,2394.0,1500.0,15294.0,20250720
1000008564,1156,1,,2770.0,2817,FULFILLED,ARS,29400.0,6174.0,900.0,36474.0,20240511
1000008565,779,1,,4197.0,4013,FULFILLED,ARS,29160.0,6123.6,1200.0,36483.6,20250705
1000008566,838,2,2.0,1431.0,2,FULFILLED,ARS,84795.0,17806.95,0.0,102601.95,20240928
1000008567,1124,2,1.0,2740.0,1,PAID,ARS,15000.0,3150.0,0.0,18150.0,20240727
1000008568,1062,2,4.0,1643.0,4,FULFILLED,ARS,30000.0,6300.0,0.0,36300.0,20240117
1000008569,185,2,3.0,2180.0,3,FULFILLED,ARS,13500.0,2835.0,0.0,16335.0,20250218
1000008570,1248,1,,3122.0,1778,FULFILLED,ARS,58590.0,12303.9,900.0,71793.9,20240418
1000008571,584,2,1.0,1306.0,1,FULFILLED,ARS,40500.0,8505.0,0.0,49005.0,20240615
1000008572,1313,2,1.0,4144.0,1,FULFILLED,ARS,57270.0,12026.7,0.0,69296.7,20250401
1000008573,162,1,,1186.0,1293,PAID,ARS,11760.0,2469.6,1200.0,15429.6,20250520
1000008574,157,1,,1247.0,3377,FULFILLED,ARS,26820.0,5632.2,1200.0,33652.2,20240426
1000008575,580,2,4.0,3541.0,4,FULFILLED,ARS,11400.0,2394.0,0.0,13794.0,20250927
1000008576,1044,2,4.0,2474.0,4,FULFILLED,ARS,45360.0,9525.6,0.0,54885.6,20240721
1000008577,1382,1,,4048.0,2961,PAID,ARS,15000.0,3150.0,900.0,19050.0,20250609
1000008578,1128,1,,4064.0,2685,FULFILLED,ARS,15000.0,3150.0,900.0,19050.0,20241214
1000008579,320,2,1.0,3115.0,1,CANCELLED,ARS,22800.0,4788.0,0.0,27588.0,20241220
1000008580,1099,1,,3761.0,1557,FULFILLED,ARS,57000.0,11970.0,1200.0,70170.0,20250515
1000008581,798,1,,2352.0,1341,PAID,ARS,11340.0,2381.4,0.0,13721.4,20250426
1000008582,1336,2,1.0,1628.0,1,FULFILLED,ARS,43968.0,9233.28,0.0,53201.28,20240107
1000008583,374,1,,3843.0,1914,FULFILLED,ARS,23760.0,4989.6,1500.0,30249.6,20240615
1000008584,1456,1,,3984.0,1086,CANCELLED,ARS,36000.0,7560.0,900.0,44460.0,20240106
1000008585,1048,1,,,2294,CANCELLED,ARS,25200.0,5292.0,900.0,31392.0,20240524
1000008586,244,1,,2254.0,1792,FULFILLED,ARS,27000.0,5670.0,1200.0,33870.0,20240613
1000008587,112,1,,4036.0,2410,FULFILLED,ARS,42750.0,8977.5,1500.0,53227.5,20240106
1000008588,574,1,,3768.0,2919,FULFILLED,ARS,71850.0,15088.5,900.0,87838.5,20240102
1000008589,22,1,,2287.0,3591,FULFILLED,ARS,11400.0,2394.0,900.0,14694.0,20250515
1000008590,313,1,,,2894,FULFILLED,ARS,28500.0,5985.0,900.0,35385.0,20240116
1000008591,238,1,,3004.0,3668,PAID,ARS,23520.0,4939.2,0.0,28459.2,20241124
1000008592,1080,2,2.0,2135.0,2,FULFILLED,ARS,29400.0,6174.0,0.0,35574.0,20250116
1000008593,116,1,,,1693,FULFILLED,ARS,45000.0,9450.0,1500.0,55950.0,20250602
1000008594,838,1,,1016.0,3188,CANCELLED,ARS,89100.0,18711.0,1200.0,109011.0,20250314
1000008595,653,1,,1132.0,4115,CANCELLED,ARS,11400.0,2394.0,1200.0,14994.0,20250929
1000008596,110,1,,,3563,PAID,ARS,42525.0,8930.25,900.0,52355.25,20250117
1000008597,722,1,,1907.0,3093,FULFILLED,ARS,37800.0,7938.0,1200.0,46938.0,20240725
1000008598,1305,1,,3538.0,2594,FULFILLED,ARS,42000.0,8820.0,900.0,51720.0,20250406
1000008599,153,1,,1847.0,4061,FULFILLED,ARS,14700.0,3087.0,1200.0,18987.0,20250803
1000008600,259,2,4.0,,4,PAID,ARS,93600.0,19656.0,0.0,113256.0,20241112
1000008601,219,1,,2563.0,1760,CANCELLED,ARS,34020.0,7144.2,900.0,42064.2,20250424
1000008602,1436,1,,1538.0,1056,PAID,ARS,42750.0,8977.5,900.0,52627.5,20250701
1000008603,112,1,,1274.0,2257,FULFILLED,ARS,23520.0,4939.2,1200.0,29659.2,20250704
1000008604,1182,2,2.0,1833.0,2,FULFILLED,ARS,13500.0,2835.0,0.0,16335.0,20250703
1000008605,97,1,,4124.0,2614,FULFILLED,ARS,11340.0,2381.4,1200.0,14921.4,20250817
1000008606,1200,1,,2241.0,2094,FULFILLED,ARS,51000.0,10710.0,1500.0,63210.0,20250413
1000008607,61,2,4.0,3273.0,4,FULFILLED,ARS,43500.0,9135.0,0.0,52635.0,20250407
1000008608,1387,2,4.0,3610.0,4,FULFILLED,ARS,35340.0,7421.4,0.0,42761.4,20250817
1000008609,1082,1,,,2086,FULFILLED,ARS,47250.0,9922.5,1200.0,58372.5,20250515
1000008610,385,2,1.0,3329.0,1,FULFILLED,ARS,43110.0,9053.1,0.0,52163.1,20240728
1000008611,243,1,,2987.0,1359,FULFILLED,ARS,72252.0,15172.92,1200.0,88624.92,20250415
1000008612,584,2,1.0,2007.0,1,FULFILLED,ARS,13500.0,2835.0,0.0,16335.0,20240108
1000008613,392,1,,2467.0,2220,FULFILLED,ARS,14700.0,3087.0,1200.0,18987.0,20240201
1000008614,295,1,,2615.0,2339,FULFILLED,ARS,36450.0,7654.5,0.0,44104.5,20240301
1000008615,1313,1,,2816.0,4074,FULFILLED,ARS,34200.0,7182.0,1500.0,42882.0,20240503
1000008616,684,2,2.0,2113.0,2,FULFILLED,ARS,42750.0,8977.5,0.0,51727.5,20250221
1000008617,681,1,,3860.0,1069,FULFILLED,ARS,10584.0,2222.64,1200.0,14006.64,20240319
1000008618,660,2,3.0,1366.0,3,FULFILLED,ARS,45000.0,9450.0,0.0,54450.0,20250529
1000008619,657,1,,3581.0,1406,FULFILLED,ARS,10584.0,2222.64,1200.0,14006.64,20250421
1000008620,926,1,,1867.0,1539,FULFILLED,ARS,12000.0,2520.0,1200.0,15720.0,20240211
1000008621,15,1,,3773.0,1491,FULFILLED,ARS,36000.0,7560.0,1200.0,44760.0,20250618
1000008622,1400,2,4.0,1071.0,4,CANCELLED,ARS,65808.0,13819.68,0.0,79627.68,20250929
1000008623,1205,1,,1398.0,3516,FULFILLED,ARS,37500.0,7875.0,1200.0,46575.0,20250302
1000008624,724,1,,1356.0,4066,FULFILLED,ARS,46575.0,9780.75,1200.0,57555.75,20240610
1000008625,157,1,,2420.0,3835,PAID,ARS,39600.0,8316.0,900.0,48816.0,20250711
1000008626,128,1,,1350.0,2074,FULFILLED,ARS,76980.0,16165.8,1500.0,94645.8,20240615
1000008627,1419,2,3.0,,3,FULFILLED,ARS,12825.0,2693.25,0.0,15518.25,20250905
1000008628,1262,1,,1627.0,1363,CANCELLED,ARS,14250.0,2992.5,1200.0,18442.5,20250627
1000008629,1400,1,,1795.0,3208,PAID,ARS,83580.0,17551.8,900.0,102031.8,20240330
1000008630,839,1,,3584.0,2392,PAID,ARS,21600.0,4536.0,0.0,26136.0,20240213
1000008631,943,2,3.0,3266.0,3,FULFILLED,ARS,31350.0,6583.5,0.0,37933.5,20250406
1000008632,621,2,4.0,3629.0,4,FULFILLED,ARS,12000.0,2520.0,0.0,14520.0,20240225
1000008633,291,1,,2074.0,1146,FULFILLED,ARS,31350.0,6583.5,0.0,37933.5,20250121
1000008634,875,2,2.0,3065.0,2,CANCELLED,ARS,73080.0,15346.8,0.0,88426.8,20241202
1000008635,130,2,4.0,3134.0,4,FULFILLED,ARS,26460.0,5556.6,0.0,32016.6,20250213
1000008636,610,2,2.0,2190.0,2,FULFILLED,ARS,35280.0,7408.8,0.0,42688.8,20240914
1000008637,484,1,,1355.0,3990,REFUNDED,ARS,36000.0,7560.0,900.0,44460.0,20241220
1000008638,936,1,,2070.0,4014,CREATED,ARS,53550.0,11245.5,0.0,64795.5,20250606
1000008639,459,1,,3289.0,2637,FULFILLED,ARS,82890.0,17406.9,900.0,101196.9,20250610
1000008640,1438,1,,1744.0,3052,FULFILLED,ARS,40500.0,8505.0,900.0,49905.0,20250620
1000008641,1205,2,1.0,2961.0,1,PAID,ARS,38475.0,8079.75,0.0,46554.75,20241015
1000008642,904,1,,3644.0,3396,FULFILLED,ARS,37800.0,7938.0,1200.0,46938.0,20250310
1000008643,427,1,,1584.0,1635,CANCELLED,ARS,26722.5,5611.72,900.0,33234.22,20240326
1000008644,212,1,,1312.0,1592,FULFILLED,ARS,40380.0,8479.8,1200.0,50059.8,20241220
1000008645,1414,1,,2579.0,2374,FULFILLED,ARS,13500.0,2835.0,900.0,17235.0,20250826
1000008646,1441,2,4.0,1953.0,4,FULFILLED,ARS,22800.0,4788.0,0.0,27588.0,20250110
1000008647,587,1,,2370.0,1196,FULFILLED,ARS,35280.0,7408.8,1200.0,43888.8,20240128
1000008648,1027,1,,1944.0,2856,FULFILLED,ARS,12150.0,2551.5,1200.0,15901.5,20250318
1000008649,1446,2,1.0,,1,FULFILLED,ARS,20520.0,4309.2,0.0,24829.2,20250514
1000008650,730,1,,3911.0,2726,FULFILLED,ARS,107130.0,22497.3,1500.0,131127.3,20240528
1000008651,483,1,,2736.0,3871,PAID,ARS,11760.0,2469.6,900.0,15129.6,20240206
1000008652,1404,1,,2287.0,2406,FULFILLED,ARS,54000.0,11340.0,1200.0,66540.0,20240804
1000008653,1451,1,,3731.0,3655,FULFILLED,ARS,12000.0,2520.0,1200.0,15720.0,20240612
1000008654,230,1,,1363.0,2562,REFUNDED,ARS,26460.0,5556.6,900.0,32916.6,20240328
1000008655,191,1,,1408.0,2359,PAID,ARS,15000.0,3150.0,0.0,18150.0,20240417
1000008656,1221,1,,2015.0,3848,FULFILLED,ARS,57600.0,12096.0,900.0,70596.0,20240620
1000008657,248,2,1.0,3816.0,1,FULFILLED,ARS,14700.0,3087.0,0.0,17787.0,20240930
1000008658,2,2,1.0,,1,REFUNDED,ARS,23520.0,4939.2,0.0,28459.2,20241229
1000008659,1419,1,,,3848,FULFILLED,ARS,14250.0,2992.5,0.0,17242.5,20240229
1000008660,237,1,,3741.0,2977,FULFILLED,ARS,36000.0,7560.0,1200.0,44760.0,20250216
1000008661,1187,1,,2553.0,2273,FULFILLED,ARS,81000.0,17010.0,1500.0,99510.0,20240518
1000008662,380,2,3.0,,3,FULFILLED,ARS,59520.0,12499.2,0.0,72019.2,20240821
1000008663,879,2,3.0,4053.0,3,FULFILLED,ARS,37050.0,7780.5,0.0,44830.5,20250321
1000008664,422,1,,1704.0,2078,FULFILLED,ARS,11880.0,2494.8,900.0,15274.8,20240510
1000008665,888,2,2.0,3871.0,2,CANCELLED,ARS,93825.0,19703.25,0.0,113528.25,20241219
1000008666,117,2,1.0,2269.0,1,FULFILLED,ARS,11760.0,2469.6,0.0,14229.6,20240821
1000008667,483,2,2.0,1450.0,2,FULFILLED,ARS,35280.0,7408.8,0.0,42688.8,20250614
1000008668,846,2,4.0,3783.0,4,REFUNDED,ARS,19440.0,4082.4,0.0,23522.4,20240717
1000008669,1311,2,2.0,3316.0,2,FULFILLED,ARS,12000.0,2520.0,0.0,14520.0,20240901
1000008670,637,2,2.0,3058.0,2,FULFILLED,ARS,42750.0,8977.5,0.0,51727.5,20250812
1000008671,1392,2,1.0,2622.0,1,FULFILLED,ARS,11760.0,2469.6,0.0,14229.6,20241108
1000008672,587,2,3.0,3193.0,3,FULFILLED,ARS,57600.0,12096.0,0.0,69696.0,20240506
1000008673,1457,2,4.0,2961.0,4,PAID,ARS,34200.0,7182.0,0.0,41382.0,20250611
1000008674,290,1,,2633.0,4083,PAID,ARS,29925.0,6284.25,900.0,37109.25,20240922
1000008675,1198,1,,3871.0,4064,FULFILLED,ARS,37620.0,7900.2,1500.0,47020.2,20250407
1000008676,708,2,1.0,3937.0,1,FULFILLED,ARS,15000.0,3150.0,0.0,18150.0,20250125
1000008677,618,1,,1937.0,3744,FULFILLED,ARS,48510.0,10187.1,900.0,59597.1,20240212
1000008678,426,1,,2922.0,2489,FULFILLED,ARS,10800.0,2268.0,1200.0,14268.0,20250603
1000008679,69,1,,3639.0,3091,FULFILLED,ARS,23520.0,4939.2,0.0,28459.2,20240613
1000008680,284,1,,1779.0,1910,FULFILLED,ARS,36000.0,7560.0,1200.0,44760.0,20240625
1000008681,576,1,,3077.0,3485,FULFILLED,ARS,42750.0,8977.5,1200.0,52927.5,20240727
1000008682,689,1,,1495.0,1442,FULFILLED,ARS,37044.0,7779.24,900.0,45723.24,20240702
1000008683,166,1,,3175.0,2628,FULFILLED,ARS,53850.0,11308.5,900.0,66058.5,20241205
1000008684,1060,1,,1540.0,2449,FULFILLED,ARS,74430.0,15630.3,900.0,90960.3,20250604
1000008685,484,1,,2988.0,2907,PAID,ARS,44100.0,9261.0,900.0,54261.0,20250418
1000008686,645,2,3.0,,3,PAID,ARS,12600.0,2646.0,0.0,15246.0,20250123
1000008687,964,1,,2079.0,1640,CANCELLED,ARS,87637.5,18403.88,900.0,106941.38,20240830
1000008688,1009,1,,2920.0,2683,FULFILLED,ARS,30000.0,6300.0,0.0,36300.0,20240808
1000008689,322,2,4.0,2.0,4,FULFILLED,ARS,23520.0,4939.2,0.0,28459.2,20240710
1000008690,849,2,2.0,1046.0,2,FULFILLED,ARS,44550.0,9355.5,0.0,53905.5,20240628
1000008691,1311,1,,2370.0,1546,REFUNDED,ARS,24696.0,5186.16,1200.0,31082.16,20240106
1000008692,257,1,,,1599,CREATED,ARS,27000.0,5670.0,900.0,33570.0,20241022
1000008693,1288,2,1.0,1769.0,1,PAID,ARS,64500.0,13545.0,0.0,78045.0,20250126
1000008694,1063,1,,1601.0,3162,FULFILLED,ARS,28350.0,5953.5,900.0,35203.5,20240515
1000008695,394,2,4.0,3120.0,4,FULFILLED,ARS,34200.0,7182.0,0.0,41382.0,20250713
1000008696,1350,1,,2202.0,2006,FULFILLED,ARS,19440.0,4082.4,900.0,24422.4,20240122
1000008697,182,1,,,3171,PAID,ARS,39000.0,8190.0,1500.0,48690.0,20240204
1000008698,520,2,4.0,2031.0,4,FULFILLED,ARS,21600.0,4536.0,0.0,26136.0,20240225
1000008699,417,2,3.0,2669.0,3,FULFILLED,ARS,44887.5,9426.38,0.0,54313.88,20250419
1000008700,1429,1,,1515.0,1020,PAID,ARS,42750.0,8977.5,1500.0,53227.5,20250518
1000008701,860,1,,1058.0,2616,FULFILLED,ARS,22800.0,4788.0,1200.0,28788.0,20241115
1000008702,780,1,,3735.0,3722,FULFILLED,ARS,67500.0,14175.0,1200.0,82875.0,20240301
1000008703,365,1,,3274.0,4019,CANCELLED,ARS,40110.0,8423.1,900.0,49433.1,20240203
1000008704,726,1,,3006.0,3326,FULFILLED,ARS,11400.0,2394.0,900.0,14694.0,20250208
1000008705,405,2,2.0,3390.0,2,FULFILLED,ARS,10800.0,2268.0,0.0,13068.0,20241206
1000008706,135,1,,1353.0,3428,FULFILLED,ARS,12348.0,2593.08,1200.0,16141.08,20240227
1000008707,342,1,,3613.0,1518,FULFILLED,ARS,35910.0,7541.1,900.0,44351.1,20250611
1000008708,56,2,3.0,2267.0,3,FULFILLED,ARS,50520.0,10609.2,0.0,61129.2,20250604
1000008709,679,1,,,3363,FULFILLED,ARS,20520.0,4309.2,0.0,24829.2,20250606
1000008710,441,1,,2297.0,3299,FULFILLED,ARS,40500.0,8505.0,0.0,49005.0,20250904
1000008711,546,1,,1403.0,1085,FULFILLED,ARS,34020.0,7144.2,0.0,41164.2,20241105
1000008712,453,2,4.0,,4,FULFILLED,ARS,46296.0,9722.16,0.0,56018.16,20250514
1000008713,818,1,,2670.0,1707,FULFILLED,ARS,44100.0,9261.0,1200.0,54561.0,20240628
1000008714,1479,1,,2849.0,3194,FULFILLED,ARS,15000.0,3150.0,900.0,19050.0,20250407
1000008715,63,2,2.0,3997.0,2,CANCELLED,ARS,43575.0,9150.75,0.0,52725.75,20250306
1000008716,963,2,1.0,1959.0,1,PAID,ARS,30870.0,6482.7,0.0,37352.7,20240826
1000008717,1465,1,,,2237,FULFILLED,ARS,10800.0,2268.0,1200.0,14268.0,20250719
1000008718,1293,1,,4084.0,1717,FULFILLED,ARS,38475.0,8079.75,900.0,47454.75,20240602
1000008719,1464,1,,3186.0,2654,FULFILLED,ARS,39600.0,8316.0,900.0,48816.0,20240128
1000008720,986,2,3.0,2513.0,3,FULFILLED,ARS,59100.0,12411.0,0.0,71511.0,20240707
1000008721,593,2,1.0,4198.0,1,FULFILLED,ARS,27000.0,5670.0,0.0,32670.0,20250604
1000008722,1014,2,2.0,3034.0,2,FULFILLED,ARS,10260.0,2154.6,0.0,12414.6,20250216
1000008723,514,2,3.0,3417.0,3,PAID,ARS,45000.0,9450.0,0.0,54450.0,20250509
1000008724,1094,2,1.0,1353.0,1,FULFILLED,ARS,34080.0,7156.8,0.0,41236.8,20240722
1000008725,1251,1,,2704.0,1817,PAID,ARS,13500.0,2835.0,900.0,17235.0,20240406
1000008726,305,2,3.0,1680.0,3,FULFILLED,ARS,35670.0,7490.7,0.0,43160.7,20250514
1000008727,123,1,,1536.0,1225,FULFILLED,ARS,25500.0,5355.0,900.0,31755.0,20250223
1000008728,1216,1,,1583.0,4148,FULFILLED,ARS,21600.0,4536.0,1200.0,27336.0,20241015
1000008729,1117,1,,,3698,FULFILLED,ARS,11400.0,2394.0,1200.0,14994.0,20250912
1000008730,391,2,1.0,3303.0,1,PAID,ARS,47040.0,9878.4,0.0,56918.4,20250612
1000008731,475,2,3.0,3948.0,3,FULFILLED,ARS,27000.0,5670.0,0.0,32670.0,20240823
1000008732,1090,2,1.0,4198.0,1,FULFILLED,ARS,26460.0,5556.6,0.0,32016.6,20250111
1000008733,196,2,1.0,3778.0,1,FULFILLED,ARS,64800.0,13608.0,0.0,78408.0,20241009
1000008734,1111,2,3.0,1758.0,3,FULFILLED,ARS,11760.0,2469.6,0.0,14229.6,20250428
1000008735,781,2,2.0,3331.0,2,FULFILLED,ARS,36450.0,7654.5,0.0,44104.5,20240912
1000008736,719,1,,3997.0,3088,FULFILLED,ARS,10800.0,2268.0,1200.0,14268.0,20240102
1000008737,825,1,,4023.0,2159,FULFILLED,ARS,27150.0,5701.5,1500.0,34351.5,20250927
1000008738,1483,1,,2619.0,1986,PAID,ARS,44100.0,9261.0,1200.0,54561.0,20240402
1000008739,1489,1,,,2379,FULFILLED,ARS,31500.0,6615.0,1200.0,39315.0,20250623
1000008740,118,1,,,3264,FULFILLED,ARS,45000.0,9450.0,1200.0,55650.0,20250517
1000008741,524,2,4.0,3808.0,4,CANCELLED,ARS,10800.0,2268.0,0.0,13068.0,20241116
1000008742,599,2,4.0,2279.0,4,FULFILLED,ARS,27000.0,5670.0,0.0,32670.0,20250715
1000008743,1433,1,,,3672,CANCELLED,ARS,53760.0,11289.6,900.0,65949.6,20250310
1000008744,1128,1,,1967.0,3777,FULFILLED,ARS,19440.0,4082.4,900.0,24422.4,20250420
1000008745,319,2,3.0,2164.0,3,FULFILLED,ARS,32400.0,6804.0,0.0,39204.0,20250306
1000008746,1148,1,,3025.0,3297,FULFILLED,ARS,38475.0,8079.75,1200.0,47754.75,20240314
1000008747,1468,1,,1856.0,3002,CANCELLED,ARS,21600.0,4536.0,0.0,26136.0,20250804
1000008748,667,2,3.0,4198.0,3,FULFILLED,ARS,16170.0,3395.7,0.0,19565.7,20240718
1000008749,932,1,,1235.0,2997,FULFILLED,ARS,32400.0,6804.0,900.0,40104.0,20240514
1000008750,1054,2,2.0,3704.0,2,PAID,ARS,11400.0,2394.0,0.0,13794.0,20240519
1000008751,346,1,,2613.0,4010,FULFILLED,ARS,15000.0,3150.0,900.0,19050.0,20241126
1000008752,1004,1,,,2951,FULFILLED,ARS,15750.0,3307.5,1200.0,20257.5,20240809
1000008753,272,1,,3062.0,1466,FULFILLED,ARS,21168.0,4445.28,900.0,26513.28,20240926
1000008754,1201,2,3.0,4180.0,3,PAID,ARS,65550.0,13765.5,0.0,79315.5,20240903
1000008755,141,1,,3023.0,4161,CREATED,ARS,50400.0,10584.0,900.0,61884.0,20250826
1000008756,1336,1,,2126.0,1958,FULFILLED,ARS,11760.0,2469.6,900.0,15129.6,20240331
1000008757,1346,1,,2839.0,1335,PAID,ARS,22800.0,4788.0,1200.0,28788.0,20240802
1000008758,159,1,,1477.0,4017,FULFILLED,ARS,94860.0,19920.6,900.0,115680.6,20240322
1000008759,589,2,3.0,3959.0,3,FULFILLED,ARS,75870.0,15932.7,0.0,91802.7,20250416
1000008760,1371,2,2.0,2007.0,2,FULFILLED,ARS,43200.0,9072.0,0.0,52272.0,20250612
1000008761,43,2,1.0,,1,CANCELLED,ARS,13500.0,2835.0,0.0,16335.0,20241206
1000008762,877,1,,3836.0,3885,FULFILLED,ARS,34020.0,7144.2,1200.0,42364.2,20240824
1000008763,479,1,,3076.0,3881,FULFILLED,ARS,19440.0,4082.4,900.0,24422.4,20250513
1000008764,891,2,1.0,1417.0,1,CREATED,ARS,13500.0,2835.0,0.0,16335.0,20240713
1000008765,1172,1,,1375.0,2191,REFUNDED,ARS,21600.0,4536.0,1200.0,27336.0,20240813
1000008766,1142,1,,4000.0,3901,PAID,ARS,30000.0,6300.0,900.0,37200.0,20240526
1000008767,187,1,,2926.0,2728,FULFILLED,ARS,45000.0,9450.0,900.0,55350.0,20250417
1000008768,1384,2,2.0,1643.0,2,FULFILLED,ARS,32400.0,6804.0,0.0,39204.0,20240426
1000008769,289,2,3.0,,3,FULFILLED,ARS,85065.0,17863.65,0.0,102928.65,20240323
1000008770,174,2,1.0,3332.0,1,FULFILLED,ARS,29550.0,6205.5,0.0,35755.5,20240211
1000008771,920,1,,2966.0,3099,FULFILLED,ARS,26460.0,5556.6,1500.0,33516.6,20250507
1000008772,1120,1,,1163.0,1546,FULFILLED,ARS,14250.0,2992.5,1500.0,18742.5,20240522
1000008773,1048,1,,3789.0,2729,FULFILLED,ARS,22800.0,4788.0,1500.0,29088.0,20240907
1000008774,653,1,,2000.0,1582,FULFILLED,ARS,48000.0,10080.0,0.0,58080.0,20241027
1000008775,1090,1,,1765.0,1007,FULFILLED,ARS,35280.0,7408.8,900.0,43588.8,20240324
1000008776,192,1,,2686.0,1549,FULFILLED,ARS,32400.0,6804.0,1200.0,40404.0,20240331
1000008777,684,2,3.0,1041.0,3,FULFILLED,ARS,54390.0,11421.9,0.0,65811.9,20240521
1000008778,1441,1,,4043.0,1107,FULFILLED,ARS,47250.0,9922.5,0.0,57172.5,20240619
1000008779,467,1,,2167.0,3104,FULFILLED,ARS,21168.0,4445.28,1200.0,26813.28,20241014
1000008780,754,1,,4176.0,1573,CREATED,ARS,39690.0,8334.9,900.0,48924.9,20250624
1000008781,1057,2,2.0,,2,PAID,ARS,42750.0,8977.5,0.0,51727.5,20240302
1000008782,100,2,1.0,1434.0,1,FULFILLED,ARS,35280.0,7408.8,0.0,42688.8,20250102
1000008783,1139,1,,3276.0,3194,FULFILLED,ARS,58500.0,12285.0,0.0,70785.0,20240906
1000008784,1419,1,,3053.0,3750,FULFILLED,ARS,11760.0,2469.6,1200.0,15429.6,20241017
1000008785,686,1,,1385.0,1026,FULFILLED,ARS,51000.0,10710.0,1200.0,62910.0,20250824
1000008786,49,2,1.0,2792.0,1,FULFILLED,ARS,40200.0,8442.0,0.0,48642.0,20250127
1000008787,219,2,2.0,3302.0,2,PAID,ARS,23520.0,4939.2,0.0,28459.2,20250513
1000008788,652,2,3.0,1104.0,3,FULFILLED,ARS,21600.0,4536.0,0.0,26136.0,20241101
1000008789,1431,2,3.0,3781.0,3,PAID,ARS,9720.0,2041.2,0.0,11761.2,20241106
1000008790,1423,1,,1663.0,2059,FULFILLED,ARS,34200.0,7182.0,1200.0,42582.0,20250228
1000008791,208,2,4.0,1663.0,4,CANCELLED,ARS,12000.0,2520.0,0.0,14520.0,20250209
1000008792,695,1,,1919.0,2758,FULFILLED,ARS,38190.0,8019.9,900.0,47109.9,20240520
1000008793,1128,2,4.0,1411.0,4,FULFILLED,ARS,34020.0,7144.2,0.0,41164.2,20240402
1000008794,838,1,,1473.0,1779,PAID,ARS,13500.0,2835.0,1200.0,17535.0,20250218
1000008795,72,2,4.0,,4,FULFILLED,ARS,73237.5,15379.88,0.0,88617.38,20241208
1000008796,765,1,,3888.0,1276,FULFILLED,ARS,64800.0,13608.0,900.0,79308.0,20250426
1000008797,565,2,4.0,3607.0,4,FULFILLED,ARS,15435.0,3241.35,0.0,18676.35,20241031
1000008798,107,1,,1038.0,3995,PAID,ARS,22800.0,4788.0,900.0,28488.0,20240729
1000008799,1248,1,,4074.0,3821,FULFILLED,ARS,61800.0,12978.0,900.0,75678.0,20240926
1000008800,1296,1,,,2814,PAID,ARS,31350.0,6583.5,1200.0,39133.5,20250418
1000008801,397,1,,2530.0,1514,FULFILLED,ARS,58950.0,12379.5,1200.0,72529.5,20240315
1000008802,1434,1,,2081.0,2876,FULFILLED,ARS,22680.0,4762.8,900.0,28342.8,20240911
1000008803,394,1,,3390.0,2458,FULFILLED,ARS,13500.0,2835.0,900.0,17235.0,20240115
1000008804,213,2,2.0,1805.0,2,FULFILLED,ARS,20520.0,4309.2,0.0,24829.2,20241107
1000008805,46,1,,3523.0,3648,PAID,ARS,11340.0,2381.4,1200.0,14921.4,20250701
1000008806,1191,1,,4060.0,3198,PAID,ARS,42750.0,8977.5,1500.0,53227.5,20240116
1000008807,1038,2,4.0,3576.0,4,FULFILLED,ARS,13500.0,2835.0,0.0,16335.0,20240707
1000008808,847,2,3.0,3417.0,3,FULFILLED,ARS,34320.0,7207.2,0.0,41527.2,20250818
1000008809,56,1,,2735.0,1980,FULFILLED,ARS,35100.0,7371.0,1200.0,43671.0,20250904
1000008810,405,1,,3213.0,1211,FULFILLED,ARS,24696.0,5186.16,1500.0,31382.16,20250304
1000008811,467,1,,,2316,FULFILLED,ARS,23520.0,4939.2,1500.0,29959.2,20240614
1000008812,33,1,,4089.0,1811,FULFILLED,ARS,14850.0,3118.5,1200.0,19168.5,20240420
1000008813,239,2,4.0,3599.0,4,PAID,ARS,22800.0,4788.0,0.0,27588.0,20250824
1000008814,888,1,,,4112,FULFILLED,ARS,12150.0,2551.5,1200.0,15901.5,20240401
1000008815,622,2,2.0,3309.0,2,FULFILLED,ARS,21600.0,4536.0,0.0,26136.0,20240519
1000008816,533,1,,2024.0,3370,FULFILLED,ARS,23520.0,4939.2,1500.0,29959.2,20240302
1000008817,715,1,,1759.0,1438,FULFILLED,ARS,25650.0,5386.5,1500.0,32536.5,20240310
1000008818,126,1,,3705.0,2268,PAID,ARS,23520.0,4939.2,0.0,28459.2,20240530
1000008819,919,1,,2609.0,2075,FULFILLED,ARS,44550.0,9355.5,1200.0,55105.5,20250920
1000008820,221,2,3.0,3873.0,3,FULFILLED,ARS,14700.0,3087.0,0.0,17787.0,20250519
1000008821,266,1,,3265.0,3116,FULFILLED,ARS,27000.0,5670.0,900.0,33570.0,20250709
1000008822,604,1,,2204.0,2111,FULFILLED,ARS,49200.0,10332.0,0.0,59532.0,20240704
1000008823,684,2,3.0,3911.0,3,CANCELLED,ARS,78600.0,16506.0,0.0,95106.0,20250126
1000008824,439,1,,,2449,CREATED,ARS,39600.0,8316.0,1200.0,49116.0,20240726
1000008825,694,2,1.0,3190.0,1,FULFILLED,ARS,14250.0,2992.5,0.0,17242.5,20240722
1000008826,621,1,,3584.0,2008,PAID,ARS,36000.0,7560.0,1200.0,44760.0,20250822
1000008827,558,1,,1071.0,1619,CANCELLED,ARS,55692.0,11695.32,900.0,68287.32,20250121
1000008828,1005,1,,1604.0,1525,CANCELLED,ARS,23520.0,4939.2,1500.0,29959.2,20240702
1000008829,1274,1,,2998.0,1275,FULFILLED,ARS,61560.0,12927.6,1200.0,75687.6,20240709
1000008830,1037,1,,2356.0,3732,FULFILLED,ARS,14700.0,3087.0,900.0,18687.0,20240123
1000008831,952,2,4.0,1944.0,4,FULFILLED,ARS,25650.0,5386.5,0.0,31036.5,20240826
1000008832,1162,1,,1116.0,2180,PAID,ARS,14250.0,2992.5,1200.0,18442.5,20250602
1000008833,779,1,,2018.0,3470,FULFILLED,ARS,40260.0,8454.6,900.0,49614.6,20250122
1000008834,975,2,2.0,2305.0,2,FULFILLED,ARS,21600.0,4536.0,0.0,26136.0,20240229
1000008835,876,1,,1015.0,1688,FULFILLED,ARS,14700.0,3087.0,1200.0,18987.0,20250703
1000008836,459,1,,2614.0,4191,FULFILLED,ARS,13230.0,2778.3,0.0,16008.3,20240915
1000008837,728,1,,1753.0,3939,FULFILLED,ARS,21600.0,4536.0,1500.0,27636.0,20240517
1000008838,231,1,,1520.0,2529,FULFILLED,ARS,29925.0,6284.25,0.0,36209.25,20241009
1000008839,774,1,,3759.0,4138,FULFILLED,ARS,14250.0,2992.5,900.0,18142.5,20240911
1000008840,228,2,3.0,4059.0,3,PAID,ARS,30000.0,6300.0,0.0,36300.0,20240719
1000008841,1386,1,,3730.0,1094,FULFILLED,ARS,21600.0,4536.0,1200.0,27336.0,20240101
1000008842,618,1,,2434.0,1787,FULFILLED,ARS,32400.0,6804.0,900.0,40104.0,20240607
1000008843,5,2,1.0,1150.0,1,FULFILLED,ARS,40560.0,8517.6,0.0,49077.6,20240915
1000008844,950,1,,3222.0,1758,FULFILLED,ARS,48510.0,10187.1,1500.0,60197.1,20240122
1000008845,1412,2,4.0,1186.0,4,FULFILLED,ARS,40500.0,8505.0,0.0,49005.0,20241023
1000008846,475,1,,2380.0,3263,FULFILLED,ARS,40500.0,8505.0,900.0,49905.0,20250704
1000008847,769,1,,4002.0,1259,FULFILLED,ARS,10800.0,2268.0,1200.0,14268.0,20240424
1000008848,13,2,1.0,1555.0,1,FULFILLED,ARS,21600.0,4536.0,0.0,26136.0,20240628
1000008849,921,1,,2251.0,1203,REFUNDED,ARS,22800.0,4788.0,900.0,28488.0,20250430
1000008850,1249,2,3.0,1704.0,3,FULFILLED,ARS,14700.0,3087.0,0.0,17787.0,20240408
1000008851,1278,1,,,1982,FULFILLED,ARS,43200.0,9072.0,1200.0,53472.0,20250507
1000008852,876,1,,3915.0,1924,FULFILLED,ARS,32400.0,6804.0,1200.0,40404.0,20250409
1000008853,53,2,2.0,,2,FULFILLED,ARS,14175.0,2976.75,0.0,17151.75,20241024
1000008854,187,1,,3588.0,3581,PAID,ARS,11760.0,2469.6,900.0,15129.6,20250121
1000008855,935,1,,2865.0,2138,FULFILLED,ARS,19440.0,4082.4,1500.0,25022.4,20250508
1000008856,253,1,,2954.0,1688,FULFILLED,ARS,22800.0,4788.0,1200.0,28788.0,20240831
1000008857,664,1,,1936.0,2396,FULFILLED,ARS,13500.0,2835.0,900.0,17235.0,20240107
1000008858,886,1,,,2773,FULFILLED,ARS,23940.0,5027.4,1200.0,30167.4,20240102
1000008859,235,1,,3984.0,2253,PAID,ARS,11400.0,2394.0,1200.0,14994.0,20240106
1000008860,322,1,,3850.0,2073,PAID,ARS,14850.0,3118.5,900.0,18868.5,20240125
1000008861,1427,1,,1755.0,2117,FULFILLED,ARS,14250.0,2992.5,1200.0,18442.5,20250917
1000008862,1439,1,,1249.0,3487,FULFILLED,ARS,42525.0,8930.25,900.0,52355.25,20250608
1000008863,885,2,4.0,2215.0,4,FULFILLED,ARS,40500.0,8505.0,0.0,49005.0,20240611
1000008864,874,1,,1834.0,3529,PAID,ARS,43312.5,9095.62,1500.0,53908.12,20241009
1000008865,1083,1,,3077.0,1377,FULFILLED,ARS,44250.0,9292.5,0.0,53542.5,20240519
1000008866,720,2,3.0,1066.0,3,REFUNDED,ARS,47520.0,9979.2,0.0,57499.2,20240212
1000008867,507,2,3.0,1492.0,3,PAID,ARS,27000.0,5670.0,0.0,32670.0,20241004
1000008868,436,1,,3076.0,3802,FULFILLED,ARS,45000.0,9450.0,1200.0,55650.0,20241129
1000008869,237,1,,2271.0,3512,FULFILLED,ARS,23520.0,4939.2,900.0,29359.2,20250724
1000008870,1120,1,,3172.0,1616,FULFILLED,ARS,12000.0,2520.0,1200.0,15720.0,20240422
1000008871,1081,1,,,1497,FULFILLED,ARS,23940.0,5027.4,900.0,29867.4,20241028
1000008872,511,1,,4177.0,1142,FULFILLED,ARS,14962.5,3142.12,1200.0,19304.62,20250611
1000008873,1330,2,4.0,1586.0,4,PAID,ARS,33000.0,6930.0,0.0,39930.0,20241103
1000008874,662,2,3.0,1842.0,3,CANCELLED,ARS,74100.0,15561.0,0.0,89661.0,20250402
1000008875,87,1,,1827.0,1584,FULFILLED,ARS,24000.0,5040.0,900.0,29940.0,20240830
1000008876,1429,1,,4190.0,2332,FULFILLED,ARS,35940.0,7547.4,1200.0,44687.4,20241125
1000008877,1251,1,,2592.0,1781,FULFILLED,ARS,37500.0,7875.0,900.0,46275.0,20240325
1000008878,1228,1,,4094.0,1873,PAID,ARS,24000.0,5040.0,900.0,29940.0,20250827
1000008879,1482,1,,1106.0,2048,FULFILLED,ARS,40500.0,8505.0,1500.0,50505.0,20240817
1000008880,1114,1,,4164.0,2832,FULFILLED,ARS,71190.0,14949.9,900.0,87039.9,20250422
1000008881,1489,2,3.0,3312.0,3,FULFILLED,ARS,34920.0,7333.2,0.0,42253.2,20250915
1000008882,538,2,1.0,3155.0,1,CANCELLED,ARS,37620.0,7900.2,0.0,45520.2,20240118
1000008883,1306,1,,3018.0,2553,REFUNDED,ARS,71640.0,15044.4,1500.0,88184.4,20250313
1000008884,1088,2,1.0,1647.0,1,REFUNDED,ARS,14250.0,2992.5,0.0,17242.5,20241007
1000008885,458,1,,1763.0,2091,FULFILLED,ARS,14962.5,3142.12,1200.0,19304.62,20250610
1000008886,1105,1,,2678.0,2589,PAID,ARS,38808.0,8149.68,0.0,46957.68,20240821
1000008887,229,2,3.0,,3,PAID,ARS,101268.0,21266.28,0.0,122534.28,20241119
1000008888,1387,1,,,2841,FULFILLED,ARS,40500.0,8505.0,1500.0,50505.0,20250617
1000008889,75,1,,2923.0,2506,FULFILLED,ARS,11760.0,2469.6,1500.0,15729.6,20240823
1000008890,295,1,,3899.0,3606,FULFILLED,ARS,46680.0,9802.8,1200.0,57682.8,20240112
1000008891,705,1,,3670.0,2039,FULFILLED,ARS,87270.0,18326.7,1200.0,106796.7,20240729
1000008892,455,1,,1757.0,1726,FULFILLED,ARS,34200.0,7182.0,900.0,42282.0,20250613
1000008893,213,1,,3749.0,3137,REFUNDED,ARS,32400.0,6804.0,1500.0,40704.0,20240722
1000008894,465,1,,1089.0,3454,FULFILLED,ARS,35280.0,7408.8,900.0,43588.8,20250422
1000008895,418,2,1.0,,1,FULFILLED,ARS,14175.0,2976.75,0.0,17151.75,20240711
1000008896,477,1,,2783.0,3286,FULFILLED,ARS,50100.0,10521.0,1500.0,62121.0,20241209
1000008897,619,2,1.0,3968.0,1,PAID,ARS,34020.0,7144.2,0.0,41164.2,20250505
1000008898,1101,1,,1344.0,3338,FULFILLED,ARS,14700.0,3087.0,0.0,17787.0,20241210
1000008899,1062,1,,3671.0,1438,CREATED,ARS,37800.0,7938.0,900.0,46638.0,20250426
1000008900,101,2,4.0,,4,FULFILLED,ARS,50400.0,10584.0,0.0,60984.0,20241122
1000008901,1270,1,,1549.0,3595,REFUNDED,ARS,31350.0,6583.5,1200.0,39133.5,20240429
1000008902,1081,1,,4132.0,2095,PAID,ARS,14250.0,2992.5,900.0,18142.5,20241228
1000008903,1322,2,1.0,1436.0,1,REFUNDED,ARS,60408.0,12685.68,0.0,73093.68,20240908
1000008904,1309,2,2.0,3326.0,2,FULFILLED,ARS,11340.0,2381.4,0.0,13721.4,20240605
1000008905,90,1,,4126.0,3482,FULFILLED,ARS,47025.0,9875.25,0.0,56900.25,20250122
1000008906,937,1,,2968.0,3419,FULFILLED,ARS,23520.0,4939.2,1200.0,29659.2,20240210
1000008907,1217,1,,3034.0,1052,FULFILLED,ARS,16500.0,3465.0,1200.0,21165.0,20240417
1000008908,611,1,,3630.0,1762,PAID,ARS,72252.0,15172.92,900.0,88324.92,20240628
1000008909,1374,2,2.0,3911.0,2,FULFILLED,ARS,13500.0,2835.0,0.0,16335.0,20250627
1000008910,701,1,,3907.0,1143,FULFILLED,ARS,14850.0,3118.5,1500.0,19468.5,20241014
1000008911,1147,2,1.0,1778.0,1,FULFILLED,ARS,41610.0,8738.1,0.0,50348.1,20250714
1000008912,14,2,4.0,1450.0,4,FULFILLED,ARS,30000.0,6300.0,0.0,36300.0,20250102
1000008913,1499,1,,3737.0,3514,FULFILLED,ARS,30870.0,6482.7,0.0,37352.7,20240926
1000008914,1135,1,,1654.0,2402,FULFILLED,ARS,38760.0,8139.6,0.0,46899.6,20250827
1000008915,1110,1,,2081.0,2904,FULFILLED,ARS,53550.0,11245.5,1500.0,66295.5,20250923
1000008916,1044,2,1.0,,1,FULFILLED,ARS,35910.0,7541.1,0.0,43451.1,20250815
1000008917,482,2,1.0,3809.0,1,CANCELLED,ARS,24000.0,5040.0,0.0,29040.0,20240216
1000008918,413,2,3.0,1092.0,3,FULFILLED,ARS,69825.0,14663.25,0.0,84488.25,20250424
1000008919,891,1,,,2717,FULFILLED,ARS,29925.0,6284.25,900.0,37109.25,20241114
1000008920,310,1,,2036.0,2683,FULFILLED,ARS,50872.5,10683.22,0.0,61555.72,20240930
1000008921,1279,1,,2877.0,1935,REFUNDED,ARS,14250.0,2992.5,0.0,17242.5,20240126
1000008922,223,2,1.0,1108.0,1,FULFILLED,ARS,39690.0,8334.9,0.0,48024.9,20250925
1000008923,173,1,,3361.0,3080,FULFILLED,ARS,39600.0,8316.0,1500.0,49416.0,20240828
1000008924,1302,1,,2416.0,4068,REFUNDED,ARS,15435.0,3241.35,1200.0,19876.35,20240312
1000008925,454,2,4.0,1266.0,4,FULFILLED,ARS,40500.0,8505.0,0.0,49005.0,20241023
1000008926,559,2,4.0,1486.0,4,FULFILLED,ARS,50280.0,10558.8,0.0,60838.8,20241012
1000008927,894,2,2.0,3248.0,2,FULFILLED,ARS,10800.0,2268.0,0.0,13068.0,20250701
1000008928,805,1,,1472.0,1496,PAID,ARS,23520.0,4939.2,1200.0,29659.2,20240415
1000008929,1037,1,,2765.0,3346,FULFILLED,ARS,50850.0,10678.5,0.0,61528.5,20250323
1000008930,743,2,3.0,,3,CANCELLED,ARS,20520.0,4309.2,0.0,24829.2,20240525
1000008931,1413,1,,3013.0,1951,PAID,ARS,12150.0,2551.5,0.0,14701.5,20250203
1000008932,386,1,,2222.0,2772,FULFILLED,ARS,22800.0,4788.0,900.0,28488.0,20240604
1000008933,1004,1,,2328.0,3740,FULFILLED,ARS,27000.0,5670.0,900.0,33570.0,20250305
1000008934,318,2,1.0,1746.0,1,FULFILLED,ARS,21600.0,4536.0,0.0,26136.0,20250302
1000008935,7,1,,1166.0,1552,CANCELLED,ARS,10260.0,2154.6,1500.0,13914.6,20240123
1000008936,1453,2,3.0,1832.0,3,CANCELLED,ARS,36000.0,7560.0,0.0,43560.0,20241008
1000008937,1167,1,,1333.0,1258,FULFILLED,ARS,42525.0,8930.25,1200.0,52655.25,20240521
1000008938,1248,1,,,4170,FULFILLED,ARS,23520.0,4939.2,1500.0,29959.2,20240517
1000008939,1184,1,,1204.0,3344,FULFILLED,ARS,25872.0,5433.12,900.0,32205.12,20241216
1000008940,129,2,4.0,1388.0,4,CANCELLED,ARS,22800.0,4788.0,0.0,27588.0,20240102
1000008941,69,1,,3754.0,1150,FULFILLED,ARS,37620.0,7900.2,1200.0,46720.2,20250708
1000008942,1362,1,,2258.0,3416,PAID,ARS,40500.0,8505.0,0.0,49005.0,20240907
1000008943,683,2,4.0,1921.0,4,FULFILLED,ARS,55080.0,11566.8,0.0,66646.8,20241117
1000008944,49,1,,4107.0,1544,FULFILLED,ARS,12000.0,2520.0,1500.0,16020.0,20250126
1000008945,679,1,,2780.0,1222,FULFILLED,ARS,27000.0,5670.0,900.0,33570.0,20240430
1000008946,117,2,4.0,3348.0,4,FULFILLED,ARS,44100.0,9261.0,0.0,53361.0,20250313
1000008947,621,2,3.0,2142.0,3,CANCELLED,ARS,14700.0,3087.0,0.0,17787.0,20240520
1000008948,1395,1,,1703.0,1148,REFUNDED,ARS,28500.0,5985.0,1500.0,35985.0,20250324
1000008949,271,1,,2502.0,3131,FULFILLED,ARS,48900.0,10269.0,1200.0,60369.0,20240123
1000008950,1275,1,,3286.0,1430,FULFILLED,ARS,35640.0,7484.4,0.0,43124.4,20250924
1000008951,539,1,,2562.0,2871,CANCELLED,ARS,35280.0,7408.8,1200.0,43888.8,20250525
1000008952,541,1,,1316.0,3123,PAID,ARS,38220.0,8026.2,0.0,46246.2,20240903
1000008953,791,1,,1816.0,1177,FULFILLED,ARS,10584.0,2222.64,900.0,13706.64,20250329
1000008954,864,1,,2955.0,1458,PAID,ARS,21600.0,4536.0,1200.0,27336.0,20250505
1000008955,1171,1,,3035.0,2605,FULFILLED,ARS,22068.0,4634.28,900.0,27602.28,20250330
1000008956,331,2,3.0,,3,FULFILLED,ARS,34200.0,7182.0,0.0,41382.0,20240109
1000008957,468,2,3.0,2778.0,3,FULFILLED,ARS,64200.0,13482.0,0.0,77682.0,20250820
1000008958,722,1,,2216.0,1165,FULFILLED,ARS,29160.0,6123.6,0.0,35283.6,20250729
1000008959,586,1,,3446.0,4105,FULFILLED,ARS,30780.0,6463.8,900.0,38143.8,20240920
1000008960,490,1,,,1003,FULFILLED,ARS,36000.0,7560.0,900.0,44460.0,20240802
1000008961,527,1,,1672.0,1731,REFUNDED,ARS,15750.0,3307.5,0.0,19057.5,20240110
1000008962,1418,2,4.0,1208.0,4,FULFILLED,ARS,47670.0,10010.7,0.0,57680.7,20241225
1000008963,216,1,,2406.0,4006,FULFILLED,ARS,40500.0,8505.0,900.0,49905.0,20240415
1000008964,1273,1,,3392.0,2691,FULFILLED,ARS,67050.0,14080.5,1200.0,82330.5,20240121
1000008965,262,1,,3818.0,3192,PAID,ARS,51480.0,10810.8,900.0,63190.8,20250227
1000008966,118,2,3.0,2113.0,3,CANCELLED,ARS,13200.0,2772.0,0.0,15972.0,20241109
1000008967,899,1,,2417.0,2602,FULFILLED,ARS,48510.0,10187.1,0.0,58697.1,20240826
1000008968,861,1,,2461.0,3133,FULFILLED,ARS,39690.0,8334.9,1200.0,49224.9,20250212
1000008969,337,1,,3227.0,1122,PAID,ARS,11400.0,2394.0,900.0,14694.0,20240511
1000008970,1434,2,4.0,1690.0,4,FULFILLED,ARS,32400.0,6804.0,0.0,39204.0,20241222
1000008971,1379,1,,4143.0,1150,FULFILLED,ARS,39690.0,8334.9,1200.0,49224.9,20250614
1000008972,923,1,,2854.0,2676,CREATED,ARS,44550.0,9355.5,1200.0,55105.5,20240707
1000008973,741,2,3.0,2731.0,3,FULFILLED,ARS,14850.0,3118.5,0.0,17968.5,20250707
1000008974,160,1,,4176.0,3631,FULFILLED,ARS,51000.0,10710.0,1200.0,62910.0,20250713
1000008975,721,1,,2766.0,1301,FULFILLED,ARS,13500.0,2835.0,1200.0,17535.0,20250819
1000008976,524,2,4.0,4184.0,4,FULFILLED,ARS,49980.0,10495.8,0.0,60475.8,20240116
1000008977,1042,1,,2388.0,3100,REFUNDED,ARS,38070.0,7994.7,0.0,46064.7,20250416
1000008978,768,1,,1833.0,3447,CANCELLED,ARS,30870.0,6482.7,1200.0,38552.7,20240824
1000008979,949,2,3.0,3657.0,3,PAID,ARS,12000.0,2520.0,0.0,14520.0,20250422
1000008980,1427,1,,3873.0,3431,CREATED,ARS,11400.0,2394.0,1200.0,14994.0,20240803
1000008981,477,1,,1237.0,3604,CREATED,ARS,10800.0,2268.0,1200.0,14268.0,20250110
1000008982,44,2,4.0,2765.0,4,FULFILLED,ARS,10800.0,2268.0,0.0,13068.0,20250401
1000008983,184,1,,1762.0,1606,FULFILLED,ARS,45000.0,9450.0,900.0,55350.0,20241223
1000008984,78,1,,2222.0,3567,CREATED,ARS,27000.0,5670.0,900.0,33570.0,20240211
1000008985,1378,2,2.0,2031.0,2,FULFILLED,ARS,46800.0,9828.0,0.0,56628.0,20240716
1000008986,168,1,,3571.0,1637,PAID,ARS,34200.0,7182.0,1500.0,42882.0,20240709
1000008987,806,2,2.0,2780.0,2,FULFILLED,ARS,31350.0,6583.5,0.0,37933.5,20240619
1000008988,1149,1,,3373.0,1521,REFUNDED,ARS,50100.0,10521.0,0.0,60621.0,20250929
1000008989,460,1,,1203.0,2393,FULFILLED,ARS,28350.0,5953.5,1200.0,35503.5,20240108
1000008990,804,2,4.0,2024.0,4,FULFILLED,ARS,32400.0,6804.0,0.0,39204.0,20250822
1000008991,917,1,,4046.0,3645,FULFILLED,ARS,21600.0,4536.0,900.0,27036.0,20250920
1000008992,416,2,1.0,,1,FULFILLED,ARS,40500.0,8505.0,0.0,49005.0,20250215
1000008993,1070,2,1.0,1628.0,1,FULFILLED,ARS,31752.0,6667.92,0.0,38419.92,20240528
1000008994,1219,2,4.0,3026.0,4,FULFILLED,ARS,36000.0,7560.0,0.0,43560.0,20250131
1000008995,246,2,2.0,2123.0,2,CREATED,ARS,12150.0,2551.5,0.0,14701.5,20250625
1000008996,960,2,1.0,2368.0,1,FULFILLED,ARS,40350.0,8473.5,0.0,48823.5,20250428
1000008997,1250,1,,4087.0,4028,CANCELLED,ARS,40500.0,8505.0,1500.0,50505.0,20240122
1000008998,1317,1,,1661.0,3912,FULFILLED,ARS,81240.0,17060.4,900.0,99200.4,20250307
1000008999,361,1,,2768.0,2281,FULFILLED,ARS,27000.0,5670.0,900.0,33570.0,20250224
1000009000,196,2,3.0,2033.0,3,PAID,ARS,34200.0,7182.0,0.0,41382.0,20240825
1000009001,75,2,1.0,2718.0,1,PAID,ARS,29160.0,6123.6,0.0,35283.6,20240506
1000009002,513,1,,2064.0,1490,PAID,ARS,14700.0,3087.0,1200.0,18987.0,20250724
1000009003,947,1,,2734.0,3672,FULFILLED,ARS,24000.0,5040.0,900.0,29940.0,20250625
1000009004,432,1,,1744.0,1823,PAID,ARS,34200.0,7182.0,1200.0,42582.0,20241013
1000009005,831,1,,1848.0,3205,FULFILLED,ARS,11400.0,2394.0,900.0,14694.0,20241203
1000009006,1231,1,,2436.0,1680,FULFILLED,ARS,31752.0,6667.92,1200.0,39619.92,20250101
1000009007,1408,1,,2856.0,1756,PAID,ARS,45780.0,9613.8,1200.0,56593.8,20240728
1000009008,266,2,3.0,3836.0,3,FULFILLED,ARS,36960.0,7761.6,0.0,44721.6,20240425
1000009009,1213,2,1.0,2650.0,1,FULFILLED,ARS,24834.0,5215.14,0.0,30049.14,20241217
1000009010,1286,1,,2717.0,2225,FULFILLED,ARS,27000.0,5670.0,1200.0,33870.0,20250319
1000009011,1129,1,,2726.0,4,CANCELLED,ARS,58800.0,12348.0,0.0,71148.0,20240718
1000009012,1369,1,,3580.0,2756,FULFILLED,ARS,54810.0,11510.1,0.0,66320.1,20240920
1000009013,296,2,1.0,,1,REFUNDED,ARS,12540.0,2633.4,0.0,15173.4,20240624
1000009014,196,1,,3466.0,2957,CANCELLED,ARS,29400.0,6174.0,900.0,36474.0,20250715
1000009015,695,2,2.0,2731.0,2,FULFILLED,ARS,56767.5,11921.18,0.0,68688.68,20250322
1000009016,914,2,3.0,1333.0,3,FULFILLED,ARS,31350.0,6583.5,0.0,37933.5,20241101
1000009017,1124,1,,2920.0,3264,FULFILLED,ARS,69660.0,14628.6,900.0,85188.6,20250819
1000009018,629,2,1.0,4089.0,1,FULFILLED,ARS,22770.0,4781.7,0.0,27551.7,20250407
1000009019,1234,2,1.0,2502.0,1,FULFILLED,ARS,82044.0,17229.24,0.0,99273.24,20240629
1000009020,1129,2,1.0,2552.0,1,FULFILLED,ARS,29925.0,6284.25,0.0,36209.25,20250921
1000009021,867,2,1.0,3027.0,1,FULFILLED,ARS,43200.0,9072.0,0.0,52272.0,20250817
1000009022,468,1,,3992.0,2379,FULFILLED,ARS,21600.0,4536.0,900.0,27036.0,20241018
1000009023,317,1,,2371.0,4188,FULFILLED,ARS,32400.0,6804.0,1500.0,40704.0,20240824
1000009024,619,1,,,4116,FULFILLED,ARS,36450.0,7654.5,1500.0,45604.5,20241113
1000009025,1269,1,,3480.0,3083,FULFILLED,ARS,27000.0,5670.0,900.0,33570.0,20250320
1000009026,1416,1,,3499.0,1965,CANCELLED,ARS,52320.0,10987.2,900.0,64207.2,20241017
1000009027,747,1,,2295.0,1026,FULFILLED,ARS,10260.0,2154.6,1500.0,13914.6,20250726
1000009028,493,1,,,3039,CANCELLED,ARS,66600.0,13986.0,900.0,81486.0,20250302
1000009029,1170,1,,3609.0,3389,FULFILLED,ARS,46440.0,9752.4,1200.0,57392.4,20240914
1000009030,1068,1,,,2087,PAID,ARS,26460.0,5556.6,900.0,32916.6,20250125
1000009031,1416,1,,1206.0,1871,FULFILLED,ARS,44100.0,9261.0,900.0,54261.0,20250722
1000009032,818,2,2.0,4194.0,2,FULFILLED,ARS,23760.0,4989.6,0.0,28749.6,20250424
1000009033,212,2,4.0,2353.0,4,FULFILLED,ARS,44550.0,9355.5,0.0,53905.5,20240308
1000009034,1196,2,2.0,1867.0,2,FULFILLED,ARS,77616.0,16299.36,0.0,93915.36,20250702
1000009035,336,2,4.0,1848.0,4,FULFILLED,ARS,40500.0,8505.0,0.0,49005.0,20240218
1000009036,205,1,,1568.0,3559,FULFILLED,ARS,45600.0,9576.0,900.0,56076.0,20240619
1000009037,667,1,,2239.0,2279,FULFILLED,ARS,42750.0,8977.5,1200.0,52927.5,20241221
1000009038,1390,1,,3453.0,2375,FULFILLED,ARS,24000.0,5040.0,1200.0,30240.0,20240831
1000009039,597,1,,3059.0,2277,FULFILLED,ARS,54000.0,11340.0,1500.0,66840.0,20240904
1000009040,1290,2,2.0,2530.0,2,PAID,ARS,23520.0,4939.2,0.0,28459.2,20250423
1000009041,594,1,,4115.0,1711,FULFILLED,ARS,80190.0,16839.9,1200.0,98229.9,20250625
1000009042,1192,1,,3919.0,3367,FULFILLED,ARS,45000.0,9450.0,900.0,55350.0,20241120
1000009043,86,1,,2063.0,2208,PAID,ARS,47025.0,9875.25,1200.0,58100.25,20250823
1000009044,178,1,,3612.0,1844,PAID,ARS,13500.0,2835.0,1200.0,17535.0,20241118
1000009045,659,2,2.0,1560.0,2,FULFILLED,ARS,35280.0,7408.8,0.0,42688.8,20250719
1000009046,349,2,3.0,1604.0,3,FULFILLED,ARS,20520.0,4309.2,0.0,24829.2,20250401
1000009047,653,1,,4171.0,4181,CANCELLED,ARS,12000.0,2520.0,1200.0,15720.0,20240412
1000009048,984,1,,3778.0,2293,PAID,ARS,42750.0,8977.5,1200.0,52927.5,20240506
1000009049,1397,1,,4180.0,3306,FULFILLED,ARS,55200.0,11592.0,900.0,67692.0,20240919
1000009050,400,2,3.0,3574.0,3,FULFILLED,ARS,59700.0,12537.0,0.0,72237.0,20240402
1000009051,1227,2,3.0,3177.0,3,FULFILLED,ARS,11760.0,2469.6,0.0,14229.6,20250616
1000009052,714,1,,3292.0,3459,FULFILLED,ARS,80388.0,16881.48,900.0,98169.48,20250317
1000009053,677,1,,1807.0,3432,FULFILLED,ARS,45000.0,9450.0,900.0,55350.0,20240329
1000009054,145,1,,2701.0,3410,PAID,ARS,25872.0,5433.12,1200.0,32505.12,20250901
1000009055,1366,2,4.0,,4,FULFILLED,ARS,45000.0,9450.0,0.0,54450.0,20240111
1000009056,824,2,2.0,,2,FULFILLED,ARS,10260.0,2154.6,0.0,12414.6,20241004
1000009057,1165,1,,3066.0,1024,FULFILLED,ARS,14250.0,2992.5,1500.0,18742.5,20250401
1000009058,1158,1,,2924.0,1739,FULFILLED,ARS,12150.0,2551.5,1200.0,15901.5,20241017
1000009059,1410,1,,,2398,FULFILLED,ARS,34200.0,7182.0,0.0,41382.0,20240423
1000009060,952,1,,2612.0,3811,FULFILLED,ARS,15000.0,3150.0,0.0,18150.0,20250810
1000009061,709,1,,3595.0,1024,REFUNDED,ARS,47040.0,9878.4,0.0,56918.4,20241109
1000009062,1029,1,,,3521,FULFILLED,ARS,22800.0,4788.0,1200.0,28788.0,20250429
1000009063,1392,2,1.0,1889.0,1,FULFILLED,ARS,12825.0,2693.25,0.0,15518.25,20240602
1000009064,1020,2,1.0,1660.0,1,REFUNDED,ARS,13500.0,2835.0,0.0,16335.0,20240521
1000009065,649,1,,3288.0,2030,FULFILLED,ARS,43200.0,9072.0,0.0,52272.0,20250125
1000009066,21,1,,1008.0,2555,PAID,ARS,29400.0,6174.0,900.0,36474.0,20240710
1000009067,459,1,,,3884,PAID,ARS,15750.0,3307.5,0.0,19057.5,20241123
1000009068,322,2,3.0,3146.0,3,PAID,ARS,24300.0,5103.0,0.0,29403.0,20241101
1000009069,446,2,1.0,2440.0,1,PAID,ARS,28500.0,5985.0,0.0,34485.0,20240918
1000009070,589,2,3.0,1073.0,3,FULFILLED,ARS,24000.0,5040.0,0.0,29040.0,20240620
1000009071,1377,2,3.0,2458.0,3,CREATED,ARS,45000.0,9450.0,0.0,54450.0,20250520
1000009072,352,1,,1113.0,1142,PAID,ARS,12825.0,2693.25,1200.0,16718.25,20250204
1000009073,895,1,,2134.0,1046,FULFILLED,ARS,26460.0,5556.6,1500.0,33516.6,20250729
1000009074,785,2,1.0,1547.0,1,FULFILLED,ARS,44100.0,9261.0,0.0,53361.0,20240710
1000009075,1338,1,,2178.0,3000,PAID,ARS,40500.0,8505.0,1200.0,50205.0,20241207
1000009076,587,2,3.0,1911.0,3,FULFILLED,ARS,36000.0,7560.0,0.0,43560.0,20240508
1000009077,69,2,4.0,,4,FULFILLED,ARS,10800.0,2268.0,0.0,13068.0,20240913
1000009078,1370,2,2.0,2620.0,2,PAID,ARS,16500.0,3465.0,0.0,19965.0,20250204
1000009079,1143,1,,4113.0,2413,CREATED,ARS,62568.0,13139.28,1200.0,76907.28,20240521
1000009080,768,1,,2199.0,3709,FULFILLED,ARS,14700.0,3087.0,900.0,18687.0,20250227
1000009081,1440,1,,2600.0,3627,FULFILLED,ARS,10584.0,2222.64,900.0,13706.64,20240214
1000009082,319,1,,,3060,CANCELLED,ARS,31752.0,6667.92,0.0,38419.92,20240426
1000009083,1300,2,1.0,1713.0,1,FULFILLED,ARS,32400.0,6804.0,0.0,39204.0,20240130
1000009084,488,1,,4048.0,2102,FULFILLED,ARS,12000.0,2520.0,900.0,15420.0,20240702
1000009085,1192,2,1.0,3560.0,1,FULFILLED,ARS,22020.0,4624.2,0.0,26644.2,20240601
1000009086,1394,1,,1014.0,2174,FULFILLED,ARS,80100.0,16821.0,1500.0,98421.0,20241015
1000009087,286,2,4.0,1525.0,4,CANCELLED,ARS,23940.0,5027.4,0.0,28967.4,20240708
1000009088,267,2,2.0,1790.0,2,FULFILLED,ARS,9720.0,2041.2,0.0,11761.2,20241221
1000009089,1273,1,,2737.0,2913,REFUNDED,ARS,29400.0,6174.0,1200.0,36774.0,20250721
1000009090,573,1,,2940.0,2386,FULFILLED,ARS,32400.0,6804.0,900.0,40104.0,20240203
1000009091,1328,1,,2904.0,3068,FULFILLED,ARS,42750.0,8977.5,1500.0,53227.5,20240528
1000009092,445,1,,2988.0,3241,FULFILLED,ARS,40500.0,8505.0,0.0,49005.0,20240910
1000009093,185,2,3.0,1724.0,3,FULFILLED,ARS,35520.0,7459.2,0.0,42979.2,20250727
1000009094,38,2,4.0,,4,PAID,ARS,42750.0,8977.5,0.0,51727.5,20241214
1000009095,203,2,1.0,4037.0,1,FULFILLED,ARS,24000.0,5040.0,0.0,29040.0,20241007
1000009096,669,1,,4185.0,1006,FULFILLED,ARS,43800.0,9198.0,0.0,52998.0,20240812
1000009097,21,1,,3239.0,2679,FULFILLED,ARS,11760.0,2469.6,1200.0,15429.6,20250803
1000009098,114,2,2.0,1615.0,2,CANCELLED,ARS,11760.0,2469.6,0.0,14229.6,20250823
1000009099,1186,1,,3064.0,1821,PAID,ARS,47100.0,9891.0,900.0,57891.0,20241006
1000009100,680,1,,1692.0,1564,REFUNDED,ARS,34200.0,7182.0,0.0,41382.0,20240612
1000009101,1336,1,,1146.0,2411,FULFILLED,ARS,45000.0,9450.0,0.0,54450.0,20250123
1000009102,1253,1,,3297.0,2092,FULFILLED,ARS,81480.0,17110.8,1200.0,99790.8,20240806
1000009103,722,2,3.0,3542.0,3,FULFILLED,ARS,77283.0,16229.43,0.0,93512.43,20240815
1000009104,73,1,,3425.0,3443,CANCELLED,ARS,22800.0,4788.0,1200.0,28788.0,20240423
1000009105,1374,1,,2500.0,3336,FULFILLED,ARS,23520.0,4939.2,0.0,28459.2,20240125
1000009106,490,2,2.0,2597.0,2,FULFILLED,ARS,23520.0,4939.2,0.0,28459.2,20250909
1000009107,711,1,,2482.0,1780,FULFILLED,ARS,29400.0,6174.0,1200.0,36774.0,20250516
1000009108,847,1,,2292.0,1805,FULFILLED,ARS,31500.0,6615.0,1200.0,39315.0,20250125
1000009109,533,2,3.0,1064.0,3,FULFILLED,ARS,13200.0,2772.0,0.0,15972.0,20240207
1000009110,897,2,4.0,1086.0,4,PAID,ARS,63750.0,13387.5,0.0,77137.5,20240824
1000009111,1169,1,,3321.0,2063,FULFILLED,ARS,35280.0,7408.8,1500.0,44188.8,20241101
1000009112,165,1,,,1685,FULFILLED,ARS,30000.0,6300.0,1500.0,37800.0,20241029
1000009113,566,1,,,1360,FULFILLED,ARS,22800.0,4788.0,900.0,28488.0,20240620
1000009114,1221,2,4.0,3260.0,4,FULFILLED,ARS,22680.0,4762.8,0.0,27442.8,20240308
1000009115,429,2,1.0,1327.0,1,FULFILLED,ARS,44100.0,9261.0,0.0,53361.0,20240525
1000009116,654,2,4.0,2618.0,4,FULFILLED,ARS,14700.0,3087.0,0.0,17787.0,20240612
1000009117,1375,2,1.0,4148.0,1,PAID,ARS,37800.0,7938.0,0.0,45738.0,20250103
1000009118,805,1,,2340.0,1412,FULFILLED,ARS,78030.0,16386.3,1500.0,95916.3,20250512
1000009119,264,1,,3014.0,3569,FULFILLED,ARS,28350.0,5953.5,900.0,35203.5,20240802
1000009120,1085,2,4.0,2499.0,4,CANCELLED,ARS,14700.0,3087.0,0.0,17787.0,20250525
1000009121,785,1,,3176.0,3701,FULFILLED,ARS,32400.0,6804.0,1200.0,40404.0,20250623
1000009122,800,1,,3983.0,2712,CANCELLED,ARS,97470.0,20468.7,1200.0,119138.7,20240501
1000009123,866,2,2.0,3473.0,2,FULFILLED,ARS,23520.0,4939.2,0.0,28459.2,20240603
1000009124,1088,2,2.0,3710.0,2,FULFILLED,ARS,10800.0,2268.0,0.0,13068.0,20241206
1000009125,1322,2,1.0,1631.0,1,FULFILLED,ARS,62910.0,13211.1,0.0,76121.1,20241021
1000009126,1083,1,,,2182,FULFILLED,ARS,62520.0,13129.2,1200.0,76849.2,20240725
1000009127,1135,1,,3354.0,2731,FULFILLED,ARS,32568.0,6839.28,0.0,39407.28,20250911
1000009128,985,2,1.0,,1,PAID,ARS,54750.0,11497.5,0.0,66247.5,20240829
1000009129,571,1,,1987.0,1667,CANCELLED,ARS,22680.0,4762.8,1200.0,28642.8,20241223
1000009130,1105,1,,,1223,FULFILLED,ARS,24750.0,5197.5,1200.0,31147.5,20250601
1000009131,772,1,,4173.0,1819,FULFILLED,ARS,52725.0,11072.25,900.0,64697.25,20240826
1000009132,1097,1,,3758.0,1788,FULFILLED,ARS,24000.0,5040.0,1200.0,30240.0,20241007
1000009133,1274,1,,1563.0,3381,FULFILLED,ARS,63600.0,13356.0,900.0,77856.0,20250924
1000009134,972,1,,,4009,FULFILLED,ARS,25080.0,5266.8,1200.0,31546.8,20240718
1000009135,1298,2,4.0,2152.0,4,FULFILLED,ARS,40500.0,8505.0,0.0,49005.0,20240131
1000009136,257,2,2.0,2528.0,2,FULFILLED,ARS,25500.0,5355.0,0.0,30855.0,20241110
1000009137,1326,2,4.0,2006.0,4,FULFILLED,ARS,14962.5,3142.12,0.0,18104.62,20250103
1000009138,814,2,3.0,1941.0,3,FULFILLED,ARS,10800.0,2268.0,0.0,13068.0,20241216
1000009139,838,1,,1915.0,1827,CREATED,ARS,38475.0,8079.75,900.0,47454.75,20240125
1000009140,938,1,,2362.0,1446,FULFILLED,ARS,13500.0,2835.0,900.0,17235.0,20250617
1000009141,209,1,,1750.0,3129,FULFILLED,ARS,24000.0,5040.0,900.0,29940.0,20250710
1000009142,1318,1,,1576.0,1421,PAID,ARS,48780.0,10243.8,900.0,59923.8,20240204
1000009143,1041,2,2.0,3916.0,2,PAID,ARS,26700.0,5607.0,0.0,32307.0,20240120
1000009144,568,1,,1234.0,2407,FULFILLED,ARS,33600.0,7056.0,1200.0,41856.0,20250112
1000009145,884,2,2.0,1579.0,2,FULFILLED,ARS,53550.0,11245.5,0.0,64795.5,20250815
1000009146,465,2,2.0,3535.0,2,FULFILLED,ARS,13500.0,2835.0,0.0,16335.0,20250809
1000009147,436,1,,3887.0,2895,FULFILLED,ARS,64020.0,13444.2,1200.0,78664.2,20250706
1000009148,1246,1,,3074.0,3920,REFUNDED,ARS,49620.0,10420.2,900.0,60940.2,20250218
1000009149,436,2,4.0,1683.0,4,FULFILLED,ARS,23760.0,4989.6,0.0,28749.6,20240219
1000009150,407,2,2.0,3265.0,2,FULFILLED,ARS,42525.0,8930.25,0.0,51455.25,20250201
1000009151,625,1,,3886.0,2559,FULFILLED,ARS,29400.0,6174.0,900.0,36474.0,20241129
1000009152,987,1,,1111.0,2276,FULFILLED,ARS,34200.0,7182.0,0.0,41382.0,20240810
1000009153,811,2,4.0,1137.0,4,FULFILLED,ARS,58500.0,12285.0,0.0,70785.0,20240421
1000009154,537,1,,3135.0,3503,FULFILLED,ARS,12000.0,2520.0,1200.0,15720.0,20250501
1000009155,1346,1,,2451.0,1614,FULFILLED,ARS,15000.0,3150.0,900.0,19050.0,20250812
1000009156,1117,2,3.0,2633.0,3,FULFILLED,ARS,40230.0,8448.3,0.0,48678.3,20240830
1000009157,140,1,,3978.0,3020,PAID,ARS,32400.0,6804.0,900.0,40104.0,20250718
1000009158,209,1,,1288.0,3412,PAID,ARS,16170.0,3395.7,900.0,20465.7,20250514
1000009159,1466,2,3.0,1347.0,3,FULFILLED,ARS,52650.0,11056.5,0.0,63706.5,20250122
1000009160,1260,2,1.0,1858.0,1,FULFILLED,ARS,42000.0,8820.0,0.0,50820.0,20241220
1000009161,247,1,,1831.0,2760,PAID,ARS,24000.0,5040.0,900.0,29940.0,20241017
1000009162,1267,1,,1449.0,2145,FULFILLED,ARS,23520.0,4939.2,900.0,29359.2,20241228
1000009163,327,2,1.0,3481.0,1,FULFILLED,ARS,42750.0,8977.5,0.0,51727.5,20250625
1000009164,735,1,,3994.0,3394,FULFILLED,ARS,55500.0,11655.0,0.0,67155.0,20240602
1000009165,779,1,,2695.0,1883,FULFILLED,ARS,37620.0,7900.2,900.0,46420.2,20241010
1000009166,1270,2,2.0,3543.0,2,FULFILLED,ARS,25650.0,5386.5,0.0,31036.5,20240621
1000009167,1316,1,,2395.0,2065,FULFILLED,ARS,60900.0,12789.0,900.0,74589.0,20240917
1000009168,323,2,2.0,1671.0,2,FULFILLED,ARS,56520.0,11869.2,0.0,68389.2,20240312
1000009169,1414,1,,1515.0,2721,FULFILLED,ARS,36000.0,7560.0,1200.0,44760.0,20240417
1000009170,666,1,,,4016,PAID,ARS,21168.0,4445.28,1200.0,26813.28,20250512
1000009171,408,2,3.0,3688.0,3,CREATED,ARS,43218.0,9075.78,0.0,52293.78,20240308
1000009172,1141,1,,2306.0,2790,FULFILLED,ARS,46560.0,9777.6,900.0,57237.6,20241203
1000009173,1444,1,,3260.0,2393,FULFILLED,ARS,44887.5,9426.38,1500.0,55813.88,20241017
1000009174,1174,2,1.0,,1,PAID,ARS,12000.0,2520.0,0.0,14520.0,20250929
1000009175,284,1,,2050.0,3594,FULFILLED,ARS,11760.0,2469.6,900.0,15129.6,20250122
1000009176,601,1,,2515.0,2099,FULFILLED,ARS,35280.0,7408.8,900.0,43588.8,20240416
1000009177,664,1,,2818.0,3949,REFUNDED,ARS,53445.0,11223.45,0.0,64668.45,20250509
1000009178,50,2,3.0,3734.0,3,FULFILLED,ARS,38880.0,8164.8,0.0,47044.8,20241018
1000009179,878,1,,2640.0,3712,PAID,ARS,32400.0,6804.0,900.0,40104.0,20240113
1000009180,1004,1,,3946.0,2455,FULFILLED,ARS,21600.0,4536.0,0.0,26136.0,20250515
1000009181,180,1,,3837.0,1699,FULFILLED,ARS,22800.0,4788.0,1200.0,28788.0,20250822
1000009182,1384,1,,,2677,FULFILLED,ARS,55500.0,11655.0,900.0,68055.0,20250322
1000009183,575,2,3.0,2366.0,3,FULFILLED,ARS,46680.0,9802.8,0.0,56482.8,20241205
1000009184,702,1,,4145.0,3889,FULFILLED,ARS,26460.0,5556.6,900.0,32916.6,20240519
1000009185,396,2,3.0,3045.0,3,FULFILLED,ARS,30780.0,6463.8,0.0,37243.8,20240609
1000009186,1388,2,3.0,1638.0,3,CANCELLED,ARS,37236.0,7819.56,0.0,45055.56,20240502
1000009187,35,1,,3763.0,1217,FULFILLED,ARS,20520.0,4309.2,1200.0,26029.2,20241013
1000009188,840,1,,,1029,FULFILLED,ARS,13500.0,2835.0,1500.0,17835.0,20240408
1000009189,1458,2,4.0,1591.0,4,FULFILLED,ARS,15000.0,3150.0,0.0,18150.0,20241003
1000009190,528,1,,2291.0,1224,FULFILLED,ARS,35400.0,7434.0,0.0,42834.0,20250211
1000009191,320,1,,3097.0,2831,FULFILLED,ARS,13500.0,2835.0,1200.0,17535.0,20240412
1000009192,902,1,,2119.0,4196,REFUNDED,ARS,67044.0,14079.24,0.0,81123.24,20250228
1000009193,822,1,,2179.0,2914,FULFILLED,ARS,38700.0,8127.0,900.0,47727.0,20240804
1000009194,155,2,3.0,1754.0,3,PAID,ARS,10800.0,2268.0,0.0,13068.0,20240907
1000009195,1029,1,,3809.0,2845,FULFILLED,ARS,35280.0,7408.8,1500.0,44188.8,20240418
1000009196,137,2,4.0,,4,PAID,ARS,22800.0,4788.0,0.0,27588.0,20240111
1000009197,1109,1,,3841.0,4127,FULFILLED,ARS,25260.0,5304.6,1500.0,32064.6,20240321
1000009198,451,1,,4098.0,3406,FULFILLED,ARS,42600.0,8946.0,900.0,52446.0,20240110
1000009199,610,2,3.0,3917.0,3,FULFILLED,ARS,21600.0,4536.0,0.0,26136.0,20240402
1000009200,1469,1,,1461.0,1231,CANCELLED,ARS,44550.0,9355.5,0.0,53905.5,20250606
1000009201,313,1,,2968.0,2845,FULFILLED,ARS,10800.0,2268.0,900.0,13968.0,20240421
1000009202,61,2,1.0,3677.0,1,FULFILLED,ARS,46320.0,9727.2,0.0,56047.2,20250912
1000009203,717,2,3.0,3059.0,3,FULFILLED,ARS,29925.0,6284.25,0.0,36209.25,20250804
1000009204,83,2,3.0,1698.0,3,FULFILLED,ARS,12150.0,2551.5,0.0,14701.5,20250608
1000009205,214,1,,2598.0,1455,PAID,ARS,40500.0,8505.0,900.0,49905.0,20240907
1000009206,1298,1,,1649.0,3292,FULFILLED,ARS,30000.0,6300.0,900.0,37200.0,20240608
1000009207,1131,1,,1252.0,3973,FULFILLED,ARS,59887.5,12576.38,900.0,73363.88,20240605
1000009208,416,1,,3730.0,2529,FULFILLED,ARS,19440.0,4082.4,1200.0,24722.4,20240127
1000009209,914,1,,2917.0,1848,FULFILLED,ARS,44100.0,9261.0,900.0,54261.0,20250211
1000009210,469,1,,,3389,PAID,ARS,26220.0,5506.2,0.0,31726.2,20250215
1000009211,1153,1,,1476.0,3306,REFUNDED,ARS,97020.0,20374.2,1200.0,118594.2,20250127
1000009212,795,1,,,4200,FULFILLED,ARS,27000.0,5670.0,900.0,33570.0,20250220
1000009213,138,1,,3514.0,1399,PAID,ARS,25650.0,5386.5,900.0,31936.5,20240202
1000009214,922,2,4.0,,4,FULFILLED,ARS,15000.0,3150.0,0.0,18150.0,20240421
1000009215,146,2,3.0,1152.0,3,CANCELLED,ARS,52500.0,11025.0,0.0,63525.0,20240507
1000009216,37,1,,3674.0,3186,FULFILLED,ARS,30000.0,6300.0,1200.0,37500.0,20250124
1000009217,88,1,,1973.0,3658,FULFILLED,ARS,12000.0,2520.0,900.0,15420.0,20240313
1000009218,206,1,,,3393,FULFILLED,ARS,23520.0,4939.2,900.0,29359.2,20240925
1000009219,1099,1,,1004.0,3812,PAID,ARS,53940.0,11327.4,900.0,66167.4,20240618
1000009220,1351,1,,3872.0,1082,FULFILLED,ARS,15750.0,3307.5,1200.0,20257.5,20250513
1000009221,497,1,,2692.0,2506,FULFILLED,ARS,35910.0,7541.1,900.0,44351.1,20250609
1000009222,836,2,3.0,,3,FULFILLED,ARS,34200.0,7182.0,0.0,41382.0,20240501
1000009223,1203,2,1.0,1622.0,1,FULFILLED,ARS,32400.0,6804.0,0.0,39204.0,20241004
1000009224,251,2,4.0,2466.0,4,FULFILLED,ARS,13500.0,2835.0,0.0,16335.0,20240801
1000009225,698,1,,3825.0,3619,FULFILLED,ARS,27000.0,5670.0,900.0,33570.0,20240730
1000009226,835,1,,3122.0,2665,PAID,ARS,21600.0,4536.0,1200.0,27336.0,20240111
1000009227,11,2,4.0,3536.0,4,FULFILLED,ARS,30000.0,6300.0,0.0,36300.0,20241106
1000009228,699,2,2.0,1264.0,2,FULFILLED,ARS,39690.0,8334.9,0.0,48024.9,20240805
1000009229,9,1,,3286.0,1081,FULFILLED,ARS,32400.0,6804.0,900.0,40104.0,20241231
1000009230,561,1,,3046.0,3733,CANCELLED,ARS,52044.0,10929.24,1200.0,64173.24,20240402
1000009231,1143,2,3.0,4019.0,3,FULFILLED,ARS,11880.0,2494.8,0.0,14374.8,20250620
1000009232,681,2,3.0,2456.0,3,FULFILLED,ARS,26010.0,5462.1,0.0,31472.1,20250304
1000009233,668,1,,4081.0,1145,CANCELLED,ARS,14962.5,3142.12,1500.0,19604.62,20240212
1000009234,635,1,,3079.0,2757,FULFILLED,ARS,32400.0,6804.0,1200.0,40404.0,20250809
1000009235,284,1,,2915.0,1134,FULFILLED,ARS,56880.0,11944.8,1500.0,70324.8,20240922
1000009236,366,2,4.0,2071.0,4,FULFILLED,ARS,41580.0,8731.8,0.0,50311.8,20250530
1000009237,851,1,,1521.0,1187,FULFILLED,ARS,25650.0,5386.5,1500.0,32536.5,20250726
1000009238,1161,1,,4099.0,2058,FULFILLED,ARS,20520.0,4309.2,1200.0,26029.2,20240823
1000009239,1436,1,,3322.0,3163,CANCELLED,ARS,65475.0,13749.75,0.0,79224.75,20241117
1000009240,1326,2,4.0,2863.0,4,FULFILLED,ARS,66270.0,13916.7,0.0,80186.7,20250629
1000009241,49,1,,2666.0,2789,CANCELLED,ARS,35280.0,7408.8,900.0,43588.8,20240710
1000009242,4,1,,1484.0,3111,FULFILLED,ARS,35520.0,7459.2,900.0,43879.2,20250608
1000009243,855,2,3.0,3186.0,3,FULFILLED,ARS,21600.0,4536.0,0.0,26136.0,20250817
1000009244,89,1,,1338.0,3761,FULFILLED,ARS,42750.0,8977.5,1500.0,53227.5,20250126
1000009245,114,1,,3146.0,1849,FULFILLED,ARS,48900.0,10269.0,0.0,59169.0,20241111
1000009246,125,1,,1112.0,1480,REFUNDED,ARS,36000.0,7560.0,1200.0,44760.0,20250626
1000009247,96,1,,3168.0,3004,FULFILLED,ARS,26400.0,5544.0,1200.0,33144.0,20250824
1000009248,1378,2,4.0,1935.0,4,CANCELLED,ARS,57960.0,12171.6,0.0,70131.6,20240805
1000009249,175,2,1.0,4012.0,1,FULFILLED,ARS,34200.0,7182.0,0.0,41382.0,20250503
1000009250,1010,1,,1003.0,2696,PAID,ARS,45336.0,9520.56,1200.0,56056.56,20240113
1000009251,384,1,,3545.0,2007,FULFILLED,ARS,34200.0,7182.0,1500.0,42882.0,20240113
1000009252,244,2,1.0,3728.0,1,PAID,ARS,22800.0,4788.0,0.0,27588.0,20240808
1000009253,857,1,,4005.0,3748,PAID,ARS,29400.0,6174.0,0.0,35574.0,20240402
1000009254,1255,1,,3729.0,3714,FULFILLED,ARS,34200.0,7182.0,900.0,42282.0,20240816
1000009255,346,2,4.0,,4,PAID,ARS,11340.0,2381.4,0.0,13721.4,20250129
1000009256,828,1,,1883.0,1740,FULFILLED,ARS,44100.0,9261.0,900.0,54261.0,20240625
1000009257,1137,1,,3952.0,3348,PAID,ARS,38475.0,8079.75,0.0,46554.75,20240622
1000009258,1098,1,,,1696,FULFILLED,ARS,77040.0,16178.4,1500.0,94718.4,20240729
1000009259,1055,2,3.0,2265.0,3,FULFILLED,ARS,12150.0,2551.5,0.0,14701.5,20240827
1000009260,1216,2,3.0,1061.0,3,FULFILLED,ARS,12000.0,2520.0,0.0,14520.0,20240108
1000009261,912,1,,2388.0,3000,CREATED,ARS,29550.0,6205.5,900.0,36655.5,20240324
1000009262,784,2,1.0,1693.0,1,FULFILLED,ARS,12600.0,2646.0,0.0,15246.0,20240609
1000009263,257,1,,1949.0,1772,FULFILLED,ARS,29400.0,6174.0,900.0,36474.0,20250122
1000009264,582,2,1.0,2614.0,1,FULFILLED,ARS,28500.0,5985.0,0.0,34485.0,20240718
1000009265,305,2,4.0,2258.0,4,FULFILLED,ARS,58968.0,12383.28,0.0,71351.28,20250108
1000009266,894,2,3.0,1328.0,3,FULFILLED,ARS,35280.0,7408.8,0.0,42688.8,20240811
1000009267,656,2,3.0,,3,FULFILLED,ARS,35280.0,7408.8,0.0,42688.8,20241117
1000009268,442,1,,4180.0,1937,FULFILLED,ARS,37800.0,7938.0,1200.0,46938.0,20240426
1000009269,1229,1,,1717.0,2196,FULFILLED,ARS,26460.0,5556.6,1500.0,33516.6,20241004
1000009270,819,1,,2754.0,3634,CANCELLED,ARS,24696.0,5186.16,1200.0,31082.16,20240711
1000009271,193,1,,2580.0,3175,CREATED,ARS,37800.0,7938.0,900.0,46638.0,20250511
1000009272,432,2,4.0,2439.0,4,FULFILLED,ARS,27000.0,5670.0,0.0,32670.0,20250218
1000009273,1095,1,,1157.0,3390,CANCELLED,ARS,55860.0,11730.6,0.0,67590.6,20250303
1000009274,781,2,4.0,1838.0,4,PAID,ARS,15750.0,3307.5,0.0,19057.5,20240225
1000009275,562,1,,3401.0,1809,REFUNDED,ARS,15000.0,3150.0,1200.0,19350.0,20240221
1000009276,318,1,,1251.0,2615,FULFILLED,ARS,76230.0,16008.3,900.0,93138.3,20240328
1000009277,725,1,,1615.0,1079,PAID,ARS,35640.0,7484.4,0.0,43124.4,20240909
1000009278,746,1,,2784.0,3360,FULFILLED,ARS,42750.0,8977.5,1500.0,53227.5,20240219
1000009279,1214,2,1.0,4047.0,1,FULFILLED,ARS,28500.0,5985.0,0.0,34485.0,20250526
1000009280,302,1,,1100.0,2656,FULFILLED,ARS,54720.0,11491.2,900.0,67111.2,20250808
1000009281,913,2,1.0,,1,PAID,ARS,66630.0,13992.3,0.0,80622.3,20241207
1000009282,1498,1,,3375.0,4128,PAID,ARS,73890.0,15516.9,900.0,90306.9,20240721
1000009283,1274,2,2.0,1256.0,2,FULFILLED,ARS,14700.0,3087.0,0.0,17787.0,20240922
1000009284,916,1,,,2361,PAID,ARS,12000.0,2520.0,0.0,14520.0,20241212
1000009285,882,1,,2160.0,2519,CANCELLED,ARS,48510.0,10187.1,900.0,59597.1,20240305
1000009286,740,1,,2487.0,2190,FULFILLED,ARS,44100.0,9261.0,0.0,53361.0,20240217
1000009287,353,1,,3486.0,2620,FULFILLED,ARS,29400.0,6174.0,1200.0,36774.0,20240925
1000009288,1445,1,,1279.0,3816,FULFILLED,ARS,56400.0,11844.0,1500.0,69744.0,20240607
1000009289,1464,2,3.0,2132.0,3,FULFILLED,ARS,47040.0,9878.4,0.0,56918.4,20240702
1000009290,760,2,3.0,3388.0,3,FULFILLED,ARS,52440.0,11012.4,0.0,63452.4,20240817
1000009291,1328,1,,2764.0,2972,FULFILLED,ARS,14700.0,3087.0,900.0,18687.0,20250107
1000009292,766,1,,2669.0,2627,CREATED,ARS,31350.0,6583.5,1200.0,39133.5,20250619
1000009293,452,1,,1726.0,2268,FULFILLED,ARS,47970.0,10073.7,0.0,58043.7,20241107
1000009294,644,1,,3988.0,2657,FULFILLED,ARS,55800.0,11718.0,1200.0,68718.0,20250526
1000009295,804,2,2.0,3306.0,2,FULFILLED,ARS,44887.5,9426.38,0.0,54313.88,20250114
1000009296,830,1,,2667.0,4085,FULFILLED,ARS,28500.0,5985.0,1500.0,35985.0,20250602
1000009297,204,2,4.0,1774.0,4,FULFILLED,ARS,14175.0,2976.75,0.0,17151.75,20240121
1000009298,987,1,,1874.0,3965,FULFILLED,ARS,12600.0,2646.0,1200.0,16446.0,20250314
1000009299,427,2,3.0,2189.0,3,CREATED,ARS,11400.0,2394.0,0.0,13794.0,20241206
1000009300,913,1,,3769.0,3376,FULFILLED,ARS,10800.0,2268.0,900.0,13968.0,20240216
1000009301,741,2,1.0,2420.0,1,REFUNDED,ARS,10800.0,2268.0,0.0,13068.0,20240724
1000009302,778,2,1.0,3777.0,1,PAID,ARS,21600.0,4536.0,0.0,26136.0,20240310
1000009303,687,1,,1590.0,3045,FULFILLED,ARS,24975.0,5244.75,900.0,31119.75,20240514
1000009304,165,2,2.0,3949.0,2,FULFILLED,ARS,13230.0,2778.3,0.0,16008.3,20240705
1000009305,112,1,,2232.0,2783,FULFILLED,ARS,21600.0,4536.0,900.0,27036.0,20250912
1000009306,356,2,1.0,2284.0,1,FULFILLED,ARS,23520.0,4939.2,0.0,28459.2,20240128
1000009307,1246,1,,2367.0,3418,FULFILLED,ARS,62280.0,13078.8,900.0,76258.8,20250916
1000009308,729,1,,1157.0,3283,FULFILLED,ARS,49140.0,10319.4,900.0,60359.4,20250813
1000009309,862,2,3.0,1245.0,3,FULFILLED,ARS,47025.0,9875.25,0.0,56900.25,20241219
1000009310,177,2,1.0,1425.0,1,PAID,ARS,46942.5,9857.92,0.0,56800.42,20240112
1000009311,1100,1,,2340.0,3595,CANCELLED,ARS,24000.0,5040.0,0.0,29040.0,20250719
1000009312,83,2,2.0,1903.0,2,FULFILLED,ARS,54510.0,11447.1,0.0,65957.1,20250531
1000009313,566,1,,3734.0,3424,FULFILLED,ARS,27000.0,5670.0,1200.0,33870.0,20250919
1000009314,715,1,,1546.0,1209,PAID,ARS,30000.0,6300.0,900.0,37200.0,20250619
1000009315,175,2,1.0,1111.0,1,FULFILLED,ARS,12348.0,2593.08,0.0,14941.08,20240917
1000009316,965,1,,3885.0,3364,FULFILLED,ARS,35970.0,7553.7,1500.0,45023.7,20240821
1000009317,840,2,4.0,2921.0,4,FULFILLED,ARS,10800.0,2268.0,0.0,13068.0,20240426
1000009318,211,2,4.0,2688.0,4,FULFILLED,ARS,33480.0,7030.8,0.0,40510.8,20241005
1000009319,1084,1,,1711.0,2291,REFUNDED,ARS,13500.0,2835.0,1500.0,17835.0,20250608
1000009320,860,1,,3775.0,3455,PAID,ARS,49500.0,10395.0,0.0,59895.0,20250511
1000009321,951,1,,2800.0,2939,FULFILLED,ARS,22800.0,4788.0,900.0,28488.0,20240221
1000009322,118,1,,3254.0,2571,FULFILLED,ARS,35280.0,7408.8,900.0,43588.8,20250930
1000009323,1294,1,,2359.0,3837,FULFILLED,ARS,12000.0,2520.0,1200.0,15720.0,20240711
1000009324,1052,2,2.0,2450.0,2,FULFILLED,ARS,24000.0,5040.0,0.0,29040.0,20250729
1000009325,615,2,3.0,2141.0,3,FULFILLED,ARS,72900.0,15309.0,0.0,88209.0,20240509
1000009326,1152,2,2.0,4165.0,2,FULFILLED,ARS,30870.0,6482.7,0.0,37352.7,20240806
1000009327,781,2,2.0,1794.0,2,PAID,ARS,28500.0,5985.0,0.0,34485.0,20241214
1000009328,298,1,,3370.0,3749,FULFILLED,ARS,11760.0,2469.6,1200.0,15429.6,20240310
1000009329,1011,1,,1038.0,2841,FULFILLED,ARS,35280.0,7408.8,1200.0,43888.8,20240404
1000009330,688,2,3.0,1250.0,3,PAID,ARS,57000.0,11970.0,0.0,68970.0,20240921
1000009331,526,1,,1353.0,2844,PAID,ARS,21600.0,4536.0,900.0,27036.0,20241025
1000009332,730,1,,,3674,FULFILLED,ARS,38400.0,8064.0,1200.0,47664.0,20240510
1000009333,908,1,,1033.0,3890,PAID,ARS,11970.0,2513.7,900.0,15383.7,20250627
1000009334,1302,1,,2415.0,1233,CREATED,ARS,59160.0,12423.6,0.0,71583.6,20240703
1000009335,510,2,4.0,3208.0,4,REFUNDED,ARS,29160.0,6123.6,0.0,35283.6,20241022
1000009336,971,2,3.0,1795.0,3,FULFILLED,ARS,95400.0,20034.0,0.0,115434.0,20240517
1000009337,480,1,,1969.0,4040,FULFILLED,ARS,49500.0,10395.0,900.0,60795.0,20240429
1000009338,304,2,4.0,3796.0,4,PAID,ARS,46620.0,9790.2,0.0,56410.2,20240626
1000009339,444,1,,2237.0,1415,CANCELLED,ARS,42750.0,8977.5,1500.0,53227.5,20250523
1000009340,1067,1,,3186.0,2433,CANCELLED,ARS,16500.0,3465.0,1200.0,21165.0,20240515
1000009341,708,1,,1681.0,3005,FULFILLED,ARS,39000.0,8190.0,900.0,48090.0,20240501
1000009342,262,2,2.0,2675.0,2,FULFILLED,ARS,36000.0,7560.0,0.0,43560.0,20240608
1000009343,114,2,4.0,,4,FULFILLED,ARS,15435.0,3241.35,0.0,18676.35,20240106
1000009344,573,2,1.0,2356.0,1,FULFILLED,ARS,43200.0,9072.0,0.0,52272.0,20250419
1000009345,423,2,2.0,1046.0,2,CANCELLED,ARS,24000.0,5040.0,0.0,29040.0,20250919
1000009346,1246,1,,1003.0,3491,FULFILLED,ARS,12150.0,2551.5,1500.0,16201.5,20250501
1000009347,375,2,1.0,3680.0,1,FULFILLED,ARS,83790.0,17595.9,0.0,101385.9,20240705
1000009348,378,1,,3472.0,1683,FULFILLED,ARS,21168.0,4445.28,1200.0,26813.28,20240806
1000009349,1025,2,1.0,1664.0,1,FULFILLED,ARS,29925.0,6284.25,0.0,36209.25,20250909
1000009350,1466,1,,3294.0,1557,FULFILLED,ARS,72900.0,15309.0,1500.0,89709.0,20250718
1000009351,1353,1,,2680.0,1379,FULFILLED,ARS,32400.0,6804.0,900.0,40104.0,20241019
1000009352,956,2,4.0,,4,FULFILLED,ARS,11760.0,2469.6,0.0,14229.6,20240322
1000009353,191,2,4.0,1113.0,4,FULFILLED,ARS,34830.0,7314.3,0.0,42144.3,20250624
1000009354,1085,2,2.0,1095.0,2,FULFILLED,ARS,39600.0,8316.0,0.0,47916.0,20240522
1000009355,979,2,1.0,3172.0,1,FULFILLED,ARS,48510.0,10187.1,0.0,58697.1,20250609
1000009356,1463,1,,1679.0,3720,FULFILLED,ARS,21600.0,4536.0,900.0,27036.0,20241205
1000009357,423,1,,2158.0,1660,FULFILLED,ARS,15000.0,3150.0,1200.0,19350.0,20250609
1000009358,770,1,,2447.0,3035,FULFILLED,ARS,57240.0,12020.4,1500.0,70760.4,20240322
1000009359,905,1,,1701.0,3727,FULFILLED,ARS,62880.0,13204.8,0.0,76084.8,20241125
1000009360,498,1,,2892.0,3852,FULFILLED,ARS,10260.0,2154.6,1500.0,13914.6,20240902
1000009361,105,1,,3321.0,2071,FULFILLED,ARS,11400.0,2394.0,1200.0,14994.0,20250715
1000009362,530,1,,3038.0,3080,FULFILLED,ARS,11340.0,2381.4,900.0,14621.4,20250707
1000009363,537,2,4.0,2512.0,4,PAID,ARS,15750.0,3307.5,0.0,19057.5,20240524
1000009364,1199,2,2.0,2904.0,2,FULFILLED,ARS,32400.0,6804.0,0.0,39204.0,20241217
1000009365,1347,2,3.0,1733.0,3,FULFILLED,ARS,37762.5,7930.12,0.0,45692.62,20240726
1000009366,173,1,,3330.0,3861,PAID,ARS,24696.0,5186.16,1200.0,31082.16,20241115
1000009367,1026,2,4.0,2749.0,4,FULFILLED,ARS,66045.0,13869.45,0.0,79914.45,20240516
1000009368,850,2,4.0,4097.0,4,PAID,ARS,44100.0,9261.0,0.0,53361.0,20240402
1000009369,736,1,,3202.0,4113,FULFILLED,ARS,32400.0,6804.0,1200.0,40404.0,20240728
1000009370,1339,2,3.0,1432.0,3,CREATED,ARS,63450.0,13324.5,0.0,76774.5,20240109
1000009371,573,1,,3433.0,2664,PAID,ARS,34200.0,7182.0,1500.0,42882.0,20241119
1000009372,1409,2,1.0,2829.0,1,FULFILLED,ARS,28350.0,5953.5,0.0,34303.5,20250307
1000009373,363,1,,2512.0,2226,REFUNDED,ARS,35280.0,7408.8,900.0,43588.8,20250414
1000009374,33,2,4.0,1379.0,4,FULFILLED,ARS,72900.0,15309.0,0.0,88209.0,20240830
1000009375,1433,2,4.0,1768.0,4,CANCELLED,ARS,40500.0,8505.0,0.0,49005.0,20240923
1000009376,873,2,2.0,1480.0,2,FULFILLED,ARS,52500.0,11025.0,0.0,63525.0,20241104
1000009377,270,1,,,1221,FULFILLED,ARS,53325.0,11198.25,1200.0,65723.25,20241110
1000009378,1328,1,,,1243,REFUNDED,ARS,63180.0,13267.8,0.0,76447.8,20241128
1000009379,730,2,3.0,3314.0,3,PAID,ARS,44887.5,9426.38,0.0,54313.88,20240929
1000009380,116,2,3.0,1742.0,3,FULFILLED,ARS,11400.0,2394.0,0.0,13794.0,20250822
1000009381,1485,1,,2609.0,3649,FULFILLED,ARS,11400.0,2394.0,1200.0,14994.0,20250627
1000009382,1405,2,3.0,3701.0,3,CREATED,ARS,22800.0,4788.0,0.0,27588.0,20250108
1000009383,652,1,,3542.0,2884,REFUNDED,ARS,32400.0,6804.0,1200.0,40404.0,20240214
1000009384,979,1,,1665.0,3066,FULFILLED,ARS,64740.0,13595.4,1200.0,79535.4,20240904
1000009385,275,1,,1005.0,2362,FULFILLED,ARS,42750.0,8977.5,1200.0,52927.5,20250428
1000009386,1131,2,3.0,2559.0,3,FULFILLED,ARS,12000.0,2520.0,0.0,14520.0,20250629
1000009387,1108,1,,2222.0,3547,FULFILLED,ARS,35280.0,7408.8,1200.0,43888.8,20250706
1000009388,1176,1,,2977.0,2709,PAID,ARS,45000.0,9450.0,900.0,55350.0,20240520
1000009389,1435,1,,3142.0,4193,FULFILLED,ARS,90750.0,19057.5,1500.0,111307.5,20240226
1000009390,872,1,,2418.0,3448,FULFILLED,ARS,40500.0,8505.0,1200.0,50205.0,20241030
1000009391,1098,1,,1916.0,1924,FULFILLED,ARS,28500.0,5985.0,1200.0,35685.0,20250311
1000009392,287,1,,,2582,FULFILLED,ARS,66690.0,14004.9,900.0,81594.9,20240102
1000009393,1496,2,1.0,3917.0,1,FULFILLED,ARS,34200.0,7182.0,0.0,41382.0,20250901
1000009394,712,2,3.0,2825.0,3,FULFILLED,ARS,26460.0,5556.6,0.0,32016.6,20250212
1000009395,607,2,2.0,3082.0,2,FULFILLED,ARS,71280.0,14968.8,0.0,86248.8,20240824
1000009396,25,1,,2636.0,1289,FULFILLED,ARS,68400.0,14364.0,1200.0,83964.0,20240906
1000009397,571,2,2.0,3398.0,2,FULFILLED,ARS,36000.0,7560.0,0.0,43560.0,20240401
1000009398,1444,2,4.0,2462.0,4,PAID,ARS,31500.0,6615.0,0.0,38115.0,20250819
1000009399,461,1,,2773.0,2078,FULFILLED,ARS,10800.0,2268.0,1500.0,14568.0,20250118
1000009400,1346,1,,2761.0,3339,PAID,ARS,27000.0,5670.0,1200.0,33870.0,20250327
1000009401,226,2,3.0,2235.0,3,FULFILLED,ARS,35850.0,7528.5,0.0,43378.5,20250723
1000009402,931,1,,3956.0,1222,FULFILLED,ARS,14250.0,2992.5,0.0,17242.5,20250921
1000009403,523,1,,3043.0,1929,FULFILLED,ARS,62280.0,13078.8,0.0,75358.8,20250613
1000009404,330,1,,3561.0,2851,REFUNDED,ARS,26700.0,5607.0,0.0,32307.0,20240119
1000009405,261,1,,1435.0,3649,FULFILLED,ARS,34020.0,7144.2,900.0,42064.2,20250106
1000009406,325,2,4.0,3541.0,4,FULFILLED,ARS,40500.0,8505.0,0.0,49005.0,20240211
1000009407,751,2,1.0,,1,FULFILLED,ARS,42552.0,8935.92,0.0,51487.92,20240304
1000009408,1156,2,1.0,2106.0,1,CREATED,ARS,69120.0,14515.2,0.0,83635.2,20250607
1000009409,393,2,3.0,1426.0,3,FULFILLED,ARS,53808.0,11299.68,0.0,65107.68,20250309
1000009410,3,1,,1877.0,1442,FULFILLED,ARS,31350.0,6583.5,900.0,38833.5,20250607
1000009411,801,2,4.0,3178.0,4,FULFILLED,ARS,10800.0,2268.0,0.0,13068.0,20250223
1000009412,85,1,,3682.0,1938,CANCELLED,ARS,30000.0,6300.0,1200.0,37500.0,20240627
1000009413,808,1,,,2244,FULFILLED,ARS,11970.0,2513.7,1500.0,15983.7,20250226
1000009414,251,2,3.0,2181.0,3,FULFILLED,ARS,27195.0,5710.95,0.0,32905.95,20240930
1000009415,233,2,2.0,3248.0,2,FULFILLED,ARS,41160.0,8643.6,0.0,49803.6,20250501
1000009416,937,1,,2740.0,1358,FULFILLED,ARS,48000.0,10080.0,1200.0,59280.0,20250720
1000009417,1094,1,,3200.0,1768,PAID,ARS,11400.0,2394.0,1200.0,14994.0,20250514
1000009418,47,1,,2737.0,1486,PAID,ARS,58800.0,12348.0,900.0,72048.0,20250926
1000009419,667,1,,3279.0,1252,FULFILLED,ARS,14250.0,2992.5,900.0,18142.5,20250214
1000009420,827,1,,4081.0,1317,FULFILLED,ARS,87570.0,18389.7,1200.0,107159.7,20250329
1000009421,143,1,,1936.0,1181,PAID,ARS,35910.0,7541.1,900.0,44351.1,20240324
1000009422,797,1,,3701.0,3579,PAID,ARS,14250.0,2992.5,1200.0,18442.5,20250117
1000009423,85,2,2.0,2439.0,2,FULFILLED,ARS,11760.0,2469.6,0.0,14229.6,20250129
1000009424,183,1,,4142.0,2830,CREATED,ARS,12936.0,2716.56,900.0,16552.56,20240326
1000009425,980,2,3.0,3200.0,3,PAID,ARS,46200.0,9702.0,0.0,55902.0,20240803
1000009426,576,2,3.0,2526.0,3,CANCELLED,ARS,35640.0,7484.4,0.0,43124.4,20250622
1000009427,1319,1,,3531.0,3569,FULFILLED,ARS,32400.0,6804.0,900.0,40104.0,20250409
1000009428,474,2,1.0,1023.0,1,FULFILLED,ARS,50610.0,10628.1,0.0,61238.1,20250915
1000009429,809,1,,2376.0,2689,FULFILLED,ARS,24000.0,5040.0,1500.0,30540.0,20250216
1000009430,528,1,,1180.0,3653,FULFILLED,ARS,40500.0,8505.0,900.0,49905.0,20250129
1000009431,1268,1,,2140.0,2329,FULFILLED,ARS,78750.0,16537.5,900.0,96187.5,20250619
1000009432,1028,1,,1841.0,2257,FULFILLED,ARS,73800.0,15498.0,1500.0,90798.0,20241127
1000009433,1223,2,3.0,1981.0,3,FULFILLED,ARS,31500.0,6615.0,0.0,38115.0,20240429
1000009434,138,1,,2998.0,1278,PAID,ARS,14250.0,2992.5,1200.0,18442.5,20250822
1000009435,634,2,1.0,3591.0,1,FULFILLED,ARS,14175.0,2976.75,0.0,17151.75,20250128
1000009436,1461,2,4.0,4107.0,4,FULFILLED,ARS,42525.0,8930.25,0.0,51455.25,20241003
1000009437,621,2,4.0,,4,FULFILLED,ARS,39270.0,8246.7,0.0,47516.7,20241218
1000009438,375,1,,,3880,FULFILLED,ARS,42750.0,8977.5,1500.0,53227.5,20250510
1000009439,147,1,,1667.0,4094,FULFILLED,ARS,57000.0,11970.0,1500.0,70470.0,20250331
1000009440,305,1,,3442.0,1701,PAID,ARS,21600.0,4536.0,1200.0,27336.0,20250831
1000009441,562,1,,2144.0,3356,CANCELLED,ARS,44400.0,9324.0,900.0,54624.0,20240124
1000009442,1484,2,2.0,2921.0,2,PAID,ARS,10800.0,2268.0,0.0,13068.0,20240926
1000009443,1022,1,,4113.0,2486,FULFILLED,ARS,11760.0,2469.6,1500.0,15729.6,20250114
1000009444,1082,2,4.0,1308.0,4,FULFILLED,ARS,15675.0,3291.75,0.0,18966.75,20240129
1000009445,1475,1,,3572.0,2055,FULFILLED,ARS,56520.0,11869.2,900.0,69289.2,20240209
1000009446,670,1,,3409.0,2924,FULFILLED,ARS,60000.0,12600.0,1200.0,73800.0,20241103
1000009447,836,2,1.0,4164.0,1,FULFILLED,ARS,22608.0,4747.68,0.0,27355.68,20250515
1000009448,1344,1,,3871.0,3776,PAID,ARS,11400.0,2394.0,900.0,14694.0,20240205
1000009449,524,2,2.0,1731.0,2,FULFILLED,ARS,23520.0,4939.2,0.0,28459.2,20241204
1000009450,1207,2,4.0,2398.0,4,FULFILLED,ARS,22800.0,4788.0,0.0,27588.0,20250318
1000009451,985,2,4.0,1144.0,4,FULFILLED,ARS,35280.0,7408.8,0.0,42688.8,20240903
1000009452,90,2,1.0,1915.0,1,FULFILLED,ARS,12000.0,2520.0,0.0,14520.0,20250202
1000009453,1200,1,,1302.0,2601,CANCELLED,ARS,45000.0,9450.0,900.0,55350.0,20240214
1000009454,1376,1,,3262.0,1773,FULFILLED,ARS,12000.0,2520.0,900.0,15420.0,20241214
1000009455,752,1,,3867.0,2045,FULFILLED,ARS,27000.0,5670.0,900.0,33570.0,20250719
1000009456,1084,2,3.0,2259.0,3,FULFILLED,ARS,39690.0,8334.9,0.0,48024.9,20250119
1000009457,439,1,,3474.0,2208,FULFILLED,ARS,21600.0,4536.0,900.0,27036.0,20250101
1000009458,1228,1,,2045.0,2536,FULFILLED,ARS,31500.0,6615.0,1500.0,39615.0,20250617
1000009459,1289,1,,1831.0,3403,PAID,ARS,13230.0,2778.3,0.0,16008.3,20240822
1000009460,523,2,4.0,2389.0,4,FULFILLED,ARS,31500.0,6615.0,0.0,38115.0,20240420
1000009461,1377,2,1.0,1662.0,1,FULFILLED,ARS,33600.0,7056.0,0.0,40656.0,20250305
1000009462,184,2,3.0,3795.0,3,CANCELLED,ARS,30000.0,6300.0,0.0,36300.0,20250518
1000009463,1168,2,1.0,2379.0,1,FULFILLED,ARS,14700.0,3087.0,0.0,17787.0,20250515
1000009464,1332,2,1.0,2426.0,1,FULFILLED,ARS,26250.0,5512.5,0.0,31762.5,20240618
1000009465,254,2,1.0,1870.0,1,PAID,ARS,22740.0,4775.4,0.0,27515.4,20240527
1000009466,826,1,,3503.0,2416,FULFILLED,ARS,34200.0,7182.0,1200.0,42582.0,20240920
1000009467,166,2,2.0,1338.0,2,PAID,ARS,93300.0,19593.0,0.0,112893.0,20250602
1000009468,397,1,,2246.0,3588,FULFILLED,ARS,83250.0,17482.5,1200.0,101932.5,20240604
1000009469,152,1,,3579.0,3505,PAID,ARS,74880.0,15724.8,1500.0,92104.8,20240727
1000009470,1374,2,3.0,1615.0,3,FULFILLED,ARS,30000.0,6300.0,0.0,36300.0,20240331
1000009471,521,2,3.0,1723.0,3,FULFILLED,ARS,20520.0,4309.2,0.0,24829.2,20250909
1000009472,1117,1,,2873.0,3367,REFUNDED,ARS,42750.0,8977.5,0.0,51727.5,20250418
1000009473,849,2,4.0,1980.0,4,FULFILLED,ARS,21600.0,4536.0,0.0,26136.0,20250225
1000009474,1182,1,,1817.0,3583,FULFILLED,ARS,12600.0,2646.0,1200.0,16446.0,20250903
1000009475,121,2,4.0,3743.0,4,PAID,ARS,12600.0,2646.0,0.0,15246.0,20250119
1000009476,71,1,,1960.0,1571,FULFILLED,ARS,36000.0,7560.0,900.0,44460.0,20250428
1000009477,841,2,2.0,3059.0,2,FULFILLED,ARS,36000.0,7560.0,0.0,43560.0,20240915
1000009478,1224,1,,,2040,FULFILLED,ARS,44100.0,9261.0,0.0,53361.0,20240321
1000009479,719,1,,1614.0,1510,FULFILLED,ARS,11880.0,2494.8,1200.0,15574.8,20250321
1000009480,663,2,2.0,2263.0,2,PAID,ARS,29925.0,6284.25,0.0,36209.25,20250830
1000009481,351,2,4.0,2907.0,4,CANCELLED,ARS,72540.0,15233.4,0.0,87773.4,20240109
1000009482,856,1,,2278.0,3868,FULFILLED,ARS,11400.0,2394.0,900.0,14694.0,20250729
1000009483,158,1,,2844.0,4070,FULFILLED,ARS,28500.0,5985.0,1200.0,35685.0,20250304
1000009484,321,1,,1839.0,1824,FULFILLED,ARS,13500.0,2835.0,900.0,17235.0,20250827
1000009485,1033,1,,1793.0,2391,FULFILLED,ARS,37044.0,7779.24,900.0,45723.24,20241105
1000009486,570,2,3.0,2057.0,3,FULFILLED,ARS,45000.0,9450.0,0.0,54450.0,20240812
1000009487,1496,2,2.0,1066.0,2,FULFILLED,ARS,12000.0,2520.0,0.0,14520.0,20240115
1000009488,1464,2,1.0,2258.0,1,FULFILLED,ARS,40500.0,8505.0,0.0,49005.0,20250626
1000009489,300,2,2.0,2109.0,2,FULFILLED,ARS,22800.0,4788.0,0.0,27588.0,20240124
1000009490,238,2,4.0,,4,FULFILLED,ARS,29400.0,6174.0,0.0,35574.0,20250525
1000009491,659,1,,,1941,FULFILLED,ARS,12348.0,2593.08,900.0,15841.08,20250315
1000009492,1170,2,4.0,3738.0,4,PAID,ARS,11880.0,2494.8,0.0,14374.8,20240831
1000009493,874,2,4.0,1536.0,4,FULFILLED,ARS,47250.0,9922.5,0.0,57172.5,20240115
1000009494,1202,2,3.0,3294.0,3,PAID,ARS,36000.0,7560.0,0.0,43560.0,20241119
1000009495,12,2,2.0,3650.0,2,CANCELLED,ARS,15000.0,3150.0,0.0,18150.0,20240402
1000009496,220,2,4.0,3484.0,4,FULFILLED,ARS,34020.0,7144.2,0.0,41164.2,20250410
1000009497,535,1,,3476.0,3633,PAID,ARS,12540.0,2633.4,1500.0,16673.4,20240422
1000009498,1224,2,1.0,2325.0,1,FULFILLED,ARS,34200.0,7182.0,0.0,41382.0,20240905
1000009499,391,1,,,1543,PAID,ARS,28500.0,5985.0,1200.0,35685.0,20250820
1000009500,22,1,,3761.0,1162,FULFILLED,ARS,24000.0,5040.0,1500.0,30540.0,20240917
1000009501,679,1,,4136.0,2869,FULFILLED,ARS,49200.0,10332.0,1200.0,60732.0,20241107
1000009502,906,1,,1341.0,3109,FULFILLED,ARS,37044.0,7779.24,900.0,45723.24,20241103
1000009503,705,1,,3169.0,3556,FULFILLED,ARS,12348.0,2593.08,900.0,15841.08,20240317
1000009504,281,2,3.0,4175.0,3,FULFILLED,ARS,28500.0,5985.0,0.0,34485.0,20240827
1000009505,672,1,,1492.0,1649,FULFILLED,ARS,40500.0,8505.0,900.0,49905.0,20250323
1000009506,1239,1,,2826.0,2817,PAID,ARS,22800.0,4788.0,1200.0,28788.0,20250829
1000009507,1058,2,1.0,3336.0,1,PAID,ARS,11340.0,2381.4,0.0,13721.4,20250722
1000009508,371,1,,,3538,FULFILLED,ARS,44100.0,9261.0,0.0,53361.0,20240607
1000009509,1297,1,,3249.0,3621,FULFILLED,ARS,23520.0,4939.2,1500.0,29959.2,20240425
1000009510,528,2,3.0,3803.0,3,FULFILLED,ARS,40200.0,8442.0,0.0,48642.0,20241124
1000009511,1432,1,,3877.0,4107,FULFILLED,ARS,44100.0,9261.0,900.0,54261.0,20241219
1000009512,1293,2,2.0,,2,FULFILLED,ARS,32400.0,6804.0,0.0,39204.0,20250628
1000009513,985,1,,1029.0,3385,PAID,ARS,41700.0,8757.0,1200.0,51657.0,20241104
1000009514,478,1,,,1771,FULFILLED,ARS,21600.0,4536.0,1500.0,27636.0,20240131
1000009515,752,1,,1146.0,1654,PAID,ARS,34200.0,7182.0,900.0,42282.0,20240106
1000009516,892,1,,1349.0,3658,CREATED,ARS,48000.0,10080.0,900.0,58980.0,20250806
1000009517,1308,1,,2527.0,2377,FULFILLED,ARS,30000.0,6300.0,1200.0,37500.0,20241005
1000009518,59,2,3.0,1284.0,3,FULFILLED,ARS,44400.0,9324.0,0.0,53724.0,20250423
1000009519,643,1,,4196.0,3773,REFUNDED,ARS,28848.0,6058.08,900.0,35806.08,20240303
1000009520,994,1,,3660.0,1400,FULFILLED,ARS,30000.0,6300.0,900.0,37200.0,20250710
1000009521,165,2,1.0,2228.0,1,FULFILLED,ARS,13500.0,2835.0,0.0,16335.0,20240329
1000009522,1275,1,,1157.0,1385,PAID,ARS,25650.0,5386.5,1500.0,32536.5,20250806
1000009523,987,1,,3391.0,1393,FULFILLED,ARS,27000.0,5670.0,1500.0,34170.0,20250915
1000009524,117,1,,3078.0,2726,FULFILLED,ARS,30000.0,6300.0,0.0,36300.0,20240803
1000009525,1315,2,3.0,1746.0,3,PAID,ARS,36450.0,7654.5,0.0,44104.5,20240523
1000009526,517,1,,2880.0,1275,FULFILLED,ARS,99900.0,20979.0,1200.0,122079.0,20250404
1000009527,1256,2,3.0,2285.0,3,FULFILLED,ARS,16170.0,3395.7,0.0,19565.7,20240526
1000009528,486,2,1.0,1618.0,1,PAID,ARS,25650.0,5386.5,0.0,31036.5,20250314
1000009529,1132,1,,,1621,CANCELLED,ARS,37044.0,7779.24,1500.0,46323.24,20250107
1000009530,139,2,1.0,1691.0,1,CREATED,ARS,34200.0,7182.0,0.0,41382.0,20250505
1000009531,1330,1,,1565.0,2533,PAID,ARS,42750.0,8977.5,900.0,52627.5,20250821
1000009532,1495,1,,1550.0,3586,FULFILLED,ARS,63510.0,13337.1,1500.0,78347.1,20250906
1000009533,825,1,,3309.0,3109,FULFILLED,ARS,37620.0,7900.2,1500.0,47020.2,20250802
1000009534,538,2,1.0,4050.0,1,CANCELLED,ARS,27000.0,5670.0,0.0,32670.0,20240922
1000009535,264,2,1.0,,1,FULFILLED,ARS,10260.0,2154.6,0.0,12414.6,20240406
1000009536,216,1,,2049.0,4064,FULFILLED,ARS,44100.0,9261.0,1200.0,54561.0,20250810
1000009537,314,1,,2078.0,2365,CANCELLED,ARS,27000.0,5670.0,0.0,32670.0,20240325
1000009538,552,2,3.0,1053.0,3,FULFILLED,ARS,37620.0,7900.2,0.0,45520.2,20240825
1000009539,1111,1,,1431.0,1173,PAID,ARS,28500.0,5985.0,1200.0,35685.0,20240925
1000009540,11,1,,3437.0,3110,FULFILLED,ARS,29400.0,6174.0,1500.0,37074.0,20241221
1000009541,857,2,1.0,3428.0,1,PAID,ARS,44887.5,9426.38,0.0,54313.88,20250117
1000009542,359,1,,2085.0,2818,FULFILLED,ARS,58080.0,12196.8,900.0,71176.8,20250708
1000009543,1207,2,3.0,3005.0,3,FULFILLED,ARS,15000.0,3150.0,0.0,18150.0,20240411
1000009544,1341,1,,2771.0,2932,PAID,ARS,88890.0,18666.9,1200.0,108756.9,20240608
1000009545,1297,1,,3468.0,1672,CANCELLED,ARS,29400.0,6174.0,900.0,36474.0,20240721
1000009546,1343,1,,2432.0,1691,FULFILLED,ARS,59760.0,12549.6,900.0,73209.6,20250705
1000009547,1391,1,,2733.0,3471,FULFILLED,ARS,14700.0,3087.0,1200.0,18987.0,20250329
1000009548,1491,2,4.0,,4,REFUNDED,ARS,27000.0,5670.0,0.0,32670.0,20240912
1000009549,1173,1,,,3893,FULFILLED,ARS,35280.0,7408.8,1500.0,44188.8,20240117
1000009550,299,1,,3207.0,3710,FULFILLED,ARS,19440.0,4082.4,1500.0,25022.4,20240121
1000009551,561,1,,3029.0,3094,FULFILLED,ARS,77760.0,16329.6,1200.0,95289.6,20250102
1000009552,786,1,,1322.0,3497,FULFILLED,ARS,10800.0,2268.0,900.0,13968.0,20240714
1000009553,1,1,,3243.0,3664,FULFILLED,ARS,12150.0,2551.5,1200.0,15901.5,20250705
1000009554,712,1,,,3735,FULFILLED,ARS,14962.5,3142.12,1500.0,19604.62,20250712
1000009555,1172,1,,3864.0,1553,FULFILLED,ARS,29400.0,6174.0,1200.0,36774.0,20250309
1000009556,687,2,1.0,3930.0,1,FULFILLED,ARS,28350.0,5953.5,0.0,34303.5,20250503
1000009557,162,1,,1246.0,3083,CREATED,ARS,40500.0,8505.0,1500.0,50505.0,20240105
1000009558,493,1,,3732.0,1443,PAID,ARS,32400.0,6804.0,900.0,40104.0,20250719
1000009559,1118,2,3.0,3237.0,3,FULFILLED,ARS,54150.0,11371.5,0.0,65521.5,20241208
1000009560,795,1,,3232.0,3776,CANCELLED,ARS,36000.0,7560.0,900.0,44460.0,20240723
1000009561,1074,1,,1684.0,3017,FULFILLED,ARS,45000.0,9450.0,900.0,55350.0,20241219
1000009562,476,1,,,3049,PAID,ARS,33000.0,6930.0,1200.0,41130.0,20241106
1000009563,1450,2,3.0,3861.0,3,CANCELLED,ARS,12936.0,2716.56,0.0,15652.56,20240925
1000009564,104,1,,1570.0,2104,PAID,ARS,56700.0,11907.0,1200.0,69807.0,20250126
1000009565,284,1,,2394.0,4171,FULFILLED,ARS,34200.0,7182.0,1200.0,42582.0,20240807
1000009566,1322,1,,1987.0,3512,FULFILLED,ARS,36000.0,7560.0,1500.0,45060.0,20250928
1000009567,445,2,4.0,1758.0,4,CREATED,ARS,35280.0,7408.8,0.0,42688.8,20240604
1000009568,1380,1,,2488.0,2010,CANCELLED,ARS,38808.0,8149.68,0.0,46957.68,20240604
1000009569,750,1,,2762.0,2862,PAID,ARS,37800.0,7938.0,1200.0,46938.0,20241119
1000009570,241,1,,3850.0,1143,FULFILLED,ARS,27570.0,5789.7,0.0,33359.7,20250924
1000009571,513,2,1.0,3402.0,1,FULFILLED,ARS,23940.0,5027.4,0.0,28967.4,20250922
1000009572,1425,1,,4046.0,2139,FULFILLED,ARS,72000.0,15120.0,1200.0,88320.0,20240404
1000009573,1107,1,,2672.0,1622,CANCELLED,ARS,48150.0,10111.5,1500.0,59761.5,20250627
1000009574,423,1,,2355.0,1005,FULFILLED,ARS,38220.0,8026.2,900.0,47146.2,20240731
1000009575,1465,2,1.0,,1,FULFILLED,ARS,55200.0,11592.0,0.0,66792.0,20240904
1000009576,674,2,1.0,2278.0,1,FULFILLED,ARS,39600.0,8316.0,0.0,47916.0,20250705
1000009577,128,2,3.0,3168.0,3,FULFILLED,ARS,23520.0,4939.2,0.0,28459.2,20250619
1000009578,78,1,,3775.0,3460,FULFILLED,ARS,27000.0,5670.0,1200.0,33870.0,20240411
1000009579,216,1,,,3963,FULFILLED,ARS,40500.0,8505.0,1200.0,50205.0,20240704
1000009580,666,1,,3454.0,3500,FULFILLED,ARS,43935.0,9226.35,0.0,53161.35,20250731
1000009581,842,1,,1740.0,2139,FULFILLED,ARS,10800.0,2268.0,900.0,13968.0,20240708
1000009582,1154,2,1.0,3706.0,1,FULFILLED,ARS,19440.0,4082.4,0.0,23522.4,20250410
1000009583,548,2,2.0,2516.0,2,FULFILLED,ARS,51030.0,10716.3,0.0,61746.3,20240116
1000009584,1287,1,,,2305,FULFILLED,ARS,29700.0,6237.0,900.0,36837.0,20240506
1000009585,1322,1,,2634.0,2560,FULFILLED,ARS,37044.0,7779.24,1200.0,46023.24,20240325
1000009586,487,2,4.0,1437.0,4,FULFILLED,ARS,32400.0,6804.0,0.0,39204.0,20240818
1000009587,1003,1,,3566.0,1269,FULFILLED,ARS,34200.0,7182.0,900.0,42282.0,20240416
1000009588,445,1,,3910.0,1409,FULFILLED,ARS,24000.0,5040.0,900.0,29940.0,20250729
1000009589,402,1,,1556.0,4102,FULFILLED,ARS,71280.0,14968.8,900.0,87148.8,20240504
1000009590,925,2,2.0,2023.0,2,FULFILLED,ARS,24000.0,5040.0,0.0,29040.0,20240606
1000009591,1308,2,4.0,3420.0,4,FULFILLED,ARS,42660.0,8958.6,0.0,51618.6,20250710
1000009592,995,2,2.0,1738.0,2,FULFILLED,ARS,14250.0,2992.5,0.0,17242.5,20250702
1000009593,539,2,4.0,1573.0,4,FULFILLED,ARS,34200.0,7182.0,0.0,41382.0,20250717
1000009594,1340,1,,3084.0,1169,FULFILLED,ARS,34200.0,7182.0,1200.0,42582.0,20250819
1000009595,1072,1,,3218.0,3564,CANCELLED,ARS,37212.0,7814.52,900.0,45926.52,20250203
1000009596,942,2,3.0,,3,FULFILLED,ARS,42750.0,8977.5,0.0,51727.5,20240409
1000009597,1270,1,,1496.0,2685,CANCELLED,ARS,33750.0,7087.5,900.0,41737.5,20240227
1000009598,929,1,,1845.0,3307,FULFILLED,ARS,35640.0,7484.4,1200.0,44324.4,20250102
1000009599,1487,2,1.0,2068.0,1,PAID,ARS,37620.0,7900.2,0.0,45520.2,20250306
1000009600,437,2,1.0,1812.0,1,PAID,ARS,39690.0,8334.9,0.0,48024.9,20240320
1000009601,554,1,,2781.0,3821,FULFILLED,ARS,19440.0,4082.4,900.0,24422.4,20241216
1000009602,948,1,,1618.0,1758,FULFILLED,ARS,15000.0,3150.0,1200.0,19350.0,20240102
1000009603,397,1,,3685.0,1813,FULFILLED,ARS,42336.0,8890.56,0.0,51226.56,20240717
1000009604,988,2,4.0,2369.0,4,PAID,ARS,19440.0,4082.4,0.0,23522.4,20240414
1000009605,1216,1,,3985.0,2281,FULFILLED,ARS,28500.0,5985.0,1500.0,35985.0,20250623
1000009606,503,2,3.0,1177.0,3,FULFILLED,ARS,15435.0,3241.35,0.0,18676.35,20250923
1000009607,687,1,,,1984,FULFILLED,ARS,59940.0,12587.4,1200.0,73727.4,20240420
1000009608,1278,1,,1481.0,2521,PAID,ARS,66372.0,13938.12,1200.0,81510.12,20240527
1000009609,114,2,2.0,,2,PAID,ARS,10800.0,2268.0,0.0,13068.0,20240814
1000009610,1315,2,3.0,1933.0,3,PAID,ARS,42750.0,8977.5,0.0,51727.5,20240828
1000009611,436,1,,2085.0,3838,PAID,ARS,44040.0,9248.4,1200.0,54488.4,20240712
1000009612,54,1,,2838.0,3408,CANCELLED,ARS,51096.0,10730.16,1200.0,63026.16,20240103
1000009613,887,1,,3609.0,3559,FULFILLED,ARS,47250.0,9922.5,1200.0,58372.5,20250610
1000009614,852,2,1.0,2855.0,1,FULFILLED,ARS,29400.0,6174.0,0.0,35574.0,20250821
1000009615,176,1,,1923.0,3736,CREATED,ARS,40500.0,8505.0,1500.0,50505.0,20240601
1000009616,996,2,1.0,1028.0,1,FULFILLED,ARS,90480.0,19000.8,0.0,109480.8,20241225
1000009617,942,1,,3621.0,3296,PAID,ARS,38475.0,8079.75,900.0,47454.75,20240916
1000009618,909,2,1.0,4008.0,1,CANCELLED,ARS,66487.5,13962.38,0.0,80449.88,20240708
1000009619,610,1,,2259.0,2694,PAID,ARS,13230.0,2778.3,0.0,16008.3,20250507
1000009620,79,2,2.0,2229.0,2,FULFILLED,ARS,65550.0,13765.5,0.0,79315.5,20250612
1000009621,1003,1,,1862.0,3997,FULFILLED,ARS,47025.0,9875.25,900.0,57800.25,20241006
1000009622,1140,2,1.0,3098.0,1,CANCELLED,ARS,29400.0,6174.0,0.0,35574.0,20250315
1000009623,887,1,,,1147,PAID,ARS,31350.0,6583.5,0.0,37933.5,20240102
1000009624,396,2,1.0,1451.0,1,FULFILLED,ARS,22680.0,4762.8,0.0,27442.8,20250410
1000009625,1193,1,,1642.0,2878,PAID,ARS,81360.0,17085.6,1200.0,99645.6,20241011
1000009626,1010,1,,,1265,FULFILLED,ARS,39600.0,8316.0,1200.0,49116.0,20250908
1000009627,327,1,,1642.0,2429,PAID,ARS,24000.0,5040.0,1500.0,30540.0,20240309
1000009628,368,2,2.0,1987.0,2,PAID,ARS,12936.0,2716.56,0.0,15652.56,20240712
1000009629,961,2,2.0,3702.0,2,PAID,ARS,35280.0,7408.8,0.0,42688.8,20240721
1000009630,52,1,,2115.0,2941,FULFILLED,ARS,83475.0,17529.75,1500.0,102504.75,20250127
1000009631,1300,2,2.0,4160.0,2,PAID,ARS,47025.0,9875.25,0.0,56900.25,20241215
1000009632,1079,1,,1671.0,2335,FULFILLED,ARS,21600.0,4536.0,1500.0,27636.0,20241020
1000009633,1168,2,1.0,3123.0,1,FULFILLED,ARS,46305.0,9724.05,0.0,56029.05,20240322
1000009634,1254,1,,3142.0,1974,FULFILLED,ARS,45000.0,9450.0,900.0,55350.0,20250626
1000009635,277,1,,3122.0,1789,CREATED,ARS,24000.0,5040.0,900.0,29940.0,20240325
1000009636,1252,2,2.0,3836.0,2,PAID,ARS,29400.0,6174.0,0.0,35574.0,20250815
1000009637,999,1,,2097.0,1927,PAID,ARS,12000.0,2520.0,1500.0,16020.0,20240323
1000009638,907,1,,1768.0,2113,FULFILLED,ARS,40500.0,8505.0,1200.0,50205.0,20250727
1000009639,812,1,,3151.0,3555,PAID,ARS,30000.0,6300.0,900.0,37200.0,20241225
1000009640,240,1,,4179.0,2553,FULFILLED,ARS,35280.0,7408.8,1200.0,43888.8,20241222
1000009641,1146,1,,2584.0,1455,FULFILLED,ARS,44887.5,9426.38,900.0,55213.88,20240223
1000009642,1009,1,,3806.0,3950,FULFILLED,ARS,12540.0,2633.4,900.0,16073.4,20250424
1000009643,1059,2,3.0,4130.0,3,FULFILLED,ARS,96570.0,20279.7,0.0,116849.7,20250126
1000009644,1176,2,1.0,,1,FULFILLED,ARS,54870.0,11522.7,0.0,66392.7,20240409
1000009645,637,1,,3446.0,2543,FULFILLED,ARS,36000.0,7560.0,1500.0,45060.0,20240708
1000009646,1455,1,,1394.0,1149,CANCELLED,ARS,42750.0,8977.5,1200.0,52927.5,20240522
1000009647,696,1,,3655.0,4045,PAID,ARS,14700.0,3087.0,0.0,17787.0,20240425
1000009648,224,1,,,4193,FULFILLED,ARS,16170.0,3395.7,1500.0,21065.7,20250305
1000009649,1494,1,,1587.0,1168,FULFILLED,ARS,36600.0,7686.0,900.0,45186.0,20250314
1000009650,1022,1,,3266.0,4055,PAID,ARS,21384.0,4490.64,1200.0,27074.64,20250906
1000009651,1463,1,,2188.0,2966,FULFILLED,ARS,41400.0,8694.0,900.0,50994.0,20250723
1000009652,714,1,,1022.0,1435,FULFILLED,ARS,42750.0,8977.5,1200.0,52927.5,20241111
1000009653,714,1,,1497.0,2196,FULFILLED,ARS,15000.0,3150.0,1200.0,19350.0,20241217
1000009654,1458,2,2.0,3827.0,2,FULFILLED,ARS,21168.0,4445.28,0.0,25613.28,20250921
1000009655,239,2,2.0,1271.0,2,PAID,ARS,54510.0,11447.1,0.0,65957.1,20250303
1000009656,525,1,,,2050,REFUNDED,ARS,45000.0,9450.0,1200.0,55650.0,20250926
1000009657,647,1,,2008.0,2241,PAID,ARS,31350.0,6583.5,1500.0,39433.5,20240521
1000009658,195,1,,1936.0,1114,FULFILLED,ARS,40635.0,8533.35,1200.0,50368.35,20250219
1000009659,558,2,4.0,2748.0,4,FULFILLED,ARS,30000.0,6300.0,0.0,36300.0,20240705
1000009660,1248,2,2.0,1290.0,2,PAID,ARS,33120.0,6955.2,0.0,40075.2,20250616
1000009661,409,1,,2885.0,3131,FULFILLED,ARS,35280.0,7408.8,900.0,43588.8,20241206
1000009662,973,1,,1113.0,1324,CANCELLED,ARS,23940.0,5027.4,900.0,29867.4,20250520
1000009663,642,1,,3263.0,2947,REFUNDED,ARS,25080.0,5266.8,1500.0,31846.8,20240515
1000009664,533,1,,3800.0,1613,FULFILLED,ARS,22800.0,4788.0,900.0,28488.0,20241109
1000009665,591,1,,2091.0,3597,FULFILLED,ARS,24000.0,5040.0,1200.0,30240.0,20250815
1000009666,919,1,,1611.0,3527,FULFILLED,ARS,64980.0,13645.8,900.0,79525.8,20240612
1000009667,578,1,,3648.0,2642,PAID,ARS,21600.0,4536.0,0.0,26136.0,20240630
1000009668,1238,2,3.0,2699.0,3,FULFILLED,ARS,30000.0,6300.0,0.0,36300.0,20241129
1000009669,614,1,,2399.0,1528,PAID,ARS,79740.0,16745.4,1500.0,97985.4,20241226
1000009670,142,2,1.0,1246.0,1,PAID,ARS,59976.0,12594.96,0.0,72570.96,20240919
1000009671,1046,2,4.0,3982.0,4,FULFILLED,ARS,14700.0,3087.0,0.0,17787.0,20250503
1000009672,127,1,,2539.0,2680,FULFILLED,ARS,41400.0,8694.0,0.0,50094.0,20240727
1000009673,1372,1,,3161.0,3100,FULFILLED,ARS,11400.0,2394.0,900.0,14694.0,20240829
1000009674,238,1,,1109.0,3425,FULFILLED,ARS,10800.0,2268.0,1200.0,14268.0,20250722
1000009675,1389,2,4.0,3706.0,4,FULFILLED,ARS,14250.0,2992.5,0.0,17242.5,20250618
1000009676,118,1,,2504.0,3999,CANCELLED,ARS,37044.0,7779.24,900.0,45723.24,20240402
1000009677,1047,2,3.0,1376.0,3,CANCELLED,ARS,57000.0,11970.0,0.0,68970.0,20250123
1000009678,565,1,,4050.0,4008,FULFILLED,ARS,14700.0,3087.0,1500.0,19287.0,20240722
1000009679,499,1,,1214.0,2574,REFUNDED,ARS,27000.0,5670.0,1200.0,33870.0,20250422
1000009680,252,1,,1441.0,2095,FULFILLED,ARS,63900.0,13419.0,1200.0,78519.0,20240712
1000009681,1272,1,,4005.0,1261,FULFILLED,ARS,34200.0,7182.0,1200.0,42582.0,20250729
1000009682,1402,2,3.0,2366.0,3,FULFILLED,ARS,35280.0,7408.8,0.0,42688.8,20241008
1000009683,410,2,4.0,2326.0,4,FULFILLED,ARS,37620.0,7900.2,0.0,45520.2,20241217
1000009684,165,1,,3561.0,2959,FULFILLED,ARS,72000.0,15120.0,900.0,88020.0,20240507
1000009685,1065,2,4.0,3730.0,4,FULFILLED,ARS,31752.0,6667.92,0.0,38419.92,20240503
1000009686,1296,2,2.0,4200.0,2,FULFILLED,ARS,28500.0,5985.0,0.0,34485.0,20240624
1000009687,855,1,,1455.0,1078,FULFILLED,ARS,94020.0,19744.2,1500.0,115264.2,20250117
1000009688,1238,1,,3056.0,3279,PAID,ARS,14700.0,3087.0,1200.0,18987.0,20240723
1000009689,912,1,,2793.0,3108,CANCELLED,ARS,76950.0,16159.5,0.0,93109.5,20250717
1000009690,1104,2,4.0,3938.0,4,FULFILLED,ARS,21600.0,4536.0,0.0,26136.0,20241217
1000009691,659,1,,2175.0,2316,FULFILLED,ARS,45000.0,9450.0,1200.0,55650.0,20250224
1000009692,220,2,3.0,,3,PAID,ARS,23520.0,4939.2,0.0,28459.2,20240430
1000009693,1198,1,,2444.0,3368,CANCELLED,ARS,69000.0,14490.0,1500.0,84990.0,20250830
1000009694,409,2,4.0,1768.0,4,FULFILLED,ARS,36450.0,7654.5,0.0,44104.5,20240120
1000009695,839,1,,1325.0,1814,FULFILLED,ARS,10584.0,2222.64,900.0,13706.64,20240624
1000009696,80,1,,2084.0,2624,FULFILLED,ARS,14250.0,2992.5,900.0,18142.5,20241020
1000009697,1330,1,,3364.0,2025,FULFILLED,ARS,24000.0,5040.0,900.0,29940.0,20240408
1000009698,1104,1,,2521.0,1796,FULFILLED,ARS,11340.0,2381.4,1200.0,14921.4,20240305
1000009699,749,1,,2977.0,3167,PAID,ARS,24696.0,5186.16,900.0,30782.16,20250107
1000009700,719,1,,2152.0,3847,FULFILLED,ARS,19440.0,4082.4,1200.0,24722.4,20250621
1000009701,809,1,,3338.0,2951,FULFILLED,ARS,28770.0,6041.7,900.0,35711.7,20250517
1000009702,1284,1,,1851.0,3415,FULFILLED,ARS,14250.0,2992.5,900.0,18142.5,20250722
1000009703,1354,1,,4017.0,1351,FULFILLED,ARS,34200.0,7182.0,900.0,42282.0,20240914
1000009704,653,1,,,2775,FULFILLED,ARS,19440.0,4082.4,1200.0,24722.4,20241001
1000009705,351,1,,1926.0,3662,FULFILLED,ARS,53400.0,11214.0,900.0,65514.0,20250810
1000009706,199,1,,1217.0,2538,CANCELLED,ARS,64800.0,13608.0,1500.0,79908.0,20250624
1000009707,619,1,,1462.0,2915,PAID,ARS,31500.0,6615.0,1200.0,39315.0,20240510
1000009708,1413,2,1.0,1576.0,1,FULFILLED,ARS,22680.0,4762.8,0.0,27442.8,20240915
1000009709,467,2,4.0,1087.0,4,FULFILLED,ARS,11760.0,2469.6,0.0,14229.6,20240510
1000009710,338,2,4.0,,4,FULFILLED,ARS,23940.0,5027.4,0.0,28967.4,20240902
1000009711,415,2,1.0,3348.0,1,FULFILLED,ARS,35910.0,7541.1,0.0,43451.1,20250608
1000009712,1337,2,2.0,3231.0,2,FULFILLED,ARS,10800.0,2268.0,0.0,13068.0,20240519
1000009713,444,1,,3395.0,1657,FULFILLED,ARS,14700.0,3087.0,0.0,17787.0,20240313
1000009714,812,1,,1420.0,1177,FULFILLED,ARS,44400.0,9324.0,0.0,53724.0,20250906
1000009715,265,1,,2783.0,1728,FULFILLED,ARS,45030.0,9456.3,1200.0,55686.3,20250403
1000009716,748,2,1.0,3939.0,1,CANCELLED,ARS,21600.0,4536.0,0.0,26136.0,20250531
1000009717,945,1,,2236.0,1956,FULFILLED,ARS,13500.0,2835.0,1200.0,17535.0,20240219
1000009718,1347,2,2.0,2047.0,2,FULFILLED,ARS,13230.0,2778.3,0.0,16008.3,20240301
1000009719,744,1,,2894.0,2935,PAID,ARS,32400.0,6804.0,900.0,40104.0,20240326
1000009720,1274,1,,1738.0,3720,PAID,ARS,35343.0,7422.03,900.0,43665.03,20240806
1000009721,758,1,,1593.0,2888,FULFILLED,ARS,15000.0,3150.0,900.0,19050.0,20250201
1000009722,851,1,,3443.0,2258,FULFILLED,ARS,11760.0,2469.6,900.0,15129.6,20240804
1000009723,1026,2,4.0,3017.0,4,FULFILLED,ARS,21600.0,4536.0,0.0,26136.0,20240801
1000009724,1185,1,,3883.0,2225,FULFILLED,ARS,22800.0,4788.0,900.0,28488.0,20241029
1000009725,193,1,,3949.0,1794,FULFILLED,ARS,13500.0,2835.0,900.0,17235.0,20241206
1000009726,1322,1,,2048.0,1122,CANCELLED,ARS,29400.0,6174.0,1200.0,36774.0,20240824
1000009727,1405,1,,1952.0,1682,FULFILLED,ARS,21600.0,4536.0,1200.0,27336.0,20250710
1000009728,757,1,,2936.0,2074,CREATED,ARS,28500.0,5985.0,1500.0,35985.0,20240103
1000009729,1146,2,2.0,3823.0,2,FULFILLED,ARS,57960.0,12171.6,0.0,70131.6,20250922
1000009730,404,2,2.0,3177.0,2,PAID,ARS,23520.0,4939.2,0.0,28459.2,20240630
1000009731,888,1,,2234.0,1035,FULFILLED,ARS,28500.0,5985.0,1200.0,35685.0,20241130
1000009732,841,2,4.0,3074.0,4,FULFILLED,ARS,36000.0,7560.0,0.0,43560.0,20250603
1000009733,159,1,,2370.0,1446,FULFILLED,ARS,37035.0,7777.35,1200.0,46012.35,20250331
1000009734,1376,2,1.0,2043.0,1,FULFILLED,ARS,26460.0,5556.6,0.0,32016.6,20240601
1000009735,1105,2,1.0,3442.0,1,FULFILLED,ARS,67260.0,14124.6,0.0,81384.6,20250506
1000009736,165,2,1.0,2406.0,1,FULFILLED,ARS,10260.0,2154.6,0.0,12414.6,20240226
1000009737,1356,1,,2714.0,3607,FULFILLED,ARS,21600.0,4536.0,900.0,27036.0,20250602
1000009738,692,2,1.0,1037.0,1,FULFILLED,ARS,10260.0,2154.6,0.0,12414.6,20240905
1000009739,661,1,,1301.0,3632,PAID,ARS,21600.0,4536.0,0.0,26136.0,20240823
1000009740,1170,2,2.0,2212.0,2,FULFILLED,ARS,21168.0,4445.28,0.0,25613.28,20240916
1000009741,195,2,2.0,2269.0,2,PAID,ARS,71100.0,14931.0,0.0,86031.0,20240529
1000009742,430,1,,1188.0,1762,PAID,ARS,68868.0,14462.28,1500.0,84830.28,20250919
1000009743,1087,2,4.0,1741.0,4,FULFILLED,ARS,28350.0,5953.5,0.0,34303.5,20250129
1000009744,759,2,2.0,2941.0,2,FULFILLED,ARS,11970.0,2513.7,0.0,14483.7,20250327
1000009745,1419,1,,2492.0,1813,FULFILLED,ARS,45000.0,9450.0,1200.0,55650.0,20240120
1000009746,423,1,,,3213,FULFILLED,ARS,12000.0,2520.0,900.0,15420.0,20240112
1000009747,1181,1,,,3326,FULFILLED,ARS,36000.0,7560.0,900.0,44460.0,20240720
1000009748,1457,1,,,2007,PAID,ARS,10800.0,2268.0,900.0,13968.0,20240616
1000009749,647,2,1.0,3569.0,1,FULFILLED,ARS,23940.0,5027.4,0.0,28967.4,20240730
1000009750,1451,1,,3865.0,1528,FULFILLED,ARS,14250.0,2992.5,1200.0,18442.5,20250519
1000009751,809,2,1.0,2454.0,1,PAID,ARS,25260.0,5304.6,0.0,30564.6,20241111
1000009752,978,2,1.0,1848.0,1,CANCELLED,ARS,24696.0,5186.16,0.0,29882.16,20240625
1000009753,1199,1,,1278.0,3380,PAID,ARS,28350.0,5953.5,1200.0,35503.5,20250420
1000009754,1053,1,,3525.0,1295,PAID,ARS,11760.0,2469.6,1500.0,15729.6,20240430
1000009755,1348,2,3.0,3024.0,3,FULFILLED,ARS,47250.0,9922.5,0.0,57172.5,20240223
1000009756,717,2,3.0,2631.0,3,FULFILLED,ARS,14250.0,2992.5,0.0,17242.5,20250318
1000009757,88,1,,4082.0,2373,FULFILLED,ARS,32400.0,6804.0,1200.0,40404.0,20240101
1000009758,938,2,4.0,4119.0,4,FULFILLED,ARS,57372.0,12048.12,0.0,69420.12,20241030
1000009759,1148,2,4.0,2959.0,4,FULFILLED,ARS,37800.0,7938.0,0.0,45738.0,20240907
1000009760,63,2,2.0,1249.0,2,FULFILLED,ARS,45900.0,9639.0,0.0,55539.0,20241122
1000009761,835,1,,3836.0,3481,FULFILLED,ARS,46080.0,9676.8,1500.0,57256.8,20250607
1000009762,921,1,,1115.0,1966,FULFILLED,ARS,62790.0,13185.9,900.0,76875.9,20241118
1000009763,658,1,,,2128,PAID,ARS,25200.0,5292.0,900.0,31392.0,20240305
1000009764,901,2,3.0,2272.0,3,FULFILLED,ARS,58080.0,12196.8,0.0,70276.8,20240514
1000009765,1193,1,,1107.0,2830,FULFILLED,ARS,31350.0,6583.5,1500.0,39433.5,20250404
1000009766,324,2,4.0,1089.0,4,FULFILLED,ARS,50610.0,10628.1,0.0,61238.1,20250123
1000009767,17,1,,1414.0,2210,FULFILLED,ARS,11760.0,2469.6,1200.0,15429.6,20240831
1000009768,239,1,,1233.0,1120,FULFILLED,ARS,40500.0,8505.0,1200.0,50205.0,20241129
1000009769,490,1,,3621.0,3049,PAID,ARS,28200.0,5922.0,0.0,34122.0,20240427
1000009770,1265,1,,1267.0,1804,FULFILLED,ARS,21600.0,4536.0,1200.0,27336.0,20241024
1000009771,509,2,3.0,3018.0,3,FULFILLED,ARS,23940.0,5027.4,0.0,28967.4,20250221
1000009772,1037,1,,3468.0,1279,FULFILLED,ARS,14250.0,2992.5,0.0,17242.5,20241206
1000009773,547,1,,3340.0,1982,FULFILLED,ARS,25050.0,5260.5,1200.0,31510.5,20240401
1000009774,634,2,1.0,3314.0,1,FULFILLED,ARS,10584.0,2222.64,0.0,12806.64,20240820
1000009775,1422,1,,3491.0,2117,FULFILLED,ARS,34200.0,7182.0,900.0,42282.0,20250105
1000009776,70,1,,1813.0,3834,FULFILLED,ARS,34200.0,7182.0,1500.0,42882.0,20240605
1000009777,729,2,2.0,1056.0,2,FULFILLED,ARS,69825.0,14663.25,0.0,84488.25,20240409
1000009778,890,1,,2203.0,1344,PAID,ARS,34200.0,7182.0,1200.0,42582.0,20250907
1000009779,955,1,,1282.0,2997,FULFILLED,ARS,36000.0,7560.0,900.0,44460.0,20240909
1000009780,1004,2,3.0,2902.0,3,FULFILLED,ARS,42750.0,8977.5,0.0,51727.5,20241119
1000009781,727,1,,3896.0,2146,FULFILLED,ARS,114030.0,23946.3,900.0,138876.3,20240222
1000009782,1231,1,,2591.0,2467,FULFILLED,ARS,45000.0,9450.0,900.0,55350.0,20240626
1000009783,861,1,,1642.0,2662,FULFILLED,ARS,45600.0,9576.0,1200.0,56376.0,20240805
1000009784,665,1,,3828.0,2791,CANCELLED,ARS,24000.0,5040.0,900.0,29940.0,20250815
1000009785,893,2,3.0,3013.0,3,CANCELLED,ARS,40800.0,8568.0,0.0,49368.0,20241102
1000009786,501,1,,1237.0,2242,CANCELLED,ARS,13500.0,2835.0,900.0,17235.0,20240817
1000009787,205,1,,3808.0,2767,FULFILLED,ARS,22800.0,4788.0,0.0,27588.0,20240128
1000009788,1213,1,,2540.0,3016,FULFILLED,ARS,24000.0,5040.0,1500.0,30540.0,20250201
1000009789,572,2,2.0,3970.0,2,PAID,ARS,38760.0,8139.6,0.0,46899.6,20250917
1000009790,215,1,,,3377,FULFILLED,ARS,51300.0,10773.0,1200.0,63273.0,20240121
1000009791,968,1,,,1212,FULFILLED,ARS,30000.0,6300.0,1500.0,37800.0,20240401
1000009792,1489,2,2.0,,2,CANCELLED,ARS,12000.0,2520.0,0.0,14520.0,20250809
1000009793,1413,1,,1078.0,2829,PAID,ARS,13230.0,2778.3,1500.0,17508.3,20250615
1000009794,1124,1,,2538.0,2792,FULFILLED,ARS,59925.0,12584.25,1200.0,73709.25,20240212
1000009795,830,1,,1850.0,3297,FULFILLED,ARS,11760.0,2469.6,900.0,15129.6,20240927
1000009796,210,2,1.0,2408.0,1,FULFILLED,ARS,22800.0,4788.0,0.0,27588.0,20240906
1000009797,427,1,,3979.0,1209,FULFILLED,ARS,38400.0,8064.0,1500.0,47964.0,20240917
1000009798,31,2,4.0,3157.0,4,FULFILLED,ARS,28500.0,5985.0,0.0,34485.0,20240602
1000009799,280,2,1.0,1584.0,1,FULFILLED,ARS,40500.0,8505.0,0.0,49005.0,20240921
1000009800,867,2,3.0,1611.0,3,REFUNDED,ARS,28500.0,5985.0,0.0,34485.0,20241023
1000009801,176,1,,2458.0,2352,FULFILLED,ARS,25080.0,5266.8,900.0,31246.8,20250528
1000009802,761,2,3.0,3789.0,3,FULFILLED,ARS,85500.0,17955.0,0.0,103455.0,20240520
1000009803,897,2,2.0,,2,CREATED,ARS,36000.0,7560.0,0.0,43560.0,20240831
1000009804,1315,1,,2859.0,1694,FULFILLED,ARS,66600.0,13986.0,0.0,80586.0,20240901
1000009805,606,1,,1873.0,2806,FULFILLED,ARS,60900.0,12789.0,900.0,74589.0,20240610
1000009806,1444,1,,3670.0,3429,FULFILLED,ARS,34200.0,7182.0,0.0,41382.0,20250313
1000009807,1320,2,3.0,1630.0,3,PAID,ARS,32400.0,6804.0,0.0,39204.0,20241110
1000009808,348,1,,3257.0,1843,FULFILLED,ARS,30780.0,6463.8,900.0,38143.8,20240309
1000009809,1226,2,2.0,1136.0,2,PAID,ARS,30000.0,6300.0,0.0,36300.0,20240806
1000009810,1489,1,,3226.0,1723,FULFILLED,ARS,11400.0,2394.0,900.0,14694.0,20240529
1000009811,293,2,4.0,3293.0,4,FULFILLED,ARS,11400.0,2394.0,0.0,13794.0,20250131
1000009812,232,2,4.0,,4,FULFILLED,ARS,16500.0,3465.0,0.0,19965.0,20240323
1000009813,553,2,2.0,1662.0,2,REFUNDED,ARS,10260.0,2154.6,0.0,12414.6,20240910
1000009814,434,1,,2343.0,1080,FULFILLED,ARS,62400.0,13104.0,1500.0,77004.0,20250108
1000009815,184,2,4.0,1022.0,4,FULFILLED,ARS,70200.0,14742.0,0.0,84942.0,20240211
1000009816,1384,1,,,3356,PAID,ARS,11970.0,2513.7,1200.0,15683.7,20240625
1000009817,428,2,2.0,1936.0,2,FULFILLED,ARS,21600.0,4536.0,0.0,26136.0,20241008
1000009818,1174,1,,1252.0,2437,FULFILLED,ARS,32400.0,6804.0,1200.0,40404.0,20240925
1000009819,1383,2,4.0,1542.0,4,FULFILLED,ARS,40500.0,8505.0,0.0,49005.0,20250829
1000009820,315,2,3.0,2746.0,3,FULFILLED,ARS,11400.0,2394.0,0.0,13794.0,20240428
1000009821,1468,1,,1388.0,2379,CANCELLED,ARS,44550.0,9355.5,0.0,53905.5,20240419
1000009822,725,2,2.0,2581.0,2,CREATED,ARS,50490.0,10602.9,0.0,61092.9,20250226
1000009823,893,1,,,4149,PAID,ARS,30000.0,6300.0,1200.0,37500.0,20240706
1000009824,945,1,,,3262,FULFILLED,ARS,37620.0,7900.2,1200.0,46720.2,20240718
1000009825,1029,1,,,1872,REFUNDED,ARS,54562.5,11458.12,1200.0,67220.62,20240614
1000009826,897,2,1.0,,1,FULFILLED,ARS,10260.0,2154.6,0.0,12414.6,20240527
1000009827,459,1,,3867.0,2833,FULFILLED,ARS,54360.0,11415.6,1200.0,66975.6,20241003
1000009828,1409,1,,2777.0,2372,FULFILLED,ARS,24696.0,5186.16,1500.0,31382.16,20240205
1000009829,1062,1,,1573.0,1088,REFUNDED,ARS,13500.0,2835.0,900.0,17235.0,20250429
1000009830,632,2,3.0,1031.0,3,FULFILLED,ARS,32400.0,6804.0,0.0,39204.0,20250609
1000009831,644,2,2.0,2477.0,2,FULFILLED,ARS,57000.0,11970.0,0.0,68970.0,20240105
1000009832,150,2,4.0,1871.0,4,FULFILLED,ARS,23520.0,4939.2,0.0,28459.2,20240609
1000009833,769,1,,2083.0,1920,FULFILLED,ARS,14175.0,2976.75,900.0,18051.75,20241030
1000009834,415,2,3.0,1905.0,3,REFUNDED,ARS,86790.0,18225.9,0.0,105015.9,20240131
1000009835,1003,2,1.0,3115.0,1,FULFILLED,ARS,42750.0,8977.5,0.0,51727.5,20250430
1000009836,1420,2,1.0,,1,REFUNDED,ARS,28500.0,5985.0,0.0,34485.0,20240514
1000009837,609,1,,1941.0,3920,FULFILLED,ARS,29400.0,6174.0,0.0,35574.0,20240909
1000009838,434,2,4.0,1508.0,4,FULFILLED,ARS,25500.0,5355.0,0.0,30855.0,20250327
1000009839,203,1,,1037.0,3980,FULFILLED,ARS,60930.0,12795.3,0.0,73725.3,20240426
1000009840,871,2,2.0,2334.0,2,CANCELLED,ARS,22800.0,4788.0,0.0,27588.0,20250331
1000009841,895,1,,1910.0,3570,FULFILLED,ARS,10800.0,2268.0,900.0,13968.0,20250201
1000009842,1427,2,4.0,1178.0,4,FULFILLED,ARS,16170.0,3395.7,0.0,19565.7,20240210
1000009843,318,1,,1913.0,2473,FULFILLED,ARS,79308.0,16654.68,900.0,96862.68,20241008
1000009844,143,1,,1714.0,3825,FULFILLED,ARS,58080.0,12196.8,1200.0,71476.8,20250316
1000009845,824,2,3.0,1249.0,3,CANCELLED,ARS,48825.0,10253.25,0.0,59078.25,20240718
1000009846,828,1,,3005.0,3541,FULFILLED,ARS,13230.0,2778.3,1500.0,17508.3,20241103
1000009847,534,1,,1272.0,2247,PAID,ARS,24000.0,5040.0,900.0,29940.0,20240813
1000009848,958,1,,1782.0,1853,FULFILLED,ARS,16170.0,3395.7,900.0,20465.7,20240523
1000009849,541,2,4.0,1620.0,4,FULFILLED,ARS,21600.0,4536.0,0.0,26136.0,20240917
1000009850,884,2,4.0,2385.0,4,CREATED,ARS,49200.0,10332.0,0.0,59532.0,20250411
1000009851,1020,2,4.0,,4,FULFILLED,ARS,79200.0,16632.0,0.0,95832.0,20250715
1000009852,603,1,,2624.0,1091,FULFILLED,ARS,52248.0,10972.08,900.0,64120.08,20240614
1000009853,1325,1,,2195.0,1576,FULFILLED,ARS,16500.0,3465.0,0.0,19965.0,20240421
1000009854,1287,1,,1172.0,4151,FULFILLED,ARS,20520.0,4309.2,900.0,25729.2,20240102
1000009855,1246,1,,1159.0,2163,PAID,ARS,22800.0,4788.0,1200.0,28788.0,20241206
1000009856,918,1,,1040.0,2005,FULFILLED,ARS,25200.0,5292.0,900.0,31392.0,20241118
1000009857,137,2,3.0,1864.0,3,FULFILLED,ARS,64500.0,13545.0,0.0,78045.0,20250505
1000009858,1029,1,,2012.0,4063,PAID,ARS,70200.0,14742.0,900.0,85842.0,20250426
1000009859,233,2,4.0,3983.0,4,FULFILLED,ARS,34200.0,7182.0,0.0,41382.0,20250605
1000009860,1379,1,,3047.0,1944,FULFILLED,ARS,75750.0,15907.5,0.0,91657.5,20250102
1000009861,218,2,4.0,2752.0,4,FULFILLED,ARS,75780.0,15913.8,0.0,91693.8,20250521
1000009862,1027,1,,4008.0,2571,FULFILLED,ARS,71244.0,14961.24,1200.0,87405.24,20250727
1000009863,1372,2,1.0,3327.0,1,FULFILLED,ARS,44100.0,9261.0,0.0,53361.0,20241122
1000009864,1214,1,,3964.0,3108,FULFILLED,ARS,28200.0,5922.0,1200.0,35322.0,20240203
1000009865,1405,2,4.0,1119.0,4,FULFILLED,ARS,29400.0,6174.0,0.0,35574.0,20240715
1000009866,1218,2,2.0,1556.0,2,REFUNDED,ARS,21600.0,4536.0,0.0,26136.0,20240507
1000009867,788,1,,2099.0,2725,PAID,ARS,49200.0,10332.0,900.0,60432.0,20250703
1000009868,1274,2,2.0,2088.0,2,REFUNDED,ARS,29160.0,6123.6,0.0,35283.6,20240601
1000009869,553,1,,4178.0,3509,FULFILLED,ARS,45000.0,9450.0,900.0,55350.0,20241112
1000009870,1075,2,4.0,4105.0,4,CANCELLED,ARS,10260.0,2154.6,0.0,12414.6,20250916
1000009871,538,1,,2898.0,3301,FULFILLED,ARS,59520.0,12499.2,900.0,72919.2,20250507
1000009872,160,1,,2268.0,2306,FULFILLED,ARS,10800.0,2268.0,0.0,13068.0,20250303
1000009873,908,1,,2221.0,3177,REFUNDED,ARS,21600.0,4536.0,1500.0,27636.0,20240429
1000009874,750,1,,,2132,FULFILLED,ARS,28500.0,5985.0,1200.0,35685.0,20250611
1000009875,486,1,,2361.0,3432,FULFILLED,ARS,35640.0,7484.4,1200.0,44324.4,20240913
1000009876,171,2,2.0,2083.0,2,FULFILLED,ARS,58800.0,12348.0,0.0,71148.0,20250708
1000009877,22,1,,,2781,PAID,ARS,25500.0,5355.0,1200.0,32055.0,20240715
1000009878,610,1,,,1535,FULFILLED,ARS,28500.0,5985.0,900.0,35385.0,20250318
1000009879,1465,1,,2729.0,3093,FULFILLED,ARS,35280.0,7408.8,900.0,43588.8,20240611
1000009880,1288,2,4.0,1739.0,4,FULFILLED,ARS,52920.0,11113.2,0.0,64033.2,20240309
1000009881,613,1,,2088.0,1765,CANCELLED,ARS,27000.0,5670.0,900.0,33570.0,20250601
1000009882,342,2,2.0,2600.0,2,FULFILLED,ARS,12600.0,2646.0,0.0,15246.0,20250624
1000009883,743,2,2.0,1772.0,2,FULFILLED,ARS,55935.0,11746.35,0.0,67681.35,20240615
1000009884,14,2,2.0,3784.0,2,FULFILLED,ARS,14175.0,2976.75,0.0,17151.75,20250401
1000009885,1047,2,4.0,3106.0,4,FULFILLED,ARS,44100.0,9261.0,0.0,53361.0,20240315
1000009886,1464,1,,3874.0,3421,FULFILLED,ARS,36450.0,7654.5,0.0,44104.5,20250313
1000009887,1263,1,,3671.0,1842,FULFILLED,ARS,24300.0,5103.0,1200.0,30603.0,20240421
1000009888,1384,1,,,4147,CREATED,ARS,14250.0,2992.5,0.0,17242.5,20250504
1000009889,564,1,,2747.0,1647,PAID,ARS,22800.0,4788.0,1200.0,28788.0,20250322
1000009890,1405,1,,3603.0,3732,FULFILLED,ARS,29400.0,6174.0,1200.0,36774.0,20241204
1000009891,188,1,,,1409,PAID,ARS,39720.0,8341.2,1200.0,49261.2,20250211
1000009892,1496,2,3.0,3757.0,3,FULFILLED,ARS,39690.0,8334.9,0.0,48024.9,20241024
1000009893,1360,2,1.0,2652.0,1,FULFILLED,ARS,53352.0,11203.92,0.0,64555.92,20241006
1000009894,622,2,4.0,1298.0,4,FULFILLED,ARS,40500.0,8505.0,0.0,49005.0,20240119
1000009895,386,1,,3822.0,1481,FULFILLED,ARS,26460.0,5556.6,0.0,32016.6,20240826
1000009896,214,2,3.0,3197.0,3,FULFILLED,ARS,84450.0,17734.5,0.0,102184.5,20250201
1000009897,895,1,,3485.0,2442,FULFILLED,ARS,10800.0,2268.0,900.0,13968.0,20240125
1000009898,837,2,3.0,2676.0,3,CANCELLED,ARS,34200.0,7182.0,0.0,41382.0,20250516
1000009899,829,2,1.0,3469.0,1,FULFILLED,ARS,23520.0,4939.2,0.0,28459.2,20250912
1000009900,1037,1,,2544.0,4127,PAID,ARS,55080.0,11566.8,1200.0,67846.8,20250521
1000009901,1059,2,1.0,1034.0,1,PAID,ARS,32400.0,6804.0,0.0,39204.0,20250316
1000009902,66,1,,,1252,FULFILLED,ARS,14700.0,3087.0,0.0,17787.0,20250214
1000009903,939,2,2.0,3741.0,2,PAID,ARS,10584.0,2222.64,0.0,12806.64,20240606
1000009904,489,2,3.0,,3,REFUNDED,ARS,69660.0,14628.6,0.0,84288.6,20250514
1000009905,1208,2,1.0,3313.0,1,FULFILLED,ARS,28500.0,5985.0,0.0,34485.0,20240115
1000009906,1172,2,4.0,2575.0,4,PAID,ARS,15675.0,3291.75,0.0,18966.75,20250627
1000009907,75,2,4.0,1323.0,4,FULFILLED,ARS,14700.0,3087.0,0.0,17787.0,20240117
1000009908,573,2,4.0,,4,FULFILLED,ARS,11400.0,2394.0,0.0,13794.0,20250725
1000009909,612,1,,1675.0,3712,FULFILLED,ARS,44887.5,9426.38,1500.0,55813.88,20240920
1000009910,1184,2,4.0,2222.0,4,FULFILLED,ARS,20520.0,4309.2,0.0,24829.2,20241027
1000009911,119,2,4.0,,4,FULFILLED,ARS,27000.0,5670.0,0.0,32670.0,20241221
1000009912,21,2,4.0,3745.0,4,FULFILLED,ARS,64800.0,13608.0,0.0,78408.0,20240528
1000009913,1179,2,2.0,,2,REFUNDED,ARS,36000.0,7560.0,0.0,43560.0,20241108
1000009914,1259,1,,2347.0,3449,FULFILLED,ARS,44887.5,9426.38,1200.0,55513.88,20240809
1000009915,234,2,3.0,4037.0,3,FULFILLED,ARS,45600.0,9576.0,0.0,55176.0,20240904
1000009916,354,1,,1124.0,2653,FULFILLED,ARS,37410.0,7856.1,1500.0,46766.1,20250728
1000009917,1395,1,,1727.0,1284,FULFILLED,ARS,30000.0,6300.0,0.0,36300.0,20240130
1000009918,368,2,1.0,1188.0,1,CREATED,ARS,23520.0,4939.2,0.0,28459.2,20240127
1000009919,1436,1,,3710.0,1845,FULFILLED,ARS,27000.0,5670.0,0.0,32670.0,20250420
1000009920,224,2,2.0,3419.0,2,FULFILLED,ARS,27450.0,5764.5,0.0,33214.5,20240407
1000009921,447,2,1.0,2206.0,1,PAID,ARS,29400.0,6174.0,0.0,35574.0,20250116
1000009922,1116,1,,2247.0,2542,CANCELLED,ARS,34200.0,7182.0,1500.0,42882.0,20241112
1000009923,2,1,,4197.0,3863,FULFILLED,ARS,15000.0,3150.0,0.0,18150.0,20250802
1000009924,1070,2,4.0,3001.0,4,FULFILLED,ARS,45000.0,9450.0,0.0,54450.0,20250512
1000009925,540,1,,3137.0,2124,FULFILLED,ARS,75750.0,15907.5,1200.0,92857.5,20240128
1000009926,296,1,,1029.0,1386,FULFILLED,ARS,71025.0,14915.25,0.0,85940.25,20241221
1000009927,1258,2,4.0,1607.0,4,FULFILLED,ARS,23760.0,4989.6,0.0,28749.6,20240503
1000009928,694,2,3.0,2282.0,3,FULFILLED,ARS,30870.0,6482.7,0.0,37352.7,20250111
1000009929,548,1,,3201.0,1733,FULFILLED,ARS,27000.0,5670.0,1200.0,33870.0,20250618
1000009930,725,1,,1674.0,3993,PAID,ARS,29160.0,6123.6,1200.0,36483.6,20240630
1000009931,843,2,4.0,1929.0,4,PAID,ARS,42750.0,8977.5,0.0,51727.5,20250803
1000009932,181,1,,3647.0,1410,FULFILLED,ARS,30780.0,6463.8,1200.0,38443.8,20241104
1000009933,881,2,1.0,4021.0,1,FULFILLED,ARS,33000.0,6930.0,0.0,39930.0,20250331
1000009934,813,1,,1352.0,3207,FULFILLED,ARS,29400.0,6174.0,900.0,36474.0,20241201
1000009935,1245,1,,3009.0,1427,FULFILLED,ARS,10800.0,2268.0,1500.0,14568.0,20241013
1000009936,183,1,,3837.0,3383,FULFILLED,ARS,36000.0,7560.0,1200.0,44760.0,20250822
1000009937,1266,1,,1128.0,2232,FULFILLED,ARS,9720.0,2041.2,900.0,12661.2,20240623
1000009938,1287,1,,2992.0,3092,PAID,ARS,46800.0,9828.0,1200.0,57828.0,20240314
1000009939,773,1,,2616.0,3787,PAID,ARS,40500.0,8505.0,900.0,49905.0,20241013
1000009940,829,2,2.0,2437.0,2,FULFILLED,ARS,13500.0,2835.0,0.0,16335.0,20250730
1000009941,666,2,4.0,4108.0,4,FULFILLED,ARS,25650.0,5386.5,0.0,31036.5,20250118
1000009942,331,1,,1275.0,2091,PAID,ARS,46305.0,9724.05,900.0,56929.05,20241121
1000009943,1457,2,2.0,2261.0,2,FULFILLED,ARS,25872.0,5433.12,0.0,31305.12,20240321
1000009944,763,1,,1243.0,4168,CREATED,ARS,21600.0,4536.0,1200.0,27336.0,20250102
1000009945,149,2,3.0,2426.0,3,FULFILLED,ARS,14700.0,3087.0,0.0,17787.0,20250823
1000009946,1003,1,,1517.0,1180,FULFILLED,ARS,36000.0,7560.0,1500.0,45060.0,20250928
1000009947,1039,2,1.0,3008.0,1,FULFILLED,ARS,28500.0,5985.0,0.0,34485.0,20250529
1000009948,1415,1,,3193.0,1470,REFUNDED,ARS,35280.0,7408.8,900.0,43588.8,20240107
1000009949,292,1,,1453.0,1816,REFUNDED,ARS,47250.0,9922.5,1200.0,58372.5,20240604
1000009950,405,1,,3185.0,4029,PAID,ARS,30780.0,6463.8,0.0,37243.8,20250108
1000009951,157,2,1.0,1563.0,1,PAID,ARS,36000.0,7560.0,0.0,43560.0,20241113
1000009952,236,1,,1809.0,1769,REFUNDED,ARS,49500.0,10395.0,900.0,60795.0,20250523
1000009953,1178,2,4.0,3863.0,4,FULFILLED,ARS,10800.0,2268.0,0.0,13068.0,20240403
1000009954,819,2,3.0,,3,FULFILLED,ARS,39690.0,8334.9,0.0,48024.9,20250316
1000009955,550,1,,3606.0,4059,FULFILLED,ARS,36000.0,7560.0,900.0,44460.0,20240915
1000009956,1430,1,,2524.0,3410,FULFILLED,ARS,46650.0,9796.5,1200.0,57646.5,20250522
1000009957,1356,1,,3835.0,3136,FULFILLED,ARS,32400.0,6804.0,1200.0,40404.0,20250318
1000009958,868,1,,3395.0,2263,FULFILLED,ARS,59976.0,12594.96,1200.0,73770.96,20250112
1000009959,586,1,,,4070,FULFILLED,ARS,16500.0,3465.0,1200.0,21165.0,20250525
1000009960,401,1,,3049.0,3322,FULFILLED,ARS,11760.0,2469.6,1500.0,15729.6,20240308
1000009961,1161,1,,1422.0,2251,FULFILLED,ARS,15435.0,3241.35,1500.0,20176.35,20250713
1000009962,1077,1,,2301.0,4173,FULFILLED,ARS,38475.0,8079.75,900.0,47454.75,20240614
1000009963,1145,2,4.0,1351.0,4,FULFILLED,ARS,40500.0,8505.0,0.0,49005.0,20240912
1000009964,971,2,4.0,1130.0,4,PAID,ARS,23520.0,4939.2,0.0,28459.2,20250812
1000009965,473,1,,2641.0,3404,PAID,ARS,14175.0,2976.75,1200.0,18351.75,20240114
1000009966,749,1,,2274.0,2743,PAID,ARS,15000.0,3150.0,0.0,18150.0,20241008
1000009967,1261,2,2.0,2079.0,2,PAID,ARS,11400.0,2394.0,0.0,13794.0,20250423
1000009968,1074,1,,,1857,FULFILLED,ARS,63840.0,13406.4,1200.0,78446.4,20250130
1000009969,998,1,,2707.0,3206,PAID,ARS,24696.0,5186.16,900.0,30782.16,20240831
1000009970,861,1,,4.0,1176,FULFILLED,ARS,43050.0,9040.5,1200.0,53290.5,20240503
1000009971,597,1,,1885.0,1872,FULFILLED,ARS,71460.0,15006.6,0.0,86466.6,20240819
1000009972,558,1,,,1127,PAID,ARS,29400.0,6174.0,1200.0,36774.0,20250423
1000009973,651,1,,1958.0,1773,PAID,ARS,27000.0,5670.0,1200.0,33870.0,20240309
1000009974,839,2,4.0,1129.0,4,FULFILLED,ARS,24000.0,5040.0,0.0,29040.0,20240911
1000009975,1361,2,2.0,3691.0,2,FULFILLED,ARS,34200.0,7182.0,0.0,41382.0,20241212
1000009976,1048,1,,2679.0,1818,FULFILLED,ARS,63894.0,13417.74,0.0,77311.74,20240706
1000009977,420,1,,3653.0,2589,PAID,ARS,61200.0,12852.0,900.0,74952.0,20240423
1000009978,1136,2,1.0,,1,REFUNDED,ARS,30000.0,6300.0,0.0,36300.0,20240129
1000009979,665,2,1.0,3336.0,1,FULFILLED,ARS,30000.0,6300.0,0.0,36300.0,20240130
1000009980,1244,1,,3492.0,2224,FULFILLED,ARS,35280.0,7408.8,1200.0,43888.8,20241017
1000009981,413,1,,1128.0,1945,CANCELLED,ARS,11760.0,2469.6,1200.0,15429.6,20240630
1000009982,61,1,,2252.0,4050,FULFILLED,ARS,23940.0,5027.4,0.0,28967.4,20250113
1000009983,995,1,,1610.0,2029,PAID,ARS,11970.0,2513.7,1500.0,15983.7,20250904
1000009984,566,2,3.0,1819.0,3,FULFILLED,ARS,75300.0,15813.0,0.0,91113.0,20241202
1000009985,739,1,,3285.0,2840,FULFILLED,ARS,14962.5,3142.12,1500.0,19604.62,20240829
1000009986,400,2,3.0,1194.0,3,FULFILLED,ARS,38475.0,8079.75,0.0,46554.75,20241007
1000009987,613,2,1.0,2275.0,1,FULFILLED,ARS,11970.0,2513.7,0.0,14483.7,20240322
1000009988,632,1,,,3609,FULFILLED,ARS,45000.0,9450.0,1200.0,55650.0,20240617
1000009989,233,1,,3259.0,2697,FULFILLED,ARS,87750.0,18427.5,1500.0,107677.5,20240213
1000009990,1104,1,,3537.0,2741,FULFILLED,ARS,30780.0,6463.8,900.0,38143.8,20240221
1000009991,101,1,,1222.0,3951,FULFILLED,ARS,101550.0,21325.5,1200.0,124075.5,20250628
1000009992,1025,1,,,1998,PAID,ARS,23520.0,4939.2,900.0,29359.2,20240605
1000009993,1467,1,,3516.0,2675,FULFILLED,ARS,67800.0,14238.0,1500.0,83538.0,20250327
1000009994,946,1,,1738.0,1601,FULFILLED,ARS,23760.0,4989.6,900.0,29649.6,20240607
1000009995,1229,2,3.0,2977.0,3,FULFILLED,ARS,35280.0,7408.8,0.0,42688.8,20250109
1000009996,1477,2,4.0,1410.0,4,FULFILLED,ARS,30780.0,6463.8,0.0,37243.8,20250313
1000009997,341,1,,1244.0,3900,FULFILLED,ARS,37398.0,7853.58,900.0,46151.58,20250517
1000009998,1392,1,,2553.0,3582,FULFILLED,ARS,16500.0,3465.0,1200.0,21165.0,20250303
1000009999,1500,1,,2799.0,1121,FULFILLED,ARS,80100.0,16821.0,1500.0,98421.0,20240604
1000010000,564,2,4.0,3065.0,4,FULFILLED,ARS,32400.0,6804.0,0.0,39204.0,20250211
1000010001,595,1,,3253.0,3128,FULFILLED,ARS,40110.0,8423.1,1500.0,50033.1,20240219
1000010002,893,1,,2372.0,3350,PAID,ARS,73260.0,15384.6,900.0,89544.6,20241004
1000010003,760,2,2.0,2888.0,2,FULFILLED,ARS,15000.0,3150.0,0.0,18150.0,20240320
1000010004,1223,1,,3709.0,1983,PAID,ARS,11760.0,2469.6,0.0,14229.6,20240603
1000010005,981,2,1.0,4155.0,1,FULFILLED,ARS,23760.0,4989.6,0.0,28749.6,20240809
1000010006,392,2,3.0,1670.0,3,FULFILLED,ARS,29160.0,6123.6,0.0,35283.6,20241125
1000010007,624,1,,2190.0,4027,PAID,ARS,34200.0,7182.0,1200.0,42582.0,20240714
1000010008,375,1,,1637.0,3200,FULFILLED,ARS,31500.0,6615.0,0.0,38115.0,20250204
1000010009,514,1,,3681.0,2622,FULFILLED,ARS,42750.0,8977.5,900.0,52627.5,20240213
1000010010,295,2,3.0,,3,FULFILLED,ARS,38808.0,8149.68,0.0,46957.68,20240702
1000010011,1173,1,,4093.0,4097,CANCELLED,ARS,31752.0,6667.92,1200.0,39619.92,20240115
1000010012,1493,2,3.0,3709.0,3,CREATED,ARS,19440.0,4082.4,0.0,23522.4,20240609
1000010013,712,1,,1803.0,2117,FULFILLED,ARS,27150.0,5701.5,0.0,32851.5,20250302
1000010014,1455,1,,2576.0,3196,PAID,ARS,12150.0,2551.5,900.0,15601.5,20240909
1000010015,691,1,,2012.0,1301,FULFILLED,ARS,31500.0,6615.0,900.0,39015.0,20250201
1000010016,1445,2,2.0,1850.0,2,FULFILLED,ARS,63900.0,13419.0,0.0,77319.0,20240828
1000010017,1451,2,3.0,2896.0,3,FULFILLED,ARS,24000.0,5040.0,0.0,29040.0,20240629
1000010018,236,1,,2470.0,3510,REFUNDED,ARS,24300.0,5103.0,1200.0,30603.0,20250323
1000010019,49,1,,1780.0,3638,PAID,ARS,30000.0,6300.0,1200.0,37500.0,20250716
1000010020,935,1,,3114.0,2646,FULFILLED,ARS,10260.0,2154.6,900.0,13314.6,20240812
1000010021,1364,1,,2365.0,3681,PAID,ARS,44887.5,9426.38,1200.0,55513.88,20240303
1000010022,903,1,,1799.0,3123,FULFILLED,ARS,11400.0,2394.0,0.0,13794.0,20240714
1000010023,966,1,,3984.0,3584,FULFILLED,ARS,30000.0,6300.0,0.0,36300.0,20250405
1000010024,433,1,,1178.0,4102,FULFILLED,ARS,45000.0,9450.0,0.0,54450.0,20241231
1000010025,1248,2,3.0,3326.0,3,PAID,ARS,14250.0,2992.5,0.0,17242.5,20250911
1000010026,519,2,3.0,2371.0,3,FULFILLED,ARS,13500.0,2835.0,0.0,16335.0,20250508
1000010027,286,2,4.0,3520.0,4,PAID,ARS,40500.0,8505.0,0.0,49005.0,20240219
1000010028,391,2,2.0,1672.0,2,CANCELLED,ARS,33360.0,7005.6,0.0,40365.6,20240514
1000010029,1445,2,2.0,1820.0,2,FULFILLED,ARS,30780.0,6463.8,0.0,37243.8,20240415
1000010030,547,1,,3660.0,4094,FULFILLED,ARS,10800.0,2268.0,900.0,13968.0,20240609
1000010031,1093,2,3.0,3489.0,3,FULFILLED,ARS,43200.0,9072.0,0.0,52272.0,20250705
1000010032,1482,1,,3519.0,1954,FULFILLED,ARS,10800.0,2268.0,900.0,13968.0,20250818
1000010033,1395,1,,2113.0,1124,FULFILLED,ARS,20520.0,4309.2,1200.0,26029.2,20241216
1000010034,912,2,2.0,3653.0,2,FULFILLED,ARS,23520.0,4939.2,0.0,28459.2,20250921
1000010035,311,1,,3636.0,2201,REFUNDED,ARS,51000.0,10710.0,900.0,62610.0,20240415
1000010036,516,1,,1177.0,2300,FULFILLED,ARS,24696.0,5186.16,1200.0,31082.16,20250913
1000010037,164,1,,3656.0,2150,PAID,ARS,11340.0,2381.4,1500.0,15221.4,20240630
1000010038,918,2,3.0,1196.0,3,FULFILLED,ARS,13500.0,2835.0,0.0,16335.0,20240112
1000010039,893,2,2.0,3299.0,2,FULFILLED,ARS,14250.0,2992.5,0.0,17242.5,20241214
1000010040,797,1,,2831.0,1407,CREATED,ARS,10800.0,2268.0,1200.0,14268.0,20250529
1000010041,1046,2,4.0,,4,FULFILLED,ARS,21600.0,4536.0,0.0,26136.0,20250316
1000010042,618,1,,,1263,FULFILLED,ARS,27000.0,5670.0,1200.0,33870.0,20250526
1000010043,995,2,4.0,1784.0,4,FULFILLED,ARS,30870.0,6482.7,0.0,37352.7,20240701
1000010044,400,1,,2644.0,1039,FULFILLED,ARS,14962.5,3142.12,1200.0,19304.62,20250419
1000010045,920,1,,1234.0,2063,FULFILLED,ARS,68460.0,14376.6,900.0,83736.6,20250330
1000010046,58,2,1.0,1341.0,1,FULFILLED,ARS,70080.0,14716.8,0.0,84796.8,20250723
1000010047,1275,1,,2388.0,2589,FULFILLED,ARS,15675.0,3291.75,1500.0,20466.75,20240114
1000010048,1362,1,,3545.0,4087,FULFILLED,ARS,51600.0,10836.0,1200.0,63636.0,20250107
1000010049,1,1,,3739.0,3277,FULFILLED,ARS,24000.0,5040.0,1200.0,30240.0,20240208
1000010050,795,1,,3554.0,1645,FULFILLED,ARS,12000.0,2520.0,1200.0,15720.0,20240905
1000010051,1306,2,3.0,1788.0,3,CANCELLED,ARS,37800.0,7938.0,0.0,45738.0,20240209
1000010052,681,1,,1488.0,3226,FULFILLED,ARS,30000.0,6300.0,900.0,37200.0,20250429
1000010053,1162,2,2.0,,2,FULFILLED,ARS,37230.0,7818.3,0.0,45048.3,20250805
1000010054,1204,2,4.0,1687.0,4,FULFILLED,ARS,10800.0,2268.0,0.0,13068.0,20240706
1000010055,1442,2,1.0,3000.0,1,PAID,ARS,25650.0,5386.5,0.0,31036.5,20240422
1000010056,1216,2,3.0,3456.0,3,FULFILLED,ARS,23520.0,4939.2,0.0,28459.2,20250309
1000010057,1400,2,1.0,4192.0,1,CANCELLED,ARS,22800.0,4788.0,0.0,27588.0,20240501
1000010058,61,1,,1582.0,1975,PAID,ARS,14700.0,3087.0,900.0,18687.0,20250415
1000010059,298,1,,3045.0,3252,FULFILLED,ARS,100485.0,21101.85,1200.0,122786.85,20250615
1000010060,903,2,1.0,3544.0,1,FULFILLED,ARS,26100.0,5481.0,0.0,31581.0,20250125
1000010061,739,1,,1899.0,3192,FULFILLED,ARS,35940.0,7547.4,0.0,43487.4,20250723
1000010062,1339,2,2.0,3397.0,2,FULFILLED,ARS,38370.0,8057.7,0.0,46427.7,20250227
1000010063,615,1,,3608.0,2866,FULFILLED,ARS,27000.0,5670.0,1200.0,33870.0,20240802
1000010064,1192,1,,3660.0,2187,CANCELLED,ARS,60900.0,12789.0,1500.0,75189.0,20241117
1000010065,1291,1,,1225.0,3503,FULFILLED,ARS,21168.0,4445.28,900.0,26513.28,20240205
1000010066,1459,1,,1068.0,1002,FULFILLED,ARS,23520.0,4939.2,900.0,29359.2,20250311
1000010067,541,1,,,2745,FULFILLED,ARS,48420.0,10168.2,1500.0,60088.2,20241128
1000010068,797,1,,3544.0,3435,FULFILLED,ARS,36000.0,7560.0,0.0,43560.0,20241227
1000010069,537,2,2.0,3573.0,2,FULFILLED,ARS,11400.0,2394.0,0.0,13794.0,20240220
1000010070,1396,1,,2063.0,3043,FULFILLED,ARS,35280.0,7408.8,900.0,43588.8,20250214
1000010071,1160,1,,1481.0,2330,FULFILLED,ARS,12000.0,2520.0,0.0,14520.0,20250223
1000010072,884,1,,2146.0,1093,FULFILLED,ARS,36000.0,7560.0,1200.0,44760.0,20250516
1000010073,1209,2,4.0,1103.0,4,FULFILLED,ARS,55935.0,11746.35,0.0,67681.35,20250419
1000010074,1174,1,,,2282,FULFILLED,ARS,87300.0,18333.0,1500.0,107133.0,20240518
1000010075,1159,2,1.0,1833.0,1,CANCELLED,ARS,46305.0,9724.05,0.0,56029.05,20240721
1000010076,889,1,,2633.0,1585,FULFILLED,ARS,29400.0,6174.0,1200.0,36774.0,20240712
1000010077,667,1,,1906.0,2182,PAID,ARS,15000.0,3150.0,1500.0,19650.0,20241204
1000010078,1314,2,2.0,,2,FULFILLED,ARS,23940.0,5027.4,0.0,28967.4,20250413
1000010079,1133,1,,1637.0,2108,PAID,ARS,32400.0,6804.0,0.0,39204.0,20250106
1000010080,1348,1,,1803.0,1153,FULFILLED,ARS,15750.0,3307.5,1200.0,20257.5,20240829
1000010081,1016,1,,2665.0,2713,REFUNDED,ARS,11400.0,2394.0,900.0,14694.0,20240222
1000010082,53,2,3.0,1433.0,3,FULFILLED,ARS,10800.0,2268.0,0.0,13068.0,20250424
1000010083,229,1,,4156.0,3776,PAID,ARS,12348.0,2593.08,1200.0,16141.08,20241129
1000010084,794,1,,1767.0,1603,FULFILLED,ARS,11760.0,2469.6,1200.0,15429.6,20240319
1000010085,462,2,1.0,1928.0,1,FULFILLED,ARS,30000.0,6300.0,0.0,36300.0,20240105
1000010086,1240,1,,1591.0,3046,FULFILLED,ARS,24000.0,5040.0,900.0,29940.0,20240219
1000010087,681,2,1.0,3212.0,1,FULFILLED,ARS,11760.0,2469.6,0.0,14229.6,20250909
1000010088,522,1,,2510.0,2245,FULFILLED,ARS,32400.0,6804.0,900.0,40104.0,20240731
1000010089,262,1,,2942.0,1976,FULFILLED,ARS,10800.0,2268.0,1200.0,14268.0,20250826
1000010090,543,1,,3639.0,3813,CANCELLED,ARS,34020.0,7144.2,0.0,41164.2,20240825
1000010091,451,1,,,1705,CANCELLED,ARS,14700.0,3087.0,0.0,17787.0,20250105
1000010092,905,1,,3421.0,4076,FULFILLED,ARS,22800.0,4788.0,1200.0,28788.0,20240925
1000010093,360,1,,2843.0,2139,CANCELLED,ARS,11760.0,2469.6,1200.0,15429.6,20240403
1000010094,956,2,2.0,1154.0,2,FULFILLED,ARS,34200.0,7182.0,0.0,41382.0,20250818
1000010095,295,1,,1271.0,3353,FULFILLED,ARS,24000.0,5040.0,1200.0,30240.0,20250330
1000010096,129,1,,1434.0,1358,PAID,ARS,12000.0,2520.0,900.0,15420.0,20250303
1000010097,412,2,4.0,1050.0,4,CANCELLED,ARS,29160.0,6123.6,0.0,35283.6,20250531
1000010098,5,1,,,1342,FULFILLED,ARS,50568.0,10619.28,1200.0,62387.28,20250306
1000010099,1252,2,4.0,1777.0,4,PAID,ARS,15000.0,3150.0,0.0,18150.0,20250415
1000010100,968,2,1.0,1946.0,1,FULFILLED,ARS,24000.0,5040.0,0.0,29040.0,20241020
1000010101,313,1,,2111.0,3520,CANCELLED,ARS,52260.0,10974.6,900.0,64134.6,20240626
1000010102,967,1,,1019.0,1735,FULFILLED,ARS,40500.0,8505.0,900.0,49905.0,20250110
1000010103,805,2,1.0,1885.0,1,FULFILLED,ARS,10800.0,2268.0,0.0,13068.0,20250128
1000010104,1271,1,,3941.0,1549,FULFILLED,ARS,70710.0,14849.1,900.0,86459.1,20240922
1000010105,1040,2,1.0,1974.0,1,CANCELLED,ARS,29400.0,6174.0,0.0,35574.0,20240422
1000010106,1118,2,3.0,3134.0,3,FULFILLED,ARS,60720.0,12751.2,0.0,73471.2,20240406
1000010107,135,2,1.0,,1,FULFILLED,ARS,61578.0,12931.38,0.0,74509.38,20241025
1000010108,138,1,,3665.0,4054,FULFILLED,ARS,12000.0,2520.0,1500.0,16020.0,20250829
1000010109,1163,1,,2174.0,2104,FULFILLED,ARS,16500.0,3465.0,1500.0,21465.0,20250405
1000010110,1318,1,,,4109,FULFILLED,ARS,24000.0,5040.0,1200.0,30240.0,20240713
1000010111,1332,1,,1327.0,1687,FULFILLED,ARS,28500.0,5985.0,1200.0,35685.0,20250329
1000010112,424,1,,2508.0,1474,FULFILLED,ARS,43575.0,9150.75,900.0,53625.75,20250904
1000010113,350,2,3.0,4005.0,3,FULFILLED,ARS,21600.0,4536.0,0.0,26136.0,20250823
1000010114,731,1,,1606.0,2461,FULFILLED,ARS,61680.0,12952.8,900.0,75532.8,20250903
1000010115,557,2,2.0,3798.0,2,FULFILLED,ARS,116550.0,24475.5,0.0,141025.5,20240603
1000010116,1174,2,1.0,1755.0,1,CREATED,ARS,24696.0,5186.16,0.0,29882.16,20250417
1000010117,745,1,,1313.0,1300,FULFILLED,ARS,55785.0,11714.85,900.0,68399.85,20250104
1000010118,492,1,,3828.0,3956,FULFILLED,ARS,32400.0,6804.0,1500.0,40704.0,20250616
1000010119,835,2,4.0,2579.0,4,FULFILLED,ARS,27510.0,5777.1,0.0,33287.1,20240513
1000010120,196,1,,1996.0,3484,FULFILLED,ARS,35280.0,7408.8,1200.0,43888.8,20240708
1000010121,1468,2,2.0,,2,PAID,ARS,37800.0,7938.0,0.0,45738.0,20240623
1000010122,19,2,2.0,2259.0,2,FULFILLED,ARS,38220.0,8026.2,0.0,46246.2,20240513
1000010123,1042,1,,,1285,FULFILLED,ARS,32400.0,6804.0,1500.0,40704.0,20250206
1000010124,495,1,,2062.0,2747,FULFILLED,ARS,15000.0,3150.0,900.0,19050.0,20250116
1000010125,743,2,1.0,3675.0,1,PAID,ARS,27000.0,5670.0,0.0,32670.0,20250121
1000010126,505,2,2.0,3313.0,2,FULFILLED,ARS,82530.0,17331.3,0.0,99861.3,20240107
1000010127,474,1,,3955.0,2893,FULFILLED,ARS,36000.0,7560.0,900.0,44460.0,20240502
1000010128,51,1,,3489.0,2256,PAID,ARS,36450.0,7654.5,900.0,45004.5,20240816
1000010129,882,1,,3516.0,3816,PAID,ARS,34200.0,7182.0,1200.0,42582.0,20241004
1000010130,77,2,1.0,2754.0,1,FULFILLED,ARS,51180.0,10747.8,0.0,61927.8,20250123
1000010131,348,2,4.0,,4,FULFILLED,ARS,63180.0,13267.8,0.0,76447.8,20240828
1000010132,1381,1,,1736.0,1214,FULFILLED,ARS,83280.0,17488.8,900.0,101668.8,20240601
1000010133,552,1,,1039.0,3696,CANCELLED,ARS,12348.0,2593.08,1200.0,16141.08,20240604
1000010134,1184,1,,,2196,FULFILLED,ARS,26400.0,5544.0,1500.0,33444.0,20250813
1000010135,873,1,,2018.0,1352,PAID,ARS,34200.0,7182.0,1200.0,42582.0,20240504
1000010136,744,1,,3529.0,3216,REFUNDED,ARS,27000.0,5670.0,0.0,32670.0,20240407
1000010137,284,2,4.0,1296.0,4,FULFILLED,ARS,34200.0,7182.0,0.0,41382.0,20240730
1000010138,858,2,4.0,2828.0,4,FULFILLED,ARS,65325.0,13718.25,0.0,79043.25,20240718
1000010139,462,1,,2636.0,3668,PAID,ARS,23520.0,4939.2,900.0,29359.2,20250401
1000010140,1489,2,4.0,2578.0,4,FULFILLED,ARS,34200.0,7182.0,0.0,41382.0,20250323
1000010141,954,2,4.0,4042.0,4,FULFILLED,ARS,34200.0,7182.0,0.0,41382.0,20240502
1000010142,897,2,2.0,3711.0,2,FULFILLED,ARS,80100.0,16821.0,0.0,96921.0,20241126
1000010143,715,1,,,2852,FULFILLED,ARS,95835.0,20125.35,1500.0,117460.35,20240327
1000010144,498,1,,3275.0,1885,PAID,ARS,35280.0,7408.8,1500.0,44188.8,20240411
1000010145,971,1,,1321.0,1652,CANCELLED,ARS,42936.0,9016.56,0.0,51952.56,20250701
1000010146,878,2,4.0,3997.0,4,FULFILLED,ARS,49500.0,10395.0,0.0,59895.0,20240701
1000010147,16,2,3.0,2288.0,3,FULFILLED,ARS,12000.0,2520.0,0.0,14520.0,20250505
1000010148,1491,2,2.0,1297.0,2,CANCELLED,ARS,67800.0,14238.0,0.0,82038.0,20240430
1000010149,404,2,1.0,1027.0,1,FULFILLED,ARS,28350.0,5953.5,0.0,34303.5,20250507
1000010150,177,1,,3063.0,1627,FULFILLED,ARS,44100.0,9261.0,1500.0,54861.0,20250710
1000010151,1445,1,,1689.0,3859,FULFILLED,ARS,21600.0,4536.0,900.0,27036.0,20240827
1000010152,409,1,,2000.0,2965,FULFILLED,ARS,42750.0,8977.5,900.0,52627.5,20240331
1000010153,1073,2,4.0,1823.0,4,REFUNDED,ARS,13500.0,2835.0,0.0,16335.0,20240329
1000010154,692,2,4.0,3969.0,4,PAID,ARS,21600.0,4536.0,0.0,26136.0,20240603
1000010155,1230,1,,1550.0,2608,FULFILLED,ARS,12825.0,2693.25,1200.0,16718.25,20240605
1000010156,1488,1,,2360.0,1171,FULFILLED,ARS,32520.0,6829.2,900.0,40249.2,20241001
1000010157,1203,1,,,2520,FULFILLED,ARS,57960.0,12171.6,900.0,71031.6,20250222
1000010158,46,1,,3640.0,1016,FULFILLED,ARS,10800.0,2268.0,900.0,13968.0,20250509
1000010159,757,1,,1842.0,3049,FULFILLED,ARS,45000.0,9450.0,900.0,55350.0,20250913
1000010160,248,1,,3556.0,4074,FULFILLED,ARS,10800.0,2268.0,1200.0,14268.0,20240202
1000010161,1107,2,3.0,2402.0,3,FULFILLED,ARS,12150.0,2551.5,0.0,14701.5,20250222
1000010162,1158,2,3.0,2757.0,3,FULFILLED,ARS,11340.0,2381.4,0.0,13721.4,20240810
1000010163,102,1,,1907.0,3802,PAID,ARS,37020.0,7774.2,900.0,45694.2,20250217
1000010164,1250,1,,1768.0,2983,PAID,ARS,22680.0,4762.8,1500.0,28942.8,20250605
1000010165,100,2,4.0,2990.0,4,FULFILLED,ARS,12000.0,2520.0,0.0,14520.0,20240103
1000010166,40,1,,2981.0,3473,FULFILLED,ARS,61560.0,12927.6,900.0,75387.6,20240415
1000010167,956,1,,3031.0,3559,FULFILLED,ARS,40500.0,8505.0,1200.0,50205.0,20250320
1000010168,1463,1,,1862.0,1498,FULFILLED,ARS,44887.5,9426.38,1200.0,55513.88,20250212
1000010169,1247,2,2.0,1819.0,2,FULFILLED,ARS,11760.0,2469.6,0.0,14229.6,20250326
1000010170,356,1,,3530.0,3773,FULFILLED,ARS,29160.0,6123.6,1200.0,36483.6,20250618
1000010171,69,1,,2120.0,2450,REFUNDED,ARS,14175.0,2976.75,1200.0,18351.75,20240505
1000010172,1428,2,2.0,2066.0,2,FULFILLED,ARS,25872.0,5433.12,0.0,31305.12,20240815
1000010173,1015,1,,1447.0,2928,REFUNDED,ARS,60900.0,12789.0,900.0,74589.0,20240330
1000010174,57,1,,1140.0,3850,FULFILLED,ARS,44550.0,9355.5,900.0,54805.5,20250214
1000010175,864,1,,2311.0,1162,FULFILLED,ARS,58440.0,12272.4,1500.0,72212.4,20250830
1000010176,1175,1,,,3514,FULFILLED,ARS,11880.0,2494.8,900.0,15274.8,20240217
1000010177,981,1,,1446.0,2876,FULFILLED,ARS,47400.0,9954.0,1200.0,58554.0,20250805
1000010178,585,1,,3733.0,2883,FULFILLED,ARS,12000.0,2520.0,1500.0,16020.0,20240427
1000010179,1317,1,,2246.0,2286,FULFILLED,ARS,25200.0,5292.0,0.0,30492.0,20240622
1000010180,798,2,4.0,1546.0,4,CREATED,ARS,55687.5,11694.38,0.0,67381.88,20240820
1000010181,149,1,,3112.0,2196,FULFILLED,ARS,10800.0,2268.0,1200.0,14268.0,20240820
1000010182,690,1,,1739.0,1041,FULFILLED,ARS,22800.0,4788.0,900.0,28488.0,20250610
1000010183,1384,1,,2467.0,1164,FULFILLED,ARS,35910.0,7541.1,1200.0,44651.1,20240724
1000010184,750,2,1.0,3836.0,1,FULFILLED,ARS,59820.0,12562.2,0.0,72382.2,20241206
1000010185,874,2,3.0,1648.0,3,FULFILLED,ARS,44100.0,9261.0,0.0,53361.0,20250605
1000010186,282,1,,1682.0,4152,FULFILLED,ARS,34020.0,7144.2,900.0,42064.2,20250228
1000010187,75,2,1.0,3626.0,1,FULFILLED,ARS,23760.0,4989.6,0.0,28749.6,20250714
1000010188,994,1,,3239.0,4141,FULFILLED,ARS,21600.0,4536.0,1200.0,27336.0,20240302
1000010189,634,1,,3059.0,1400,PAID,ARS,10800.0,2268.0,900.0,13968.0,20240329
1000010190,748,1,,1904.0,3341,FULFILLED,ARS,40500.0,8505.0,900.0,49905.0,20250421
1000010191,835,2,2.0,1263.0,2,FULFILLED,ARS,24300.0,5103.0,0.0,29403.0,20240308
1000010192,11,1,,2544.0,4173,PAID,ARS,22680.0,4762.8,900.0,28342.8,20241102
1000010193,688,1,,3251.0,1345,FULFILLED,ARS,34020.0,7144.2,1200.0,42364.2,20240510
1000010194,1460,1,,,2062,FULFILLED,ARS,45000.0,9450.0,900.0,55350.0,20250928
1000010195,1406,1,,3621.0,2600,FULFILLED,ARS,37044.0,7779.24,1200.0,46023.24,20250903
1000010196,334,2,1.0,3493.0,1,CANCELLED,ARS,21168.0,4445.28,0.0,25613.28,20240712
1000010197,880,1,,1601.0,3132,FULFILLED,ARS,20520.0,4309.2,1500.0,26329.2,20240917
1000010198,814,2,4.0,3464.0,4,FULFILLED,ARS,48510.0,10187.1,0.0,58697.1,20240115
1000010199,1162,1,,2149.0,3518,FULFILLED,ARS,27000.0,5670.0,1200.0,33870.0,20240402
1000010200,867,2,3.0,3186.0,3,FULFILLED,ARS,59400.0,12474.0,0.0,71874.0,20250122
1000010201,682,2,1.0,2238.0,1,FULFILLED,ARS,28500.0,5985.0,0.0,34485.0,20240206
1000010202,294,1,,1068.0,2747,FULFILLED,ARS,73425.0,15419.25,0.0,88844.25,20240325
1000010203,1061,2,4.0,1282.0,4,FULFILLED,ARS,16170.0,3395.7,0.0,19565.7,20250507
1000010204,601,2,4.0,1075.0,4,FULFILLED,ARS,23940.0,5027.4,0.0,28967.4,20250905
1000010205,676,1,,3898.0,3420,FULFILLED,ARS,10800.0,2268.0,1200.0,14268.0,20240407
1000010206,232,1,,1397.0,2013,PAID,ARS,98775.0,20742.75,1200.0,120717.75,20240906
1000010207,417,1,,3719.0,4180,FULFILLED,ARS,23520.0,4939.2,900.0,29359.2,20240108
1000010208,393,1,,3159.0,2850,PAID,ARS,34200.0,7182.0,1200.0,42582.0,20241101
1000010209,556,2,4.0,2032.0,4,PAID,ARS,35280.0,7408.8,0.0,42688.8,20250108
1000010210,1029,2,4.0,3607.0,4,FULFILLED,ARS,31500.0,6615.0,0.0,38115.0,20241004
1000010211,588,1,,,1554,FULFILLED,ARS,11760.0,2469.6,1500.0,15729.6,20250712
1000010212,980,2,2.0,2132.0,2,PAID,ARS,21600.0,4536.0,0.0,26136.0,20240728
1000010213,118,1,,4185.0,2271,FULFILLED,ARS,31350.0,6583.5,1500.0,39433.5,20241128
1000010214,677,1,,3429.0,3680,FULFILLED,ARS,34020.0,7144.2,900.0,42064.2,20250217
1000010215,26,1,,3247.0,2981,FULFILLED,ARS,21600.0,4536.0,0.0,26136.0,20250218
1000010216,315,1,,1585.0,2716,PAID,ARS,71160.0,14943.6,1200.0,87303.6,20250818
1000010217,867,1,,1501.0,3347,FULFILLED,ARS,47250.0,9922.5,1500.0,58672.5,20250630
1000010218,147,2,1.0,2529.0,1,FULFILLED,ARS,38808.0,8149.68,0.0,46957.68,20250321
1000010219,169,2,3.0,1074.0,3,FULFILLED,ARS,45000.0,9450.0,0.0,54450.0,20250222
1000010220,148,2,3.0,2278.0,3,FULFILLED,ARS,14700.0,3087.0,0.0,17787.0,20250417
1000010221,1485,1,,2306.0,1378,FULFILLED,ARS,51450.0,10804.5,0.0,62254.5,20240831
1000010222,986,1,,3695.0,3364,PAID,ARS,73710.0,15479.1,900.0,90089.1,20250706
1000010223,1300,2,2.0,,2,FULFILLED,ARS,48210.0,10124.1,0.0,58334.1,20240720
1000010224,904,1,,1525.0,2029,FULFILLED,ARS,14250.0,2992.5,1200.0,18442.5,20250403
1000010225,714,1,,3870.0,2723,PAID,ARS,52500.0,11025.0,900.0,64425.0,20250211
1000010226,864,1,,2110.0,1161,PAID,ARS,19440.0,4082.4,1200.0,24722.4,20240708
1000010227,1413,1,,3796.0,2080,PAID,ARS,21600.0,4536.0,1200.0,27336.0,20250305
1000010228,496,1,,4038.0,3799,FULFILLED,ARS,37800.0,7938.0,1500.0,47238.0,20250916
1000010229,1175,1,,3004.0,2279,PAID,ARS,44250.0,9292.5,0.0,53542.5,20240801
1000010230,1353,2,4.0,2498.0,4,FULFILLED,ARS,38475.0,8079.75,0.0,46554.75,20250620
1000010231,1207,1,,3295.0,3860,PAID,ARS,15750.0,3307.5,1200.0,20257.5,20250910
1000010232,76,1,,1914.0,3485,FULFILLED,ARS,40500.0,8505.0,0.0,49005.0,20250519
1000010233,1245,1,,3132.0,2917,FULFILLED,ARS,35280.0,7408.8,0.0,42688.8,20240208
1000010234,1446,1,,2770.0,2441,FULFILLED,ARS,65550.0,13765.5,0.0,79315.5,20240302
1000010235,389,2,2.0,2316.0,2,FULFILLED,ARS,31350.0,6583.5,0.0,37933.5,20240416
1000010236,480,2,3.0,1143.0,3,FULFILLED,ARS,41160.0,8643.6,0.0,49803.6,20240912
1000010237,1096,2,3.0,1766.0,3,FULFILLED,ARS,27300.0,5733.0,0.0,33033.0,20241129
1000010238,46,1,,3252.0,3066,PAID,ARS,40500.0,8505.0,900.0,49905.0,20240528
1000010239,924,2,3.0,1950.0,3,FULFILLED,ARS,70200.0,14742.0,0.0,84942.0,20250325
1000010240,168,1,,1379.0,1467,PAID,ARS,44100.0,9261.0,0.0,53361.0,20250222
1000010241,1117,2,3.0,1924.0,3,FULFILLED,ARS,55080.0,11566.8,0.0,66646.8,20240220
1000010242,658,1,,1740.0,1872,FULFILLED,ARS,21600.0,4536.0,0.0,26136.0,20241007
1000010243,98,1,,1452.0,3421,REFUNDED,ARS,11400.0,2394.0,1200.0,14994.0,20240506
1000010244,942,1,,3549.0,3588,CANCELLED,ARS,31185.0,6548.85,0.0,37733.85,20240322
1000010245,376,1,,3414.0,2477,CANCELLED,ARS,14250.0,2992.5,900.0,18142.5,20240712
1000010246,401,1,,2381.0,1579,FULFILLED,ARS,40500.0,8505.0,900.0,49905.0,20240920
1000010247,1477,1,,3240.0,4118,FULFILLED,ARS,47025.0,9875.25,1200.0,58100.25,20241124
1000010248,1124,1,,3139.0,3298,REFUNDED,ARS,34200.0,7182.0,900.0,42282.0,20240609
1000010249,446,1,,2824.0,3453,FULFILLED,ARS,14175.0,2976.75,1200.0,18351.75,20250210
1000010250,1106,2,2.0,1404.0,2,FULFILLED,ARS,10800.0,2268.0,0.0,13068.0,20240422
1000010251,1182,2,3.0,2498.0,3,REFUNDED,ARS,23520.0,4939.2,0.0,28459.2,20240317
1000010252,1433,1,,2395.0,3290,FULFILLED,ARS,27000.0,5670.0,0.0,32670.0,20250108
1000010253,298,2,3.0,2764.0,3,REFUNDED,ARS,52536.0,11032.56,0.0,63568.56,20240616
1000010254,580,2,2.0,2164.0,2,FULFILLED,ARS,21600.0,4536.0,0.0,26136.0,20250629
1000010255,878,2,2.0,3569.0,2,FULFILLED,ARS,26220.0,5506.2,0.0,31726.2,20240922
1000010256,671,1,,4193.0,3285,FULFILLED,ARS,15000.0,3150.0,1200.0,19350.0,20240227
1000010257,542,2,3.0,2258.0,3,FULFILLED,ARS,13500.0,2835.0,0.0,16335.0,20250627
1000010258,215,1,,1553.0,1490,FULFILLED,ARS,12000.0,2520.0,900.0,15420.0,20240408
1000010259,69,1,,3137.0,3898,CREATED,ARS,16500.0,3465.0,900.0,20865.0,20240223
1000010260,1414,2,3.0,3909.0,3,FULFILLED,ARS,54000.0,11340.0,0.0,65340.0,20250401
1000010261,335,1,,2830.0,4155,FULFILLED,ARS,14250.0,2992.5,1500.0,18742.5,20240519
1000010262,436,2,4.0,2267.0,4,FULFILLED,ARS,34200.0,7182.0,0.0,41382.0,20250312
1000010263,1309,1,,2567.0,3418,FULFILLED,ARS,44100.0,9261.0,900.0,54261.0,20240307
1000010264,1085,2,4.0,2795.0,4,CANCELLED,ARS,30870.0,6482.7,0.0,37352.7,20250908
1000010265,504,1,,1421.0,3197,PAID,ARS,28500.0,5985.0,900.0,35385.0,20241130
1000010266,12,1,,1100.0,1924,FULFILLED,ARS,40500.0,8505.0,1200.0,50205.0,20250317
1000010267,545,2,1.0,1976.0,1,PAID,ARS,38808.0,8149.68,0.0,46957.68,20250927
1000010268,162,1,,1216.0,4131,FULFILLED,ARS,12540.0,2633.4,900.0,16073.4,20240602
1000010269,1399,1,,,1199,FULFILLED,ARS,54390.0,11421.9,1200.0,67011.9,20250311
1000010270,1309,1,,3866.0,1476,PAID,ARS,22800.0,4788.0,0.0,27588.0,20241101
1000010271,1381,1,,3276.0,3008,PAID,ARS,40500.0,8505.0,900.0,49905.0,20240825
1000010272,662,1,,2901.0,1618,PAID,ARS,37020.0,7774.2,900.0,45694.2,20240429
1000010273,799,1,,3353.0,3808,FULFILLED,ARS,30000.0,6300.0,900.0,37200.0,20240414
1000010274,737,1,,,3906,FULFILLED,ARS,41160.0,8643.6,1500.0,51303.6,20250114
1000010275,1124,1,,3819.0,2030,FULFILLED,ARS,26400.0,5544.0,900.0,32844.0,20240725
1000010276,452,1,,2239.0,2561,FULFILLED,ARS,21600.0,4536.0,900.0,27036.0,20250511
1000010277,599,1,,2432.0,1441,PAID,ARS,35280.0,7408.8,1500.0,44188.8,20250904
1000010278,1122,1,,3324.0,1947,FULFILLED,ARS,10260.0,2154.6,900.0,13314.6,20240113
1000010279,94,2,3.0,3800.0,3,FULFILLED,ARS,55500.0,11655.0,0.0,67155.0,20240122
1000010280,1368,2,3.0,2951.0,3,FULFILLED,ARS,15675.0,3291.75,0.0,18966.75,20250221
1000010281,1247,1,,1881.0,3112,CANCELLED,ARS,37800.0,7938.0,0.0,45738.0,20240929
1000010282,65,2,4.0,1456.0,4,FULFILLED,ARS,14700.0,3087.0,0.0,17787.0,20250409
1000010283,1182,2,1.0,4019.0,1,FULFILLED,ARS,23760.0,4989.6,0.0,28749.6,20241110
1000010284,833,1,,,2336,REFUNDED,ARS,47400.0,9954.0,1200.0,58554.0,20250613
1000010285,41,1,,2759.0,3958,CANCELLED,ARS,24000.0,5040.0,0.0,29040.0,20240309
1000010286,217,2,3.0,1246.0,3,PAID,ARS,49392.0,10372.32,0.0,59764.32,20240115
1000010287,479,2,3.0,2818.0,3,FULFILLED,ARS,23520.0,4939.2,0.0,28459.2,20240126
1000010288,1295,2,1.0,,1,FULFILLED,ARS,36000.0,7560.0,0.0,43560.0,20250428
1000010289,644,2,4.0,,4,FULFILLED,ARS,33000.0,6930.0,0.0,39930.0,20241012
1000010290,1355,1,,4186.0,3698,FULFILLED,ARS,15000.0,3150.0,1500.0,19650.0,20240330
1000010291,1193,2,4.0,2105.0,4,FULFILLED,ARS,16170.0,3395.7,0.0,19565.7,20240322
1000010292,324,1,,4159.0,2389,FULFILLED,ARS,20520.0,4309.2,0.0,24829.2,20240127
1000010293,503,1,,1380.0,3421,FULFILLED,ARS,14700.0,3087.0,0.0,17787.0,20241125
1000010294,455,1,,3691.0,3267,CANCELLED,ARS,51948.0,10909.08,1200.0,64057.08,20250718
1000010295,1072,1,,2525.0,3397,CANCELLED,ARS,60000.0,12600.0,1200.0,73800.0,20250317
1000010296,351,1,,,1644,FULFILLED,ARS,11400.0,2394.0,1200.0,14994.0,20241125
1000010297,175,1,,3025.0,3311,FULFILLED,ARS,30000.0,6300.0,0.0,36300.0,20250621
1000010298,1174,1,,3928.0,3689,FULFILLED,ARS,23760.0,4989.6,1200.0,29949.6,20241216
1000010299,1182,1,,,2604,FULFILLED,ARS,36450.0,7654.5,1500.0,45604.5,20250630
1000010300,75,2,3.0,2347.0,3,FULFILLED,ARS,89100.0,18711.0,0.0,107811.0,20240103
1000010301,846,2,4.0,2874.0,4,PAID,ARS,32400.0,6804.0,0.0,39204.0,20240914
1000010302,855,2,1.0,,1,FULFILLED,ARS,67200.0,14112.0,0.0,81312.0,20250920
1000010303,1424,1,,1725.0,2052,FULFILLED,ARS,35280.0,7408.8,1200.0,43888.8,20250220
1000010304,18,2,4.0,1560.0,4,FULFILLED,ARS,42120.0,8845.2,0.0,50965.2,20240512
1000010305,797,1,,3239.0,2165,FULFILLED,ARS,15675.0,3291.75,1500.0,20466.75,20240329
1000010306,234,1,,2174.0,2587,PAID,ARS,45600.0,9576.0,0.0,55176.0,20250110
1000010307,921,2,4.0,4097.0,4,FULFILLED,ARS,35100.0,7371.0,0.0,42471.0,20250905
1000010308,1293,1,,2275.0,3564,FULFILLED,ARS,20520.0,4309.2,900.0,25729.2,20241103
1000010309,78,1,,1077.0,3715,FULFILLED,ARS,29160.0,6123.6,900.0,36183.6,20250502
1000010310,970,2,2.0,1290.0,2,FULFILLED,ARS,9720.0,2041.2,0.0,11761.2,20241213
1000010311,27,2,1.0,1864.0,1,FULFILLED,ARS,28350.0,5953.5,0.0,34303.5,20241214
1000010312,965,1,,3734.0,3960,FULFILLED,ARS,35910.0,7541.1,1200.0,44651.1,20250518
1000010313,1463,1,,,2184,FULFILLED,ARS,55350.0,11623.5,1200.0,68173.5,20240317
1000010314,330,1,,1730.0,3298,FULFILLED,ARS,54300.0,11403.0,900.0,66603.0,20250122
1000010315,57,2,4.0,1276.0,4,PAID,ARS,77520.0,16279.2,0.0,93799.2,20250323
1000010316,538,1,,2196.0,1075,FULFILLED,ARS,53400.0,11214.0,900.0,65514.0,20250803
1000010317,695,2,1.0,1466.0,1,PAID,ARS,10800.0,2268.0,0.0,13068.0,20240204
1000010318,948,1,,2040.0,2645,CANCELLED,ARS,50760.0,10659.6,900.0,62319.6,20250506
1000010319,39,2,3.0,2512.0,3,FULFILLED,ARS,24000.0,5040.0,0.0,29040.0,20240801
1000010320,472,1,,1151.0,2275,FULFILLED,ARS,28500.0,5985.0,1200.0,35685.0,20240323
1000010321,1347,2,3.0,3346.0,3,REFUNDED,ARS,49260.0,10344.6,0.0,59604.6,20240417
1000010322,582,2,2.0,2359.0,2,PAID,ARS,21600.0,4536.0,0.0,26136.0,20250923
1000010323,271,1,,1209.0,2496,FULFILLED,ARS,36000.0,7560.0,0.0,43560.0,20241018
1000010324,87,1,,3691.0,2884,FULFILLED,ARS,56448.0,11854.08,900.0,69202.08,20240211
1000010325,1150,1,,4002.0,1458,FULFILLED,ARS,34020.0,7144.2,900.0,42064.2,20250726
1000010326,1298,2,1.0,1584.0,1,FULFILLED,ARS,15000.0,3150.0,0.0,18150.0,20241211
1000010327,115,1,,,3696,FULFILLED,ARS,14250.0,2992.5,900.0,18142.5,20240717
1000010328,672,1,,2706.0,1036,FULFILLED,ARS,30000.0,6300.0,1500.0,37800.0,20250430
1000010329,1379,1,,1766.0,3209,FULFILLED,ARS,58896.0,12368.16,1200.0,72464.16,20250630
1000010330,956,1,,3858.0,3635,FULFILLED,ARS,64368.0,13517.28,1500.0,79385.28,20250327
1000010331,1177,2,1.0,,1,FULFILLED,ARS,11760.0,2469.6,0.0,14229.6,20240514
1000010332,476,2,4.0,3538.0,4,PAID,ARS,45000.0,9450.0,0.0,54450.0,20250909
1000010333,1393,1,,1382.0,1041,FULFILLED,ARS,29400.0,6174.0,1500.0,37074.0,20241025
1000010334,311,2,1.0,4104.0,1,FULFILLED,ARS,30870.0,6482.7,0.0,37352.7,20240605
1000010335,546,2,1.0,2481.0,1,FULFILLED,ARS,87300.0,18333.0,0.0,105633.0,20250616
1000010336,187,1,,3848.0,1660,FULFILLED,ARS,60000.0,12600.0,1200.0,73800.0,20240703
1000010337,515,2,4.0,3531.0,4,FULFILLED,ARS,23520.0,4939.2,0.0,28459.2,20250223
1000010338,641,2,4.0,2708.0,4,FULFILLED,ARS,11400.0,2394.0,0.0,13794.0,20250729
1000010339,1169,1,,3894.0,3876,FULFILLED,ARS,24696.0,5186.16,900.0,30782.16,20250525
1000010340,459,2,4.0,2846.0,4,FULFILLED,ARS,24000.0,5040.0,0.0,29040.0,20240424
1000010341,190,1,,1291.0,2404,PAID,ARS,36000.0,7560.0,1200.0,44760.0,20250511
1000010342,781,1,,3106.0,2410,FULFILLED,ARS,21600.0,4536.0,1500.0,27636.0,20250612
1000010343,581,2,1.0,1327.0,1,FULFILLED,ARS,64800.0,13608.0,0.0,78408.0,20250813
1000010344,1105,1,,2949.0,2492,FULFILLED,ARS,120780.0,25363.8,900.0,147043.8,20241021
1000010345,1144,1,,1913.0,3529,FULFILLED,ARS,42750.0,8977.5,900.0,52627.5,20250418
1000010346,359,1,,3643.0,1827,PAID,ARS,29400.0,6174.0,900.0,36474.0,20240918
1000010347,517,1,,2850.0,3055,PAID,ARS,49260.0,10344.6,1200.0,60804.6,20240320
1000010348,589,1,,2427.0,2739,FULFILLED,ARS,14175.0,2976.75,1200.0,18351.75,20240528
1000010349,777,2,3.0,3013.0,3,PAID,ARS,24000.0,5040.0,0.0,29040.0,20241015
1000010350,67,1,,3671.0,1004,CANCELLED,ARS,65310.0,13715.1,0.0,79025.1,20250517
1000010351,1268,2,1.0,1792.0,1,CANCELLED,ARS,11340.0,2381.4,0.0,13721.4,20240616
1000010352,121,2,4.0,1063.0,4,FULFILLED,ARS,36000.0,7560.0,0.0,43560.0,20240612
1000010353,140,1,,3975.0,4115,FULFILLED,ARS,39600.0,8316.0,900.0,48816.0,20250314
1000010354,1453,1,,2209.0,2372,FULFILLED,ARS,50700.0,10647.0,900.0,62247.0,20240326
1000010355,1337,2,1.0,1597.0,1,FULFILLED,ARS,67680.0,14212.8,0.0,81892.8,20240418
1000010356,1223,2,4.0,1858.0,4,REFUNDED,ARS,27000.0,5670.0,0.0,32670.0,20240426
1000010357,897,1,,3654.0,4019,CANCELLED,ARS,35280.0,7408.8,900.0,43588.8,20240116
1000010358,1098,1,,,2202,CANCELLED,ARS,32400.0,6804.0,0.0,39204.0,20240310
1000010359,1134,2,3.0,,3,FULFILLED,ARS,69000.0,14490.0,0.0,83490.0,20250314
1000010360,679,2,4.0,3918.0,4,FULFILLED,ARS,12150.0,2551.5,0.0,14701.5,20250518
1000010361,672,1,,1455.0,1890,FULFILLED,ARS,37800.0,7938.0,900.0,46638.0,20250908
1000010362,1405,1,,3488.0,1141,FULFILLED,ARS,22680.0,4762.8,900.0,28342.8,20250922
1000010363,922,2,3.0,3075.0,3,PAID,ARS,46305.0,9724.05,0.0,56029.05,20240201
1000010364,33,1,,3946.0,1996,REFUNDED,ARS,28500.0,5985.0,900.0,35385.0,20240615
1000010365,109,2,4.0,2121.0,4,FULFILLED,ARS,44100.0,9261.0,0.0,53361.0,20250213
1000010366,423,1,,4037.0,4100,FULFILLED,ARS,59670.0,12530.7,1200.0,73400.7,20250713
1000010367,1254,1,,1864.0,2136,CANCELLED,ARS,81300.0,17073.0,1200.0,99573.0,20250225
1000010368,895,1,,1084.0,1805,FULFILLED,ARS,53580.0,11251.8,900.0,65731.8,20250923
1000010369,745,2,4.0,3940.0,4,FULFILLED,ARS,36000.0,7560.0,0.0,43560.0,20240304
1000010370,363,2,4.0,3321.0,4,FULFILLED,ARS,42525.0,8930.25,0.0,51455.25,20240513
1000010371,700,2,1.0,3755.0,1,FULFILLED,ARS,26400.0,5544.0,0.0,31944.0,20240524
1000010372,126,1,,3085.0,3932,CANCELLED,ARS,31500.0,6615.0,1200.0,39315.0,20240125
1000010373,296,2,4.0,3633.0,4,CANCELLED,ARS,47025.0,9875.25,0.0,56900.25,20240628
1000010374,185,2,3.0,4010.0,3,CANCELLED,ARS,11340.0,2381.4,0.0,13721.4,20240208
1000010375,492,1,,1156.0,1422,FULFILLED,ARS,55860.0,11730.6,1500.0,69090.6,20250702
1000010376,745,1,,3248.0,2279,FULFILLED,ARS,30000.0,6300.0,1200.0,37500.0,20241227
1000010377,581,2,3.0,3403.0,3,FULFILLED,ARS,15000.0,3150.0,0.0,18150.0,20250606
1000010378,553,2,3.0,1994.0,3,FULFILLED,ARS,35280.0,7408.8,0.0,42688.8,20250627
1000010379,386,2,4.0,,4,FULFILLED,ARS,20520.0,4309.2,0.0,24829.2,20240425
1000010380,838,1,,1934.0,1811,FULFILLED,ARS,54000.0,11340.0,0.0,65340.0,20250123
1000010381,126,2,2.0,3509.0,2,FULFILLED,ARS,26670.0,5600.7,0.0,32270.7,20240605
1000010382,866,1,,1758.0,2696,PAID,ARS,34200.0,7182.0,900.0,42282.0,20241205
1000010383,1010,1,,,3141,FULFILLED,ARS,74100.0,15561.0,900.0,90561.0,20250320
1000010384,224,1,,,4170,FULFILLED,ARS,45000.0,9450.0,900.0,55350.0,20241025
1000010385,1263,2,3.0,3850.0,3,FULFILLED,ARS,12000.0,2520.0,0.0,14520.0,20241115
1000010386,570,1,,1592.0,1132,REFUNDED,ARS,37044.0,7779.24,900.0,45723.24,20250224
1000010387,650,2,4.0,1155.0,4,CANCELLED,ARS,23520.0,4939.2,0.0,28459.2,20240704
1000010388,1348,1,,1549.0,3380,FULFILLED,ARS,11400.0,2394.0,1500.0,15294.0,20250217
1000010389,72,2,2.0,3795.0,2,REFUNDED,ARS,12348.0,2593.08,0.0,14941.08,20250117
1000010390,238,1,,2332.0,1809,FULFILLED,ARS,27450.0,5764.5,1200.0,34414.5,20250317
1000010391,809,1,,3514.0,3899,FULFILLED,ARS,59535.0,12502.35,1200.0,73237.35,20240303
1000010392,542,1,,2985.0,3394,FULFILLED,ARS,24000.0,5040.0,900.0,29940.0,20250821
1000010393,1471,2,1.0,3261.0,1,FULFILLED,ARS,49500.0,10395.0,0.0,59895.0,20250813
1000010394,18,2,4.0,,4,FULFILLED,ARS,15000.0,3150.0,0.0,18150.0,20250419
1000010395,93,1,,1160.0,3877,FULFILLED,ARS,15000.0,3150.0,900.0,19050.0,20241217
1000010396,666,1,,1324.0,1653,FULFILLED,ARS,42750.0,8977.5,1500.0,53227.5,20250804
1000010397,147,2,2.0,3103.0,2,FULFILLED,ARS,45000.0,9450.0,0.0,54450.0,20240209
1000010398,168,1,,1921.0,2964,CANCELLED,ARS,119700.0,25137.0,1200.0,146037.0,20250822
1000010399,305,1,,3307.0,3842,CREATED,ARS,32400.0,6804.0,1500.0,40704.0,20250721
1000010400,816,1,,1870.0,4163,FULFILLED,ARS,35760.0,7509.6,900.0,44169.6,20240519
1000010401,1173,2,4.0,2140.0,4,FULFILLED,ARS,11760.0,2469.6,0.0,14229.6,20241108
1000010402,524,2,2.0,2646.0,2,FULFILLED,ARS,70020.0,14704.2,0.0,84724.2,20240917
1000010403,688,1,,3214.0,2687,PAID,ARS,49920.0,10483.2,1200.0,61603.2,20250627
1000010404,245,1,,1635.0,1169,PAID,ARS,28200.0,5922.0,900.0,35022.0,20250826
1000010405,422,2,1.0,4099.0,1,FULFILLED,ARS,20520.0,4309.2,0.0,24829.2,20240805
1000010406,716,2,4.0,2967.0,4,FULFILLED,ARS,46680.0,9802.8,0.0,56482.8,20250928
1000010407,744,2,3.0,1784.0,3,PAID,ARS,28500.0,5985.0,0.0,34485.0,20250627
1000010408,614,2,1.0,1015.0,1,FULFILLED,ARS,23520.0,4939.2,0.0,28459.2,20240920
1000010409,716,1,,1730.0,4131,FULFILLED,ARS,23760.0,4989.6,1200.0,29949.6,20241117
1000010410,258,2,4.0,,4,FULFILLED,ARS,9720.0,2041.2,0.0,11761.2,20250607
1000010411,1139,2,4.0,2954.0,4,FULFILLED,ARS,25650.0,5386.5,0.0,31036.5,20240325
1000010412,171,1,,3754.0,2863,CANCELLED,ARS,21600.0,4536.0,1200.0,27336.0,20250729
1000010413,896,1,,3862.0,2872,FULFILLED,ARS,11760.0,2469.6,1200.0,15429.6,20250202
1000010414,1332,1,,2920.0,3197,REFUNDED,ARS,15000.0,3150.0,900.0,19050.0,20250721
1000010415,682,1,,1338.0,1696,FULFILLED,ARS,48510.0,10187.1,0.0,58697.1,20241017
1000010416,1265,2,1.0,3842.0,1,FULFILLED,ARS,35280.0,7408.8,0.0,42688.8,20250924
1000010417,234,1,,3473.0,3172,FULFILLED,ARS,11400.0,2394.0,900.0,14694.0,20240217
1000010418,1145,1,,1897.0,2099,PAID,ARS,35280.0,7408.8,1500.0,44188.8,20240209
1000010419,965,1,,1710.0,4030,PAID,ARS,14250.0,2992.5,0.0,17242.5,20250327
1000010420,47,1,,3996.0,4006,FULFILLED,ARS,21600.0,4536.0,900.0,27036.0,20250504
1000010421,501,1,,2541.0,2224,FULFILLED,ARS,24000.0,5040.0,1500.0,30540.0,20250524
1000010422,716,1,,1173.0,3758,FULFILLED,ARS,36000.0,7560.0,1200.0,44760.0,20250514
1000010423,848,1,,1878.0,3269,CANCELLED,ARS,13200.0,2772.0,1200.0,17172.0,20240927
1000010424,574,2,2.0,,2,FULFILLED,ARS,49500.0,10395.0,0.0,59895.0,20250428
1000010425,361,1,,1572.0,3956,PAID,ARS,12000.0,2520.0,900.0,15420.0,20250919
1000010426,565,2,2.0,3461.0,2,PAID,ARS,71820.0,15082.2,0.0,86902.2,20240110
1000010427,1233,1,,1843.0,2528,FULFILLED,ARS,29700.0,6237.0,0.0,35937.0,20240914
1000010428,433,2,2.0,,2,FULFILLED,ARS,30000.0,6300.0,0.0,36300.0,20240829
1000010429,66,1,,4179.0,1907,FULFILLED,ARS,23520.0,4939.2,900.0,29359.2,20250128
1000010430,898,2,1.0,2825.0,1,PAID,ARS,32400.0,6804.0,0.0,39204.0,20250302
1000010431,1130,1,,,1434,FULFILLED,ARS,57000.0,11970.0,900.0,69870.0,20250818
1000010432,892,1,,1884.0,2178,FULFILLED,ARS,67050.0,14080.5,900.0,82030.5,20240622
1000010433,972,2,1.0,1559.0,1,FULFILLED,ARS,13230.0,2778.3,0.0,16008.3,20240319
1000010434,486,1,,3510.0,1850,FULFILLED,ARS,79950.0,16789.5,1200.0,97939.5,20240831
1000010435,173,1,,,2058,FULFILLED,ARS,44100.0,9261.0,1200.0,54561.0,20250820
1000010436,238,2,4.0,1996.0,4,FULFILLED,ARS,10584.0,2222.64,0.0,12806.64,20240618
1000010437,992,1,,,3201,PAID,ARS,32400.0,6804.0,0.0,39204.0,20250918
1000010438,341,1,,2774.0,3924,FULFILLED,ARS,65430.0,13740.3,1200.0,80370.3,20250128
1000010439,1321,2,3.0,1742.0,3,FULFILLED,ARS,50148.0,10531.08,0.0,60679.08,20250424
1000010440,1334,2,2.0,3597.0,2,FULFILLED,ARS,14700.0,3087.0,0.0,17787.0,20240903
1000010441,315,2,1.0,3138.0,1,CANCELLED,ARS,87780.0,18433.8,0.0,106213.8,20240415
1000010442,839,1,,2037.0,2896,FULFILLED,ARS,44550.0,9355.5,900.0,54805.5,20240426
1000010443,643,1,,3293.0,1210,FULFILLED,ARS,54768.0,11501.28,1200.0,67469.28,20240411
1000010444,196,2,2.0,3540.0,2,FULFILLED,ARS,19440.0,4082.4,0.0,23522.4,20240520
1000010445,1194,2,2.0,1332.0,2,FULFILLED,ARS,32940.0,6917.4,0.0,39857.4,20240325
1000010446,1331,2,2.0,1629.0,2,FULFILLED,ARS,31500.0,6615.0,0.0,38115.0,20240925
1000010447,1253,2,1.0,2509.0,1,FULFILLED,ARS,10800.0,2268.0,0.0,13068.0,20241014
1000010448,878,1,,2488.0,1255,REFUNDED,ARS,21600.0,4536.0,900.0,27036.0,20240822
1000010449,862,1,,2659.0,3225,FULFILLED,ARS,36000.0,7560.0,1500.0,45060.0,20250219
1000010450,714,2,4.0,3066.0,4,FULFILLED,ARS,24300.0,5103.0,0.0,29403.0,20240717
1000010451,534,2,4.0,3948.0,4,PAID,ARS,70650.0,14836.5,0.0,85486.5,20240705
1000010452,1062,2,3.0,2136.0,3,FULFILLED,ARS,28350.0,5953.5,0.0,34303.5,20240514
1000010453,1234,2,2.0,3857.0,2,PAID,ARS,37500.0,7875.0,0.0,45375.0,20250330
1000010454,947,1,,1283.0,1762,FULFILLED,ARS,44100.0,9261.0,900.0,54261.0,20240820
1000010455,880,2,4.0,1225.0,4,PAID,ARS,13500.0,2835.0,0.0,16335.0,20250422
1000010456,1195,1,,2850.0,2097,PAID,ARS,43350.0,9103.5,1200.0,53653.5,20250116
1000010457,862,1,,3258.0,2922,FULFILLED,ARS,10800.0,2268.0,1200.0,14268.0,20241104
1000010458,897,1,,2271.0,1348,FULFILLED,ARS,32400.0,6804.0,1500.0,40704.0,20250912
1000010459,594,1,,1316.0,3591,FULFILLED,ARS,14850.0,3118.5,1500.0,19468.5,20240406
1000010460,1234,1,,1049.0,3811,FULFILLED,ARS,36000.0,7560.0,0.0,43560.0,20240131
1000010461,952,2,1.0,1515.0,1,PAID,ARS,25650.0,5386.5,0.0,31036.5,20241130
1000010462,410,2,3.0,,3,FULFILLED,ARS,15435.0,3241.35,0.0,18676.35,20250809
1000010463,951,2,2.0,2649.0,2,FULFILLED,ARS,34020.0,7144.2,0.0,41164.2,20250424
1000010464,71,2,2.0,2586.0,2,FULFILLED,ARS,29925.0,6284.25,0.0,36209.25,20250726
1000010465,1245,1,,3719.0,1669,CANCELLED,ARS,82170.0,17255.7,0.0,99425.7,20240731
1000010466,244,2,3.0,4165.0,3,FULFILLED,ARS,31752.0,6667.92,0.0,38419.92,20240408
1000010467,776,2,1.0,3094.0,1,PAID,ARS,44100.0,9261.0,0.0,53361.0,20240405
1000010468,1245,2,3.0,4021.0,3,FULFILLED,ARS,47025.0,9875.25,0.0,56900.25,20250602
1000010469,822,2,4.0,2060.0,4,CANCELLED,ARS,32400.0,6804.0,0.0,39204.0,20250723
1000010470,602,2,4.0,2857.0,4,FULFILLED,ARS,10800.0,2268.0,0.0,13068.0,20240205
1000010471,803,1,,2549.0,1504,FULFILLED,ARS,49200.0,10332.0,1200.0,60732.0,20250131
1000010472,1309,2,1.0,3044.0,1,FULFILLED,ARS,40500.0,8505.0,0.0,49005.0,20250307
1000010473,204,1,,2503.0,2954,FULFILLED,ARS,11760.0,2469.6,1200.0,15429.6,20250909
1000010474,1489,1,,1389.0,3808,FULFILLED,ARS,14175.0,2976.75,900.0,18051.75,20240622
1000010475,8,1,,2.0,1920,FULFILLED,ARS,40500.0,8505.0,1200.0,50205.0,20250708
1000010476,196,1,,1310.0,3598,FULFILLED,ARS,12150.0,2551.5,1200.0,15901.5,20250727
1000010477,479,1,,1726.0,1985,FULFILLED,ARS,47100.0,9891.0,0.0,56991.0,20240516
1000010478,1107,1,,3813.0,2170,FULFILLED,ARS,23220.0,4876.2,900.0,28996.2,20240911
1000010479,384,2,4.0,1272.0,4,FULFILLED,ARS,21600.0,4536.0,0.0,26136.0,20241224
1000010480,206,1,,1794.0,2498,CANCELLED,ARS,78525.0,16490.25,1200.0,96215.25,20250401
1000010481,928,2,1.0,,1,FULFILLED,ARS,12540.0,2633.4,0.0,15173.4,20240215
1000010482,672,1,,3975.0,2949,FULFILLED,ARS,12600.0,2646.0,900.0,16146.0,20250919
1000010483,876,2,2.0,4148.0,2,FULFILLED,ARS,25200.0,5292.0,0.0,30492.0,20240713
1000010484,980,1,,,2085,FULFILLED,ARS,41310.0,8675.1,1200.0,51185.1,20241209
1000010485,471,1,,,2407,FULFILLED,ARS,73020.0,15334.2,1200.0,89554.2,20241201
1000010486,32,2,4.0,2669.0,4,FULFILLED,ARS,95661.0,20088.81,0.0,115749.81,20240122
1000010487,714,1,,1940.0,2729,FULFILLED,ARS,15000.0,3150.0,1500.0,19650.0,20240911
1000010488,53,2,2.0,2902.0,2,FULFILLED,ARS,44100.0,9261.0,0.0,53361.0,20241027
1000010489,140,2,1.0,2409.0,1,REFUNDED,ARS,38871.0,8162.91,0.0,47033.91,20240816
1000010490,986,1,,3715.0,1264,FULFILLED,ARS,98850.0,20758.5,1200.0,120808.5,20240530
1000010491,1103,1,,2623.0,2387,CANCELLED,ARS,45600.0,9576.0,900.0,56076.0,20250913
1000010492,1034,2,2.0,3391.0,2,PAID,ARS,24000.0,5040.0,0.0,29040.0,20250813
1000010493,275,2,4.0,1138.0,4,REFUNDED,ARS,82710.0,17369.1,0.0,100079.1,20250105
1000010494,263,2,4.0,1075.0,4,FULFILLED,ARS,37620.0,7900.2,0.0,45520.2,20250221
1000010495,922,2,4.0,3867.0,4,FULFILLED,ARS,55500.0,11655.0,0.0,67155.0,20250423
1000010496,1068,2,3.0,3105.0,3,FULFILLED,ARS,13500.0,2835.0,0.0,16335.0,20241008
1000010497,1316,1,,3404.0,3353,PAID,ARS,13500.0,2835.0,1200.0,17535.0,20250330
1000010498,506,1,,2253.0,3209,FULFILLED,ARS,29250.0,6142.5,1200.0,36592.5,20240329
1000010499,1258,1,,4019.0,1515,FULFILLED,ARS,22800.0,4788.0,1200.0,28788.0,20250706
1000010500,349,1,,4046.0,2858,FULFILLED,ARS,26460.0,5556.6,1200.0,33216.6,20250313
1000010501,476,2,2.0,,2,FULFILLED,ARS,57372.0,12048.12,0.0,69420.12,20240425
1000010502,1468,1,,1874.0,1426,PAID,ARS,15750.0,3307.5,900.0,19957.5,20250804
1000010503,885,1,,3175.0,2447,FULFILLED,ARS,71460.0,15006.6,900.0,87366.6,20250930
1000010504,1288,2,1.0,1556.0,1,CANCELLED,ARS,25200.0,5292.0,0.0,30492.0,20241201
1000010505,1439,2,4.0,,4,FULFILLED,ARS,25200.0,5292.0,0.0,30492.0,20241111
1000010506,730,2,2.0,1123.0,2,FULFILLED,ARS,37044.0,7779.24,0.0,44823.24,20240726
1000010507,194,2,4.0,1770.0,4,FULFILLED,ARS,89175.0,18726.75,0.0,107901.75,20240227
1000010508,163,1,,,3021,FULFILLED,ARS,21600.0,4536.0,1500.0,27636.0,20250612
1000010509,286,2,2.0,,2,PAID,ARS,38475.0,8079.75,0.0,46554.75,20250703
1000010510,107,1,,2646.0,3949,CREATED,ARS,59520.0,12499.2,1200.0,73219.2,20240216
1000010511,1039,1,,2537.0,3282,FULFILLED,ARS,63210.0,13274.1,900.0,77384.1,20250528
1000010512,411,1,,,1323,REFUNDED,ARS,11760.0,2469.6,1200.0,15429.6,20250726
1000010513,385,1,,1822.0,3400,FULFILLED,ARS,10584.0,2222.64,900.0,13706.64,20240812
1000010514,713,1,,2932.0,3584,CANCELLED,ARS,14250.0,2992.5,1500.0,18742.5,20250404
1000010515,819,1,,,4114,PAID,ARS,45000.0,9450.0,1500.0,55950.0,20241010
1000010516,315,2,2.0,1403.0,2,PAID,ARS,12540.0,2633.4,0.0,15173.4,20250311
1000010517,130,1,,2174.0,2277,REFUNDED,ARS,23760.0,4989.6,1200.0,29949.6,20250624
1000010518,895,2,1.0,2072.0,1,FULFILLED,ARS,14700.0,3087.0,0.0,17787.0,20240709
1000010519,1337,1,,3102.0,3044,FULFILLED,ARS,64020.0,13444.2,1200.0,78664.2,20240719
1000010520,919,2,2.0,1180.0,2,PAID,ARS,46305.0,9724.05,0.0,56029.05,20250816
1000010521,318,2,4.0,3678.0,4,REFUNDED,ARS,21600.0,4536.0,0.0,26136.0,20250702
1000010522,354,1,,,2813,PAID,ARS,31350.0,6583.5,1200.0,39133.5,20240625
1000010523,906,2,3.0,1268.0,3,FULFILLED,ARS,48000.0,10080.0,0.0,58080.0,20240210
1000010524,963,2,2.0,,2,FULFILLED,ARS,30000.0,6300.0,0.0,36300.0,20240505
1000010525,913,1,,,1361,FULFILLED,ARS,40500.0,8505.0,1200.0,50205.0,20250828
1000010526,1382,2,2.0,2922.0,2,FULFILLED,ARS,28425.0,5969.25,0.0,34394.25,20241123
1000010527,1044,1,,1306.0,3232,FULFILLED,ARS,23748.0,4987.08,900.0,29635.08,20240119
1000010528,431,1,,1217.0,3345,PAID,ARS,78360.0,16455.6,900.0,95715.6,20250118
1000010529,2,1,,2997.0,2484,FULFILLED,ARS,13500.0,2835.0,1200.0,17535.0,20250707
1000010530,983,2,1.0,2733.0,1,FULFILLED,ARS,36000.0,7560.0,0.0,43560.0,20240929
1000010531,669,1,,3725.0,3085,FULFILLED,ARS,22800.0,4788.0,1200.0,28788.0,20240628
1000010532,436,2,2.0,1878.0,2,REFUNDED,ARS,12000.0,2520.0,0.0,14520.0,20250915
1000010533,27,1,,2766.0,2518,FULFILLED,ARS,81000.0,17010.0,1200.0,99210.0,20240617
1000010534,96,1,,1331.0,1903,PAID,ARS,45000.0,9450.0,900.0,55350.0,20240728
1000010535,827,2,3.0,2008.0,3,CANCELLED,ARS,45120.0,9475.2,0.0,54595.2,20241229
1000010536,375,2,1.0,1517.0,1,FULFILLED,ARS,28350.0,5953.5,0.0,34303.5,20240603
1000010537,1236,1,,3691.0,3004,FULFILLED,ARS,14250.0,2992.5,900.0,18142.5,20240516
1000010538,1232,2,3.0,1655.0,3,FULFILLED,ARS,22800.0,4788.0,0.0,27588.0,20240710
1000010539,731,1,,4024.0,2446,FULFILLED,ARS,73035.0,15337.35,1200.0,89572.35,20240125
1000010540,898,1,,3053.0,2098,FULFILLED,ARS,24000.0,5040.0,1200.0,30240.0,20241012
1000010541,1169,2,4.0,3587.0,4,FULFILLED,ARS,14700.0,3087.0,0.0,17787.0,20240628
1000010542,826,1,,2336.0,1334,FULFILLED,ARS,24300.0,5103.0,900.0,30303.0,20240426
1000010543,593,1,,3766.0,1605,PAID,ARS,12600.0,2646.0,900.0,16146.0,20250725
1000010544,751,1,,3648.0,1727,CREATED,ARS,24000.0,5040.0,1200.0,30240.0,20240914
1000010545,1316,2,2.0,3545.0,2,CANCELLED,ARS,44100.0,9261.0,0.0,53361.0,20250922
1000010546,907,2,3.0,,3,FULFILLED,ARS,30000.0,6300.0,0.0,36300.0,20240706
1000010547,1110,1,,1010.0,1421,FULFILLED,ARS,31350.0,6583.5,900.0,38833.5,20241228
1000010548,855,2,4.0,2153.0,4,PAID,ARS,30000.0,6300.0,0.0,36300.0,20240116
1000010549,1244,1,,1640.0,2836,FULFILLED,ARS,35280.0,7408.8,1500.0,44188.8,20241111
1000010550,722,1,,2270.0,3803,FULFILLED,ARS,27000.0,5670.0,0.0,32670.0,20250117
1000010551,119,1,,2411.0,2670,FULFILLED,ARS,22800.0,4788.0,0.0,27588.0,20240210
1000010552,228,1,,1636.0,2098,FULFILLED,ARS,30000.0,6300.0,900.0,37200.0,20250422
1000010553,166,2,2.0,2550.0,2,FULFILLED,ARS,22200.0,4662.0,0.0,26862.0,20250220
1000010554,460,2,1.0,1650.0,1,PAID,ARS,42750.0,8977.5,0.0,51727.5,20250923
1000010555,1371,1,,,2474,FULFILLED,ARS,32400.0,6804.0,1500.0,40704.0,20250531
1000010556,301,2,4.0,,4,FULFILLED,ARS,40500.0,8505.0,0.0,49005.0,20240309
1000010557,1280,1,,2060.0,1179,REFUNDED,ARS,42750.0,8977.5,1200.0,52927.5,20240706
1000010558,793,1,,2663.0,3783,FULFILLED,ARS,10260.0,2154.6,900.0,13314.6,20250521
1000010559,906,1,,3628.0,4016,REFUNDED,ARS,11760.0,2469.6,1200.0,15429.6,20241008
1000010560,68,1,,1037.0,3475,FULFILLED,ARS,24000.0,5040.0,1200.0,30240.0,20250908
1000010561,585,1,,2464.0,3367,FULFILLED,ARS,43512.0,9137.52,1200.0,53849.52,20250815
1000010562,367,1,,2452.0,1868,PAID,ARS,23520.0,4939.2,1200.0,29659.2,20241030
1000010563,624,1,,,4141,PAID,ARS,72324.0,15188.04,1500.0,89012.04,20240328
1000010564,1411,1,,3584.0,3609,FULFILLED,ARS,38412.0,8066.52,0.0,46478.52,20250115
1000010565,1102,1,,2066.0,1670,FULFILLED,ARS,15675.0,3291.75,900.0,19866.75,20240624
1000010566,1345,1,,1631.0,2354,FULFILLED,ARS,57264.0,12025.44,1200.0,70489.44,20250505
1000010567,302,2,4.0,4163.0,4,FULFILLED,ARS,28500.0,5985.0,0.0,34485.0,20250412
1000010568,792,2,1.0,1258.0,1,FULFILLED,ARS,24000.0,5040.0,0.0,29040.0,20240529
1000010569,1375,2,1.0,3853.0,1,FULFILLED,ARS,55500.0,11655.0,0.0,67155.0,20240609
1000010570,1012,2,3.0,2771.0,3,FULFILLED,ARS,69300.0,14553.0,0.0,83853.0,20240122
1000010571,620,1,,4006.0,2343,FULFILLED,ARS,14250.0,2992.5,1200.0,18442.5,20240314
1000010572,414,1,,1326.0,3312,FULFILLED,ARS,14175.0,2976.75,900.0,18051.75,20250420
1000010573,905,2,3.0,2947.0,3,FULFILLED,ARS,12000.0,2520.0,0.0,14520.0,20250905
1000010574,1104,1,,4185.0,1101,FULFILLED,ARS,45000.0,9450.0,1200.0,55650.0,20240211
1000010575,213,2,4.0,3049.0,4,PAID,ARS,10800.0,2268.0,0.0,13068.0,20240211
1000010576,669,1,,3347.0,2595,FULFILLED,ARS,15000.0,3150.0,900.0,19050.0,20240508
1000010577,1201,1,,3802.0,3783,PAID,ARS,55920.0,11743.2,1500.0,69163.2,20240604
1000010578,1177,2,4.0,1681.0,4,FULFILLED,ARS,36600.0,7686.0,0.0,44286.0,20240901
1000010579,584,1,,1809.0,2447,FULFILLED,ARS,27000.0,5670.0,900.0,33570.0,20250326
1000010580,929,1,,1089.0,2963,FULFILLED,ARS,32400.0,6804.0,900.0,40104.0,20241116
1000010581,554,1,,3945.0,2334,FULFILLED,ARS,37044.0,7779.24,1200.0,46023.24,20240410
1000010582,1093,2,4.0,,4,FULFILLED,ARS,29925.0,6284.25,0.0,36209.25,20240903
1000010583,1326,1,,3306.0,3309,FULFILLED,ARS,26970.0,5663.7,900.0,33533.7,20250606
1000010584,612,1,,3543.0,1192,FULFILLED,ARS,30870.0,6482.7,0.0,37352.7,20250929
1000010585,271,1,,2558.0,4134,FULFILLED,ARS,40500.0,8505.0,0.0,49005.0,20240521
1000010586,832,1,,3588.0,1507,FULFILLED,ARS,28200.0,5922.0,0.0,34122.0,20250501
1000010587,609,1,,3923.0,1750,CANCELLED,ARS,23520.0,4939.2,900.0,29359.2,20240522
1000010588,331,2,4.0,,4,FULFILLED,ARS,14962.5,3142.12,0.0,18104.62,20240614
1000010589,405,1,,1978.0,3968,PAID,ARS,24900.0,5229.0,900.0,31029.0,20240506
1000010590,987,1,,2537.0,4181,FULFILLED,ARS,21600.0,4536.0,1200.0,27336.0,20240416
1000010591,262,1,,2253.0,2724,FULFILLED,ARS,45000.0,9450.0,1200.0,55650.0,20240405
1000010592,148,1,,1884.0,2410,REFUNDED,ARS,25200.0,5292.0,0.0,30492.0,20241212
1000010593,839,2,4.0,3484.0,4,FULFILLED,ARS,10800.0,2268.0,0.0,13068.0,20250723
1000010594,1281,2,2.0,3231.0,2,FULFILLED,ARS,21600.0,4536.0,0.0,26136.0,20240729
1000010595,1042,1,,2776.0,1155,PAID,ARS,19440.0,4082.4,1200.0,24722.4,20241119
1000010596,924,1,,1279.0,3947,FULFILLED,ARS,56889.0,11946.69,1200.0,70035.69,20240319
1000010597,583,2,1.0,2087.0,1,FULFILLED,ARS,23520.0,4939.2,0.0,28459.2,20240320
1000010598,1086,1,,1161.0,2787,FULFILLED,ARS,21168.0,4445.28,900.0,26513.28,20240818
1000010599,779,1,,1280.0,1,CANCELLED,ARS,59100.0,12411.0,900.0,72411.0,20250611
1000010600,85,1,,2338.0,1413,FULFILLED,ARS,11400.0,2394.0,1200.0,14994.0,20250304
1000010601,18,1,,1182.0,1653,FULFILLED,ARS,15000.0,3150.0,1500.0,19650.0,20241111
1000010602,310,2,3.0,1038.0,3,FULFILLED,ARS,45000.0,9450.0,0.0,54450.0,20240813
1000010603,477,1,,1571.0,1856,FULFILLED,ARS,14250.0,2992.5,1200.0,18442.5,20241109
1000010604,1266,1,,1942.0,3605,FULFILLED,ARS,45000.0,9450.0,900.0,55350.0,20240412
1000010605,1173,1,,2084.0,3326,FULFILLED,ARS,9720.0,2041.2,900.0,12661.2,20250424
1000010606,13,2,1.0,4198.0,1,PAID,ARS,15750.0,3307.5,0.0,19057.5,20241011
1000010607,1193,1,,3869.0,3551,FULFILLED,ARS,37800.0,7938.0,1200.0,46938.0,20250421
1000010608,1231,1,,2983.0,1363,FULFILLED,ARS,19440.0,4082.4,1500.0,25022.4,20241005
1000010609,467,2,3.0,1355.0,3,CANCELLED,ARS,47250.0,9922.5,0.0,57172.5,20250114
1000010610,995,1,,,1487,FULFILLED,ARS,22800.0,4788.0,900.0,28488.0,20240530
1000010611,1108,1,,,3206,FULFILLED,ARS,58500.0,12285.0,0.0,70785.0,20240907
1000010612,268,1,,,1941,FULFILLED,ARS,63990.0,13437.9,900.0,78327.9,20250630
1000010613,1496,1,,,3250,FULFILLED,ARS,13500.0,2835.0,0.0,16335.0,20250430
1000010614,1022,2,3.0,3603.0,3,PAID,ARS,79140.0,16619.4,0.0,95759.4,20240110
1000010615,1479,1,,2258.0,2744,FULFILLED,ARS,55500.0,11655.0,1200.0,68355.0,20250719
1000010616,20,1,,,2294,FULFILLED,ARS,66300.0,13923.0,0.0,80223.0,20250118
1000010617,335,2,1.0,1744.0,1,PAID,ARS,14250.0,2992.5,0.0,17242.5,20250204
1000010618,1310,1,,1240.0,3187,FULFILLED,ARS,36000.0,7560.0,900.0,44460.0,20250606
1000010619,289,2,2.0,3698.0,2,FULFILLED,ARS,43200.0,9072.0,0.0,52272.0,20250323
1000010620,926,1,,2936.0,3588,REFUNDED,ARS,32400.0,6804.0,900.0,40104.0,20240330
1000010621,126,1,,2819.0,4142,PAID,ARS,21600.0,4536.0,0.0,26136.0,20250711
1000010622,252,2,1.0,2400.0,1,PAID,ARS,65970.0,13853.7,0.0,79823.7,20250108
1000010623,1070,1,,2821.0,2337,FULFILLED,ARS,40500.0,8505.0,1200.0,50205.0,20250831
1000010624,971,1,,1834.0,3690,FULFILLED,ARS,65280.0,13708.8,900.0,79888.8,20250117
1000010625,1178,1,,3967.0,2328,PAID,ARS,46305.0,9724.05,900.0,56929.05,20250926
1000010626,717,2,1.0,2672.0,1,FULFILLED,ARS,10260.0,2154.6,0.0,12414.6,20250415
1000010627,1217,1,,2.0,3828,FULFILLED,ARS,67500.0,14175.0,900.0,82575.0,20241212
1000010628,513,1,,1494.0,1804,FULFILLED,ARS,12348.0,2593.08,1200.0,16141.08,20250728
1000010629,512,1,,2668.0,2592,REFUNDED,ARS,23520.0,4939.2,1500.0,29959.2,20241025
1000010630,316,1,,2085.0,3679,FULFILLED,ARS,47250.0,9922.5,900.0,58072.5,20241018
1000010631,1141,2,4.0,3590.0,4,FULFILLED,ARS,15000.0,3150.0,0.0,18150.0,20240720
1000010632,1062,1,,2958.0,3500,FULFILLED,ARS,10800.0,2268.0,1200.0,14268.0,20250513
1000010633,216,1,,3326.0,4182,FULFILLED,ARS,34200.0,7182.0,1200.0,42582.0,20241117
1000010634,1452,1,,,2703,FULFILLED,ARS,60300.0,12663.0,900.0,73863.0,20240827
1000010635,981,1,,2965.0,2416,PAID,ARS,47502.0,9975.42,900.0,58377.42,20240116
1000010636,193,2,2.0,3094.0,2,CANCELLED,ARS,35280.0,7408.8,0.0,42688.8,20240425
1000010637,529,2,4.0,1264.0,4,FULFILLED,ARS,12000.0,2520.0,0.0,14520.0,20240701
1000010638,1418,1,,1877.0,1327,PAID,ARS,35640.0,7484.4,1200.0,44324.4,20250507
1000010639,1343,1,,2629.0,2684,FULFILLED,ARS,120870.0,25382.7,1500.0,147752.7,20250208
1000010640,703,1,,2812.0,1976,FULFILLED,ARS,21600.0,4536.0,0.0,26136.0,20240820
1000010641,76,2,1.0,1865.0,1,PAID,ARS,32400.0,6804.0,0.0,39204.0,20240523
1000010642,357,2,2.0,3104.0,2,PAID,ARS,13200.0,2772.0,0.0,15972.0,20250706
1000010643,1007,2,1.0,3154.0,1,FULFILLED,ARS,24000.0,5040.0,0.0,29040.0,20250325
1000010644,1439,1,,1076.0,3864,FULFILLED,ARS,10584.0,2222.64,0.0,12806.64,20250604
1000010645,470,2,4.0,1981.0,4,FULFILLED,ARS,66690.0,14004.9,0.0,80694.9,20240802
1000010646,890,1,,2301.0,1162,CANCELLED,ARS,47025.0,9875.25,900.0,57800.25,20250120
1000010647,276,2,4.0,1531.0,4,FULFILLED,ARS,42120.0,8845.2,0.0,50965.2,20250603
1000010648,145,1,,1063.0,3100,FULFILLED,ARS,24000.0,5040.0,1200.0,30240.0,20240113
1000010649,1063,2,4.0,3146.0,4,FULFILLED,ARS,78750.0,16537.5,0.0,95287.5,20250306
1000010650,594,1,,2958.0,2834,FULFILLED,ARS,63270.0,13286.7,900.0,77456.7,20240228
1000010651,1420,1,,3767.0,3999,FULFILLED,ARS,34560.0,7257.6,1500.0,43317.6,20240327
1000010652,812,1,,3908.0,2871,PAID,ARS,12348.0,2593.08,1500.0,16441.08,20250830
1000010653,1394,2,3.0,,3,FULFILLED,ARS,10800.0,2268.0,0.0,13068.0,20240602
1000010654,196,1,,1402.0,3739,FULFILLED,ARS,45000.0,9450.0,900.0,55350.0,20241201
1000010655,145,2,2.0,1180.0,2,FULFILLED,ARS,75870.0,15932.7,0.0,91802.7,20240828
1000010656,832,1,,2275.0,3712,FULFILLED,ARS,24000.0,5040.0,0.0,29040.0,20250723
1000010657,1239,2,3.0,2752.0,3,FULFILLED,ARS,46305.0,9724.05,0.0,56029.05,20241006
1000010658,805,2,3.0,3334.0,3,PAID,ARS,36000.0,7560.0,0.0,43560.0,20250205
1000010659,889,1,,3548.0,3090,PAID,ARS,32400.0,6804.0,1500.0,40704.0,20250720
1000010660,944,2,2.0,3212.0,2,FULFILLED,ARS,14250.0,2992.5,0.0,17242.5,20240901
1000010661,1233,2,3.0,2218.0,3,FULFILLED,ARS,36000.0,7560.0,0.0,43560.0,20240321
1000010662,142,1,,3929.0,3427,CREATED,ARS,10800.0,2268.0,0.0,13068.0,20240510
1000010663,932,1,,2552.0,3953,CANCELLED,ARS,35640.0,7484.4,1200.0,44324.4,20240126
1000010664,46,2,2.0,,2,FULFILLED,ARS,23520.0,4939.2,0.0,28459.2,20250511
1000010665,518,1,,1284.0,2745,REFUNDED,ARS,11760.0,2469.6,1200.0,15429.6,20241221
1000010666,442,1,,3420.0,1638,FULFILLED,ARS,11400.0,2394.0,900.0,14694.0,20240521
1000010667,366,1,,3073.0,1882,FULFILLED,ARS,33600.0,7056.0,900.0,41556.0,20240802
1000010668,908,2,2.0,1200.0,2,FULFILLED,ARS,31350.0,6583.5,0.0,37933.5,20250715
1000010669,1157,1,,2636.0,1471,FULFILLED,ARS,35280.0,7408.8,0.0,42688.8,20240502
1000010670,763,1,,2950.0,3431,FULFILLED,ARS,45900.0,9639.0,900.0,56439.0,20250809
1000010671,1057,1,,1742.0,2526,CANCELLED,ARS,51300.0,10773.0,1500.0,63573.0,20240309
1000010672,1474,2,4.0,3942.0,4,FULFILLED,ARS,11400.0,2394.0,0.0,13794.0,20240302
1000010673,332,1,,1219.0,2053,PAID,ARS,30000.0,6300.0,1200.0,37500.0,20250123
1000010674,1439,2,2.0,2440.0,2,FULFILLED,ARS,29160.0,6123.6,0.0,35283.6,20240803
1000010675,1004,2,4.0,1970.0,4,PAID,ARS,55462.5,11647.12,0.0,67109.62,20240721
1000010676,538,1,,2673.0,1672,FULFILLED,ARS,14700.0,3087.0,1200.0,18987.0,20250813
1000010677,1039,2,1.0,4007.0,1,FULFILLED,ARS,28500.0,5985.0,0.0,34485.0,20241205
1000010678,1145,1,,4170.0,3979,FULFILLED,ARS,36000.0,7560.0,900.0,44460.0,20240506
1000010679,943,2,4.0,,4,FULFILLED,ARS,47136.0,9898.56,0.0,57034.56,20241218
1000010680,1170,2,4.0,,4,REFUNDED,ARS,20520.0,4309.2,0.0,24829.2,20240127
1000010681,1020,1,,3397.0,3669,FULFILLED,ARS,12000.0,2520.0,900.0,15420.0,20250614
1000010682,1400,2,1.0,4048.0,1,FULFILLED,ARS,30000.0,6300.0,0.0,36300.0,20250903
1000010683,506,2,2.0,2631.0,2,REFUNDED,ARS,33000.0,6930.0,0.0,39930.0,20241125
1000010684,261,1,,3450.0,1797,FULFILLED,ARS,14250.0,2992.5,0.0,17242.5,20250601
1000010685,1437,1,,3306.0,3044,FULFILLED,ARS,34200.0,7182.0,900.0,42282.0,20240628
1000010686,612,2,3.0,2753.0,3,FULFILLED,ARS,24000.0,5040.0,0.0,29040.0,20240825
1000010687,558,1,,2324.0,3986,REFUNDED,ARS,22800.0,4788.0,0.0,27588.0,20240516
1000010688,1040,2,2.0,4068.0,2,FULFILLED,ARS,10800.0,2268.0,0.0,13068.0,20241227
1000010689,487,1,,3802.0,1723,FULFILLED,ARS,15000.0,3150.0,1200.0,19350.0,20241010
1000010690,834,1,,3649.0,1521,CANCELLED,ARS,23520.0,4939.2,0.0,28459.2,20241219
1000010691,1188,2,3.0,1038.0,3,FULFILLED,ARS,12825.0,2693.25,0.0,15518.25,20250908
1000010692,1291,1,,,3963,CREATED,ARS,46800.0,9828.0,1500.0,58128.0,20240911
1000010693,310,1,,3643.0,3343,FULFILLED,ARS,10800.0,2268.0,900.0,13968.0,20250624
1000010694,982,1,,3970.0,3965,FULFILLED,ARS,44550.0,9355.5,900.0,54805.5,20250220
1000010695,743,2,4.0,2460.0,4,FULFILLED,ARS,21168.0,4445.28,0.0,25613.28,20240629
1000010696,224,2,3.0,1614.0,3,FULFILLED,ARS,22800.0,4788.0,0.0,27588.0,20250821
1000010697,1068,1,,2663.0,2697,FULFILLED,ARS,73500.0,15435.0,1200.0,90135.0,20250818
1000010698,113,1,,1661.0,1734,FULFILLED,ARS,22800.0,4788.0,900.0,28488.0,20241209
1000010699,1090,1,,1374.0,2748,FULFILLED,ARS,63300.0,13293.0,1500.0,78093.0,20240928
1000010700,1033,1,,2327.0,3352,PAID,ARS,23940.0,5027.4,1200.0,30167.4,20240921
1000010701,1132,1,,4002.0,2,FULFILLED,ARS,59100.0,12411.0,900.0,72411.0,20241221
1000010702,292,2,3.0,1827.0,3,FULFILLED,ARS,39000.0,8190.0,0.0,47190.0,20250926
1000010703,556,2,4.0,1354.0,4,FULFILLED,ARS,27000.0,5670.0,0.0,32670.0,20240421
1000010704,519,1,,2676.0,3144,FULFILLED,ARS,82305.0,17284.05,1200.0,100789.05,20250424
1000010705,491,2,1.0,1193.0,1,FULFILLED,ARS,56925.0,11954.25,0.0,68879.25,20250522
1000010706,811,1,,3900.0,2472,FULFILLED,ARS,37044.0,7779.24,900.0,45723.24,20250530
1000010707,687,2,1.0,2186.0,1,FULFILLED,ARS,44100.0,9261.0,0.0,53361.0,20241212
1000010708,921,2,1.0,4024.0,1,FULFILLED,ARS,23940.0,5027.4,0.0,28967.4,20250718
1000010709,622,2,4.0,1857.0,4,PAID,ARS,24300.0,5103.0,0.0,29403.0,20250103
1000010710,789,2,1.0,2360.0,1,FULFILLED,ARS,13230.0,2778.3,0.0,16008.3,20241218
1000010711,126,2,1.0,4060.0,1,FULFILLED,ARS,32400.0,6804.0,0.0,39204.0,20250124
1000010712,1176,2,2.0,2939.0,2,FULFILLED,ARS,37275.0,7827.75,0.0,45102.75,20250524
1000010713,282,1,,2488.0,4159,REFUNDED,ARS,101100.0,21231.0,900.0,123231.0,20240623
1000010714,1132,1,,3479.0,3457,FULFILLED,ARS,49500.0,10395.0,1200.0,61095.0,20240204
1000010715,284,2,1.0,,1,REFUNDED,ARS,42750.0,8977.5,0.0,51727.5,20250106
1000010716,174,1,,1130.0,3283,FULFILLED,ARS,11400.0,2394.0,0.0,13794.0,20240105
1000010717,1331,2,3.0,1309.0,3,REFUNDED,ARS,59250.0,12442.5,0.0,71692.5,20250816
1000010718,1216,1,,1221.0,1458,CANCELLED,ARS,29925.0,6284.25,900.0,37109.25,20250913
1000010719,1194,2,1.0,3006.0,1,CANCELLED,ARS,11400.0,2394.0,0.0,13794.0,20240525
1000010720,982,1,,3297.0,1408,FULFILLED,ARS,23520.0,4939.2,0.0,28459.2,20240812
1000010721,545,1,,3925.0,3515,FULFILLED,ARS,14700.0,3087.0,900.0,18687.0,20250623
1000010722,325,1,,3279.0,3679,FULFILLED,ARS,11400.0,2394.0,1500.0,15294.0,20240925
1000010723,867,1,,3465.0,3322,FULFILLED,ARS,40500.0,8505.0,1200.0,50205.0,20250808
1000010724,1059,1,,4111.0,1844,FULFILLED,ARS,48510.0,10187.1,900.0,59597.1,20250908
1000010725,775,1,,3559.0,2030,PAID,ARS,40110.0,8423.1,900.0,49433.1,20241217
1000010726,354,2,2.0,1424.0,2,FULFILLED,ARS,44100.0,9261.0,0.0,53361.0,20240109
1000010727,168,1,,3514.0,2177,FULFILLED,ARS,10584.0,2222.64,900.0,13706.64,20250620
1000010728,638,2,2.0,,2,CANCELLED,ARS,9720.0,2041.2,0.0,11761.2,20250523
1000010729,710,2,2.0,,2,FULFILLED,ARS,27000.0,5670.0,0.0,32670.0,20241001
1000010730,963,1,,2996.0,3305,FULFILLED,ARS,23940.0,5027.4,1200.0,30167.4,20240202
1000010731,1415,2,3.0,1877.0,3,CREATED,ARS,12000.0,2520.0,0.0,14520.0,20250908
1000010732,599,2,1.0,1891.0,1,FULFILLED,ARS,14850.0,3118.5,0.0,17968.5,20250315
1000010733,200,1,,1769.0,3888,FULFILLED,ARS,45000.0,9450.0,900.0,55350.0,20250106
1000010734,1122,2,3.0,2474.0,3,FULFILLED,ARS,10260.0,2154.6,0.0,12414.6,20240602
1000010735,317,2,2.0,1702.0,2,CANCELLED,ARS,9720.0,2041.2,0.0,11761.2,20240421
1000010736,1158,2,2.0,3618.0,2,FULFILLED,ARS,37800.0,7938.0,0.0,45738.0,20240301
1000010737,723,1,,1503.0,1210,FULFILLED,ARS,36000.0,7560.0,0.0,43560.0,20250329
1000010738,1083,1,,4151.0,1056,PAID,ARS,42750.0,8977.5,1200.0,52927.5,20241019
1000010739,352,1,,3445.0,2569,FULFILLED,ARS,31500.0,6615.0,0.0,38115.0,20241126
1000010740,394,1,,4181.0,2478,FULFILLED,ARS,38475.0,8079.75,900.0,47454.75,20240619
1000010741,740,1,,2932.0,2709,CANCELLED,ARS,14250.0,2992.5,0.0,17242.5,20250703
1000010742,1418,2,1.0,2867.0,1,FULFILLED,ARS,41850.0,8788.5,0.0,50638.5,20240606
1000010743,530,1,,3455.0,3910,PAID,ARS,94500.0,19845.0,0.0,114345.0,20240807
1000010744,239,1,,2062.0,1953,FULFILLED,ARS,40848.0,8578.08,1200.0,50626.08,20250423
1000010745,296,1,,3750.0,2437,PAID,ARS,76200.0,16002.0,1200.0,93402.0,20241009
1000010746,854,2,2.0,2628.0,2,CREATED,ARS,51300.0,10773.0,0.0,62073.0,20240109
1000010747,1221,2,3.0,2704.0,3,CANCELLED,ARS,13230.0,2778.3,0.0,16008.3,20250323
1000010748,229,1,,3809.0,1105,FULFILLED,ARS,30780.0,6463.8,1200.0,38443.8,20250113
1000010749,1048,1,,1075.0,3847,PAID,ARS,29400.0,6174.0,1200.0,36774.0,20250323
1000010750,698,1,,3027.0,3930,CREATED,ARS,28350.0,5953.5,1500.0,35803.5,20250305
1000010751,869,2,4.0,1210.0,4,CANCELLED,ARS,13230.0,2778.3,0.0,16008.3,20240316
1000010752,463,1,,1839.0,3143,PAID,ARS,45000.0,9450.0,900.0,55350.0,20240626
1000010753,268,1,,2763.0,3256,CANCELLED,ARS,67221.0,14116.41,1200.0,82537.41,20240123
1000010754,62,1,,3477.0,1065,REFUNDED,ARS,19440.0,4082.4,900.0,24422.4,20250121
1000010755,1242,1,,4067.0,3270,PAID,ARS,14250.0,2992.5,1200.0,18442.5,20240420
1000010756,181,1,,1703.0,2913,FULFILLED,ARS,28500.0,5985.0,0.0,34485.0,20250204
1000010757,1484,2,2.0,1639.0,2,FULFILLED,ARS,22740.0,4775.4,0.0,27515.4,20240529
1000010758,41,1,,2445.0,3743,FULFILLED,ARS,49500.0,10395.0,1200.0,61095.0,20250430
1000010759,497,1,,3932.0,3689,FULFILLED,ARS,35640.0,7484.4,1500.0,44624.4,20250204
1000010760,389,1,,3619.0,2717,REFUNDED,ARS,34200.0,7182.0,1200.0,42582.0,20250207
1000010761,150,1,,2101.0,2222,FULFILLED,ARS,100620.0,21130.2,1200.0,122950.2,20250214
1000010762,1170,1,,1502.0,2055,FULFILLED,ARS,55440.0,11642.4,1200.0,68282.4,20250712
1000010763,1462,2,1.0,3429.0,1,FULFILLED,ARS,29925.0,6284.25,0.0,36209.25,20240423
1000010764,1296,2,2.0,3811.0,2,CANCELLED,ARS,20520.0,4309.2,0.0,24829.2,20250110
1000010765,830,1,,1621.0,3271,REFUNDED,ARS,39690.0,8334.9,1200.0,49224.9,20240801
1000010766,847,1,,3229.0,2667,FULFILLED,ARS,70200.0,14742.0,900.0,85842.0,20240613
1000010767,981,2,3.0,3536.0,3,FULFILLED,ARS,12150.0,2551.5,0.0,14701.5,20240306
1000010768,771,2,1.0,4057.0,1,FULFILLED,ARS,52200.0,10962.0,0.0,63162.0,20250106
1000010769,91,2,4.0,2755.0,4,FULFILLED,ARS,40260.0,8454.6,0.0,48714.6,20250401
1000010770,1173,1,,3309.0,1147,FULFILLED,ARS,11400.0,2394.0,1200.0,14994.0,20250123
1000010771,1317,2,2.0,1953.0,2,PAID,ARS,44550.0,9355.5,0.0,53905.5,20250128
1000010772,1202,1,,2551.0,1379,PAID,ARS,30000.0,6300.0,1200.0,37500.0,20240811
1000010773,422,2,2.0,3957.0,2,FULFILLED,ARS,38475.0,8079.75,0.0,46554.75,20240202
1000010774,847,2,3.0,3612.0,3,CREATED,ARS,44370.0,9317.7,0.0,53687.7,20240430
1000010775,573,1,,2290.0,3132,FULFILLED,ARS,16500.0,3465.0,1200.0,21165.0,20240215
1000010776,1285,2,4.0,2625.0,4,CANCELLED,ARS,49200.0,10332.0,0.0,59532.0,20241027
1000010777,183,1,,2489.0,3312,CREATED,ARS,12000.0,2520.0,900.0,15420.0,20250928
1000010778,663,1,,3878.0,2791,FULFILLED,ARS,44100.0,9261.0,900.0,54261.0,20240216
1000010779,675,1,,2195.0,2496,FULFILLED,ARS,10260.0,2154.6,1200.0,13614.6,20240922
1000010780,306,1,,1180.0,2251,FULFILLED,ARS,24000.0,5040.0,1200.0,30240.0,20240912
1000010781,476,2,1.0,3475.0,1,FULFILLED,ARS,11760.0,2469.6,0.0,14229.6,20250831
1000010782,77,1,,1806.0,2269,FULFILLED,ARS,13200.0,2772.0,900.0,16872.0,20241220
1000010783,956,1,,4192.0,2865,FULFILLED,ARS,67680.0,14212.8,900.0,82792.8,20250426
1000010784,668,2,3.0,4120.0,3,PAID,ARS,28500.0,5985.0,0.0,34485.0,20250302
1000010785,439,1,,2390.0,3712,FULFILLED,ARS,48720.0,10231.2,0.0,58951.2,20250731
1000010786,1457,1,,2385.0,3283,FULFILLED,ARS,23520.0,4939.2,1500.0,29959.2,20241016
1000010787,725,2,4.0,1781.0,4,FULFILLED,ARS,36000.0,7560.0,0.0,43560.0,20240829
1000010788,1457,1,,1897.0,3500,FULFILLED,ARS,22680.0,4762.8,1200.0,28642.8,20250619
1000010789,507,2,4.0,3935.0,4,REFUNDED,ARS,11760.0,2469.6,0.0,14229.6,20240922
1000010790,129,2,4.0,1918.0,4,PAID,ARS,109134.0,22918.14,0.0,132052.14,20250301
1000010791,1407,1,,2186.0,2739,PAID,ARS,10800.0,2268.0,1200.0,14268.0,20241019
1000010792,775,2,2.0,1486.0,2,FULFILLED,ARS,29925.0,6284.25,0.0,36209.25,20250618
1000010793,661,1,,2559.0,3440,FULFILLED,ARS,42750.0,8977.5,1200.0,52927.5,20240404
1000010794,1084,2,3.0,1063.0,3,FULFILLED,ARS,25650.0,5386.5,0.0,31036.5,20250811
1000010795,711,1,,2214.0,3371,FULFILLED,ARS,9720.0,2041.2,1200.0,12961.2,20241030
1000010796,658,1,,3056.0,1098,PAID,ARS,27000.0,5670.0,900.0,33570.0,20250223
1000010797,820,1,,3650.0,3010,FULFILLED,ARS,24696.0,5186.16,1500.0,31382.16,20240722
1000010798,1139,1,,3340.0,2576,FULFILLED,ARS,102600.0,21546.0,0.0,124146.0,20240522
1000010799,1020,2,4.0,1108.0,4,FULFILLED,ARS,16170.0,3395.7,0.0,19565.7,20240528
1000010800,650,2,4.0,3861.0,4,CANCELLED,ARS,27000.0,5670.0,0.0,32670.0,20240212
1000010801,1067,1,,2873.0,1493,FULFILLED,ARS,22680.0,4762.8,0.0,27442.8,20240222
1000010802,676,1,,1674.0,2062,CANCELLED,ARS,28500.0,5985.0,900.0,35385.0,20241231
1000010803,1416,1,,2738.0,2340,FULFILLED,ARS,29400.0,6174.0,900.0,36474.0,20240820
1000010804,908,1,,,3246,PAID,ARS,60000.0,12600.0,1200.0,73800.0,20240128
1000010805,1486,1,,,4010,FULFILLED,ARS,13500.0,2835.0,900.0,17235.0,20240617
1000010806,1064,1,,,4039,FULFILLED,ARS,32400.0,6804.0,900.0,40104.0,20240530
1000010807,529,1,,3889.0,1719,FULFILLED,ARS,37770.0,7931.7,1500.0,47201.7,20240602
1000010808,805,1,,2632.0,3204,FULFILLED,ARS,69660.0,14628.6,900.0,85188.6,20241105
1000010809,927,1,,3911.0,2481,FULFILLED,ARS,35280.0,7408.8,1500.0,44188.8,20240126
1000010810,1062,2,4.0,,4,FULFILLED,ARS,15000.0,3150.0,0.0,18150.0,20250714
1000010811,288,1,,,2937,FULFILLED,ARS,35280.0,7408.8,1200.0,43888.8,20240315
1000010812,412,2,4.0,2085.0,4,FULFILLED,ARS,23760.0,4989.6,0.0,28749.6,20250103
1000010813,4,1,,1786.0,2713,FULFILLED,ARS,11760.0,2469.6,1200.0,15429.6,20240625
1000010814,595,2,2.0,,2,REFUNDED,ARS,14700.0,3087.0,0.0,17787.0,20241227
1000010815,992,2,4.0,,4,FULFILLED,ARS,14175.0,2976.75,0.0,17151.75,20250510
1000010816,1202,2,1.0,2762.0,1,PAID,ARS,64260.0,13494.6,0.0,77754.6,20250412
1000010817,278,2,3.0,1194.0,3,FULFILLED,ARS,34860.0,7320.6,0.0,42180.6,20250417
1000010818,767,2,4.0,,4,FULFILLED,ARS,14250.0,2992.5,0.0,17242.5,20250216
1000010819,672,2,4.0,4150.0,4,FULFILLED,ARS,23760.0,4989.6,0.0,28749.6,20250508
1000010820,425,2,1.0,3078.0,1,FULFILLED,ARS,67687.5,14214.38,0.0,81901.88,20250117
1000010821,673,1,,2560.0,3539,FULFILLED,ARS,24696.0,5186.16,1200.0,31082.16,20250923
1000010822,491,1,,3509.0,3195,FULFILLED,ARS,9720.0,2041.2,1200.0,12961.2,20240401
1000010823,1114,2,2.0,4166.0,2,CANCELLED,ARS,38010.0,7982.1,0.0,45992.1,20250814
1000010824,712,1,,3995.0,3576,PAID,ARS,13230.0,2778.3,1200.0,17208.3,20250904
1000010825,472,1,,3492.0,2686,FULFILLED,ARS,34200.0,7182.0,1200.0,42582.0,20250409
1000010826,440,2,3.0,3245.0,3,FULFILLED,ARS,32400.0,6804.0,0.0,39204.0,20250516
1000010827,844,2,3.0,2763.0,3,FULFILLED,ARS,75765.0,15910.65,0.0,91675.65,20240228
1000010828,1041,1,,2020.0,1954,FULFILLED,ARS,30000.0,6300.0,900.0,37200.0,20250402
1000010829,58,2,1.0,1148.0,1,FULFILLED,ARS,10800.0,2268.0,0.0,13068.0,20241215
1000010830,129,1,,3973.0,2838,FULFILLED,ARS,59062.5,12403.12,1200.0,72665.62,20240228
1000010831,1359,2,3.0,3500.0,3,FULFILLED,ARS,27000.0,5670.0,0.0,32670.0,20250321
1000010832,584,1,,1245.0,3633,FULFILLED,ARS,32400.0,6804.0,900.0,40104.0,20240111
1000010833,672,2,1.0,2228.0,1,FULFILLED,ARS,77407.5,16255.58,0.0,93663.08,20250423
1000010834,942,1,,2896.0,1363,FULFILLED,ARS,25080.0,5266.8,900.0,31246.8,20250128
1000010835,577,2,2.0,2426.0,2,FULFILLED,ARS,37800.0,7938.0,0.0,45738.0,20250730
1000010836,227,1,,3399.0,1476,CANCELLED,ARS,12936.0,2716.56,1200.0,16852.56,20250113
1000010837,242,2,1.0,3881.0,1,FULFILLED,ARS,12150.0,2551.5,0.0,14701.5,20250217
1000010838,1468,2,3.0,2968.0,3,PAID,ARS,20520.0,4309.2,0.0,24829.2,20241205
1000010839,1092,1,,1144.0,4093,FULFILLED,ARS,11340.0,2381.4,1500.0,15221.4,20250530
1000010840,1096,1,,1630.0,1843,FULFILLED,ARS,29400.0,6174.0,900.0,36474.0,20240215
1000010841,871,2,2.0,2277.0,2,FULFILLED,ARS,25650.0,5386.5,0.0,31036.5,20240527
1000010842,200,2,1.0,1775.0,1,FULFILLED,ARS,23520.0,4939.2,0.0,28459.2,20250307
1000010843,1056,1,,3469.0,1006,CANCELLED,ARS,13500.0,2835.0,1200.0,17535.0,20240607
1000010844,341,1,,3656.0,4070,FULFILLED,ARS,14700.0,3087.0,900.0,18687.0,20240318
1000010845,905,1,,2800.0,3509,FULFILLED,ARS,28500.0,5985.0,1200.0,35685.0,20250616
1000010846,124,1,,,3935,FULFILLED,ARS,30870.0,6482.7,900.0,38252.7,20250819
1000010847,420,1,,1378.0,3827,FULFILLED,ARS,44100.0,9261.0,1200.0,54561.0,20240226
1000010848,698,2,1.0,1089.0,1,FULFILLED,ARS,55800.0,11718.0,0.0,67518.0,20240928
1000010849,27,1,,1304.0,3629,FULFILLED,ARS,26400.0,5544.0,900.0,32844.0,20240729
1000010850,989,1,,3459.0,2952,FULFILLED,ARS,14700.0,3087.0,1200.0,18987.0,20241006
1000010851,361,1,,2836.0,2777,PAID,ARS,56400.0,11844.0,900.0,69144.0,20240102
1000010852,1355,1,,4101.0,1317,PAID,ARS,12000.0,2520.0,1500.0,16020.0,20250925
1000010853,250,1,,1524.0,1163,PAID,ARS,12000.0,2520.0,900.0,15420.0,20241201
1000010854,298,1,,1138.0,3325,FULFILLED,ARS,35640.0,7484.4,0.0,43124.4,20240123
1000010855,365,2,4.0,2176.0,4,FULFILLED,ARS,12600.0,2646.0,0.0,15246.0,20250823
1000010856,427,1,,4197.0,2024,FULFILLED,ARS,42750.0,8977.5,1200.0,52927.5,20250521
1000010857,876,1,,2362.0,1402,PAID,ARS,40500.0,8505.0,900.0,49905.0,20250521
1000010858,509,2,2.0,2349.0,2,FULFILLED,ARS,10260.0,2154.6,0.0,12414.6,20250624
1000010859,959,2,2.0,3004.0,2,PAID,ARS,38475.0,8079.75,0.0,46554.75,20250716
1000010860,1450,2,1.0,1423.0,1,PAID,ARS,39000.0,8190.0,0.0,47190.0,20240526
1000010861,261,1,,2284.0,3102,FULFILLED,ARS,45000.0,9450.0,1200.0,55650.0,20250119
1000010862,541,1,,2376.0,3298,FULFILLED,ARS,55350.0,11623.5,1500.0,68473.5,20240701
1000010863,398,1,,,3508,FULFILLED,ARS,26100.0,5481.0,900.0,32481.0,20250713
1000010864,1286,1,,,2939,FULFILLED,ARS,13230.0,2778.3,900.0,16908.3,20250504
1000010865,826,2,1.0,2909.0,1,PAID,ARS,40500.0,8505.0,0.0,49005.0,20240802
1000010866,395,1,,2963.0,1589,PAID,ARS,41436.0,8701.56,900.0,51037.56,20250621
1000010867,752,2,1.0,,1,FULFILLED,ARS,44100.0,9261.0,0.0,53361.0,20250313
1000010868,975,1,,3071.0,3533,FULFILLED,ARS,37044.0,7779.24,1500.0,46323.24,20240925
1000010869,899,1,,3034.0,3766,FULFILLED,ARS,52200.0,10962.0,900.0,64062.0,20241212
1000010870,28,1,,,2633,FULFILLED,ARS,44550.0,9355.5,1200.0,55105.5,20250704
1000010871,208,2,1.0,2914.0,1,FULFILLED,ARS,11400.0,2394.0,0.0,13794.0,20240709
1000010872,1165,2,2.0,4189.0,2,FULFILLED,ARS,11760.0,2469.6,0.0,14229.6,20250119
1000010873,1212,1,,1059.0,1379,PAID,ARS,37548.0,7885.08,0.0,45433.08,20250118
1000010874,1124,1,,2753.0,3313,FULFILLED,ARS,47025.0,9875.25,1200.0,58100.25,20250914
1000010875,1422,2,3.0,3263.0,3,FULFILLED,ARS,32400.0,6804.0,0.0,39204.0,20250702
1000010876,489,1,,1343.0,1948,PAID,ARS,76500.0,16065.0,1200.0,93765.0,20241118
1000010877,109,1,,1439.0,1112,CANCELLED,ARS,21600.0,4536.0,900.0,27036.0,20240307
1000010878,361,2,2.0,3366.0,2,PAID,ARS,34830.0,7314.3,0.0,42144.3,20250726
1000010879,578,1,,1113.0,3811,FULFILLED,ARS,73890.0,15516.9,0.0,89406.9,20250908
1000010880,1067,1,,2230.0,1543,FULFILLED,ARS,16170.0,3395.7,900.0,20465.7,20240609
1000010881,212,2,3.0,3712.0,3,REFUNDED,ARS,62640.0,13154.4,0.0,75794.4,20250625
1000010882,1100,2,3.0,2446.0,3,CREATED,ARS,22800.0,4788.0,0.0,27588.0,20241125
1000010883,24,1,,1149.0,3953,FULFILLED,ARS,41100.0,8631.0,900.0,50631.0,20250705
1000010884,1226,1,,2431.0,1397,FULFILLED,ARS,30870.0,6482.7,1500.0,38852.7,20250411
1000010885,341,1,,,2708,REFUNDED,ARS,30000.0,6300.0,1200.0,37500.0,20250930
1000010886,928,1,,4172.0,2624,FULFILLED,ARS,31752.0,6667.92,1500.0,39919.92,20250122
1000010887,12,2,2.0,3103.0,2,FULFILLED,ARS,36000.0,7560.0,0.0,43560.0,20250109
1000010888,45,2,4.0,2286.0,4,FULFILLED,ARS,29400.0,6174.0,0.0,35574.0,20240615
1000010889,1211,1,,3134.0,2166,FULFILLED,ARS,52200.0,10962.0,1200.0,64362.0,20240229
1000010890,501,1,,2234.0,3747,FULFILLED,ARS,54552.0,11455.92,1200.0,67207.92,20250415
1000010891,504,2,4.0,3188.0,4,FULFILLED,ARS,32400.0,6804.0,0.0,39204.0,20241213
1000010892,708,1,,3996.0,1634,FULFILLED,ARS,49380.0,10369.8,0.0,59749.8,20240411
1000010893,1295,2,3.0,3524.0,3,FULFILLED,ARS,21600.0,4536.0,0.0,26136.0,20250623
1000010894,1144,2,2.0,1798.0,2,CANCELLED,ARS,14700.0,3087.0,0.0,17787.0,20240911
1000010895,6,1,,2316.0,3936,PAID,ARS,42750.0,8977.5,900.0,52627.5,20240102
1000010896,851,1,,1114.0,4025,PAID,ARS,12936.0,2716.56,0.0,15652.56,20250217
1000010897,256,1,,1884.0,3492,FULFILLED,ARS,38475.0,8079.75,900.0,47454.75,20240404
1000010898,322,2,3.0,3430.0,3,FULFILLED,ARS,13500.0,2835.0,0.0,16335.0,20250810
1000010899,952,1,,2472.0,2879,FULFILLED,ARS,14962.5,3142.12,900.0,19004.62,20250416
1000010900,409,2,3.0,2405.0,3,PAID,ARS,23520.0,4939.2,0.0,28459.2,20250119
1000010901,723,1,,3156.0,1461,REFUNDED,ARS,40500.0,8505.0,1500.0,50505.0,20240503
1000010902,797,1,,1029.0,1283,FULFILLED,ARS,36000.0,7560.0,900.0,44460.0,20240117
1000010903,645,2,3.0,3958.0,3,FULFILLED,ARS,48384.0,10160.64,0.0,58544.64,20240211
1000010904,812,1,,2456.0,3791,CREATED,ARS,10800.0,2268.0,900.0,13968.0,20250703
1000010905,1290,1,,2268.0,1670,PAID,ARS,27000.0,5670.0,1200.0,33870.0,20240101
1000010906,1404,2,2.0,1436.0,2,FULFILLED,ARS,26460.0,5556.6,0.0,32016.6,20240706
1000010907,657,1,,2921.0,1003,FULFILLED,ARS,54000.0,11340.0,1200.0,66540.0,20250202
1000010908,858,2,1.0,1140.0,1,PAID,ARS,10800.0,2268.0,0.0,13068.0,20240509
1000010909,866,2,1.0,3138.0,1,FULFILLED,ARS,54300.0,11403.0,0.0,65703.0,20241228
1000010910,300,1,,2014.0,2929,FULFILLED,ARS,66487.5,13962.38,900.0,81349.88,20250617
1000010911,386,2,1.0,3040.0,1,FULFILLED,ARS,25260.0,5304.6,0.0,30564.6,20250703
1000010912,450,1,,2110.0,3689,PAID,ARS,66975.0,14064.75,1200.0,82239.75,20240610
1000010913,128,1,,4141.0,1162,FULFILLED,ARS,24150.0,5071.5,900.0,30121.5,20240624
1000010914,1298,2,3.0,3145.0,3,PAID,ARS,21600.0,4536.0,0.0,26136.0,20240827
1000010915,1288,1,,2301.0,2205,CANCELLED,ARS,32340.0,6791.4,900.0,40031.4,20240914
1000010916,681,1,,1040.0,1723,FULFILLED,ARS,69000.0,14490.0,1200.0,84690.0,20240522
1000010917,689,1,,1985.0,3990,FULFILLED,ARS,10800.0,2268.0,0.0,13068.0,20240127
1000010918,40,1,,3653.0,1197,PAID,ARS,26460.0,5556.6,1200.0,33216.6,20240531
1000010919,780,1,,4161.0,2431,FULFILLED,ARS,83025.0,17435.25,0.0,100460.25,20240607
1000010920,1498,1,,1747.0,2671,FULFILLED,ARS,47250.0,9922.5,900.0,58072.5,20240609
1000010921,1398,1,,1770.0,3125,FULFILLED,ARS,42750.0,8977.5,1200.0,52927.5,20250515
1000010922,1164,2,2.0,1813.0,2,FULFILLED,ARS,43800.0,9198.0,0.0,52998.0,20250904
1000010923,394,1,,1642.0,1066,FULFILLED,ARS,24000.0,5040.0,1200.0,30240.0,20240826
1000010924,1077,2,2.0,1839.0,2,FULFILLED,ARS,24300.0,5103.0,0.0,29403.0,20240421
1000010925,1339,1,,3864.0,3990,FULFILLED,ARS,28500.0,5985.0,900.0,35385.0,20240515
1000010926,983,2,2.0,1043.0,2,REFUNDED,ARS,34200.0,7182.0,0.0,41382.0,20250227
1000010927,541,2,3.0,1345.0,3,FULFILLED,ARS,27000.0,5670.0,0.0,32670.0,20240313
1000010928,967,1,,3265.0,1038,FULFILLED,ARS,16170.0,3395.7,900.0,20465.7,20241028
1000010929,1405,2,2.0,,2,FULFILLED,ARS,89880.0,18874.8,0.0,108754.8,20250522
1000010930,147,1,,3650.0,3019,FULFILLED,ARS,27000.0,5670.0,1200.0,33870.0,20250918
1000010931,1093,2,3.0,2438.0,3,FULFILLED,ARS,31500.0,6615.0,0.0,38115.0,20250821
1000010932,1452,1,,2970.0,2643,FULFILLED,ARS,33000.0,6930.0,900.0,40830.0,20241219
1000010933,1409,2,2.0,3462.0,2,FULFILLED,ARS,12150.0,2551.5,0.0,14701.5,20240111
1000010934,900,1,,1305.0,1899,REFUNDED,ARS,12540.0,2633.4,900.0,16073.4,20250328
1000010935,948,1,,3970.0,1774,CANCELLED,ARS,31752.0,6667.92,1500.0,39919.92,20250630
1000010936,1160,1,,2914.0,1432,REFUNDED,ARS,79200.0,16632.0,900.0,96732.0,20250119
1000010937,330,2,4.0,3116.0,4,FULFILLED,ARS,79087.5,16608.38,0.0,95695.88,20241021
1000010938,1194,2,4.0,1901.0,4,CANCELLED,ARS,13500.0,2835.0,0.0,16335.0,20250408
1000010939,428,1,,1175.0,1012,FULFILLED,ARS,105487.5,22152.38,1200.0,128839.88,20240226
1000010940,445,1,,4049.0,2053,CANCELLED,ARS,11760.0,2469.6,900.0,15129.6,20240325
1000010941,1264,1,,2879.0,3595,CANCELLED,ARS,10260.0,2154.6,0.0,12414.6,20241106
1000010942,801,1,,2434.0,3883,FULFILLED,ARS,58995.0,12388.95,1500.0,72883.95,20241025
1000010943,1032,2,4.0,2031.0,4,FULFILLED,ARS,10800.0,2268.0,0.0,13068.0,20240722
1000010944,274,2,4.0,1752.0,4,PAID,ARS,36600.0,7686.0,0.0,44286.0,20250316
1000010945,1151,1,,2660.0,1052,FULFILLED,ARS,30000.0,6300.0,0.0,36300.0,20250517
1000010946,1125,1,,3915.0,2952,FULFILLED,ARS,21600.0,4536.0,900.0,27036.0,20241112
1000010947,989,2,3.0,,3,FULFILLED,ARS,75525.0,15860.25,0.0,91385.25,20240429
1000010948,1130,2,1.0,3147.0,1,CANCELLED,ARS,36450.0,7654.5,0.0,44104.5,20240831
1000010949,1466,2,1.0,3613.0,1,FULFILLED,ARS,19440.0,4082.4,0.0,23522.4,20241204
1000010950,662,1,,3186.0,3708,REFUNDED,ARS,30000.0,6300.0,1200.0,37500.0,20250919
1000010951,1166,1,,1712.0,4143,PAID,ARS,20520.0,4309.2,1500.0,26329.2,20250327
1000010952,847,1,,1269.0,1421,FULFILLED,ARS,62130.0,13047.3,900.0,76077.3,20250911
1000010953,503,2,1.0,2171.0,1,REFUNDED,ARS,75150.0,15781.5,0.0,90931.5,20250630
1000010954,732,2,1.0,3727.0,1,CANCELLED,ARS,24900.0,5229.0,0.0,30129.0,20240217
1000010955,1107,1,,1721.0,1296,FULFILLED,ARS,14700.0,3087.0,900.0,18687.0,20250912
1000010956,308,1,,1344.0,1906,FULFILLED,ARS,51219.0,10755.99,1200.0,63174.99,20250326
1000010957,438,2,4.0,2304.0,4,FULFILLED,ARS,22800.0,4788.0,0.0,27588.0,20240315
1000010958,503,2,2.0,2866.0,2,FULFILLED,ARS,13230.0,2778.3,0.0,16008.3,20241015
1000010959,1453,1,,1975.0,1211,FULFILLED,ARS,37620.0,7900.2,0.0,45520.2,20241027
1000010960,751,1,,1546.0,3266,CANCELLED,ARS,24000.0,5040.0,0.0,29040.0,20241104
1000010961,1000,2,4.0,,4,FULFILLED,ARS,35640.0,7484.4,0.0,43124.4,20250119
1000010962,354,1,,2027.0,4103,PAID,ARS,26700.0,5607.0,1200.0,33507.0,20250713
1000010963,885,1,,3733.0,2860,FULFILLED,ARS,35280.0,7408.8,900.0,43588.8,20250723
1000010964,1233,1,,1741.0,4192,FULFILLED,ARS,30000.0,6300.0,900.0,37200.0,20250613
1000010965,325,2,1.0,2431.0,1,FULFILLED,ARS,29160.0,6123.6,0.0,35283.6,20250107
1000010966,412,1,,1686.0,4152,FULFILLED,ARS,28500.0,5985.0,900.0,35385.0,20250728
1000010967,1236,2,1.0,1292.0,1,FULFILLED,ARS,63750.0,13387.5,0.0,77137.5,20240823
1000010968,61,2,1.0,3749.0,1,FULFILLED,ARS,27000.0,5670.0,0.0,32670.0,20241212
1000010969,747,2,3.0,2599.0,3,PAID,ARS,71370.0,14987.7,0.0,86357.7,20240728
1000010970,843,2,1.0,2999.0,1,CREATED,ARS,11400.0,2394.0,0.0,13794.0,20250529
1000010971,335,2,1.0,1516.0,1,FULFILLED,ARS,11760.0,2469.6,0.0,14229.6,20241224
1000010972,285,2,2.0,1438.0,2,FULFILLED,ARS,45000.0,9450.0,0.0,54450.0,20240214
1000010973,928,1,,1116.0,2078,FULFILLED,ARS,42180.0,8857.8,1200.0,52237.8,20250217
1000010974,790,1,,1740.0,2628,PAID,ARS,22800.0,4788.0,900.0,28488.0,20240506
1000010975,1398,1,,1095.0,1857,FULFILLED,ARS,12000.0,2520.0,900.0,15420.0,20250128
1000010976,782,2,3.0,1912.0,3,FULFILLED,ARS,72324.0,15188.04,0.0,87512.04,20250402
1000010977,1088,1,,1390.0,3569,PAID,ARS,97650.0,20506.5,1200.0,119356.5,20240715
1000010978,1171,2,1.0,,1,FULFILLED,ARS,11760.0,2469.6,0.0,14229.6,20240402
1000010979,1178,1,,3868.0,2307,PAID,ARS,23520.0,4939.2,1200.0,29659.2,20240709
1000010980,1103,2,2.0,2777.0,2,FULFILLED,ARS,72075.0,15135.75,0.0,87210.75,20250202
1000010981,28,1,,3541.0,2354,FULFILLED,ARS,44286.0,9300.06,1200.0,54786.06,20250204
1000010982,1148,2,4.0,2717.0,4,PAID,ARS,14250.0,2992.5,0.0,17242.5,20250610
1000010983,1381,1,,3723.0,1333,PAID,ARS,28500.0,5985.0,900.0,35385.0,20241113
1000010984,1132,1,,2220.0,2759,FULFILLED,ARS,51540.0,10823.4,0.0,62363.4,20240308
1000010985,99,2,3.0,1721.0,3,PAID,ARS,11760.0,2469.6,0.0,14229.6,20240120
1000010986,380,1,,3372.0,3221,FULFILLED,ARS,85500.0,17955.0,900.0,104355.0,20250324
1000010987,441,1,,1974.0,2894,PAID,ARS,12825.0,2693.25,1200.0,16718.25,20240625
1000010988,1341,2,2.0,3641.0,2,CANCELLED,ARS,47250.0,9922.5,0.0,57172.5,20240402
1000010989,1095,2,2.0,1726.0,2,PAID,ARS,12000.0,2520.0,0.0,14520.0,20240703
1000010990,1139,1,,,3631,FULFILLED,ARS,29400.0,6174.0,900.0,36474.0,20250424
1000010991,775,1,,3743.0,2364,FULFILLED,ARS,49230.0,10338.3,1200.0,60768.3,20241201
1000010992,783,2,1.0,3299.0,1,FULFILLED,ARS,22800.0,4788.0,0.0,27588.0,20240528
1000010993,115,1,,3074.0,3889,FULFILLED,ARS,66150.0,13891.5,0.0,80041.5,20250216
1000010994,45,1,,3116.0,3552,FULFILLED,ARS,21600.0,4536.0,1500.0,27636.0,20250829
1000010995,691,2,2.0,3508.0,2,FULFILLED,ARS,68400.0,14364.0,0.0,82764.0,20241010
1000010996,353,1,,1442.0,2784,FULFILLED,ARS,24000.0,5040.0,900.0,29940.0,20240104
1000010997,1332,1,,3265.0,3203,REFUNDED,ARS,42552.0,8935.92,1200.0,52687.92,20240516
1000010998,86,1,,2240.0,3629,FULFILLED,ARS,68490.0,14382.9,1500.0,84372.9,20250909
1000010999,1214,1,,2385.0,1754,FULFILLED,ARS,67350.0,14143.5,900.0,82393.5,20241001
1000011000,487,1,,1463.0,3062,FULFILLED,ARS,13500.0,2835.0,1500.0,17835.0,20250624
1000011001,1048,2,2.0,,2,PAID,ARS,69690.0,14634.9,0.0,84324.9,20241108
1000011002,1472,2,3.0,2812.0,3,FULFILLED,ARS,64125.0,13466.25,0.0,77591.25,20250226
1000011003,693,2,4.0,,4,FULFILLED,ARS,15000.0,3150.0,0.0,18150.0,20250902
1000011004,1264,1,,1326.0,3898,CANCELLED,ARS,38475.0,8079.75,900.0,47454.75,20240223
1000011005,1219,1,,,3679,PAID,ARS,72870.0,15302.7,0.0,88172.7,20250316
1000011006,18,2,2.0,2250.0,2,FULFILLED,ARS,40500.0,8505.0,0.0,49005.0,20240525
1000011007,11,1,,2045.0,3585,FULFILLED,ARS,24000.0,5040.0,1200.0,30240.0,20250424
1000011008,1054,1,,2803.0,3769,PAID,ARS,35280.0,7408.8,1200.0,43888.8,20240220
1000011009,650,2,2.0,3305.0,2,FULFILLED,ARS,22800.0,4788.0,0.0,27588.0,20250728
1000011010,1169,2,2.0,3279.0,2,FULFILLED,ARS,45000.0,9450.0,0.0,54450.0,20240207
1000011011,811,1,,2782.0,3087,FULFILLED,ARS,10260.0,2154.6,1200.0,13614.6,20240609
1000011012,844,1,,1258.0,2500,FULFILLED,ARS,35280.0,7408.8,1200.0,43888.8,20250811
1000011013,62,2,3.0,1682.0,3,FULFILLED,ARS,10800.0,2268.0,0.0,13068.0,20240410
1000011014,1099,1,,2096.0,1458,PAID,ARS,25650.0,5386.5,1200.0,32236.5,20241206
1000011015,254,1,,2665.0,4185,FULFILLED,ARS,10584.0,2222.64,1200.0,14006.64,20250712
1000011016,1467,1,,2484.0,2933,FULFILLED,ARS,52260.0,10974.6,1500.0,64734.6,20250112
1000011017,326,2,4.0,3024.0,4,REFUNDED,ARS,35280.0,7408.8,0.0,42688.8,20250821
1000011018,1087,2,3.0,2676.0,3,FULFILLED,ARS,30000.0,6300.0,0.0,36300.0,20250520
1000011019,695,1,,4138.0,4072,PAID,ARS,12000.0,2520.0,900.0,15420.0,20250128
1000011020,791,2,4.0,2203.0,4,FULFILLED,ARS,63000.0,13230.0,0.0,76230.0,20250601
1000011021,16,1,,1425.0,3921,FULFILLED,ARS,26100.0,5481.0,1200.0,32781.0,20240902
1000011022,919,2,1.0,1498.0,1,FULFILLED,ARS,21600.0,4536.0,0.0,26136.0,20241010
1000011023,512,1,,3213.0,3113,CANCELLED,ARS,40500.0,8505.0,900.0,49905.0,20250125
1000011024,798,2,3.0,1542.0,3,FULFILLED,ARS,27000.0,5670.0,0.0,32670.0,20240316
1000011025,878,2,1.0,3664.0,1,FULFILLED,ARS,56742.0,11915.82,0.0,68657.82,20250723
1000011026,6,2,3.0,1514.0,3,FULFILLED,ARS,15000.0,3150.0,0.0,18150.0,20240623
1000011027,611,1,,1698.0,3261,CREATED,ARS,35280.0,7408.8,900.0,43588.8,20250213
1000011028,644,1,,3095.0,3597,FULFILLED,ARS,70500.0,14805.0,900.0,86205.0,20240209
1000011029,967,1,,4021.0,1056,FULFILLED,ARS,23520.0,4939.2,1200.0,29659.2,20240903
1000011030,987,1,,3639.0,3489,CANCELLED,ARS,11760.0,2469.6,900.0,15129.6,20240726
1000011031,1146,1,,2146.0,1079,FULFILLED,ARS,22140.0,4649.4,1500.0,28289.4,20250830
1000011032,227,1,,1323.0,3443,FULFILLED,ARS,56820.0,11932.2,1200.0,69952.2,20240106
1000011033,1378,1,,2051.0,1531,FULFILLED,ARS,28500.0,5985.0,900.0,35385.0,20241022
1000011034,112,1,,3223.0,2746,CANCELLED,ARS,24108.0,5062.68,1500.0,30670.68,20240119
1000011035,393,1,,3750.0,3821,FULFILLED,ARS,11400.0,2394.0,1500.0,15294.0,20240723
1000011036,489,2,2.0,2025.0,2,FULFILLED,ARS,48936.0,10276.56,0.0,59212.56,20250817
1000011037,831,2,2.0,3575.0,2,PAID,ARS,29925.0,6284.25,0.0,36209.25,20250908
1000011038,951,1,,1483.0,1836,FULFILLED,ARS,64125.0,13466.25,1200.0,78791.25,20240905
1000011039,150,1,,2253.0,4176,FULFILLED,ARS,32400.0,6804.0,1200.0,40404.0,20240824
1000011040,1306,2,3.0,1683.0,3,FULFILLED,ARS,12000.0,2520.0,0.0,14520.0,20241031
1000011041,849,2,3.0,,3,FULFILLED,ARS,10800.0,2268.0,0.0,13068.0,20241203
1000011042,165,1,,3363.0,3905,FULFILLED,ARS,29925.0,6284.25,0.0,36209.25,20240924
1000011043,1090,2,1.0,3693.0,1,PAID,ARS,86805.0,18229.05,0.0,105034.05,20250120
1000011044,63,1,,1676.0,2816,FULFILLED,ARS,51168.0,10745.28,0.0,61913.28,20240517
1000011045,47,2,1.0,1987.0,1,FULFILLED,ARS,40500.0,8505.0,0.0,49005.0,20240123
1000011046,197,1,,2996.0,1782,FULFILLED,ARS,14700.0,3087.0,1500.0,19287.0,20240402
1000011047,951,1,,1815.0,1472,FULFILLED,ARS,14700.0,3087.0,900.0,18687.0,20250210
1000011048,384,1,,4027.0,3877,FULFILLED,ARS,44100.0,9261.0,1500.0,54861.0,20241125
1000011049,359,1,,1332.0,3816,FULFILLED,ARS,12150.0,2551.5,1200.0,15901.5,20241006
1000011050,505,2,1.0,2595.0,1,FULFILLED,ARS,32400.0,6804.0,0.0,39204.0,20240819
1000011051,296,1,,,1884,FULFILLED,ARS,76650.0,16096.5,1200.0,93946.5,20250105
1000011052,32,1,,,3521,FULFILLED,ARS,23520.0,4939.2,900.0,29359.2,20250821
1000011053,459,2,2.0,,2,FULFILLED,ARS,32400.0,6804.0,0.0,39204.0,20250101
1000011054,468,1,,,1305,PAID,ARS,81810.0,17180.1,900.0,99890.1,20240203
1000011055,1204,2,2.0,2878.0,2,FULFILLED,ARS,22800.0,4788.0,0.0,27588.0,20240531
1000011056,1329,1,,3333.0,2227,CANCELLED,ARS,52320.0,10987.2,900.0,64207.2,20240407
1000011057,835,1,,3960.0,3566,FULFILLED,ARS,13200.0,2772.0,900.0,16872.0,20240417
1000011058,828,2,4.0,3741.0,4,FULFILLED,ARS,25650.0,5386.5,0.0,31036.5,20250715
1000011059,1175,1,,3030.0,3242,FULFILLED,ARS,30000.0,6300.0,1200.0,37500.0,20241231
1000011060,1486,1,,2555.0,3258,REFUNDED,ARS,24300.0,5103.0,0.0,29403.0,20240112
1000011061,1319,2,3.0,2463.0,3,FULFILLED,ARS,10800.0,2268.0,0.0,13068.0,20240802
1000011062,78,2,2.0,1407.0,2,FULFILLED,ARS,28500.0,5985.0,0.0,34485.0,20250715
1000011063,1439,1,,1407.0,2146,FULFILLED,ARS,47250.0,9922.5,900.0,58072.5,20240721
1000011064,1405,1,,,3440,FULFILLED,ARS,11760.0,2469.6,900.0,15129.6,20240701
1000011065,255,1,,3655.0,3107,FULFILLED,ARS,73500.0,15435.0,900.0,89835.0,20250131
1000011066,251,1,,1963.0,2885,FULFILLED,ARS,24300.0,5103.0,900.0,30303.0,20250804
1000011067,849,1,,,3075,PAID,ARS,51300.0,10773.0,1200.0,63273.0,20241215
1000011068,1380,1,,1495.0,1525,FULFILLED,ARS,45000.0,9450.0,1200.0,55650.0,20250601
1000011069,393,2,4.0,1650.0,4,CANCELLED,ARS,20520.0,4309.2,0.0,24829.2,20240203
1000011070,1129,1,,1749.0,3028,FULFILLED,ARS,14250.0,2992.5,0.0,17242.5,20240305
1000011071,27,2,1.0,2285.0,1,FULFILLED,ARS,31500.0,6615.0,0.0,38115.0,20250926
1000011072,1324,1,,3083.0,3486,CANCELLED,ARS,57000.0,11970.0,1200.0,70170.0,20250311
1000011073,965,2,4.0,2610.0,4,FULFILLED,ARS,30780.0,6463.8,0.0,37243.8,20250309
1000011074,804,1,,3386.0,3410,FULFILLED,ARS,13500.0,2835.0,1500.0,17835.0,20240827
1000011075,1107,2,4.0,2447.0,4,FULFILLED,ARS,34200.0,7182.0,0.0,41382.0,20240720
1000011076,1186,1,,4189.0,3795,FULFILLED,ARS,64500.0,13545.0,900.0,78945.0,20240516
1000011077,186,2,3.0,1724.0,3,PAID,ARS,24000.0,5040.0,0.0,29040.0,20240401
1000011078,778,1,,1791.0,3461,FULFILLED,ARS,24000.0,5040.0,0.0,29040.0,20250318
1000011079,31,1,,1499.0,2535,FULFILLED,ARS,29400.0,6174.0,900.0,36474.0,20240303
1000011080,207,1,,2357.0,3513,FULFILLED,ARS,23940.0,5027.4,1200.0,30167.4,20250618
1000011081,1010,1,,1132.0,2832,FULFILLED,ARS,21600.0,4536.0,900.0,27036.0,20250212
1000011082,1178,1,,2300.0,3761,PAID,ARS,50610.0,10628.1,1200.0,62438.1,20240619
1000011083,1419,1,,1814.0,2001,CANCELLED,ARS,12600.0,2646.0,900.0,16146.0,20250606
1000011084,1202,1,,4113.0,2904,FULFILLED,ARS,76950.0,16159.5,1200.0,94309.5,20250411
1000011085,1462,1,,,2640,CANCELLED,ARS,90450.0,18994.5,0.0,109444.5,20240511
1000011086,299,1,,,1268,FULFILLED,ARS,10800.0,2268.0,1200.0,14268.0,20250101
1000011087,896,1,,2235.0,2558,CANCELLED,ARS,79200.0,16632.0,1500.0,97332.0,20250323
1000011088,800,2,2.0,1892.0,2,FULFILLED,ARS,45000.0,9450.0,0.0,54450.0,20241107
1000011089,304,2,2.0,1843.0,2,FULFILLED,ARS,30780.0,6463.8,0.0,37243.8,20240331
1000011090,1268,2,2.0,3874.0,2,FULFILLED,ARS,14250.0,2992.5,0.0,17242.5,20240104
1000011091,1135,2,1.0,,1,FULFILLED,ARS,30870.0,6482.7,0.0,37352.7,20250823
1000011092,915,1,,2661.0,1408,PAID,ARS,13500.0,2835.0,900.0,17235.0,20240226
1000011093,1400,2,2.0,4039.0,2,FULFILLED,ARS,45000.0,9450.0,0.0,54450.0,20241211
1000011094,1342,2,4.0,4070.0,4,FULFILLED,ARS,24000.0,5040.0,0.0,29040.0,20241226
1000011095,464,1,,1302.0,1277,FULFILLED,ARS,20520.0,4309.2,900.0,25729.2,20250824
1000011096,556,1,,2888.0,3912,FULFILLED,ARS,11760.0,2469.6,0.0,14229.6,20241009
1000011097,999,2,3.0,3223.0,3,FULFILLED,ARS,12000.0,2520.0,0.0,14520.0,20250823
1000011098,1011,1,,,1206,FULFILLED,ARS,27000.0,5670.0,1200.0,33870.0,20240131
1000011099,1314,2,3.0,3575.0,3,PAID,ARS,15000.0,3150.0,0.0,18150.0,20250426
1000011100,1387,1,,2896.0,3750,FULFILLED,ARS,23520.0,4939.2,1200.0,29659.2,20241113
1000011101,849,1,,,1449,FULFILLED,ARS,12936.0,2716.56,1500.0,17152.56,20250524
1000011102,183,1,,4187.0,2737,PAID,ARS,37800.0,7938.0,1500.0,47238.0,20241224
1000011103,589,2,3.0,,3,FULFILLED,ARS,57720.0,12121.2,0.0,69841.2,20240323
1000011104,675,1,,1001.0,3787,CANCELLED,ARS,59100.0,12411.0,1200.0,72711.0,20240901
1000011105,1051,1,,2497.0,3186,FULFILLED,ARS,22200.0,4662.0,900.0,27762.0,20241215
1000011106,1093,1,,,2669,FULFILLED,ARS,24000.0,5040.0,0.0,29040.0,20240819
1000011107,687,2,3.0,2418.0,3,FULFILLED,ARS,21600.0,4536.0,0.0,26136.0,20240529
1000011108,1456,1,,1489.0,2383,FULFILLED,ARS,10800.0,2268.0,900.0,13968.0,20241103
1000011109,862,1,,3335.0,2166,FULFILLED,ARS,44100.0,9261.0,0.0,53361.0,20250529
1000011110,1127,2,1.0,1169.0,1,PAID,ARS,23520.0,4939.2,0.0,28459.2,20240701
1000011111,80,1,,,1279,CANCELLED,ARS,86887.5,18246.38,1200.0,106333.88,20250914
1000011112,855,1,,1793.0,2786,FULFILLED,ARS,27000.0,5670.0,1500.0,34170.0,20250118
1000011113,252,2,2.0,1411.0,2,FULFILLED,ARS,12936.0,2716.56,0.0,15652.56,20250603
1000011114,465,1,,2252.0,3590,FULFILLED,ARS,14700.0,3087.0,1200.0,18987.0,20240912
1000011115,1073,2,1.0,3436.0,1,PAID,ARS,28500.0,5985.0,0.0,34485.0,20250823
1000011116,865,2,1.0,2551.0,1,FULFILLED,ARS,75240.0,15800.4,0.0,91040.4,20241218
1000011117,482,2,4.0,,4,FULFILLED,ARS,102750.0,21577.5,0.0,124327.5,20250330
1000011118,405,1,,2500.0,2737,CANCELLED,ARS,11760.0,2469.6,900.0,15129.6,20240213
1000011119,353,1,,1320.0,4176,FULFILLED,ARS,44100.0,9261.0,1200.0,54561.0,20240620
1000011120,171,1,,1030.0,1309,PAID,ARS,50715.0,10650.15,1500.0,62865.15,20250224
1000011121,281,2,3.0,3243.0,3,FULFILLED,ARS,42750.0,8977.5,0.0,51727.5,20250807
1000011122,1067,1,,1789.0,3463,FULFILLED,ARS,42750.0,8977.5,1500.0,53227.5,20250809
1000011123,1376,1,,3313.0,2504,FULFILLED,ARS,54720.0,11491.2,900.0,67111.2,20240511
1000011124,231,1,,,3620,FULFILLED,ARS,10584.0,2222.64,900.0,13706.64,20240401
1000011125,17,1,,1319.0,4171,FULFILLED,ARS,21600.0,4536.0,0.0,26136.0,20240921
1000011126,939,2,1.0,2999.0,1,CANCELLED,ARS,52500.0,11025.0,0.0,63525.0,20241031
1000011127,486,2,2.0,2531.0,2,FULFILLED,ARS,44100.0,9261.0,0.0,53361.0,20240225
1000011128,1184,1,,3060.0,4123,FULFILLED,ARS,87672.0,18411.12,1500.0,107583.12,20250411
1000011129,843,1,,2678.0,1998,FULFILLED,ARS,50250.0,10552.5,1200.0,62002.5,20241217
1000011130,1383,1,,1821.0,3202,FULFILLED,ARS,38808.0,8149.68,900.0,47857.68,20240502
1000011131,1412,1,,1304.0,1439,CANCELLED,ARS,36000.0,7560.0,1500.0,45060.0,20250927
1000011132,1346,1,,3774.0,1061,FULFILLED,ARS,40500.0,8505.0,900.0,49905.0,20240307
1000011133,652,2,1.0,1166.0,1,FULFILLED,ARS,11340.0,2381.4,0.0,13721.4,20250412
1000011134,294,1,,1907.0,4033,PAID,ARS,40500.0,8505.0,0.0,49005.0,20250503
1000011135,1187,1,,2193.0,1916,FULFILLED,ARS,40500.0,8505.0,1200.0,50205.0,20240130
1000011136,1487,2,2.0,3507.0,2,FULFILLED,ARS,16170.0,3395.7,0.0,19565.7,20250207
1000011137,512,1,,2139.0,2152,FULFILLED,ARS,24000.0,5040.0,1200.0,30240.0,20241228
1000011138,897,1,,1828.0,2296,FULFILLED,ARS,63888.0,13416.48,1200.0,78504.48,20250906
1000011139,700,1,,3410.0,3832,FULFILLED,ARS,24300.0,5103.0,900.0,30303.0,20250625
1000011140,552,1,,,3740,FULFILLED,ARS,81096.0,17030.16,1200.0,99326.16,20250727
1000011141,984,1,,3359.0,2092,FULFILLED,ARS,44550.0,9355.5,1500.0,55405.5,20250513
1000011142,684,2,4.0,3311.0,4,FULFILLED,ARS,45000.0,9450.0,0.0,54450.0,20250626
1000011143,874,2,3.0,3166.0,3,FULFILLED,ARS,12150.0,2551.5,0.0,14701.5,20241127
1000011144,1459,2,4.0,4120.0,4,FULFILLED,ARS,70200.0,14742.0,0.0,84942.0,20250919
1000011145,349,2,4.0,2171.0,4,CANCELLED,ARS,73530.0,15441.3,0.0,88971.3,20250121
1000011146,54,1,,1412.0,2434,CANCELLED,ARS,57705.0,12118.05,900.0,70723.05,20250715
1000011147,554,1,,1362.0,2376,FULFILLED,ARS,36000.0,7560.0,900.0,44460.0,20241020
1000011148,558,2,4.0,3707.0,4,FULFILLED,ARS,35700.0,7497.0,0.0,43197.0,20240807
1000011149,134,1,,2530.0,3996,FULFILLED,ARS,12825.0,2693.25,900.0,16418.25,20240813
1000011150,1239,1,,3049.0,1147,FULFILLED,ARS,13230.0,2778.3,900.0,16908.3,20250313
1000011151,538,1,,3684.0,4022,REFUNDED,ARS,14250.0,2992.5,900.0,18142.5,20241120
1000011152,783,2,3.0,2591.0,3,FULFILLED,ARS,48780.0,10243.8,0.0,59023.8,20250912
1000011153,280,2,3.0,1152.0,3,FULFILLED,ARS,34020.0,7144.2,0.0,41164.2,20240125
1000011154,590,2,2.0,,2,FULFILLED,ARS,9720.0,2041.2,0.0,11761.2,20240802
1000011155,895,2,3.0,,3,FULFILLED,ARS,28350.0,5953.5,0.0,34303.5,20250815
1000011156,104,1,,1692.0,1838,PAID,ARS,9720.0,2041.2,1200.0,12961.2,20241008
1000011157,358,1,,3006.0,1994,FULFILLED,ARS,47025.0,9875.25,1200.0,58100.25,20240109
1000011158,564,1,,2139.0,1917,FULFILLED,ARS,29400.0,6174.0,1200.0,36774.0,20241025
1000011159,1025,2,1.0,1436.0,1,FULFILLED,ARS,32400.0,6804.0,0.0,39204.0,20250506
1000011160,789,2,1.0,2913.0,1,FULFILLED,ARS,24696.0,5186.16,0.0,29882.16,20240804
1000011161,1150,1,,1501.0,1324,CREATED,ARS,44280.0,9298.8,0.0,53578.8,20250430
1000011162,222,1,,,2393,FULFILLED,ARS,45960.0,9651.6,1200.0,56811.6,20240205
1000011163,1366,1,,2263.0,3837,FULFILLED,ARS,24300.0,5103.0,1200.0,30603.0,20240317
1000011164,1026,1,,1229.0,1708,FULFILLED,ARS,11760.0,2469.6,0.0,14229.6,20250220
1000011165,955,1,,2008.0,3879,CANCELLED,ARS,12348.0,2593.08,1500.0,16441.08,20250125
1000011166,5,1,,,2543,FULFILLED,ARS,14250.0,2992.5,900.0,18142.5,20241002
1000011167,1321,2,1.0,3657.0,1,FULFILLED,ARS,30870.0,6482.7,0.0,37352.7,20240526
1000011168,178,2,2.0,1149.0,2,REFUNDED,ARS,21600.0,4536.0,0.0,26136.0,20240823
1000011169,1137,2,4.0,2014.0,4,PAID,ARS,29400.0,6174.0,0.0,35574.0,20240809
1000011170,494,2,2.0,3786.0,2,FULFILLED,ARS,51525.0,10820.25,0.0,62345.25,20250808
1000011171,939,1,,1626.0,1573,FULFILLED,ARS,28500.0,5985.0,900.0,35385.0,20250819
1000011172,385,1,,3665.0,1536,FULFILLED,ARS,16170.0,3395.7,1200.0,20765.7,20241212
1000011173,634,1,,2961.0,3204,FULFILLED,ARS,24000.0,5040.0,900.0,29940.0,20241009
1000011174,406,2,4.0,,4,FULFILLED,ARS,22800.0,4788.0,0.0,27588.0,20240908
1000011175,774,1,,3958.0,1021,FULFILLED,ARS,49812.0,10460.52,900.0,61172.52,20250220
1000011176,273,1,,4023.0,3051,CANCELLED,ARS,36060.0,7572.6,1500.0,45132.6,20240426
1000011177,507,1,,4038.0,1575,PAID,ARS,23940.0,5027.4,1200.0,30167.4,20241026
1000011178,937,2,2.0,2541.0,2,CANCELLED,ARS,63876.0,13413.96,0.0,77289.96,20240713
1000011179,194,1,,2650.0,1466,FULFILLED,ARS,60480.0,12700.8,1500.0,74680.8,20240829
1000011180,700,1,,1186.0,3390,FULFILLED,ARS,15000.0,3150.0,1200.0,19350.0,20250313
1000011181,890,2,4.0,2318.0,4,CANCELLED,ARS,12540.0,2633.4,0.0,15173.4,20240716
1000011182,760,1,,2851.0,1894,FULFILLED,ARS,42525.0,8930.25,1500.0,52955.25,20250404
1000011183,1398,1,,1546.0,1680,FULFILLED,ARS,21600.0,4536.0,1200.0,27336.0,20241011
1000011184,995,2,1.0,3025.0,1,CANCELLED,ARS,81045.0,17019.45,0.0,98064.45,20241214
1000011185,897,2,4.0,2731.0,4,FULFILLED,ARS,13500.0,2835.0,0.0,16335.0,20250122
1000011186,1326,1,,3266.0,1754,FULFILLED,ARS,34200.0,7182.0,0.0,41382.0,20250815
1000011187,1043,1,,1450.0,1067,FULFILLED,ARS,13500.0,2835.0,1200.0,17535.0,20240127
1000011188,713,2,2.0,2102.0,2,FULFILLED,ARS,44700.0,9387.0,0.0,54087.0,20241212
1000011189,1337,1,,1291.0,1162,PAID,ARS,24000.0,5040.0,0.0,29040.0,20250503
1000011190,1129,2,3.0,3917.0,3,FULFILLED,ARS,35910.0,7541.1,0.0,43451.1,20240801
1000011191,212,1,,3881.0,3450,REFUNDED,ARS,20520.0,4309.2,1200.0,26029.2,20250626
1000011192,29,1,,1882.0,2812,CANCELLED,ARS,44550.0,9355.5,900.0,54805.5,20240229
1000011193,248,2,4.0,4165.0,4,FULFILLED,ARS,34020.0,7144.2,0.0,41164.2,20250103
1000011194,82,1,,4.0,2786,FULFILLED,ARS,11400.0,2394.0,900.0,14694.0,20240323
1000011195,110,1,,2539.0,2668,PAID,ARS,74850.0,15718.5,1500.0,92068.5,20250425
1000011196,304,2,2.0,1735.0,2,CANCELLED,ARS,34200.0,7182.0,0.0,41382.0,20250410
1000011197,1105,1,,2862.0,1617,FULFILLED,ARS,42750.0,8977.5,1500.0,53227.5,20240608
1000011198,829,2,1.0,2082.0,1,FULFILLED,ARS,14850.0,3118.5,0.0,17968.5,20241020
1000011199,1060,1,,1630.0,3259,FULFILLED,ARS,32400.0,6804.0,1500.0,40704.0,20250215
1000011200,1063,1,,3826.0,3410,FULFILLED,ARS,46305.0,9724.05,1200.0,57229.05,20240723
1000011201,453,2,4.0,3326.0,4,FULFILLED,ARS,21600.0,4536.0,0.0,26136.0,20250207
1000011202,259,2,4.0,1067.0,4,FULFILLED,ARS,14700.0,3087.0,0.0,17787.0,20241204
1000011203,132,2,2.0,2131.0,2,FULFILLED,ARS,31752.0,6667.92,0.0,38419.92,20240909
1000011204,1141,1,,3097.0,2450,FULFILLED,ARS,27000.0,5670.0,0.0,32670.0,20250422
1000011205,72,2,4.0,3353.0,4,PAID,ARS,10800.0,2268.0,0.0,13068.0,20250214
1000011206,1195,1,,2517.0,3790,FULFILLED,ARS,40500.0,8505.0,1500.0,50505.0,20241010
1000011207,1166,2,2.0,1332.0,2,PAID,ARS,13500.0,2835.0,0.0,16335.0,20250119
1000011208,170,2,2.0,3866.0,2,PAID,ARS,23520.0,4939.2,0.0,28459.2,20250327
1000011209,9,1,,,3567,FULFILLED,ARS,14175.0,2976.75,1200.0,18351.75,20250726
1000011210,1210,1,,2613.0,2077,FULFILLED,ARS,91125.0,19136.25,0.0,110261.25,20250324
1000011211,1182,1,,2023.0,2704,FULFILLED,ARS,39600.0,8316.0,1200.0,49116.0,20250522
1000011212,236,2,2.0,3576.0,2,REFUNDED,ARS,12000.0,2520.0,0.0,14520.0,20240126
1000011213,1315,1,,2492.0,1772,FULFILLED,ARS,21600.0,4536.0,1200.0,27336.0,20250627
1000011214,822,1,,2734.0,1089,FULFILLED,ARS,10260.0,2154.6,1200.0,13614.6,20240912
1000011215,1312,1,,,1663,PAID,ARS,58800.0,12348.0,900.0,72048.0,20241215
1000011216,473,1,,2585.0,3062,FULFILLED,ARS,59520.0,12499.2,900.0,72919.2,20250522
1000011217,817,2,2.0,1035.0,2,FULFILLED,ARS,30870.0,6482.7,0.0,37352.7,20250316
1000011218,790,1,,3761.0,2751,FULFILLED,ARS,24000.0,5040.0,0.0,29040.0,20240206
1000011219,661,2,2.0,,2,CANCELLED,ARS,14850.0,3118.5,0.0,17968.5,20240321
1000011220,1168,1,,2807.0,3673,PAID,ARS,71550.0,15025.5,900.0,87475.5,20240928
1000011221,713,1,,4130.0,1096,FULFILLED,ARS,81900.0,17199.0,1200.0,100299.0,20241109
1000011222,265,2,3.0,3547.0,3,FULFILLED,ARS,44887.5,9426.38,0.0,54313.88,20250118
1000011223,1243,1,,2299.0,3513,FULFILLED,ARS,42750.0,8977.5,900.0,52627.5,20240228
1000011224,1053,1,,3385.0,2648,FULFILLED,ARS,35910.0,7541.1,900.0,44351.1,20250203
1000011225,1364,1,,2233.0,3397,FULFILLED,ARS,62700.0,13167.0,1500.0,77367.0,20250112
1000011226,1436,1,,,3543,PAID,ARS,65550.0,13765.5,900.0,80215.5,20250524
1000011227,34,2,4.0,1981.0,4,FULFILLED,ARS,45000.0,9450.0,0.0,54450.0,20240608
1000011228,353,2,4.0,2461.0,4,FULFILLED,ARS,95748.0,20107.08,0.0,115855.08,20250516
1000011229,1009,2,3.0,1454.0,3,FULFILLED,ARS,24000.0,5040.0,0.0,29040.0,20250601
1000011230,295,2,3.0,2772.0,3,FULFILLED,ARS,34200.0,7182.0,0.0,41382.0,20240621
1000011231,1354,2,4.0,3808.0,4,FULFILLED,ARS,49410.0,10376.1,0.0,59786.1,20250727
1000011232,514,2,2.0,3438.0,2,CANCELLED,ARS,66300.0,13923.0,0.0,80223.0,20250813
1000011233,1453,2,1.0,1950.0,1,FULFILLED,ARS,9720.0,2041.2,0.0,11761.2,20250816
1000011234,879,1,,1546.0,3465,FULFILLED,ARS,30870.0,6482.7,1200.0,38552.7,20240126
1000011235,304,2,3.0,3454.0,3,FULFILLED,ARS,38808.0,8149.68,0.0,46957.68,20250813
1000011236,191,1,,2173.0,3685,CANCELLED,ARS,29700.0,6237.0,1200.0,37137.0,20240304
1000011237,735,2,1.0,2380.0,1,FULFILLED,ARS,89880.0,18874.8,0.0,108754.8,20240705
1000011238,1425,1,,1744.0,3945,FULFILLED,ARS,12936.0,2716.56,1200.0,16852.56,20250804
1000011239,433,2,2.0,1533.0,2,FULFILLED,ARS,41100.0,8631.0,0.0,49731.0,20240821
1000011240,58,2,3.0,3041.0,3,CANCELLED,ARS,11760.0,2469.6,0.0,14229.6,20240612
1000011241,624,2,4.0,3988.0,4,FULFILLED,ARS,99600.0,20916.0,0.0,120516.0,20250612
1000011242,1309,2,4.0,3525.0,4,FULFILLED,ARS,12600.0,2646.0,0.0,15246.0,20240113
1000011243,868,2,3.0,1422.0,3,CANCELLED,ARS,27000.0,5670.0,0.0,32670.0,20240629
1000011244,1187,2,2.0,2871.0,2,FULFILLED,ARS,13500.0,2835.0,0.0,16335.0,20250706
1000011245,357,1,,3101.0,1056,FULFILLED,ARS,11400.0,2394.0,900.0,14694.0,20250804
1000011246,1131,1,,2466.0,3971,FULFILLED,ARS,23880.0,5014.8,1200.0,30094.8,20240603
1000011247,478,1,,,4188,FULFILLED,ARS,71250.0,14962.5,900.0,87112.5,20240208
1000011248,10,1,,1147.0,3169,PAID,ARS,64800.0,13608.0,900.0,79308.0,20240229
1000011249,804,1,,,1865,FULFILLED,ARS,44550.0,9355.5,900.0,54805.5,20250827
1000011250,1074,1,,1605.0,1428,FULFILLED,ARS,15000.0,3150.0,1500.0,19650.0,20250304
1000011251,776,1,,2963.0,3734,FULFILLED,ARS,74025.0,15545.25,900.0,90470.25,20250320
1000011252,1118,2,2.0,3271.0,2,PAID,ARS,29925.0,6284.25,0.0,36209.25,20250523
1000011253,218,1,,3810.0,2609,PAID,ARS,74340.0,15611.4,1200.0,91151.4,20250525
1000011254,498,2,3.0,3303.0,3,FULFILLED,ARS,59280.0,12448.8,0.0,71728.8,20250921
1000011255,989,2,4.0,3937.0,4,PAID,ARS,40500.0,8505.0,0.0,49005.0,20250713
1000011256,542,2,2.0,2827.0,2,FULFILLED,ARS,64440.0,13532.4,0.0,77972.4,20250417
1000011257,1024,2,4.0,3039.0,4,FULFILLED,ARS,22800.0,4788.0,0.0,27588.0,20250629
1000011258,1210,2,2.0,1821.0,2,FULFILLED,ARS,11340.0,2381.4,0.0,13721.4,20250104
1000011259,68,1,,4028.0,1286,FULFILLED,ARS,22680.0,4762.8,900.0,28342.8,20240531
1000011260,605,1,,,2638,FULFILLED,ARS,35280.0,7408.8,0.0,42688.8,20240220
1000011261,599,2,4.0,3366.0,4,FULFILLED,ARS,45900.0,9639.0,0.0,55539.0,20240415
1000011262,1193,2,3.0,1702.0,3,FULFILLED,ARS,35280.0,7408.8,0.0,42688.8,20250614
1000011263,558,1,,4184.0,2428,REFUNDED,ARS,29400.0,6174.0,0.0,35574.0,20250423
1000011264,332,2,2.0,3683.0,2,FULFILLED,ARS,39690.0,8334.9,0.0,48024.9,20250304
1000011265,860,1,,2792.0,3923,FULFILLED,ARS,59175.0,12426.75,900.0,72501.75,20240807
1000011266,1028,2,3.0,1307.0,3,FULFILLED,ARS,59130.0,12417.3,0.0,71547.3,20250115
1000011267,677,1,,1837.0,1517,FULFILLED,ARS,32400.0,6804.0,1200.0,40404.0,20250311
1000011268,804,2,2.0,1894.0,2,FULFILLED,ARS,14175.0,2976.75,0.0,17151.75,20240409
1000011269,1101,2,1.0,1535.0,1,FULFILLED,ARS,27000.0,5670.0,0.0,32670.0,20250401
1000011270,1085,1,,,4180,FULFILLED,ARS,84750.0,17797.5,1200.0,103747.5,20240621
1000011271,625,1,,2646.0,2170,FULFILLED,ARS,28500.0,5985.0,1200.0,35685.0,20250514
1000011272,88,1,,2288.0,1489,PAID,ARS,36450.0,7654.5,1500.0,45604.5,20241229
1000011273,509,1,,4000.0,3303,FULFILLED,ARS,15750.0,3307.5,1200.0,20257.5,20250905
1000011274,1065,2,3.0,1813.0,3,FULFILLED,ARS,70380.0,14779.8,0.0,85159.8,20240911
1000011275,1073,2,4.0,2030.0,4,FULFILLED,ARS,27000.0,5670.0,0.0,32670.0,20240429
1000011276,945,2,1.0,2971.0,1,FULFILLED,ARS,40500.0,8505.0,0.0,49005.0,20240604
1000011277,601,2,4.0,2249.0,4,PAID,ARS,15675.0,3291.75,0.0,18966.75,20250107
1000011278,1237,1,,,1189,FULFILLED,ARS,69300.0,14553.0,1500.0,85353.0,20250408
1000011279,1131,1,,3186.0,3526,CANCELLED,ARS,49050.0,10300.5,0.0,59350.5,20240205
1000011280,1016,2,4.0,3708.0,4,FULFILLED,ARS,39300.0,8253.0,0.0,47553.0,20250322
1000011281,338,2,1.0,1723.0,1,PAID,ARS,30870.0,6482.7,0.0,37352.7,20240310
1000011282,1011,2,3.0,3084.0,3,FULFILLED,ARS,34020.0,7144.2,0.0,41164.2,20250604
1000011283,440,1,,,3879,FULFILLED,ARS,44100.0,9261.0,1200.0,54561.0,20250403
1000011284,176,1,,3289.0,3927,FULFILLED,ARS,49200.0,10332.0,1500.0,61032.0,20250331
1000011285,60,1,,3229.0,1611,CANCELLED,ARS,21600.0,4536.0,0.0,26136.0,20240807
1000011286,986,2,3.0,1121.0,3,PAID,ARS,47250.0,9922.5,0.0,57172.5,20250411
1000011287,538,1,,3446.0,3485,CREATED,ARS,27000.0,5670.0,1200.0,33870.0,20240625
1000011288,1204,1,,2310.0,1402,FULFILLED,ARS,34560.0,7257.6,900.0,42717.6,20240603
1000011289,1388,2,2.0,2069.0,2,FULFILLED,ARS,51600.0,10836.0,0.0,62436.0,20250111
1000011290,778,1,,3294.0,1073,PAID,ARS,21600.0,4536.0,900.0,27036.0,20240917
1000011291,715,2,3.0,2920.0,3,PAID,ARS,23520.0,4939.2,0.0,28459.2,20240131
1000011292,203,2,1.0,1532.0,1,FULFILLED,ARS,13500.0,2835.0,0.0,16335.0,20240112
1000011293,928,2,2.0,2317.0,2,FULFILLED,ARS,15000.0,3150.0,0.0,18150.0,20240718
1000011294,750,1,,3737.0,3579,FULFILLED,ARS,62280.0,13078.8,900.0,76258.8,20250217
1000011295,253,1,,1632.0,3101,FULFILLED,ARS,23760.0,4989.6,1200.0,29949.6,20241223
1000011296,441,2,2.0,3989.0,2,FULFILLED,ARS,53865.0,11311.65,0.0,65176.65,20240504
1000011297,1401,1,,2916.0,3335,FULFILLED,ARS,44100.0,9261.0,900.0,54261.0,20240728
1000011298,45,1,,3203.0,3750,CREATED,ARS,10800.0,2268.0,900.0,13968.0,20240317
1000011299,56,1,,3283.0,3923,FULFILLED,ARS,39690.0,8334.9,1500.0,49524.9,20250817
1000011300,517,1,,3712.0,2950,REFUNDED,ARS,50460.0,10596.6,1200.0,62256.6,20240513
1000011301,385,2,1.0,1856.0,1,FULFILLED,ARS,14250.0,2992.5,0.0,17242.5,20250514
1000011302,1268,1,,1410.0,1041,CANCELLED,ARS,58995.0,12388.95,1200.0,72583.95,20240103
1000011303,1260,2,3.0,3140.0,3,CANCELLED,ARS,79380.0,16669.8,0.0,96049.8,20240926
1000011304,744,1,,2966.0,1796,PAID,ARS,30870.0,6482.7,900.0,38252.7,20240529
1000011305,625,1,,,2410,FULFILLED,ARS,12000.0,2520.0,900.0,15420.0,20240421
1000011306,1177,1,,,3388,FULFILLED,ARS,15000.0,3150.0,0.0,18150.0,20250226
1000011307,590,2,3.0,3203.0,3,FULFILLED,ARS,45000.0,9450.0,0.0,54450.0,20250412
1000011308,1200,1,,3131.0,1450,FULFILLED,ARS,14962.5,3142.12,1500.0,19604.62,20240101
1000011309,554,1,,1876.0,2207,FULFILLED,ARS,53040.0,11138.4,0.0,64178.4,20240620
1000011310,546,1,,3532.0,2619,FULFILLED,ARS,30870.0,6482.7,1500.0,38852.7,20241123
1000011311,895,2,3.0,1423.0,3,FULFILLED,ARS,67680.0,14212.8,0.0,81892.8,20240811
1000011312,850,1,,3239.0,3387,CREATED,ARS,51000.0,10710.0,1200.0,62910.0,20250217
1000011313,960,1,,3248.0,3269,FULFILLED,ARS,56400.0,11844.0,1500.0,69744.0,20250910
1000011314,46,1,,,1681,FULFILLED,ARS,72090.0,15138.9,900.0,88128.9,20250708
1000011315,519,1,,1703.0,3676,FULFILLED,ARS,25650.0,5386.5,900.0,31936.5,20250212
1000011316,1232,1,,3168.0,1472,CREATED,ARS,23520.0,4939.2,900.0,29359.2,20240825
1000011317,452,2,3.0,3284.0,3,FULFILLED,ARS,21600.0,4536.0,0.0,26136.0,20241115
1000011318,754,1,,2545.0,2987,CANCELLED,ARS,11760.0,2469.6,1200.0,15429.6,20241123
1000011319,1069,2,3.0,2237.0,3,CANCELLED,ARS,19440.0,4082.4,0.0,23522.4,20240802
1000011320,184,1,,1189.0,2785,FULFILLED,ARS,30000.0,6300.0,1200.0,37500.0,20240202
1000011321,661,1,,1002.0,1705,FULFILLED,ARS,45000.0,9450.0,900.0,55350.0,20250124
1000011322,296,1,,2050.0,1352,FULFILLED,ARS,87637.5,18403.88,1200.0,107241.38,20250921
1000011323,1411,1,,1957.0,2297,CREATED,ARS,28500.0,5985.0,900.0,35385.0,20240609
1000011324,264,1,,1985.0,1312,FULFILLED,ARS,23760.0,4989.6,1200.0,29949.6,20250403
1000011325,394,2,1.0,1912.0,1,FULFILLED,ARS,23520.0,4939.2,0.0,28459.2,20240630
1000011326,1339,1,,3634.0,4143,FULFILLED,ARS,96072.0,20175.12,1200.0,117447.12,20250711
1000011327,1351,2,1.0,3362.0,1,FULFILLED,ARS,15000.0,3150.0,0.0,18150.0,20240306
1000011328,288,2,4.0,4107.0,4,FULFILLED,ARS,60900.0,12789.0,0.0,73689.0,20240918
1000011329,438,1,,1608.0,2743,PAID,ARS,13500.0,2835.0,1200.0,17535.0,20250709
1000011330,890,2,3.0,2349.0,3,FULFILLED,ARS,27000.0,5670.0,0.0,32670.0,20240202
1000011331,1257,1,,1722.0,2142,FULFILLED,ARS,14175.0,2976.75,0.0,17151.75,20240519
1000011332,1210,2,2.0,3426.0,2,FULFILLED,ARS,30870.0,6482.7,0.0,37352.7,20250613
1000011333,1037,1,,1817.0,1433,FULFILLED,ARS,24936.0,5236.56,900.0,31072.56,20250701
1000011334,90,2,1.0,3302.0,1,FULFILLED,ARS,70305.0,14764.05,0.0,85069.05,20240223
1000011335,214,1,,1599.0,2036,PAID,ARS,35280.0,7408.8,1200.0,43888.8,20250803
1000011336,866,1,,2960.0,2269,FULFILLED,ARS,13200.0,2772.0,900.0,16872.0,20240305
1000011337,1215,2,4.0,3027.0,4,FULFILLED,ARS,32400.0,6804.0,0.0,39204.0,20250102
1000011338,181,2,2.0,4014.0,2,FULFILLED,ARS,44550.0,9355.5,0.0,53905.5,20240720
1000011339,1416,1,,2120.0,2492,REFUNDED,ARS,44100.0,9261.0,0.0,53361.0,20241207
1000011340,1460,1,,3638.0,2091,FULFILLED,ARS,11760.0,2469.6,900.0,15129.6,20240217
1000011341,176,1,,1406.0,3851,PAID,ARS,30870.0,6482.7,1500.0,38852.7,20240902
1000011342,299,1,,,2233,FULFILLED,ARS,31350.0,6583.5,0.0,37933.5,20241024
1000011343,211,1,,4063.0,1345,PAID,ARS,40500.0,8505.0,0.0,49005.0,20240215
1000011344,1116,2,2.0,1277.0,2,FULFILLED,ARS,38475.0,8079.75,0.0,46554.75,20250412
1000011345,93,1,,3908.0,3568,FULFILLED,ARS,38700.0,8127.0,0.0,46827.0,20240915
1000011346,9,2,4.0,2014.0,4,FULFILLED,ARS,25380.0,5329.8,0.0,30709.8,20250303
1000011347,423,2,1.0,3957.0,1,FULFILLED,ARS,85500.0,17955.0,0.0,103455.0,20250109
1000011348,686,2,2.0,2017.0,2,FULFILLED,ARS,14250.0,2992.5,0.0,17242.5,20250224
1000011349,732,2,3.0,,3,FULFILLED,ARS,39600.0,8316.0,0.0,47916.0,20240412
1000011350,882,2,4.0,3363.0,4,FULFILLED,ARS,35280.0,7408.8,0.0,42688.8,20241226
1000011351,412,1,,3124.0,1918,FULFILLED,ARS,33000.0,6930.0,1500.0,41430.0,20240205
1000011352,253,1,,3151.0,1463,FULFILLED,ARS,23520.0,4939.2,1500.0,29959.2,20240424
1000011353,1018,1,,3340.0,2027,FULFILLED,ARS,46305.0,9724.05,0.0,56029.05,20250309
1000011354,11,1,,4003.0,1056,PAID,ARS,41250.0,8662.5,900.0,50812.5,20250411
1000011355,1385,1,,,2443,FULFILLED,ARS,9720.0,2041.2,1200.0,12961.2,20240923
1000011356,1460,2,2.0,1845.0,2,REFUNDED,ARS,38808.0,8149.68,0.0,46957.68,20250510
1000011357,576,1,,1719.0,1172,FULFILLED,ARS,73272.0,15387.12,0.0,88659.12,20250424
1000011358,34,2,3.0,3100.0,3,FULFILLED,ARS,32400.0,6804.0,0.0,39204.0,20240908
1000011359,737,1,,3862.0,1207,FULFILLED,ARS,25050.0,5260.5,1500.0,31810.5,20240708
1000011360,637,2,3.0,1703.0,3,FULFILLED,ARS,25872.0,5433.12,0.0,31305.12,20250214
1000011361,1248,2,1.0,3730.0,1,FULFILLED,ARS,27000.0,5670.0,0.0,32670.0,20240505
1000011362,874,1,,1742.0,2130,FULFILLED,ARS,40500.0,8505.0,1500.0,50505.0,20240103
1000011363,1375,2,1.0,,1,FULFILLED,ARS,71925.0,15104.25,0.0,87029.25,20240731
1000011364,922,2,4.0,2179.0,4,FULFILLED,ARS,14175.0,2976.75,0.0,17151.75,20240312
1000011365,921,1,,2826.0,2416,FULFILLED,ARS,80010.0,16802.1,0.0,96812.1,20241120
1000011366,1439,2,1.0,2732.0,1,PAID,ARS,32400.0,6804.0,0.0,39204.0,20240920
1000011367,327,1,,4134.0,3619,FULFILLED,ARS,32400.0,6804.0,900.0,40104.0,20240604
1000011368,475,2,2.0,4085.0,2,FULFILLED,ARS,23520.0,4939.2,0.0,28459.2,20240219
1000011369,900,1,,3895.0,2135,FULFILLED,ARS,56400.0,11844.0,900.0,69144.0,20241222
1000011370,1009,2,2.0,1461.0,2,FULFILLED,ARS,27000.0,5670.0,0.0,32670.0,20241225
1000011371,862,2,1.0,3386.0,1,FULFILLED,ARS,25872.0,5433.12,0.0,31305.12,20250526
1000011372,1461,1,,1001.0,4130,CANCELLED,ARS,38808.0,8149.68,900.0,47857.68,20241102
1000011373,497,2,2.0,2242.0,2,FULFILLED,ARS,30000.0,6300.0,0.0,36300.0,20250117
1000011374,854,1,,,1655,FULFILLED,ARS,42750.0,8977.5,1500.0,53227.5,20250622
1000011375,1350,1,,3069.0,4127,FULFILLED,ARS,43092.0,9049.32,900.0,53041.32,20240728
1000011376,400,2,3.0,2612.0,3,PAID,ARS,11760.0,2469.6,0.0,14229.6,20240818
1000011377,528,2,1.0,2383.0,1,FULFILLED,ARS,70560.0,14817.6,0.0,85377.6,20241214
1000011378,628,1,,1428.0,1092,REFUNDED,ARS,36000.0,7560.0,1200.0,44760.0,20240916
1000011379,1237,2,2.0,2560.0,2,FULFILLED,ARS,44100.0,9261.0,0.0,53361.0,20250923
1000011380,1164,1,,3106.0,1661,PAID,ARS,29925.0,6284.25,1500.0,37709.25,20250514
1000011381,256,1,,1838.0,1763,PAID,ARS,11340.0,2381.4,900.0,14621.4,20250423
1000011382,63,1,,1752.0,1620,FULFILLED,ARS,52308.0,10984.68,900.0,64192.68,20240729
1000011383,2,2,4.0,,4,FULFILLED,ARS,24000.0,5040.0,0.0,29040.0,20241212
1000011384,796,2,3.0,,3,CANCELLED,ARS,32400.0,6804.0,0.0,39204.0,20240220
1000011385,247,1,,,1381,CANCELLED,ARS,23520.0,4939.2,1200.0,29659.2,20240210
1000011386,775,1,,,1899,CANCELLED,ARS,26460.0,5556.6,900.0,32916.6,20250715
1000011387,224,2,1.0,1269.0,1,REFUNDED,ARS,57720.0,12121.2,0.0,69841.2,20240208
1000011388,664,1,,2040.0,2625,CANCELLED,ARS,52260.0,10974.6,0.0,63234.6,20240816
1000011389,1027,1,,3455.0,3410,FULFILLED,ARS,11970.0,2513.7,1200.0,15683.7,20240912
1000011390,673,2,3.0,4146.0,3,FULFILLED,ARS,44887.5,9426.38,0.0,54313.88,20240518
1000011391,1017,1,,2044.0,1096,PAID,ARS,35850.0,7528.5,900.0,44278.5,20241004
1000011392,1459,1,,,2181,FULFILLED,ARS,12348.0,2593.08,1200.0,16141.08,20240217
1000011393,860,1,,4115.0,3871,PAID,ARS,91200.0,19152.0,1500.0,111852.0,20241203
1000011394,8,2,2.0,,2,FULFILLED,ARS,85113.0,17873.73,0.0,102986.73,20250830
1000011395,158,2,4.0,2060.0,4,REFUNDED,ARS,34200.0,7182.0,0.0,41382.0,20250815
1000011396,547,2,2.0,2495.0,2,FULFILLED,ARS,10800.0,2268.0,0.0,13068.0,20250207
1000011397,1192,1,,2881.0,1183,CANCELLED,ARS,90120.0,18925.2,900.0,109945.2,20240110
1000011398,383,2,4.0,3813.0,4,FULFILLED,ARS,35280.0,7408.8,0.0,42688.8,20250928
1000011399,87,1,,3217.0,2734,FULFILLED,ARS,27000.0,5670.0,900.0,33570.0,20240321
1000011400,972,1,,2858.0,2366,FULFILLED,ARS,59310.0,12455.1,900.0,72665.1,20240915
1000011401,10,2,1.0,1387.0,1,FULFILLED,ARS,72900.0,15309.0,0.0,88209.0,20250122
1000011402,833,2,2.0,1296.0,2,PAID,ARS,30000.0,6300.0,0.0,36300.0,20240730
1000011403,66,2,3.0,1846.0,3,PAID,ARS,29400.0,6174.0,0.0,35574.0,20240516
1000011404,982,1,,1881.0,1275,PAID,ARS,28500.0,5985.0,0.0,34485.0,20240219
1000011405,876,1,,3889.0,3223,FULFILLED,ARS,12000.0,2520.0,900.0,15420.0,20250727
1000011406,904,2,3.0,3373.0,3,FULFILLED,ARS,22680.0,4762.8,0.0,27442.8,20240820
1000011407,1010,1,,4139.0,4171,FULFILLED,ARS,13500.0,2835.0,1200.0,17535.0,20250806
1000011408,755,1,,3233.0,1935,FULFILLED,ARS,56100.0,11781.0,900.0,68781.0,20250814
1000011409,1256,2,4.0,,4,PAID,ARS,32400.0,6804.0,0.0,39204.0,20240411
1000011410,593,2,3.0,2599.0,3,FULFILLED,ARS,55950.0,11749.5,0.0,67699.5,20250805
1000011411,1457,1,,2458.0,1466,FULFILLED,ARS,32400.0,6804.0,900.0,40104.0,20240808
1000011412,1334,1,,1959.0,1003,FULFILLED,ARS,12600.0,2646.0,1200.0,16446.0,20240402
1000011413,526,1,,1518.0,1668,PAID,ARS,55500.0,11655.0,1200.0,68355.0,20250515
1000011414,317,1,,2482.0,3111,FULFILLED,ARS,84690.0,17784.9,0.0,102474.9,20250516
1000011415,1190,1,,2964.0,1879,PAID,ARS,23760.0,4989.6,900.0,29649.6,20250320
1000011416,589,1,,,1359,FULFILLED,ARS,82350.0,17293.5,0.0,99643.5,20250208
1000011417,481,2,3.0,4008.0,3,PAID,ARS,34200.0,7182.0,0.0,41382.0,20250407
1000011418,652,2,4.0,2641.0,4,FULFILLED,ARS,11970.0,2513.7,0.0,14483.7,20240218
1000011419,23,1,,3352.0,2243,FULFILLED,ARS,20520.0,4309.2,900.0,25729.2,20241007
1000011420,1369,1,,,3633,FULFILLED,ARS,26460.0,5556.6,1200.0,33216.6,20241015
1000011421,534,1,,3073.0,1393,FULFILLED,ARS,13500.0,2835.0,1200.0,17535.0,20240523
1000011422,603,1,,,4050,FULFILLED,ARS,25200.0,5292.0,900.0,31392.0,20250626
1000011423,1279,1,,1203.0,2164,FULFILLED,ARS,35280.0,7408.8,1200.0,43888.8,20240926
1000011424,1451,1,,2369.0,4078,FULFILLED,ARS,11400.0,2394.0,1500.0,15294.0,20250203
1000011425,847,1,,3913.0,1206,PAID,ARS,76500.0,16065.0,1200.0,93765.0,20250530
1000011426,972,1,,1260.0,2442,FULFILLED,ARS,75150.0,15781.5,0.0,90931.5,20250428
1000011427,349,1,,4142.0,1939,FULFILLED,ARS,10584.0,2222.64,1500.0,14306.64,20241218
1000011428,1254,2,2.0,1712.0,2,FULFILLED,ARS,48258.0,10134.18,0.0,58392.18,20241203
1000011429,893,1,,,1226,PAID,ARS,56880.0,11944.8,900.0,69724.8,20241011
1000011430,1407,1,,1318.0,2535,CREATED,ARS,107694.0,22615.74,0.0,130309.74,20241125
1000011431,378,2,1.0,1622.0,1,FULFILLED,ARS,14700.0,3087.0,0.0,17787.0,20240608
1000011432,615,1,,4159.0,2294,FULFILLED,ARS,12348.0,2593.08,900.0,15841.08,20250828
1000011433,346,2,3.0,3739.0,3,FULFILLED,ARS,40500.0,8505.0,0.0,49005.0,20240915
1000011434,807,1,,1117.0,2184,FULFILLED,ARS,33000.0,6930.0,900.0,40830.0,20250902
1000011435,14,1,,3566.0,1640,FULFILLED,ARS,44250.0,9292.5,1200.0,54742.5,20250821
1000011436,1294,1,,1462.0,2005,FULFILLED,ARS,58800.0,12348.0,1200.0,72348.0,20240913
1000011437,1462,1,,1760.0,3486,FULFILLED,ARS,29400.0,6174.0,0.0,35574.0,20250910
1000011438,669,2,3.0,3977.0,3,FULFILLED,ARS,14962.5,3142.12,0.0,18104.62,20241209
1000011439,420,2,2.0,4028.0,2,FULFILLED,ARS,32400.0,6804.0,0.0,39204.0,20240910
1000011440,1297,1,,3562.0,4081,CANCELLED,ARS,26220.0,5506.2,1200.0,32926.2,20250423
1000011441,1235,2,4.0,1749.0,4,FULFILLED,ARS,37044.0,7779.24,0.0,44823.24,20250410
1000011442,1244,1,,2623.0,1567,FULFILLED,ARS,32400.0,6804.0,900.0,40104.0,20240922
1000011443,320,1,,2354.0,3977,FULFILLED,ARS,85050.0,17860.5,900.0,103810.5,20250722
1000011444,1240,1,,,2571,CANCELLED,ARS,20520.0,4309.2,900.0,25729.2,20240408
1000011445,486,1,,3934.0,3282,FULFILLED,ARS,30000.0,6300.0,0.0,36300.0,20250314
1000011446,789,1,,3421.0,4002,PAID,ARS,12000.0,2520.0,0.0,14520.0,20240725
1000011447,147,2,4.0,2925.0,4,FULFILLED,ARS,76500.0,16065.0,0.0,92565.0,20250526
1000011448,82,2,4.0,3974.0,4,FULFILLED,ARS,21600.0,4536.0,0.0,26136.0,20250813
1000011449,566,2,4.0,3637.0,4,PAID,ARS,52470.0,11018.7,0.0,63488.7,20240329
1000011450,1471,2,4.0,2921.0,4,FULFILLED,ARS,68670.0,14420.7,0.0,83090.7,20240105
1000011451,336,1,,2543.0,2224,CREATED,ARS,36000.0,7560.0,900.0,44460.0,20250421
1000011452,792,1,,1678.0,2015,FULFILLED,ARS,15435.0,3241.35,1200.0,19876.35,20250508
1000011453,1447,1,,3709.0,4123,FULFILLED,ARS,40500.0,8505.0,900.0,49905.0,20240513
1000011454,1214,2,3.0,2601.0,3,FULFILLED,ARS,11880.0,2494.8,0.0,14374.8,20240915
1000011455,973,2,3.0,2110.0,3,FULFILLED,ARS,22800.0,4788.0,0.0,27588.0,20250628
1000011456,1169,2,1.0,3317.0,1,FULFILLED,ARS,40500.0,8505.0,0.0,49005.0,20250721
1000011457,843,1,,2607.0,1209,FULFILLED,ARS,28350.0,5953.5,900.0,35203.5,20240308
1000011458,1393,1,,1861.0,2845,PAID,ARS,25872.0,5433.12,1500.0,32805.12,20250908
1000011459,800,2,2.0,3551.0,2,FULFILLED,ARS,52500.0,11025.0,0.0,63525.0,20240120
1000011460,1084,2,4.0,2439.0,4,FULFILLED,ARS,22680.0,4762.8,0.0,27442.8,20250610
1000011461,793,2,2.0,1493.0,2,FULFILLED,ARS,21600.0,4536.0,0.0,26136.0,20240924
1000011462,1242,2,2.0,1908.0,2,CANCELLED,ARS,24510.0,5147.1,0.0,29657.1,20250909
1000011463,525,1,,2013.0,3523,FULFILLED,ARS,26400.0,5544.0,0.0,31944.0,20250618
1000011464,1004,2,3.0,3592.0,3,FULFILLED,ARS,24000.0,5040.0,0.0,29040.0,20241203
1000011465,1138,1,,2324.0,1705,FULFILLED,ARS,23940.0,5027.4,1200.0,30167.4,20240430
1000011466,1420,1,,2530.0,2896,FULFILLED,ARS,44100.0,9261.0,900.0,54261.0,20250504
1000011467,603,1,,2871.0,3129,FULFILLED,ARS,28500.0,5985.0,1500.0,35985.0,20240803
1000011468,170,2,4.0,3770.0,4,FULFILLED,ARS,74790.0,15705.9,0.0,90495.9,20240909
1000011469,850,1,,1276.0,2923,CANCELLED,ARS,19440.0,4082.4,900.0,24422.4,20250121
1000011470,1128,1,,2684.0,1708,FULFILLED,ARS,60225.0,12647.25,1500.0,74372.25,20250913
1000011471,561,1,,3230.0,4053,PAID,ARS,15675.0,3291.75,0.0,18966.75,20241013
1000011472,1179,1,,,2535,FULFILLED,ARS,46305.0,9724.05,1200.0,57229.05,20250102
1000011473,461,1,,4165.0,3867,PAID,ARS,14850.0,3118.5,1500.0,19468.5,20240930
1000011474,1276,1,,4095.0,2600,FULFILLED,ARS,53400.0,11214.0,900.0,65514.0,20240208
1000011475,1306,2,2.0,2197.0,2,FULFILLED,ARS,45000.0,9450.0,0.0,54450.0,20240820
1000011476,94,1,,2562.0,3157,FULFILLED,ARS,32400.0,6804.0,1200.0,40404.0,20240827
1000011477,331,1,,3733.0,3479,FULFILLED,ARS,27630.0,5802.3,1500.0,34932.3,20240527
1000011478,667,1,,3874.0,2086,FULFILLED,ARS,66060.0,13872.6,0.0,79932.6,20240801
1000011479,353,2,4.0,1092.0,4,FULFILLED,ARS,34200.0,7182.0,0.0,41382.0,20241109
1000011480,501,1,,4074.0,2473,FULFILLED,ARS,14700.0,3087.0,1500.0,19287.0,20250917
1000011481,1475,1,,2105.0,1614,REFUNDED,ARS,14250.0,2992.5,1200.0,18442.5,20240503
1000011482,1262,1,,2985.0,2477,CANCELLED,ARS,39690.0,8334.9,900.0,48924.9,20241110
1000011483,726,1,,1150.0,2800,FULFILLED,ARS,47025.0,9875.25,0.0,56900.25,20240601
1000011484,92,1,,1116.0,2942,FULFILLED,ARS,56250.0,11812.5,1200.0,69262.5,20250129
1000011485,157,2,4.0,1856.0,4,FULFILLED,ARS,23760.0,4989.6,0.0,28749.6,20240915
1000011486,498,2,2.0,1578.0,2,FULFILLED,ARS,45000.0,9450.0,0.0,54450.0,20240510
1000011487,508,1,,1791.0,1147,FULFILLED,ARS,23520.0,4939.2,1200.0,29659.2,20240622
1000011488,254,2,4.0,3837.0,4,PAID,ARS,52380.0,10999.8,0.0,63379.8,20240520
1000011489,659,2,2.0,2132.0,2,PAID,ARS,49455.0,10385.55,0.0,59840.55,20240914
1000011490,947,1,,3745.0,3447,FULFILLED,ARS,32340.0,6791.4,1200.0,40331.4,20240326
1000011491,430,1,,2368.0,1358,FULFILLED,ARS,40500.0,8505.0,1500.0,50505.0,20250908
1000011492,837,1,,3814.0,2211,PAID,ARS,63780.0,13393.8,1200.0,78373.8,20241030
1000011493,425,2,1.0,2010.0,1,REFUNDED,ARS,94872.0,19923.12,0.0,114795.12,20240125
1000011494,1033,1,,1065.0,3826,PAID,ARS,10260.0,2154.6,0.0,12414.6,20241118
1000011495,893,1,,3069.0,1096,FULFILLED,ARS,12000.0,2520.0,0.0,14520.0,20241213
1000011496,863,1,,1804.0,2296,FULFILLED,ARS,24000.0,5040.0,1200.0,30240.0,20250819
1000011497,444,1,,3653.0,1892,CANCELLED,ARS,21600.0,4536.0,900.0,27036.0,20250513
1000011498,230,1,,,2812,FULFILLED,ARS,32040.0,6728.4,900.0,39668.4,20240316
1000011499,928,1,,1806.0,1538,PAID,ARS,36168.0,7595.28,1200.0,44963.28,20240116
1000011500,42,1,,4148.0,1214,FULFILLED,ARS,89760.0,18849.6,900.0,109509.6,20250305
1000011501,14,2,1.0,1354.0,1,FULFILLED,ARS,79200.0,16632.0,0.0,95832.0,20240528
1000011502,294,2,3.0,1014.0,3,FULFILLED,ARS,23760.0,4989.6,0.0,28749.6,20240902
1000011503,24,1,,,2565,FULFILLED,ARS,34200.0,7182.0,900.0,42282.0,20241224
1000011504,1292,1,,3585.0,1385,CANCELLED,ARS,21600.0,4536.0,900.0,27036.0,20250630
1000011505,837,1,,3530.0,2782,FULFILLED,ARS,44100.0,9261.0,1200.0,54561.0,20241008
1000011506,1151,1,,3575.0,1241,CANCELLED,ARS,23400.0,4914.0,1200.0,29514.0,20250522
1000011507,150,1,,2924.0,3836,FULFILLED,ARS,36450.0,7654.5,1200.0,45304.5,20250402
1000011508,909,1,,,2258,FULFILLED,ARS,13500.0,2835.0,1200.0,17535.0,20240516
1000011509,966,1,,1580.0,1650,FULFILLED,ARS,31200.0,6552.0,1200.0,38952.0,20250202
1000011510,199,1,,3675.0,3283,FULFILLED,ARS,101700.0,21357.0,1500.0,124557.0,20240808
1000011511,177,1,,1017.0,2423,PAID,ARS,47025.0,9875.25,1200.0,58100.25,20250307
1000011512,82,1,,2857.0,1031,FULFILLED,ARS,20520.0,4309.2,900.0,25729.2,20240708
1000011513,141,2,2.0,2215.0,2,FULFILLED,ARS,31752.0,6667.92,0.0,38419.92,20250118
1000011514,916,1,,3097.0,2009,FULFILLED,ARS,74280.0,15598.8,0.0,89878.8,20240809
1000011515,1357,2,1.0,1855.0,1,FULFILLED,ARS,30000.0,6300.0,0.0,36300.0,20250714
1000011516,658,1,,1420.0,1463,PAID,ARS,84600.0,17766.0,900.0,103266.0,20250330
1000011517,234,2,1.0,4181.0,1,FULFILLED,ARS,33000.0,6930.0,0.0,39930.0,20250118
1000011518,162,1,,,1565,FULFILLED,ARS,46305.0,9724.05,900.0,56929.05,20250223
1000011519,647,1,,1306.0,3529,PAID,ARS,12600.0,2646.0,1200.0,16446.0,20250208
1000011520,284,1,,2984.0,1109,FULFILLED,ARS,43410.0,9116.1,1500.0,54026.1,20240517
1000011521,8,1,,3331.0,1811,FULFILLED,ARS,11400.0,2394.0,1200.0,14994.0,20250605
1000011522,1260,1,,1923.0,3285,FULFILLED,ARS,35640.0,7484.4,1200.0,44324.4,20250202
1000011523,1435,2,2.0,2395.0,2,FULFILLED,ARS,35880.0,7534.8,0.0,43414.8,20240602
1000011524,131,1,,2965.0,3926,PAID,ARS,44550.0,9355.5,1200.0,55105.5,20250226
1000011525,10,1,,2299.0,1310,FULFILLED,ARS,45000.0,9450.0,1200.0,55650.0,20240320
1000011526,736,1,,2938.0,3339,FULFILLED,ARS,23520.0,4939.2,1200.0,29659.2,20241025
1000011527,915,2,3.0,3271.0,3,FULFILLED,ARS,12540.0,2633.4,0.0,15173.4,20241021
1000011528,75,1,,2199.0,2761,FULFILLED,ARS,14175.0,2976.75,0.0,17151.75,20240722
1000011529,69,2,1.0,1263.0,1,FULFILLED,ARS,28098.0,5900.58,0.0,33998.58,20240605
1000011530,325,2,3.0,3758.0,3,FULFILLED,ARS,66690.0,14004.9,0.0,80694.9,20241011
1000011531,610,2,2.0,,2,REFUNDED,ARS,91125.0,19136.25,0.0,110261.25,20240409
1000011532,321,1,,3026.0,3239,PAID,ARS,15750.0,3307.5,1500.0,20557.5,20241227
1000011533,1016,1,,1507.0,2814,FULFILLED,ARS,31500.0,6615.0,900.0,39015.0,20240103
1000011534,1399,2,2.0,3331.0,2,CANCELLED,ARS,30000.0,6300.0,0.0,36300.0,20240803
1000011535,1426,1,,1158.0,3969,FULFILLED,ARS,36000.0,7560.0,1200.0,44760.0,20240802
1000011536,972,2,2.0,3229.0,2,FULFILLED,ARS,61980.0,13015.8,0.0,74995.8,20240516
1000011537,577,1,,,1615,FULFILLED,ARS,22800.0,4788.0,900.0,28488.0,20241024
1000011538,311,2,3.0,2623.0,3,PAID,ARS,34200.0,7182.0,0.0,41382.0,20240225
1000011539,619,2,1.0,3956.0,1,FULFILLED,ARS,84900.0,17829.0,0.0,102729.0,20250206
1000011540,301,1,,,1525,FULFILLED,ARS,14250.0,2992.5,1200.0,18442.5,20241225
1000011541,1178,1,,3434.0,1897,FULFILLED,ARS,27000.0,5670.0,900.0,33570.0,20240809
1000011542,854,2,4.0,3187.0,4,FULFILLED,ARS,81480.0,17110.8,0.0,98590.8,20240130
1000011543,622,2,3.0,3747.0,3,FULFILLED,ARS,36000.0,7560.0,0.0,43560.0,20241002
1000011544,768,1,,2038.0,4136,FULFILLED,ARS,13500.0,2835.0,1200.0,17535.0,20240414
1000011545,719,1,,,1523,FULFILLED,ARS,40500.0,8505.0,900.0,49905.0,20240221
1000011546,651,2,4.0,3967.0,4,FULFILLED,ARS,22560.0,4737.6,0.0,27297.6,20240320
1000011547,476,2,1.0,4111.0,1,FULFILLED,ARS,47250.0,9922.5,0.0,57172.5,20241121
1000011548,340,1,,3238.0,3437,CREATED,ARS,55800.0,11718.0,900.0,68418.0,20250214
1000011549,1250,2,4.0,1447.0,4,FULFILLED,ARS,56880.0,11944.8,0.0,68824.8,20250725
1000011550,760,1,,2042.0,3190,CREATED,ARS,99780.0,20953.8,1200.0,121933.8,20250917
1000011551,580,1,,3135.0,3626,FULFILLED,ARS,38808.0,8149.68,900.0,47857.68,20250115
1000011552,581,1,,2033.0,3478,FULFILLED,ARS,24300.0,5103.0,900.0,30303.0,20240912
1000011553,1406,1,,1522.0,2682,FULFILLED,ARS,72300.0,15183.0,1200.0,88683.0,20241215
1000011554,476,2,1.0,2510.0,1,FULFILLED,ARS,29400.0,6174.0,0.0,35574.0,20241227
1000011555,1476,2,4.0,3871.0,4,FULFILLED,ARS,35760.0,7509.6,0.0,43269.6,20241118
1000011556,53,1,,3640.0,3226,FULFILLED,ARS,13500.0,2835.0,1200.0,17535.0,20240506
1000011557,86,2,2.0,,2,FULFILLED,ARS,37500.0,7875.0,0.0,45375.0,20250116
1000011558,201,1,,,2665,REFUNDED,ARS,22800.0,4788.0,1500.0,29088.0,20250308
1000011559,1016,1,,2109.0,3240,FULFILLED,ARS,43500.0,9135.0,1500.0,54135.0,20250413
1000011560,514,1,,3905.0,1746,PAID,ARS,113715.0,23880.15,900.0,138495.15,20241104
1000011561,272,1,,2101.0,4130,PAID,ARS,55134.0,11578.14,900.0,67612.14,20250415
1000011562,1027,1,,3294.0,4035,CANCELLED,ARS,41685.0,8753.85,1500.0,51938.85,20241214
1000011563,485,1,,1024.0,3427,PAID,ARS,21600.0,4536.0,1200.0,27336.0,20250204
1000011564,447,2,2.0,3535.0,2,FULFILLED,ARS,45000.0,9450.0,0.0,54450.0,20240817
1000011565,1088,2,2.0,,2,CANCELLED,ARS,65550.0,13765.5,0.0,79315.5,20250403
1000011566,1092,1,,2330.0,3236,PAID,ARS,32400.0,6804.0,0.0,39204.0,20250912
1000011567,819,1,,1402.0,4058,FULFILLED,ARS,34200.0,7182.0,0.0,41382.0,20250804
1000011568,1449,2,4.0,3624.0,4,FULFILLED,ARS,61200.0,12852.0,0.0,74052.0,20241126
1000011569,806,1,,3713.0,2961,REFUNDED,ARS,36348.0,7633.08,1200.0,45181.08,20240226
1000011570,1478,2,2.0,3536.0,2,PAID,ARS,45000.0,9450.0,0.0,54450.0,20240104
1000011571,527,2,4.0,3818.0,4,FULFILLED,ARS,22800.0,4788.0,0.0,27588.0,20250623
1000011572,1497,2,3.0,2489.0,3,CANCELLED,ARS,11880.0,2494.8,0.0,14374.8,20250227
1000011573,36,2,2.0,3334.0,2,FULFILLED,ARS,28050.0,5890.5,0.0,33940.5,20250319
1000011574,169,1,,2910.0,1229,FULFILLED,ARS,44100.0,9261.0,0.0,53361.0,20241107
1000011575,915,1,,3871.0,1508,FULFILLED,ARS,11970.0,2513.7,0.0,14483.7,20250113
1000011576,1166,1,,1808.0,2690,CANCELLED,ARS,32400.0,6804.0,900.0,40104.0,20241110
1000011577,626,2,4.0,2300.0,4,FULFILLED,ARS,14700.0,3087.0,0.0,17787.0,20250307
1000011578,1250,2,2.0,2804.0,2,FULFILLED,ARS,52800.0,11088.0,0.0,63888.0,20240802
1000011579,44,1,,3517.0,2306,FULFILLED,ARS,36450.0,7654.5,1200.0,45304.5,20250712
1000011580,112,1,,1509.0,3025,FULFILLED,ARS,32400.0,6804.0,1200.0,40404.0,20240807
1000011581,141,1,,,1513,PAID,ARS,23520.0,4939.2,1200.0,29659.2,20241220
1000011582,330,2,2.0,1294.0,2,FULFILLED,ARS,16170.0,3395.7,0.0,19565.7,20250109
1000011583,1384,1,,2669.0,3340,PAID,ARS,46305.0,9724.05,1200.0,57229.05,20250411
1000011584,1086,1,,,2607,FULFILLED,ARS,15435.0,3241.35,0.0,18676.35,20240913
1000011585,581,1,,2512.0,2957,FULFILLED,ARS,13500.0,2835.0,900.0,17235.0,20250521
1000011586,1033,1,,3776.0,2680,FULFILLED,ARS,32400.0,6804.0,900.0,40104.0,20250202
1000011587,1384,1,,,3669,FULFILLED,ARS,104490.0,21942.9,1500.0,127932.9,20240728
1000011588,910,2,4.0,,4,FULFILLED,ARS,42300.0,8883.0,0.0,51183.0,20240507
1000011589,548,1,,2647.0,3004,PAID,ARS,35280.0,7408.8,0.0,42688.8,20240622
1000011590,57,2,2.0,1867.0,2,FULFILLED,ARS,11970.0,2513.7,0.0,14483.7,20250729
1000011591,483,1,,2513.0,1460,FULFILLED,ARS,22800.0,4788.0,900.0,28488.0,20240203
1000011592,1267,1,,3422.0,3590,FULFILLED,ARS,29160.0,6123.6,0.0,35283.6,20250701
1000011593,1214,1,,3099.0,3892,FULFILLED,ARS,42000.0,8820.0,0.0,50820.0,20250723
1000011594,508,1,,2132.0,3211,REFUNDED,ARS,72360.0,15195.6,900.0,88455.6,20250723
1000011595,151,2,2.0,2772.0,2,PAID,ARS,14250.0,2992.5,0.0,17242.5,20240407
1000011596,1110,2,3.0,2150.0,3,FULFILLED,ARS,55512.0,11657.52,0.0,67169.52,20250204
1000011597,915,2,1.0,2516.0,1,CREATED,ARS,41400.0,8694.0,0.0,50094.0,20241102
1000011598,1422,1,,3315.0,2710,FULFILLED,ARS,44688.0,9384.48,0.0,54072.48,20240224
1000011599,959,1,,2429.0,3488,FULFILLED,ARS,24300.0,5103.0,0.0,29403.0,20250327
1000011600,1184,1,,,1732,PAID,ARS,34020.0,7144.2,0.0,41164.2,20240122
1000011601,1204,2,4.0,2854.0,4,FULFILLED,ARS,27000.0,5670.0,0.0,32670.0,20240903
1000011602,1296,1,,1243.0,3432,FULFILLED,ARS,25650.0,5386.5,1500.0,32536.5,20250701
1000011603,160,1,,,2829,FULFILLED,ARS,42750.0,8977.5,1500.0,53227.5,20250927
1000011604,795,1,,3470.0,3231,REFUNDED,ARS,13500.0,2835.0,0.0,16335.0,20241204
1000011605,366,2,3.0,3725.0,3,PAID,ARS,47250.0,9922.5,0.0,57172.5,20240111
1000011606,707,1,,1845.0,4079,FULFILLED,ARS,37044.0,7779.24,1200.0,46023.24,20250707
1000011607,326,2,3.0,1575.0,3,FULFILLED,ARS,27000.0,5670.0,0.0,32670.0,20250714
1000011608,976,1,,1601.0,2654,FULFILLED,ARS,49650.0,10426.5,900.0,60976.5,20240524
1000011609,1276,1,,1372.0,1242,FULFILLED,ARS,23640.0,4964.4,900.0,29504.4,20240130
1000011610,172,1,,,2745,REFUNDED,ARS,23520.0,4939.2,0.0,28459.2,20240517
1000011611,928,2,1.0,2233.0,1,FULFILLED,ARS,23520.0,4939.2,0.0,28459.2,20250921
1000011612,334,1,,3138.0,2293,FULFILLED,ARS,12348.0,2593.08,900.0,15841.08,20240113
1000011613,1095,1,,2988.0,1232,FULFILLED,ARS,23940.0,5027.4,900.0,29867.4,20250316
1000011614,923,2,2.0,1784.0,2,CANCELLED,ARS,47025.0,9875.25,0.0,56900.25,20240521
1000011615,1141,2,2.0,3197.0,2,FULFILLED,ARS,12000.0,2520.0,0.0,14520.0,20250209
1000011616,318,2,2.0,2676.0,2,CANCELLED,ARS,65835.0,13825.35,0.0,79660.35,20250922
1000011617,148,1,,3771.0,1434,PAID,ARS,56250.0,11812.5,1200.0,69262.5,20240618
1000011618,592,1,,1342.0,3359,PAID,ARS,12825.0,2693.25,1200.0,16718.25,20250912
1000011619,944,2,3.0,2842.0,3,FULFILLED,ARS,12825.0,2693.25,0.0,15518.25,20250705
1000011620,435,2,1.0,2474.0,1,FULFILLED,ARS,16500.0,3465.0,0.0,19965.0,20240502
1000011621,319,2,4.0,3148.0,4,CREATED,ARS,15435.0,3241.35,0.0,18676.35,20240709
1000011622,1121,1,,1887.0,3131,FULFILLED,ARS,42525.0,8930.25,1200.0,52655.25,20250811
1000011623,536,1,,1559.0,3986,FULFILLED,ARS,36000.0,7560.0,0.0,43560.0,20240312
1000011624,770,1,,,3792,FULFILLED,ARS,46305.0,9724.05,1200.0,57229.05,20240111
1000011625,325,2,1.0,2487.0,1,FULFILLED,ARS,46710.0,9809.1,0.0,56519.1,20241002
1000011626,1496,1,,3860.0,3077,FULFILLED,ARS,11760.0,2469.6,1200.0,15429.6,20240921
1000011627,1127,1,,2595.0,1266,FULFILLED,ARS,58350.0,12253.5,1500.0,72103.5,20241020
1000011628,356,1,,3212.0,1466,FULFILLED,ARS,32400.0,6804.0,1500.0,40704.0,20240303
1000011629,1429,2,3.0,1974.0,3,FULFILLED,ARS,15000.0,3150.0,0.0,18150.0,20250712
1000011630,158,1,,1558.0,2449,FULFILLED,ARS,21168.0,4445.28,1200.0,26813.28,20240618
1000011631,984,1,,2199.0,2230,FULFILLED,ARS,44550.0,9355.5,900.0,54805.5,20250616
1000011632,330,2,2.0,1830.0,2,PAID,ARS,22800.0,4788.0,0.0,27588.0,20250115
1000011633,67,2,1.0,1977.0,1,PAID,ARS,13500.0,2835.0,0.0,16335.0,20250222
1000011634,808,1,,,4015,FULFILLED,ARS,12000.0,2520.0,1200.0,15720.0,20241009
1000011635,58,2,1.0,4006.0,1,CANCELLED,ARS,14250.0,2992.5,0.0,17242.5,20240501
1000011636,95,1,,2436.0,1986,CANCELLED,ARS,11760.0,2469.6,1200.0,15429.6,20240619
1000011637,1234,1,,,2423,FULFILLED,ARS,39840.0,8366.4,900.0,49106.4,20240105
1000011638,1161,1,,2603.0,2093,PAID,ARS,12000.0,2520.0,0.0,14520.0,20241003
1000011639,1061,2,2.0,3658.0,2,REFUNDED,ARS,30000.0,6300.0,0.0,36300.0,20250820
1000011640,993,2,4.0,2209.0,4,REFUNDED,ARS,23520.0,4939.2,0.0,28459.2,20240128
1000011641,1470,2,4.0,1191.0,4,PAID,ARS,13500.0,2835.0,0.0,16335.0,20240314
1000011642,848,1,,2524.0,1465,FULFILLED,ARS,35280.0,7408.8,1200.0,43888.8,20250922
1000011643,804,1,,3077.0,1774,CANCELLED,ARS,44100.0,9261.0,1200.0,54561.0,20250511
1000011644,980,2,4.0,3812.0,4,FULFILLED,ARS,22800.0,4788.0,0.0,27588.0,20241015
1000011645,1032,1,,3950.0,2464,FULFILLED,ARS,35850.0,7528.5,900.0,44278.5,20250226
1000011646,160,2,3.0,3465.0,3,FULFILLED,ARS,27000.0,5670.0,0.0,32670.0,20240609
1000011647,327,1,,1682.0,3538,FULFILLED,ARS,44100.0,9261.0,1200.0,54561.0,20241207
1000011648,1002,1,,2488.0,2247,FULFILLED,ARS,24696.0,5186.16,0.0,29882.16,20240215
1000011649,1198,1,,4189.0,1022,FULFILLED,ARS,12348.0,2593.08,1200.0,16141.08,20250709
1000011650,221,1,,1644.0,2335,FULFILLED,ARS,53700.0,11277.0,1200.0,66177.0,20250426
1000011651,1373,1,,1952.0,2067,PAID,ARS,30000.0,6300.0,1500.0,37800.0,20240915
1000011652,952,1,,3298.0,3984,CREATED,ARS,10800.0,2268.0,900.0,13968.0,20240605
1000011653,237,1,,1657.0,3368,FULFILLED,ARS,42240.0,8870.4,1200.0,52310.4,20240127
1000011654,744,2,4.0,3266.0,4,PAID,ARS,32400.0,6804.0,0.0,39204.0,20240215
1000011655,311,1,,1787.0,3140,FULFILLED,ARS,30000.0,6300.0,1200.0,37500.0,20250724
1000011656,214,1,,2917.0,3912,FULFILLED,ARS,48600.0,10206.0,0.0,58806.0,20250611
1000011657,137,1,,1992.0,1287,FULFILLED,ARS,11760.0,2469.6,1200.0,15429.6,20240414
1000011658,437,1,,4110.0,2882,PAID,ARS,80670.0,16940.7,1500.0,99110.7,20240103
1000011659,362,2,4.0,3756.0,4,FULFILLED,ARS,11880.0,2494.8,0.0,14374.8,20240619
1000011660,604,1,,2950.0,1740,FULFILLED,ARS,36000.0,7560.0,900.0,44460.0,20240812
1000011661,1165,1,,2003.0,2496,FULFILLED,ARS,14700.0,3087.0,900.0,18687.0,20240715
1000011662,856,2,2.0,1127.0,2,FULFILLED,ARS,11760.0,2469.6,0.0,14229.6,20240622
1000011663,256,2,4.0,3162.0,4,PAID,ARS,34200.0,7182.0,0.0,41382.0,20250324
1000011664,493,1,,1120.0,3933,FULFILLED,ARS,23520.0,4939.2,1200.0,29659.2,20240417
1000011665,121,2,3.0,3208.0,3,PAID,ARS,49500.0,10395.0,0.0,59895.0,20240805
1000011666,86,1,,2626.0,3914,FULFILLED,ARS,23520.0,4939.2,900.0,29359.2,20240820
1000011667,236,1,,1911.0,2216,FULFILLED,ARS,28500.0,5985.0,1200.0,35685.0,20250413
1000011668,1035,1,,,1089,CANCELLED,ARS,36000.0,7560.0,0.0,43560.0,20240914
1000011669,1397,1,,4027.0,3033,PAID,ARS,30000.0,6300.0,900.0,37200.0,20241010
1000011670,7,1,,,2013,FULFILLED,ARS,29925.0,6284.25,1500.0,37709.25,20240123
1000011671,1258,2,1.0,3873.0,1,FULFILLED,ARS,85500.0,17955.0,0.0,103455.0,20240601
1000011672,1430,2,3.0,1704.0,3,FULFILLED,ARS,40500.0,8505.0,0.0,49005.0,20240603
1000011673,970,1,,3821.0,2195,FULFILLED,ARS,15000.0,3150.0,1200.0,19350.0,20241128
1000011674,134,2,3.0,1874.0,3,FULFILLED,ARS,42000.0,8820.0,0.0,50820.0,20250722
1000011675,1245,2,4.0,1198.0,4,FULFILLED,ARS,22680.0,4762.8,0.0,27442.8,20250507
1000011676,646,2,2.0,2874.0,2,FULFILLED,ARS,36000.0,7560.0,0.0,43560.0,20250730
1000011677,1285,2,1.0,1333.0,1,PAID,ARS,29400.0,6174.0,0.0,35574.0,20241220
1000011678,1124,1,,1626.0,1425,FULFILLED,ARS,35280.0,7408.8,1500.0,44188.8,20240205
1000011679,854,1,,2357.0,4182,FULFILLED,ARS,31752.0,6667.92,900.0,39319.92,20240606
1000011680,223,2,3.0,,3,FULFILLED,ARS,44250.0,9292.5,0.0,53542.5,20250410
1000011681,460,1,,2351.0,3445,FULFILLED,ARS,29400.0,6174.0,900.0,36474.0,20240420
1000011682,1122,2,2.0,1846.0,2,PAID,ARS,45000.0,9450.0,0.0,54450.0,20250613
1000011683,1201,2,3.0,4042.0,3,FULFILLED,ARS,36000.0,7560.0,0.0,43560.0,20250827
1000011684,1425,1,,3297.0,3574,FULFILLED,ARS,30870.0,6482.7,900.0,38252.7,20250426
1000011685,1129,2,3.0,1746.0,3,FULFILLED,ARS,11880.0,2494.8,0.0,14374.8,20240104
1000011686,889,1,,2485.0,3043,FULFILLED,ARS,29400.0,6174.0,1500.0,37074.0,20250910
1000011687,1400,1,,3383.0,1314,PAID,ARS,12000.0,2520.0,900.0,15420.0,20240209
1000011688,719,1,,,3761,FULFILLED,ARS,24300.0,5103.0,900.0,30303.0,20240701
1000011689,598,2,4.0,4183.0,4,FULFILLED,ARS,23520.0,4939.2,0.0,28459.2,20240116
1000011690,575,1,,2015.0,3513,FULFILLED,ARS,15000.0,3150.0,900.0,19050.0,20241104
1000011691,1429,2,4.0,1196.0,4,FULFILLED,ARS,37800.0,7938.0,0.0,45738.0,20250901
1000011692,693,1,,3375.0,3316,REFUNDED,ARS,13230.0,2778.3,0.0,16008.3,20250906
1000011693,151,1,,2027.0,3392,CREATED,ARS,55920.0,11743.2,900.0,68563.2,20250303
1000011694,800,1,,2025.0,1180,FULFILLED,ARS,43110.0,9053.1,1200.0,53363.1,20250822
1000011695,61,1,,2745.0,2520,FULFILLED,ARS,12000.0,2520.0,1200.0,15720.0,20250610
1000011696,428,1,,2654.0,4122,FULFILLED,ARS,34200.0,7182.0,1200.0,42582.0,20240615
1000011697,921,1,,3033.0,2079,FULFILLED,ARS,30000.0,6300.0,1200.0,37500.0,20240609
1000011698,1244,1,,4133.0,2114,FULFILLED,ARS,30000.0,6300.0,1500.0,37800.0,20241015
1000011699,1434,1,,2982.0,2386,FULFILLED,ARS,60252.0,12652.92,1200.0,74104.92,20250211
1000011700,1327,1,,2552.0,3355,FULFILLED,ARS,15675.0,3291.75,1200.0,20166.75,20240808
1000011701,912,1,,2602.0,2887,FULFILLED,ARS,21600.0,4536.0,1500.0,27636.0,20240901
1000011702,723,1,,3690.0,1874,FULFILLED,ARS,21600.0,4536.0,1500.0,27636.0,20241007
1000011703,1435,2,2.0,2945.0,2,PAID,ARS,48450.0,10174.5,0.0,58624.5,20240520
1000011704,691,2,1.0,4081.0,1,FULFILLED,ARS,11760.0,2469.6,0.0,14229.6,20240910
1000011705,369,2,3.0,1847.0,3,PAID,ARS,14250.0,2992.5,0.0,17242.5,20240326
1000011706,1028,1,,3294.0,2636,FULFILLED,ARS,13500.0,2835.0,900.0,17235.0,20241110
1000011707,1001,1,,3767.0,3030,PAID,ARS,41160.0,8643.6,900.0,50703.6,20240122
1000011708,1040,2,2.0,2130.0,2,FULFILLED,ARS,20520.0,4309.2,0.0,24829.2,20240815
1000011709,1067,1,,,2276,PAID,ARS,23520.0,4939.2,900.0,29359.2,20240921
1000011710,311,1,,2140.0,2387,FULFILLED,ARS,30000.0,6300.0,1500.0,37800.0,20240411
1000011711,627,1,,3056.0,2906,FULFILLED,ARS,21600.0,4536.0,900.0,27036.0,20250211
1000011712,639,2,4.0,1351.0,4,FULFILLED,ARS,30000.0,6300.0,0.0,36300.0,20250724
1000011713,655,2,3.0,1740.0,3,CREATED,ARS,91125.0,19136.25,0.0,110261.25,20250918
1000011714,1252,1,,,1310,FULFILLED,ARS,45225.0,9497.25,0.0,54722.25,20240623
1000011715,314,2,3.0,3947.0,3,FULFILLED,ARS,16500.0,3465.0,0.0,19965.0,20250207
1000011716,1180,1,,1671.0,3084,FULFILLED,ARS,44160.0,9273.6,1200.0,54633.6,20240415
1000011717,365,2,1.0,1383.0,1,CANCELLED,ARS,12000.0,2520.0,0.0,14520.0,20241218
1000011718,1310,2,4.0,3916.0,4,FULFILLED,ARS,11760.0,2469.6,0.0,14229.6,20250106
1000011719,367,1,,1898.0,3454,PAID,ARS,60780.0,12763.8,900.0,74443.8,20250830
1000011720,1252,1,,1522.0,2705,FULFILLED,ARS,23520.0,4939.2,900.0,29359.2,20250414
1000011721,607,1,,,1150,FULFILLED,ARS,45000.0,9450.0,1500.0,55950.0,20240210
1000011722,1122,1,,2441.0,1339,CANCELLED,ARS,20520.0,4309.2,1200.0,26029.2,20240205
1000011723,842,2,2.0,1923.0,2,PAID,ARS,15000.0,3150.0,0.0,18150.0,20240204
1000011724,1461,1,,1957.0,2617,FULFILLED,ARS,39658.5,8328.28,1200.0,49186.78,20250525
1000011725,208,1,,3838.0,1518,FULFILLED,ARS,32400.0,6804.0,1200.0,40404.0,20240303
1000011726,1268,2,3.0,2248.0,3,FULFILLED,ARS,11400.0,2394.0,0.0,13794.0,20240611
1000011727,234,2,3.0,3489.0,3,FULFILLED,ARS,48510.0,10187.1,0.0,58697.1,20240507
1000011728,427,1,,4166.0,1914,FULFILLED,ARS,26460.0,5556.6,1500.0,33516.6,20240817
1000011729,964,1,,1723.0,1596,PAID,ARS,23520.0,4939.2,1200.0,29659.2,20241209
1000011730,802,1,,1092.0,4115,FULFILLED,ARS,57210.0,12014.1,1500.0,70724.1,20240929
1000011731,38,1,,,3524,CREATED,ARS,34020.0,7144.2,900.0,42064.2,20241007
1000011732,204,2,3.0,2204.0,3,FULFILLED,ARS,21600.0,4536.0,0.0,26136.0,20241208
1000011733,524,1,,3794.0,3389,PAID,ARS,13500.0,2835.0,1200.0,17535.0,20241219
1000011734,31,1,,1052.0,3245,FULFILLED,ARS,14250.0,2992.5,0.0,17242.5,20250222
1000011735,834,2,1.0,2266.0,1,FULFILLED,ARS,29400.0,6174.0,0.0,35574.0,20240927
1000011736,994,1,,1145.0,2360,REFUNDED,ARS,31500.0,6615.0,900.0,39015.0,20241215
1000011737,439,2,4.0,1227.0,4,FULFILLED,ARS,13500.0,2835.0,0.0,16335.0,20241109
1000011738,1279,2,1.0,3506.0,1,FULFILLED,ARS,42750.0,8977.5,0.0,51727.5,20240628
1000011739,1268,1,,3417.0,2259,FULFILLED,ARS,12540.0,2633.4,1500.0,16673.4,20240918
1000011740,775,1,,2847.0,2831,FULFILLED,ARS,11340.0,2381.4,1500.0,15221.4,20240316
1000011741,172,2,4.0,,4,FULFILLED,ARS,10800.0,2268.0,0.0,13068.0,20240523
1000011742,834,2,2.0,1869.0,2,FULFILLED,ARS,12000.0,2520.0,0.0,14520.0,20250312
1000011743,1094,2,4.0,1292.0,4,FULFILLED,ARS,66600.0,13986.0,0.0,80586.0,20240721
1000011744,1091,1,,2970.0,1902,FULFILLED,ARS,41850.0,8788.5,1200.0,51838.5,20250126
1000011745,1086,2,4.0,3480.0,4,FULFILLED,ARS,47040.0,9878.4,0.0,56918.4,20240331
1000011746,1352,1,,3423.0,1716,FULFILLED,ARS,14250.0,2992.5,1200.0,18442.5,20240307
1000011747,554,1,,2023.0,2498,FULFILLED,ARS,32400.0,6804.0,900.0,40104.0,20240618
1000011748,1424,1,,3304.0,3422,FULFILLED,ARS,13230.0,2778.3,900.0,16908.3,20240724
1000011749,304,1,,2442.0,3333,PAID,ARS,15750.0,3307.5,1200.0,20257.5,20240516
1000011750,1071,1,,1193.0,1687,FULFILLED,ARS,32400.0,6804.0,900.0,40104.0,20241212
1000011751,1092,1,,,1585,REFUNDED,ARS,36450.0,7654.5,1200.0,45304.5,20250924
1000011752,153,1,,2134.0,3759,REFUNDED,ARS,72480.0,15220.8,900.0,88600.8,20240809
1000011753,1231,1,,1015.0,1498,CREATED,ARS,21168.0,4445.28,900.0,26513.28,20250731
1000011754,540,1,,,2571,FULFILLED,ARS,57900.0,12159.0,1500.0,71559.0,20250811
1000011755,654,1,,3420.0,4193,PAID,ARS,14250.0,2992.5,1500.0,18742.5,20241004
1000011756,774,2,4.0,3229.0,4,FULFILLED,ARS,12000.0,2520.0,0.0,14520.0,20241123
1000011757,302,1,,3388.0,3650,FULFILLED,ARS,21600.0,4536.0,1200.0,27336.0,20240314
1000011758,1071,1,,2224.0,1080,FULFILLED,ARS,40200.0,8442.0,900.0,49542.0,20250720
1000011759,6,1,,3171.0,1976,FULFILLED,ARS,40500.0,8505.0,1200.0,50205.0,20240801
1000011760,1443,1,,,3495,FULFILLED,ARS,44400.0,9324.0,1200.0,54924.0,20240728
1000011761,49,2,1.0,3499.0,1,FULFILLED,ARS,44550.0,9355.5,0.0,53905.5,20240820
1000011762,1039,1,,3015.0,1259,FULFILLED,ARS,40500.0,8505.0,900.0,49905.0,20241013
1000011763,1090,1,,3606.0,1866,FULFILLED,ARS,31752.0,6667.92,1200.0,39619.92,20240412
1000011764,353,1,,1574.0,2150,FULFILLED,ARS,29925.0,6284.25,1500.0,37709.25,20250328
1000011765,1295,2,2.0,1171.0,2,FULFILLED,ARS,21600.0,4536.0,0.0,26136.0,20240607
1000011766,239,2,1.0,,1,FULFILLED,ARS,34200.0,7182.0,0.0,41382.0,20250717
1000011767,269,2,1.0,2693.0,1,FULFILLED,ARS,68520.0,14389.2,0.0,82909.2,20241111
1000011768,872,1,,1472.0,2504,PAID,ARS,11400.0,2394.0,1200.0,14994.0,20240912
1000011769,522,2,1.0,3449.0,1,REFUNDED,ARS,27000.0,5670.0,0.0,32670.0,20240124
1000011770,127,2,1.0,1394.0,1,PAID,ARS,40500.0,8505.0,0.0,49005.0,20241209
1000011771,1315,2,2.0,2192.0,2,FULFILLED,ARS,21600.0,4536.0,0.0,26136.0,20240611
1000011772,788,2,1.0,2091.0,1,CANCELLED,ARS,10800.0,2268.0,0.0,13068.0,20241220
1000011773,838,1,,4120.0,1726,FULFILLED,ARS,23970.0,5033.7,900.0,29903.7,20250503
1000011774,92,2,1.0,2895.0,1,FULFILLED,ARS,22608.0,4747.68,0.0,27355.68,20250130
1000011775,556,2,2.0,3760.0,2,FULFILLED,ARS,11760.0,2469.6,0.0,14229.6,20240929
1000011776,1316,1,,3593.0,2717,FULFILLED,ARS,47025.0,9875.25,1200.0,58100.25,20240907
1000011777,524,1,,1626.0,1557,FULFILLED,ARS,11970.0,2513.7,900.0,15383.7,20240425
1000011778,389,1,,2052.0,2888,REFUNDED,ARS,15675.0,3291.75,900.0,19866.75,20250103
1000011779,419,1,,2832.0,3478,FULFILLED,ARS,40500.0,8505.0,900.0,49905.0,20241124
1000011780,1323,1,,2194.0,2507,FULFILLED,ARS,26400.0,5544.0,1200.0,33144.0,20240103
1000011781,274,1,,1596.0,2687,FULFILLED,ARS,35280.0,7408.8,900.0,43588.8,20240926
1000011782,124,1,,2455.0,2412,FULFILLED,ARS,13500.0,2835.0,900.0,17235.0,20240104
1000011783,918,1,,3689.0,3045,FULFILLED,ARS,22800.0,4788.0,900.0,28488.0,20240109
1000011784,638,1,,1806.0,2310,FULFILLED,ARS,14250.0,2992.5,900.0,18142.5,20250511
1000011785,896,1,,2615.0,3724,FULFILLED,ARS,11760.0,2469.6,900.0,15129.6,20250209
1000011786,1035,1,,3717.0,1623,FULFILLED,ARS,34020.0,7144.2,0.0,41164.2,20240902
1000011787,99,2,1.0,1667.0,1,FULFILLED,ARS,45000.0,9450.0,0.0,54450.0,20250914
1000011788,227,2,3.0,1839.0,3,FULFILLED,ARS,52470.0,11018.7,0.0,63488.7,20241012
1000011789,4,1,,1245.0,3831,FULFILLED,ARS,46800.0,9828.0,900.0,57528.0,20240601
1000011790,405,1,,2108.0,2905,PAID,ARS,30000.0,6300.0,1200.0,37500.0,20250716
1000011791,661,1,,1859.0,2774,FULFILLED,ARS,11760.0,2469.6,0.0,14229.6,20250506
1000011792,144,1,,,2554,PAID,ARS,29400.0,6174.0,0.0,35574.0,20250315
1000011793,1053,2,1.0,2580.0,1,FULFILLED,ARS,12600.0,2646.0,0.0,15246.0,20250808
1000011794,415,2,3.0,1062.0,3,PAID,ARS,74242.5,15590.92,0.0,89833.42,20241010
1000011795,960,2,1.0,2405.0,1,FULFILLED,ARS,27000.0,5670.0,0.0,32670.0,20250106
1000011796,67,2,4.0,2690.0,4,FULFILLED,ARS,44100.0,9261.0,0.0,53361.0,20240301
1000011797,267,1,,3902.0,3245,FULFILLED,ARS,70776.0,14862.96,900.0,86538.96,20240504
1000011798,666,2,1.0,1707.0,1,FULFILLED,ARS,38808.0,8149.68,0.0,46957.68,20240125
1000011799,360,2,4.0,3712.0,4,FULFILLED,ARS,40380.0,8479.8,0.0,48859.8,20241221
1000011800,393,2,3.0,1835.0,3,FULFILLED,ARS,32400.0,6804.0,0.0,39204.0,20250605
1000011801,786,1,,2431.0,2380,PAID,ARS,14250.0,2992.5,900.0,18142.5,20250704
1000011802,22,2,4.0,2484.0,4,FULFILLED,ARS,28500.0,5985.0,0.0,34485.0,20240426
1000011803,1297,2,1.0,1351.0,1,FULFILLED,ARS,11400.0,2394.0,0.0,13794.0,20250523
1000011804,29,1,,1775.0,1967,FULFILLED,ARS,23760.0,4989.6,1200.0,29949.6,20240117
1000011805,1112,2,1.0,1666.0,1,FULFILLED,ARS,12000.0,2520.0,0.0,14520.0,20240415
1000011806,990,2,2.0,3926.0,2,FULFILLED,ARS,11400.0,2394.0,0.0,13794.0,20240617
1000011807,42,1,,1507.0,2823,PAID,ARS,15675.0,3291.75,900.0,19866.75,20240620
1000011808,1413,1,,4134.0,3891,FULFILLED,ARS,99720.0,20941.2,1200.0,121861.2,20250529
1000011809,1186,1,,2946.0,2381,FULFILLED,ARS,11970.0,2513.7,1200.0,15683.7,20240903
1000011810,1396,1,,3368.0,2026,FULFILLED,ARS,34200.0,7182.0,1200.0,42582.0,20250911
1000011811,1147,1,,1951.0,1241,CREATED,ARS,45120.0,9475.2,1200.0,55795.2,20240803
1000011812,323,1,,,1733,REFUNDED,ARS,37620.0,7900.2,900.0,46420.2,20250206
1000011813,176,2,1.0,2728.0,1,FULFILLED,ARS,12150.0,2551.5,0.0,14701.5,20250930
1000011814,543,2,4.0,3104.0,4,FULFILLED,ARS,36000.0,7560.0,0.0,43560.0,20240821
1000011815,1156,1,,3047.0,2866,FULFILLED,ARS,21600.0,4536.0,900.0,27036.0,20240110
1000011816,708,2,4.0,3487.0,4,FULFILLED,ARS,21600.0,4536.0,0.0,26136.0,20240314
1000011817,757,1,,1678.0,1638,PAID,ARS,30000.0,6300.0,1500.0,37800.0,20241122
1000011818,136,1,,4060.0,1372,FULFILLED,ARS,10800.0,2268.0,1200.0,14268.0,20250506
1000011819,287,1,,2302.0,3733,FULFILLED,ARS,34104.0,7161.84,900.0,42165.84,20240331
1000011820,945,2,2.0,1726.0,2,CANCELLED,ARS,24960.0,5241.6,0.0,30201.6,20240125
1000011821,973,1,,,1143,FULFILLED,ARS,34200.0,7182.0,0.0,41382.0,20241015
1000011822,768,1,,3304.0,3537,FULFILLED,ARS,27900.0,5859.0,900.0,34659.0,20240912
1000011823,539,1,,,2308,FULFILLED,ARS,57540.0,12083.4,900.0,70523.4,20250216
1000011824,627,2,2.0,1545.0,2,FULFILLED,ARS,12000.0,2520.0,0.0,14520.0,20240620
1000011825,1455,1,,2394.0,1590,CANCELLED,ARS,62760.0,13179.6,0.0,75939.6,20250416
1000011826,1130,2,4.0,1178.0,4,FULFILLED,ARS,21600.0,4536.0,0.0,26136.0,20250629
1000011827,1465,1,,2738.0,2283,CANCELLED,ARS,14700.0,3087.0,1200.0,18987.0,20250817
1000011828,666,1,,2846.0,2727,FULFILLED,ARS,81243.0,17061.03,0.0,98304.03,20240310
1000011829,820,1,,1601.0,2117,PAID,ARS,60390.0,12681.9,1200.0,74271.9,20240705
1000011830,932,1,,2646.0,3088,FULFILLED,ARS,29400.0,6174.0,900.0,36474.0,20250609
1000011831,753,1,,3288.0,2773,FULFILLED,ARS,21600.0,4536.0,1500.0,27636.0,20250804
1000011832,459,1,,4005.0,3877,PAID,ARS,64008.0,13441.68,1200.0,78649.68,20240905
1000011833,1467,1,,2513.0,1097,FULFILLED,ARS,74700.0,15687.0,1200.0,91587.0,20241118
1000011834,1096,2,2.0,1435.0,2,FULFILLED,ARS,37800.0,7938.0,0.0,45738.0,20240415
1000011835,1486,2,3.0,,3,CANCELLED,ARS,30000.0,6300.0,0.0,36300.0,20240617
1000011836,113,1,,3397.0,2876,FULFILLED,ARS,27000.0,5670.0,1200.0,33870.0,20240227
1000011837,3,2,2.0,1578.0,2,FULFILLED,ARS,20520.0,4309.2,0.0,24829.2,20250609
1000011838,850,2,4.0,,4,FULFILLED,ARS,22680.0,4762.8,0.0,27442.8,20250202
1000011839,1304,2,1.0,,1,FULFILLED,ARS,32400.0,6804.0,0.0,39204.0,20241202
1000011840,220,2,2.0,,2,FULFILLED,ARS,25872.0,5433.12,0.0,31305.12,20250809
1000011841,784,1,,1033.0,1290,CREATED,ARS,29400.0,6174.0,0.0,35574.0,20240405
1000011842,227,1,,2789.0,2032,PAID,ARS,40800.0,8568.0,900.0,50268.0,20250812
1000011843,837,1,,3110.0,3054,FULFILLED,ARS,12000.0,2520.0,1200.0,15720.0,20250415
1000011844,994,1,,3406.0,4069,FULFILLED,ARS,27150.0,5701.5,1200.0,34051.5,20240326
1000011845,934,2,4.0,1388.0,4,FULFILLED,ARS,14700.0,3087.0,0.0,17787.0,20241211
1000011846,587,1,,1600.0,3807,FULFILLED,ARS,12150.0,2551.5,0.0,14701.5,20250311
1000011847,954,2,3.0,3210.0,3,FULFILLED,ARS,45000.0,9450.0,0.0,54450.0,20250903
1000011848,1169,1,,1638.0,1682,FULFILLED,ARS,42750.0,8977.5,1500.0,53227.5,20240828
1000011849,303,1,,2499.0,2885,PAID,ARS,42750.0,8977.5,900.0,52627.5,20240305
1000011850,783,1,,2156.0,3713,FULFILLED,ARS,13500.0,2835.0,1200.0,17535.0,20241109
1000011851,949,1,,1553.0,2847,FULFILLED,ARS,42750.0,8977.5,900.0,52627.5,20240208
1000011852,1377,1,,3874.0,2641,FULFILLED,ARS,45000.0,9450.0,900.0,55350.0,20250802
1000011853,871,1,,2875.0,1368,FULFILLED,ARS,12936.0,2716.56,1200.0,16852.56,20241221
1000011854,628,2,4.0,1699.0,4,PAID,ARS,13500.0,2835.0,0.0,16335.0,20240601
1000011855,352,2,1.0,2537.0,1,FULFILLED,ARS,29160.0,6123.6,0.0,35283.6,20240302
1000011856,357,2,3.0,2644.0,3,FULFILLED,ARS,21600.0,4536.0,0.0,26136.0,20240708
1000011857,185,1,,2378.0,2362,FULFILLED,ARS,14700.0,3087.0,1200.0,18987.0,20250127
1000011858,51,2,2.0,3931.0,2,FULFILLED,ARS,10800.0,2268.0,0.0,13068.0,20240626
1000011859,848,1,,3277.0,2509,FULFILLED,ARS,25650.0,5386.5,900.0,31936.5,20240326
1000011860,875,2,1.0,,1,FULFILLED,ARS,19440.0,4082.4,0.0,23522.4,20240402
1000011861,247,2,3.0,1932.0,3,FULFILLED,ARS,14700.0,3087.0,0.0,17787.0,20240706
1000011862,813,1,,,2771,PAID,ARS,28500.0,5985.0,1200.0,35685.0,20250108
1000011863,1484,1,,2837.0,2430,FULFILLED,ARS,52290.0,10980.9,1200.0,64470.9,20250308
1000011864,383,1,,3224.0,3703,FULFILLED,ARS,47250.0,9922.5,1500.0,58672.5,20240118
1000011865,630,1,,,1301,FULFILLED,ARS,32400.0,6804.0,900.0,40104.0,20241130
1000011866,1168,1,,1052.0,1686,CANCELLED,ARS,13500.0,2835.0,1200.0,17535.0,20250820
1000011867,3,2,4.0,3139.0,4,FULFILLED,ARS,21600.0,4536.0,0.0,26136.0,20250217
1000011868,441,1,,3104.0,2301,FULFILLED,ARS,13500.0,2835.0,0.0,16335.0,20250526
1000011869,1091,1,,2664.0,2399,PAID,ARS,23160.0,4863.6,900.0,28923.6,20240105
1000011870,412,2,2.0,3770.0,2,PAID,ARS,40500.0,8505.0,0.0,49005.0,20250830
1000011871,574,1,,1916.0,2432,FULFILLED,ARS,42750.0,8977.5,900.0,52627.5,20250904
1000011872,243,1,,3394.0,3679,FULFILLED,ARS,15750.0,3307.5,1500.0,20557.5,20250527
1000011873,95,2,1.0,1347.0,1,FULFILLED,ARS,12000.0,2520.0,0.0,14520.0,20250829
1000011874,545,1,,2987.0,3269,PAID,ARS,40500.0,8505.0,900.0,49905.0,20250324
1000011875,940,2,2.0,2726.0,2,FULFILLED,ARS,28500.0,5985.0,0.0,34485.0,20250502
1000011876,1318,2,3.0,1279.0,3,PAID,ARS,76725.0,16112.25,0.0,92837.25,20241216
1000011877,922,1,,2347.0,2619,FULFILLED,ARS,27112.5,5693.62,900.0,33706.12,20240419
1000011878,649,2,1.0,2641.0,1,FULFILLED,ARS,28500.0,5985.0,0.0,34485.0,20241209
1000011879,283,1,,2867.0,3447,FULFILLED,ARS,19440.0,4082.4,1200.0,24722.4,20250907
1000011880,878,1,,4151.0,3997,FULFILLED,ARS,29400.0,6174.0,1200.0,36774.0,20250521
1000011881,109,2,2.0,3572.0,2,FULFILLED,ARS,29400.0,6174.0,0.0,35574.0,20240523
1000011882,1490,1,,3489.0,2498,FULFILLED,ARS,29400.0,6174.0,900.0,36474.0,20240219
1000011883,673,2,1.0,,1,FULFILLED,ARS,27000.0,5670.0,0.0,32670.0,20250314
1000011884,570,2,1.0,3803.0,1,FULFILLED,ARS,71160.0,14943.6,0.0,86103.6,20240505
1000011885,366,1,,1843.0,2224,FULFILLED,ARS,42750.0,8977.5,1500.0,53227.5,20250212
1000011886,530,2,2.0,3655.0,2,FULFILLED,ARS,40500.0,8505.0,0.0,49005.0,20240710
1000011887,1336,1,,3572.0,3598,FULFILLED,ARS,34200.0,7182.0,900.0,42282.0,20240705
1000011888,19,1,,2388.0,3873,PAID,ARS,44100.0,9261.0,900.0,54261.0,20250114
1000011889,152,1,,2244.0,2010,FULFILLED,ARS,11760.0,2469.6,1200.0,15429.6,20250908
1000011890,358,1,,,3768,FULFILLED,ARS,11760.0,2469.6,900.0,15129.6,20250528
1000011891,1133,2,4.0,2187.0,4,FULFILLED,ARS,49500.0,10395.0,0.0,59895.0,20250826
1000011892,1079,1,,1680.0,3832,FULFILLED,ARS,10800.0,2268.0,1500.0,14568.0,20250228
1000011893,779,1,,2412.0,1109,PAID,ARS,26400.0,5544.0,0.0,31944.0,20240331
1000011894,840,1,,3316.0,3303,PAID,ARS,35910.0,7541.1,900.0,44351.1,20250731
1000011895,971,2,4.0,3765.0,4,FULFILLED,ARS,35280.0,7408.8,0.0,42688.8,20250309
1000011896,137,1,,3227.0,2155,FULFILLED,ARS,42750.0,8977.5,1500.0,53227.5,20240604
1000011897,1031,2,3.0,3677.0,3,FULFILLED,ARS,57285.0,12029.85,0.0,69314.85,20241105
1000011898,650,1,,,3979,CANCELLED,ARS,82507.5,17326.58,1200.0,101034.08,20240621
1000011899,820,1,,3281.0,1513,REFUNDED,ARS,33000.0,6930.0,900.0,40830.0,20240124
1000011900,714,1,,1453.0,1907,FULFILLED,ARS,50736.0,10654.56,1200.0,62590.56,20241227
1000011901,682,2,1.0,2189.0,1,FULFILLED,ARS,15750.0,3307.5,0.0,19057.5,20240810
1000011902,478,2,1.0,2646.0,1,FULFILLED,ARS,34200.0,7182.0,0.0,41382.0,20250503
1000011903,808,1,,1078.0,1695,FULFILLED,ARS,72450.0,15214.5,900.0,88564.5,20240107
1000011904,779,1,,3439.0,4100,FULFILLED,ARS,14250.0,2992.5,0.0,17242.5,20240306
1000011905,217,1,,4125.0,1909,FULFILLED,ARS,23520.0,4939.2,900.0,29359.2,20240730
1000011906,629,1,,1711.0,2677,FULFILLED,ARS,47880.0,10054.8,900.0,58834.8,20250804
1000011907,999,1,,3903.0,3446,FULFILLED,ARS,12150.0,2551.5,900.0,15601.5,20250411
1000011908,660,1,,1529.0,1965,FULFILLED,ARS,29400.0,6174.0,1200.0,36774.0,20241024
1000011909,1468,1,,1199.0,4024,FULFILLED,ARS,76140.0,15989.4,1200.0,93329.4,20241201
1000011910,1118,2,4.0,1716.0,4,FULFILLED,ARS,75150.0,15781.5,0.0,90931.5,20250722
1000011911,652,1,,1639.0,2490,FULFILLED,ARS,16170.0,3395.7,0.0,19565.7,20250214
1000011912,970,1,,1226.0,1280,FULFILLED,ARS,21600.0,4536.0,1200.0,27336.0,20250525
1000011913,810,1,,4081.0,3485,FULFILLED,ARS,74520.0,15649.2,1200.0,91369.2,20250325
1000011914,663,1,,1157.0,1660,FULFILLED,ARS,45000.0,9450.0,1200.0,55650.0,20250112
1000011915,150,1,,1682.0,3798,FULFILLED,ARS,11340.0,2381.4,0.0,13721.4,20240411
1000011916,1347,1,,4173.0,3894,FULFILLED,ARS,23970.0,5033.7,900.0,29903.7,20240518
1000011917,643,1,,,2718,FULFILLED,ARS,11760.0,2469.6,900.0,15129.6,20250831
1000011918,645,1,,,3606,FULFILLED,ARS,34800.0,7308.0,900.0,43008.0,20240908
1000011919,72,2,4.0,2052.0,4,REFUNDED,ARS,70500.0,14805.0,0.0,85305.0,20250418
1000011920,1412,2,1.0,3595.0,1,FULFILLED,ARS,52479.0,11020.59,0.0,63499.59,20240928
1000011921,1305,1,,3522.0,3189,PAID,ARS,13500.0,2835.0,1200.0,17535.0,20240728
1000011922,413,2,2.0,1262.0,2,FULFILLED,ARS,45000.0,9450.0,0.0,54450.0,20250420
1000011923,473,1,,2446.0,3109,PAID,ARS,35280.0,7408.8,1500.0,44188.8,20250109
1000011924,333,1,,2155.0,1216,FULFILLED,ARS,32400.0,6804.0,1200.0,40404.0,20240305
1000011925,868,1,,1490.0,1259,PAID,ARS,29400.0,6174.0,900.0,36474.0,20250305
1000011926,298,1,,1799.0,1694,FULFILLED,ARS,47040.0,9878.4,900.0,57818.4,20240322
1000011927,13,2,1.0,3926.0,1,FULFILLED,ARS,34320.0,7207.2,0.0,41527.2,20240220
1000011928,362,1,,1082.0,3860,FULFILLED,ARS,61350.0,12883.5,900.0,75133.5,20241216
1000011929,993,1,,3640.0,4143,PAID,ARS,15435.0,3241.35,0.0,18676.35,20240515
1000011930,442,2,4.0,2414.0,4,FULFILLED,ARS,14962.5,3142.12,0.0,18104.62,20240323
1000011931,550,1,,2154.0,3229,CREATED,ARS,11760.0,2469.6,1200.0,15429.6,20241218
1000011932,100,1,,1681.0,2460,CANCELLED,ARS,24696.0,5186.16,0.0,29882.16,20241128
1000011933,263,1,,1534.0,3444,FULFILLED,ARS,25260.0,5304.6,1200.0,31764.6,20240427
1000011934,614,2,4.0,4009.0,4,FULFILLED,ARS,39900.0,8379.0,0.0,48279.0,20250717
1000011935,732,2,3.0,2812.0,3,PAID,ARS,12600.0,2646.0,0.0,15246.0,20240523
1000011936,1125,1,,3874.0,1991,PAID,ARS,60270.0,12656.7,1200.0,74126.7,20241007
1000011937,444,1,,2532.0,1339,FULFILLED,ARS,24300.0,5103.0,900.0,30303.0,20240508
1000011938,949,2,1.0,3393.0,1,FULFILLED,ARS,29400.0,6174.0,0.0,35574.0,20240518
1000011939,1305,1,,2953.0,4165,FULFILLED,ARS,36450.0,7654.5,900.0,45004.5,20250617
1000011940,322,1,,3160.0,2339,CREATED,ARS,34200.0,7182.0,1200.0,42582.0,20250826
1000011941,518,1,,3660.0,2811,FULFILLED,ARS,13500.0,2835.0,1500.0,17835.0,20250807
1000011942,476,1,,1370.0,2152,PAID,ARS,31350.0,6583.5,1500.0,39433.5,20240708
1000011943,1344,2,2.0,3059.0,2,PAID,ARS,9720.0,2041.2,0.0,11761.2,20241118
1000011944,248,1,,1326.0,2310,FULFILLED,ARS,55272.0,11607.12,1200.0,68079.12,20250511
1000011945,1433,2,4.0,1267.0,4,FULFILLED,ARS,27000.0,5670.0,0.0,32670.0,20250319
1000011946,1192,1,,3905.0,3205,CANCELLED,ARS,13500.0,2835.0,1200.0,17535.0,20241211
1000011947,355,2,3.0,,3,FULFILLED,ARS,57300.0,12033.0,0.0,69333.0,20240827
1000011948,1465,2,1.0,2200.0,1,PAID,ARS,47700.0,10017.0,0.0,57717.0,20240113
1000011949,91,2,4.0,,4,FULFILLED,ARS,60000.0,12600.0,0.0,72600.0,20250808
1000011950,10,2,2.0,1088.0,2,FULFILLED,ARS,53820.0,11302.2,0.0,65122.2,20241112
1000011951,368,1,,1444.0,1667,PAID,ARS,15000.0,3150.0,1200.0,19350.0,20241015
1000011952,599,1,,,1595,PAID,ARS,40500.0,8505.0,0.0,49005.0,20250722
1000011953,308,2,3.0,2078.0,3,FULFILLED,ARS,34200.0,7182.0,0.0,41382.0,20250731
1000011954,848,1,,1582.0,4156,FULFILLED,ARS,30780.0,6463.8,1200.0,38443.8,20240303
1000011955,1207,1,,2403.0,3584,REFUNDED,ARS,13500.0,2835.0,900.0,17235.0,20240901
1000011956,272,1,,3098.0,1556,FULFILLED,ARS,57900.0,12159.0,900.0,70959.0,20250212
1000011957,123,2,4.0,1540.0,4,FULFILLED,ARS,10584.0,2222.64,0.0,12806.64,20240810
1000011958,580,1,,,1508,FULFILLED,ARS,90510.0,19007.1,1500.0,111017.1,20250209
1000011959,222,2,2.0,1942.0,2,FULFILLED,ARS,32400.0,6804.0,0.0,39204.0,20250129
1000011960,1045,2,1.0,1624.0,1,CREATED,ARS,21600.0,4536.0,0.0,26136.0,20241211
1000011961,1477,2,2.0,2573.0,2,PAID,ARS,12540.0,2633.4,0.0,15173.4,20250728
1000011962,27,1,,1582.0,2805,FULFILLED,ARS,30000.0,6300.0,1200.0,37500.0,20240529
1000011963,607,2,1.0,,1,FULFILLED,ARS,47280.0,9928.8,0.0,57208.8,20240102
1000011964,994,2,1.0,3732.0,1,FULFILLED,ARS,37620.0,7900.2,0.0,45520.2,20250514
1000011965,1272,1,,1790.0,2099,FULFILLED,ARS,21600.0,4536.0,900.0,27036.0,20250104
1000011966,371,2,2.0,1766.0,2,FULFILLED,ARS,37044.0,7779.24,0.0,44823.24,20250226
1000011967,690,1,,2971.0,2333,FULFILLED,ARS,11760.0,2469.6,1200.0,15429.6,20241022
1000011968,256,1,,4168.0,1804,FULFILLED,ARS,27000.0,5670.0,900.0,33570.0,20250514
1000011969,1110,1,,1046.0,1831,FULFILLED,ARS,28500.0,5985.0,1200.0,35685.0,20250519
1000011970,951,1,,2579.0,3349,FULFILLED,ARS,37800.0,7938.0,1200.0,46938.0,20250918
1000011971,631,1,,1998.0,1041,PAID,ARS,10800.0,2268.0,900.0,13968.0,20250713
1000011972,1217,2,1.0,1590.0,1,FULFILLED,ARS,78750.0,16537.5,0.0,95287.5,20250722
1000011973,520,1,,3548.0,1604,REFUNDED,ARS,23520.0,4939.2,900.0,29359.2,20250811
1000011974,1230,1,,1613.0,2908,FULFILLED,ARS,25200.0,5292.0,1200.0,31692.0,20250425
1000011975,732,1,,,3957,CREATED,ARS,24000.0,5040.0,900.0,29940.0,20241103
1000011976,397,2,3.0,2344.0,3,FULFILLED,ARS,15675.0,3291.75,0.0,18966.75,20250330
1000011977,626,1,,3402.0,3379,FULFILLED,ARS,55500.0,11655.0,1500.0,68655.0,20250114
1000011978,440,2,4.0,1275.0,4,REFUNDED,ARS,24000.0,5040.0,0.0,29040.0,20241016
1000011979,741,2,1.0,3925.0,1,FULFILLED,ARS,35400.0,7434.0,0.0,42834.0,20240104
1000011980,972,1,,1119.0,3134,FULFILLED,ARS,43500.0,9135.0,0.0,52635.0,20240923
1000011981,213,1,,3129.0,3850,CANCELLED,ARS,32340.0,6791.4,1500.0,40631.4,20240811
1000011982,760,1,,1290.0,2201,PAID,ARS,43650.0,9166.5,1200.0,54016.5,20240219
1000011983,35,1,,1876.0,1249,FULFILLED,ARS,38520.0,8089.2,900.0,47509.2,20240423
1000011984,1308,2,1.0,2863.0,1,FULFILLED,ARS,30780.0,6463.8,0.0,37243.8,20240529
1000011985,1174,1,,2254.0,3561,FULFILLED,ARS,92520.0,19429.2,1200.0,113149.2,20240905
1000011986,1269,2,4.0,1748.0,4,FULFILLED,ARS,54510.0,11447.1,0.0,65957.1,20250320
1000011987,1147,2,4.0,2258.0,4,FULFILLED,ARS,28500.0,5985.0,0.0,34485.0,20240719
1000011988,943,1,,3317.0,3071,CANCELLED,ARS,53268.0,11186.28,900.0,65354.28,20240628
1000011989,1334,2,2.0,3653.0,2,CANCELLED,ARS,13500.0,2835.0,0.0,16335.0,20250422
1000011990,1270,1,,4015.0,2812,FULFILLED,ARS,29160.0,6123.6,1200.0,36483.6,20240313
1000011991,1055,2,4.0,3505.0,4,FULFILLED,ARS,13500.0,2835.0,0.0,16335.0,20250131
1000011992,1288,1,,1776.0,3556,FULFILLED,ARS,39600.0,8316.0,1200.0,49116.0,20250222
1000011993,765,1,,3476.0,1471,FULFILLED,ARS,49530.0,10401.3,900.0,60831.3,20240927
1000011994,1392,2,1.0,3917.0,1,PAID,ARS,15000.0,3150.0,0.0,18150.0,20240721
1000011995,1341,2,4.0,3531.0,4,FULFILLED,ARS,27000.0,5670.0,0.0,32670.0,20250611
1000011996,425,1,,,4165,FULFILLED,ARS,21168.0,4445.28,0.0,25613.28,20240903
1000011997,1095,1,,1977.0,3818,REFUNDED,ARS,64020.0,13444.2,1500.0,78964.2,20250504
1000011998,75,2,3.0,1082.0,3,PAID,ARS,14250.0,2992.5,0.0,17242.5,20250720
1000011999,1423,1,,2677.0,2136,FULFILLED,ARS,55476.0,11649.96,1200.0,68325.96,20250820
